0.0,0.0,-0.029850746268656716,-0.31343283582089554,0.022388059701492536,-0.5895522388059702,0.007462686567164179,-0.8283582089552238,-0.04477611940298507,-0.9850746268656716,0.39552238805970147,-0.5373134328358209,0.6865671641791045,-0.6940298507462687,0.8582089552238806,-0.7686567164179104,1.0,-0.8208955223880597,0.5149253731343284,-0.3805970149253731,0.5597014925373134,-0.5223880597014925,0.4626865671641791,-0.5223880597014925,0.3880597014925373,-0.4552238805970149,0.5522388059701493,-0.21641791044776118,0.5522388059701493,-0.373134328358209,0.47761194029850745,-0.3582089552238806,0.39552238805970147,-0.29850746268656714,0.5671641791044776,-0.09701492537313433,0.5671641791044776,-0.21641791044776118,0.48507462686567165,-0.208955223880597,0.417910447761194,-0.15671641791044777
0.0,0.0,-0.022388059701492536,-0.3208955223880597,0.029850746268656716,-0.5970149253731343,0.022388059701492536,-0.835820895522388,-0.03731343283582089,-1.0,0.39552238805970147,-0.5447761194029851,0.6791044776119403,-0.7238805970149254,0.8582089552238806,-0.8059701492537313,1.0,-0.8656716417910447,0.5149253731343284,-0.3880597014925373,0.5746268656716418,-0.5447761194029851,0.4701492537313433,-0.5447761194029851,0.3880597014925373,-0.48507462686567165,0.5522388059701493,-0.23880597014925373,0.5746268656716418,-0.40298507462686567,0.4925373134328358,-0.39552238805970147,0.40298507462686567,-0.3358208955223881,0.5746268656716418,-0.11194029850746269,0.582089552238806,-0.2537313432835821,0.5,-0.2462686567164179,0.4253731343283582,-0.20149253731343283
0.0,0.0,0.04430379746835443,-0.27848101265822783,0.13924050632911392,-0.4936708860759494,0.18354430379746836,-0.6962025316455697,0.17721518987341772,-0.8417721518987342,0.4430379746835443,-0.379746835443038,0.7088607594936709,-0.4620253164556962,0.879746835443038,-0.5,1.0,-0.5189873417721519,0.5126582278481012,-0.22151898734177214,0.569620253164557,-0.3291139240506329,0.4873417721518987,-0.35443037974683544,0.4050632911392405,-0.31645569620253167,0.5063291139240507,-0.08227848101265822,0.5443037974683544,-0.2088607594936709,0.4810126582278481,-0.21518987341772153,0.3987341772151899,-0.17721518987341772,0.4873417721518987,0.03164556962025317,0.5189873417721519,-0.0759493670886076,0.44936708860759494,-0.08227848101265822,0.3860759493670886,-0.05063291139240506
0.0,0.0,0.04375,-0.275,0.15,-0.50625,0.1875,-0.70625,0.16875,-0.85,0.4375,-0.4,0.7,-0.48125,0.875,-0.51875,1.0,-0.54375,0.50625,-0.25,0.5625,-0.35,0.46875,-0.3625,0.3875,-0.31875,0.5125,-0.10625,0.54375,-0.225,0.46875,-0.225,0.3875,-0.1875,0.5,0.0125,0.53125,-0.09375,0.4625,-0.09375,0.39375,-0.0625
0.0,0.0,-0.022058823529411766,-0.3161764705882353,0.029411764705882353,-0.6029411764705882,0.014705882352941176,-0.8382352941176471,-0.051470588235294115,-1.0,0.4117647058823529,-0.5514705882352942,0.6911764705882353,-0.7279411764705882,0.8602941176470589,-0.8014705882352942,0.9926470588235294,-0.8529411764705882,0.5220588235294118,-0.40441176470588236,0.5955882352941176,-0.5661764705882353,0.5,-0.5735294117647058,0.40441176470588236,-0.5147058823529411,0.5661764705882353,-0.25,0.5955882352941176,-0.41911764705882354,0.5147058823529411,-0.41911764705882354,0.4264705882352941,-0.36764705882352944,0.5808823529411765,-0.1323529411764706,0.5955882352941176,-0.2647058823529412,0.5220588235294118,-0.2647058823529412,0.4411764705882353,-0.22794117647058823
0.0,0.0,-0.08633093525179857,-0.302158273381295,-0.09352517985611511,-0.5899280575539568,-0.14388489208633093,-0.8201438848920863,-0.22302158273381295,-0.9568345323741008,0.2805755395683453,-0.60431654676259,0.5179856115107914,-0.8345323741007195,0.6762589928057554,-0.935251798561151,0.8057553956834532,-1.0,0.4316546762589928,-0.48201438848920863,0.4028776978417266,-0.6402877697841727,0.2949640287769784,-0.6187050359712231,0.2302158273381295,-0.5467625899280576,0.5035971223021583,-0.34532374100719426,0.4172661870503597,-0.48201438848920863,0.3381294964028777,-0.45323741007194246,0.2733812949640288,-0.381294964028777,0.5323741007194245,-0.2302158273381295,0.460431654676259,-0.33093525179856115,0.381294964028777,-0.2949640287769784,0.3237410071942446,-0.2446043165467626
0.0,0.0,-0.12666666666666668,-0.23333333333333334,-0.18,-0.48,-0.25333333333333335,-0.6733333333333333,-0.34,-0.7866666666666666,0.14666666666666667,-0.5533333333333333,0.32666666666666666,-0.7866666666666666,0.46,-0.9133333333333333,0.5666666666666667,-1.0,0.29333333333333333,-0.47333333333333333,0.26666666666666666,-0.56,0.18,-0.5066666666666667,0.14,-0.44,0.38,-0.36,0.3,-0.43333333333333335,0.24666666666666667,-0.38666666666666666,0.20666666666666667,-0.32,0.43333333333333335,-0.24666666666666667,0.36666666666666664,-0.30666666666666664,0.3,-0.26,0.26,-0.20666666666666667
0.0,0.0,-0.1509433962264151,-0.2138364779874214,-0.22012578616352202,-0.44654088050314467,-0.32075471698113206,-0.6163522012578616,-0.42138364779874216,-0.7044025157232704,0.07547169811320754,-0.5471698113207547,0.20754716981132076,-0.779874213836478,0.3081761006289308,-0.9056603773584906,0.389937106918239,-1.0,0.22641509433962265,-0.4968553459119497,0.1761006289308176,-0.5534591194968553,0.11320754716981132,-0.4968553459119497,0.09433962264150944,-0.4276729559748428,0.31446540880503143,-0.39622641509433965,0.22641509433962265,-0.4528301886792453,0.18238993710691823,-0.4025157232704403,0.15723270440251572,-0.3333333333333333,0.3710691823899371,-0.29559748427672955,0.3018867924528302,-0.34591194968553457,0.25157232704402516,-0.3018867924528302,0.22641509433962265,-0.2389937106918239
0.0,0.0,-0.14012738853503184,-0.21019108280254778,-0.20382165605095542,-0.445859872611465,-0.3057324840764331,-0.6242038216560509,-0.40764331210191085,-0.7197452229299363,0.09554140127388536,-0.554140127388535,0.24203821656050956,-0.7770700636942676,0.3503184713375796,-0.910828025477707,0.4394904458598726,-1.0,0.2484076433121019,-0.4968152866242038,0.21656050955414013,-0.554140127388535,0.15286624203821655,-0.49044585987261147,0.12101910828025478,-0.42038216560509556,0.3375796178343949,-0.3885350318471338,0.2611464968152866,-0.4394904458598726,0.21656050955414013,-0.3885350318471338,0.18471337579617833,-0.3184713375796178,0.3885350318471338,-0.2802547770700637,0.33121019108280253,-0.3248407643312102,0.2802547770700637,-0.27388535031847133,0.2484076433121019,-0.21656050955414013
0.0,0.0,-0.1390728476821192,-0.2185430463576159,-0.2119205298013245,-0.4503311258278146,-0.2980132450331126,-0.6357615894039735,-0.3973509933774834,-0.7350993377483444,0.11920529801324503,-0.5496688741721855,0.2847682119205298,-0.7880794701986755,0.40397350993377484,-0.9139072847682119,0.5033112582781457,-1.0,0.26490066225165565,-0.4768211920529801,0.26490066225165565,-0.5695364238410596,0.18543046357615894,-0.5165562913907285,0.1390728476821192,-0.44370860927152317,0.3576158940397351,-0.3708609271523179,0.304635761589404,-0.4503311258278146,0.24503311258278146,-0.40397350993377484,0.2052980132450331,-0.33112582781456956,0.41721854304635764,-0.26490066225165565,0.37748344370860926,-0.32450331125827814,0.31125827814569534,-0.2781456953642384,0.2781456953642384,-0.2185430463576159
0.0,0.0,-0.1342281879194631,-0.22818791946308725,-0.20134228187919462,-0.4697986577181208,-0.28187919463087246,-0.6644295302013423,-0.3691275167785235,-0.7718120805369127,0.1342281879194631,-0.5637583892617449,0.31543624161073824,-0.7919463087248322,0.4429530201342282,-0.912751677852349,0.5436241610738255,-1.0,0.28187919463087246,-0.4899328859060403,0.26174496644295303,-0.5503355704697986,0.18120805369127516,-0.4966442953020134,0.1342281879194631,-0.4228187919463087,0.3691275167785235,-0.3691275167785235,0.30201342281879195,-0.42953020134228187,0.24161073825503357,-0.37583892617449666,0.20134228187919462,-0.30201342281879195,0.42953020134228187,-0.26174496644295303,0.37583892617449666,-0.3087248322147651,0.31543624161073824,-0.26174496644295303,0.28187919463087246,-0.20134228187919462
0.0,0.0,-0.07142857142857142,-0.30952380952380953,-0.047619047619047616,-0.5873015873015873,-0.07936507936507936,-0.8412698412698413,-0.14285714285714285,-1.0,0.373015873015873,-0.5793650793650794,0.6428571428571429,-0.7777777777777778,0.8253968253968254,-0.8809523809523809,0.9682539682539683,-0.9365079365079365,0.5158730158730159,-0.4365079365079365,0.46825396825396826,-0.5158730158730159,0.35714285714285715,-0.48412698412698413,0.2857142857142857,-0.4126984126984127,0.5555555555555556,-0.2619047619047619,0.48412698412698413,-0.36507936507936506,0.3968253968253968,-0.3253968253968254,0.3253968253968254,-0.25396825396825395,0.5714285714285714,-0.1111111111111111,0.5158730158730159,-0.1984126984126984,0.4365079365079365,-0.16666666666666666,0.373015873015873,-0.1111111111111111
0.0,0.0,-0.028985507246376812,-0.2971014492753623,0.021739130434782608,-0.5507246376811594,0.014492753623188406,-0.7898550724637681,-0.021739130434782608,-0.9347826086956522,0.39855072463768115,-0.5217391304347826,0.6739130434782609,-0.6594202898550725,0.8623188405797102,-0.7318840579710145,1.0,-0.7608695652173914,0.5144927536231884,-0.3695652173913043,0.4782608695652174,-0.4420289855072464,0.3695652173913043,-0.42028985507246375,0.2971014492753623,-0.36231884057971014,0.5362318840579711,-0.2028985507246377,0.47101449275362317,-0.2898550724637681,0.38405797101449274,-0.2608695652173913,0.3115942028985507,-0.21014492753623187,0.5289855072463768,-0.057971014492753624,0.4782608695652174,-0.13768115942028986,0.39855072463768115,-0.12318840579710146,0.3333333333333333,-0.07971014492753623
0.0,0.0,0.006896551724137931,-0.27586206896551724,0.06896551724137931,-0.5172413793103449,0.08275862068965517,-0.7379310344827587,0.05517241379310345,-0.8827586206896552,0.42758620689655175,-0.4482758620689655,0.696551724137931,-0.5448275862068965,0.8758620689655172,-0.593103448275862,1.0,-0.6137931034482759,0.5241379310344828,-0.2896551724137931,0.503448275862069,-0.38620689655172413,0.4068965517241379,-0.38620689655172413,0.3310344827586207,-0.33793103448275863,0.5379310344827586,-0.1310344827586207,0.4896551724137931,-0.2482758620689655,0.41379310344827586,-0.23448275862068965,0.33793103448275863,-0.18620689655172415,0.5172413793103449,-0.006896551724137931,0.4896551724137931,-0.09655172413793103,0.41379310344827586,-0.0896551724137931,0.3448275862068966,-0.04827586206896552
0.0,0.0,0.026143790849673203,-0.26143790849673204,0.10457516339869281,-0.477124183006536,0.13071895424836602,-0.6862745098039216,0.12418300653594772,-0.8300653594771242,0.43137254901960786,-0.37254901960784315,0.7058823529411765,-0.43137254901960786,0.8758169934640523,-0.45751633986928103,1.0,-0.47058823529411764,0.5098039215686274,-0.21568627450980393,0.5098039215686274,-0.29411764705882354,0.41830065359477125,-0.3006535947712418,0.3464052287581699,-0.2679738562091503,0.5032679738562091,-0.06535947712418301,0.48366013071895425,-0.16993464052287582,0.4117647058823529,-0.16339869281045752,0.33986928104575165,-0.13071895424836602,0.477124183006536,0.05228758169934641,0.45098039215686275,-0.0392156862745098,0.3790849673202614,-0.0392156862745098,0.3137254901960784,-0.006535947712418301
0.0,0.0,0.05421686746987952,-0.25301204819277107,0.16265060240963855,-0.4457831325301205,0.20481927710843373,-0.6385542168674698,0.1927710843373494,-0.7771084337349398,0.45180722891566266,-0.3313253012048193,0.7168674698795181,-0.3614457831325301,0.8795180722891566,-0.37349397590361444,1.0,-0.37349397590361444,0.5060240963855421,-0.18072289156626506,0.5240963855421686,-0.2469879518072289,0.4397590361445783,-0.25903614457831325,0.3614457831325301,-0.2289156626506024,0.4879518072289157,-0.04216867469879518,0.4819277108433735,-0.13253012048192772,0.40963855421686746,-0.13253012048192772,0.3373493975903614,-0.10843373493975904,0.45180722891566266,0.07228915662650602,0.4457831325301205,-0.006024096385542169,0.3795180722891566,-0.012048192771084338,0.3132530120481928,0.006024096385542169
0.0,0.0,0.059880239520958084,-0.24550898203592814,0.17964071856287425,-0.437125748502994,0.2275449101796407,-0.6227544910179641,0.23353293413173654,-0.7604790419161677,0.4550898203592814,-0.31137724550898205,0.718562874251497,-0.32335329341317365,0.8802395209580839,-0.32934131736526945,1.0,-0.32335329341317365,0.5029940119760479,-0.15568862275449102,0.5089820359281437,-0.2215568862275449,0.4311377245508982,-0.23952095808383234,0.3592814371257485,-0.20958083832335328,0.47305389221556887,-0.017964071856287425,0.46706586826347307,-0.11377245508982035,0.40119760479041916,-0.11377245508982035,0.32934131736526945,-0.08982035928143713,0.4311377245508982,0.08383233532934131,0.41916167664670656,0.005988023952095809,0.3532934131736527,0.0,0.2874251497005988,0.017964071856287425
0.0,0.0,0.00684931506849315,-0.2945205479452055,0.07534246575342465,-0.547945205479452,0.0684931506849315,-0.7671232876712328,0.02054794520547945,-0.9246575342465754,0.4178082191780822,-0.4794520547945205,0.6917808219178082,-0.6027397260273972,0.8698630136986302,-0.6643835616438356,1.0,-0.6986301369863014,0.5136986301369864,-0.3219178082191781,0.5547945205479452,-0.4589041095890411,0.4589041095890411,-0.4657534246575342,0.3767123287671233,-0.4178082191780822,0.5273972602739726,-0.17123287671232876,0.5342465753424658,-0.3219178082191781,0.4589041095890411,-0.3150684931506849,0.3835616438356164,-0.2671232876712329,0.5273972602739726,-0.04794520547945205,0.5273972602739726,-0.1780821917808219,0.4452054794520548,-0.17123287671232876,0.3835616438356164,-0.136986301369863
0.0,0.0,-0.014388489208633094,-0.30935251798561153,0.050359712230215826,-0.5683453237410072,0.02877697841726619,-0.7985611510791367,-0.02877697841726619,-0.9496402877697842,0.39568345323741005,-0.5179856115107914,0.6834532374100719,-0.6546762589928058,0.8633093525179856,-0.7338129496402878,1.0,-0.7769784172661871,0.5035971223021583,-0.3597122302158273,0.5467625899280576,-0.49640287769784175,0.4460431654676259,-0.5035971223021583,0.37410071942446044,-0.4460431654676259,0.5323741007194245,-0.2014388489208633,0.539568345323741,-0.35251798561151076,0.460431654676259,-0.34532374100719426,0.381294964028777,-0.28776978417266186,0.539568345323741,-0.07194244604316546,0.5323741007194245,-0.2014388489208633,0.45323741007194246,-0.19424460431654678,0.38848920863309355,-0.14388489208633093
0.0,0.0,-0.06153846153846154,-0.3076923076923077,-0.05384615384615385,-0.5846153846153846,-0.1076923076923077,-0.8307692307692308,-0.18461538461538463,-0.9769230769230769,0.3230769230769231,-0.6153846153846154,0.6,-0.823076923076923,0.7769230769230769,-0.9230769230769231,0.9230769230769231,-1.0,0.47692307692307695,-0.47692307692307695,0.5,-0.6076923076923076,0.3923076923076923,-0.5769230769230769,0.3076923076923077,-0.5076923076923077,0.5307692307692308,-0.3153846153846154,0.49230769230769234,-0.4307692307692308,0.4076923076923077,-0.3923076923076923,0.33076923076923076,-0.3230769230769231,0.5538461538461539,-0.16923076923076924,0.5153846153846153,-0.2692307692307692,0.43846153846153846,-0.23076923076923078,0.36923076923076925,-0.17692307692307693
0.0,0.0,-0.11842105263157894,-0.20394736842105263,-0.17763157894736842,-0.4144736842105263,-0.24342105263157895,-0.6052631578947368,-0.3355263157894737,-0.7171052631578947,0.09868421052631579,-0.5,0.26973684210526316,-0.756578947368421,0.3881578947368421,-0.9013157894736842,0.4868421052631579,-1.0,0.24342105263157895,-0.4407894736842105,0.27631578947368424,-0.5921052631578947,0.19078947368421054,-0.5460526315789473,0.14473684210526316,-0.47368421052631576,0.34210526315789475,-0.34210526315789475,0.3355263157894737,-0.4868421052631579,0.27631578947368424,-0.4407894736842105,0.23684210526315788,-0.375,0.42105263157894735,-0.2565789473684211,0.40131578947368424,-0.375,0.34868421052631576,-0.3355263157894737,0.3092105263157895,-0.28289473684210525
0.0,0.0,-0.11564625850340136,-0.21768707482993196,-0.17006802721088435,-0.4421768707482993,-0.23129251700680273,-0.6394557823129252,-0.3197278911564626,-0.7619047619047619,0.11564625850340136,-0.5170068027210885,0.3129251700680272,-0.7619047619047619,0.4421768707482993,-0.9047619047619048,0.5510204081632653,-1.0,0.2585034013605442,-0.4421768707482993,0.3129251700680272,-0.5918367346938775,0.23129251700680273,-0.5510204081632653,0.17006802721088435,-0.47619047619047616,0.36054421768707484,-0.3401360544217687,0.3741496598639456,-0.48299319727891155,0.3129251700680272,-0.4421768707482993,0.2585034013605442,-0.3673469387755102,0.4421768707482993,-0.23809523809523808,0.4421768707482993,-0.3673469387755102,0.38095238095238093,-0.32653061224489793,0.3333333333333333,-0.2585034013605442
0.0,0.0,-0.0661764705882353,-0.25,-0.09558823529411764,-0.5147058823529411,-0.13970588235294118,-0.7426470588235294,-0.21323529411764705,-0.875,0.21323529411764705,-0.5514705882352942,0.45588235294117646,-0.7794117647058824,0.6102941176470589,-0.9117647058823529,0.7352941176470589,-1.0,0.3235294117647059,-0.4411764705882353,0.47794117647058826,-0.5955882352941176,0.3897058823529412,-0.5441176470588235,0.29411764705882354,-0.47058823529411764,0.40441176470588236,-0.3088235294117647,0.5367647058823529,-0.4632352941176471,0.4632352941176471,-0.41911764705882354,0.38235294117647056,-0.35294117647058826,0.4852941176470588,-0.16911764705882354,0.6102941176470589,-0.3235294117647059,0.5514705882352942,-0.3014705882352941,0.47794117647058826,-0.25
0.0,0.0,-0.031496062992125984,-0.30708661417322836,-0.007874015748031496,-0.5748031496062992,-0.015748031496062992,-0.8188976377952756,-0.06299212598425197,-0.9763779527559056,0.3464566929133858,-0.5590551181102362,0.6535433070866141,-0.7401574803149606,0.84251968503937,-0.84251968503937,1.0,-0.905511811023622,0.4645669291338583,-0.41732283464566927,0.6062992125984252,-0.5354330708661418,0.49606299212598426,-0.5118110236220472,0.3937007874015748,-0.4566929133858268,0.5196850393700787,-0.25196850393700787,0.6220472440944882,-0.3779527559055118,0.5433070866141733,-0.3464566929133858,0.44881889763779526,-0.29133858267716534,0.5590551181102362,-0.09448818897637795,0.6456692913385826,-0.2125984251968504,0.5590551181102362,-0.1889763779527559,0.48031496062992124,-0.14173228346456693
0.0,0.0,0.0935672514619883,-0.21637426900584794,0.21637426900584794,-0.40350877192982454,0.26900584795321636,-0.5730994152046783,0.2631578947368421,-0.7017543859649122,0.4619883040935672,-0.30409356725146197,0.7134502923976608,-0.30994152046783624,0.8771929824561403,-0.30409356725146197,1.0,-0.2982456140350877,0.49122807017543857,-0.17543859649122806,0.6198830409356725,-0.1695906432748538,0.5321637426900585,-0.18128654970760233,0.43859649122807015,-0.18128654970760233,0.47368421052631576,-0.04093567251461988,0.5906432748538012,-0.05847953216374269,0.52046783625731,-0.05847953216374269,0.4269005847953216,-0.05847953216374269,0.4444444444444444,0.07602339181286549,0.5614035087719298,0.05263157894736842,0.5029239766081871,0.04093567251461988,0.42105263157894735,0.04093567251461988
0.0,0.0,0.10588235294117647,-0.2,0.2529411764705882,-0.3588235294117647,0.3176470588235294,-0.5235294117647059,0.3176470588235294,-0.6647058823529411,0.4588235294117647,-0.2529411764705882,0.711764705882353,-0.2235294117647059,0.8764705882352941,-0.19411764705882353,1.0,-0.16470588235294117,0.4764705882352941,-0.11764705882352941,0.611764705882353,-0.09411764705882353,0.5294117647058824,-0.1,0.4294117647058823,-0.11176470588235295,0.4470588235294118,0.011764705882352941,0.5705882352941176,0.0058823529411764705,0.5,0.0058823529411764705,0.4117647058823529,0.0,0.4117647058823529,0.13529411764705881,0.5235294117647059,0.11176470588235295,0.4588235294117647,0.10588235294117647,0.38235294117647056,0.1
0.0,0.0,-0.06201550387596899,-0.31007751937984496,-0.05426356589147287,-0.6201550387596899,-0.12403100775193798,-0.8527131782945736,-0.2248062015503876,-0.9844961240310077,0.29457364341085274,-0.6821705426356589,0.5736434108527132,-0.8604651162790697,0.751937984496124,-0.9457364341085271,0.8837209302325582,-1.0,0.43410852713178294,-0.5581395348837209,0.5348837209302325,-0.6589147286821705,0.4496124031007752,-0.627906976744186,0.3643410852713178,-0.5736434108527132,0.5038759689922481,-0.40310077519379844,0.5581395348837209,-0.5038759689922481,0.4883720930232558,-0.4728682170542636,0.3953488372093023,-0.4108527131782946,0.5581395348837209,-0.26356589147286824,0.5891472868217055,-0.3488372093023256,0.5193798449612403,-0.3178294573643411,0.4418604651162791,-0.2713178294573643
0.0,0.0,-0.11724137931034483,-0.2413793103448276,-0.15172413793103448,-0.4827586206896552,-0.22758620689655173,-0.6827586206896552,-0.31724137931034485,-0.7862068965517242,0.16551724137931034,-0.5793103448275863,0.3724137931034483,-0.8068965517241379,0.5103448275862069,-0.9241379310344827,0.6137931034482759,-1.0,0.3103448275862069,-0.496551724137931,0.31724137931034485,-0.6068965517241379,0.23448275862068965,-0.5655172413793104,0.1793103448275862,-0.4896551724137931,0.4,-0.36551724137931035,0.3724137931034483,-0.4827586206896552,0.30344827586206896,-0.4413793103448276,0.25517241379310346,-0.36551724137931035,0.4689655172413793,-0.2482758620689655,0.4482758620689655,-0.35172413793103446,0.38620689655172413,-0.31724137931034485,0.33793103448275863,-0.25517241379310346
0.0,0.0,0.09770114942528736,-0.22413793103448276,0.22988505747126436,-0.40229885057471265,0.27586206896551724,-0.5574712643678161,0.25287356321839083,-0.6839080459770115,0.45977011494252873,-0.28160919540229884,0.7183908045977011,-0.2988505747126437,0.8793103448275862,-0.28735632183908044,1.0,-0.27586206896551724,0.4827586206896552,-0.14367816091954022,0.6091954022988506,-0.1896551724137931,0.5344827586206896,-0.20689655172413793,0.4482758620689655,-0.19540229885057472,0.46551724137931033,-0.017241379310344827,0.5689655172413793,-0.08045977011494253,0.5057471264367817,-0.09195402298850575,0.42528735632183906,-0.07471264367816093,0.4367816091954023,0.09195402298850575,0.5287356321839081,0.028735632183908046,0.47701149425287354,0.017241379310344827,0.40229885057471265,0.028735632183908046
0.0,0.0,0.11538461538461539,-0.21428571428571427,0.29120879120879123,-0.3626373626373626,0.37362637362637363,-0.510989010989011,0.36813186813186816,-0.6483516483516484,0.47802197802197804,-0.25824175824175827,0.7362637362637363,-0.21428571428571427,0.8901098901098901,-0.17582417582417584,1.0,-0.14835164835164835,0.4945054945054945,-0.12087912087912088,0.6153846153846154,-0.11538461538461539,0.5384615384615384,-0.13186813186813187,0.45054945054945056,-0.13736263736263737,0.46703296703296704,0.01098901098901099,0.5714285714285714,-0.016483516483516484,0.5054945054945055,-0.02197802197802198,0.4230769230769231,-0.027472527472527472,0.4340659340659341,0.12087912087912088,0.521978021978022,0.08791208791208792,0.4725274725274725,0.07692307692307693,0.4010989010989011,0.07692307692307693
0.0,0.0,0.08866995073891626,0.1625615763546798,0.2660098522167488,0.3251231527093596,0.37438423645320196,0.4630541871921182,0.41379310344827586,0.5714285714285714,0.5123152709359606,0.1477832512315271,0.7389162561576355,0.1724137931034483,0.8817733990147784,0.17733990147783252,1.0,0.1724137931034483,0.4876847290640394,0.019704433497536946,0.5320197044334976,0.09359605911330049,0.3448275862068966,0.10344827586206896,0.23645320197044334,0.08866995073891626,0.43842364532019706,-0.09852216748768473,0.458128078817734,-0.014778325123152709,0.2857142857142857,0.009852216748768473,0.2019704433497537,0.0,0.3694581280788177,-0.20689655172413793,0.42857142857142855,-0.1330049261083744,0.31527093596059114,-0.08866995073891626,0.24630541871921183,-0.07881773399014778
0.0,0.0,0.09852216748768473,0.15763546798029557,0.27586206896551724,0.3103448275862069,0.3891625615763547,0.43842364532019706,0.43349753694581283,0.5467980295566502,0.5123152709359606,0.11330049261083744,0.7389162561576355,0.12807881773399016,0.8866995073891626,0.12315270935960591,1.0,0.10837438423645321,0.4827586206896552,-0.014778325123152709,0.5221674876847291,0.059113300492610835,0.33497536945812806,0.08374384236453201,0.22660098522167488,0.07389162561576355,0.4236453201970443,-0.12315270935960591,0.4433497536945813,-0.04433497536945813,0.28078817733990147,-0.009852216748768473,0.19704433497536947,-0.009852216748768473,0.3497536945812808,-0.22660098522167488,0.4039408866995074,-0.15763546798029557,0.30049261083743845,-0.10344827586206896,0.2315270935960591,-0.09359605911330049
0.0,0.0,0.12376237623762376,0.13366336633663367,0.3217821782178218,0.2524752475247525,0.44554455445544555,0.36633663366336633,0.5099009900990099,0.4801980198019802,0.5247524752475248,0.0297029702970297,0.7425742574257426,0.009900990099009901,0.8861386138613861,-0.01485148514851485,1.0,-0.039603960396039604,0.48514851485148514,-0.09405940594059406,0.5099009900990099,-0.019801980198019802,0.3316831683168317,0.024752475247524754,0.23267326732673269,0.024752475247524754,0.41089108910891087,-0.19306930693069307,0.4207920792079208,-0.10891089108910891,0.26732673267326734,-0.054455445544554455,0.19801980198019803,-0.04950495049504951,0.32673267326732675,-0.2871287128712871,0.3712871287128713,-0.21782178217821782,0.2722772277227723,-0.1485148514851485,0.21287128712871287,-0.13366336633663367
0.0,0.0,0.12935323383084577,0.12437810945273632,0.3383084577114428,0.22885572139303484,0.47761194029850745,0.3333333333333333,0.5572139303482587,0.43283582089552236,0.527363184079602,-0.014925373134328358,0.746268656716418,-0.04975124378109453,0.8855721393034826,-0.08955223880597014,1.0,-0.12935323383084577,0.48756218905472637,-0.14427860696517414,0.5124378109452736,-0.04975124378109453,0.3333333333333333,0.004975124378109453,0.22885572139303484,0.009950248756218905,0.4079601990049751,-0.23880597014925373,0.4129353233830846,-0.13432835820895522,0.25870646766169153,-0.06965174129353234,0.1890547263681592,-0.05970149253731343,0.30845771144278605,-0.32338308457711445,0.3482587064676617,-0.23880597014925373,0.24875621890547264,-0.1691542288557214,0.19900497512437812,-0.14925373134328357
0.0,0.0,0.14215686274509803,0.12254901960784313,0.35784313725490197,0.2107843137254902,0.5049019607843137,0.30392156862745096,0.5833333333333334,0.4019607843137255,0.5343137254901961,-0.03431372549019608,0.75,-0.08333333333333333,0.8872549019607843,-0.12745098039215685,1.0,-0.1715686274509804,0.4852941176470588,-0.16176470588235295,0.5049019607843137,-0.07352941176470588,0.3284313725490196,-0.004901960784313725,0.22549019607843138,0.004901960784313725,0.39705882352941174,-0.25980392156862747,0.39705882352941174,-0.15196078431372548,0.25,-0.0784313725490196,0.18627450980392157,-0.06372549019607843,0.29411764705882354,-0.3382352941176471,0.3284313725490196,-0.25,0.23529411764705882,-0.17647058823529413,0.18627450980392157,-0.1568627450980392
0.0,0.0,0.15577889447236182,0.10552763819095477,0.38190954773869346,0.1708542713567839,0.5326633165829145,0.24623115577889448,0.6331658291457286,0.33668341708542715,0.5376884422110553,-0.09547738693467336,0.7537688442211056,-0.1708542713567839,0.8894472361809045,-0.23618090452261306,1.0,-0.2914572864321608,0.47738693467336685,-0.21608040201005024,0.49748743718592964,-0.12562814070351758,0.32663316582914576,-0.04020100502512563,0.23115577889447236,-0.020100502512562814,0.3768844221105528,-0.3015075376884422,0.3869346733668342,-0.19597989949748743,0.25125628140703515,-0.10552763819095477,0.18592964824120603,-0.08542713567839195,0.2613065326633166,-0.37185929648241206,0.31155778894472363,-0.2914572864321608,0.22110552763819097,-0.20603015075376885,0.1708542713567839,-0.18592964824120603
0.0,0.0,0.14925373134328357,0.11940298507462686,0.373134328358209,0.20398009950248755,0.5223880597014925,0.2885572139303483,0.6169154228855721,0.3781094527363184,0.5422885572139303,-0.05472636815920398,0.7562189054726368,-0.11442786069651742,0.8905472636815921,-0.17412935323383086,1.0,-0.22388059701492538,0.48756218905472637,-0.18407960199004975,0.4975124378109453,-0.0945273631840796,0.3283582089552239,-0.01990049751243781,0.22885572139303484,-0.004975124378109453,0.39303482587064675,-0.2736318407960199,0.39303482587064675,-0.15920398009950248,0.2537313432835821,-0.0845771144278607,0.18407960199004975,-0.06467661691542288,0.2835820895522388,-0.3482587064676617,0.31840796019900497,-0.2537313432835821,0.22885572139303484,-0.1791044776119403,0.1791044776119403,-0.15920398009950248
0.0,0.0,0.12440191387559808,0.1339712918660287,0.3253588516746411,0.24401913875598086,0.44976076555023925,0.3492822966507177,0.5119617224880383,0.45454545454545453,0.5311004784688995,0.028708133971291867,0.7464114832535885,0.004784688995215311,0.8851674641148325,-0.023923444976076555,1.0,-0.05263157894736842,0.49760765550239233,-0.09569377990430622,0.49760765550239233,-0.014354066985645933,0.32057416267942584,0.03349282296650718,0.22488038277511962,0.03827751196172249,0.41626794258373206,-0.20095693779904306,0.4019138755980861,-0.10047846889952153,0.2583732057416268,-0.04784688995215311,0.19138755980861244,-0.03349282296650718,0.3253588516746411,-0.28708133971291866,0.3444976076555024,-0.20095693779904306,0.24401913875598086,-0.14354066985645933,0.20095693779904306,-0.1339712918660287
0.0,0.0,0.10952380952380952,0.14761904761904762,0.29523809523809524,0.2714285714285714,0.4142857142857143,0.38571428571428573,0.47619047619047616,0.49047619047619045,0.5238095238095238,0.07142857142857142,0.7428571428571429,0.0761904761904762,0.8857142857142857,0.06190476190476191,1.0,0.04285714285714286,0.5,-0.05714285714285714,0.5,0.03333333333333333,0.3238095238095238,0.06190476190476191,0.22380952380952382,0.05714285714285714,0.43333333333333335,-0.1619047619047619,0.4142857142857143,-0.06190476190476191,0.2619047619047619,-0.01904761904761905,0.19523809523809524,-0.014285714285714285,0.3476190476190476,-0.2571428571428571,0.3619047619047619,-0.17142857142857143,0.2619047619047619,-0.11904761904761904,0.21428571428571427,-0.10476190476190476
0.0,0.0,0.10096153846153846,0.15865384615384615,0.28846153846153844,0.2980769230769231,0.40384615384615385,0.4230769230769231,0.4423076923076923,0.5336538461538461,0.5144230769230769,0.11057692307692307,0.7307692307692307,0.12980769230769232,0.8798076923076923,0.125,1.0,0.1201923076923077,0.5048076923076923,-0.019230769230769232,0.5048076923076923,0.0625,0.3269230769230769,0.08173076923076923,0.22596153846153846,0.07692307692307693,0.44711538461538464,-0.12980769230769232,0.42788461538461536,-0.04326923076923077,0.2692307692307692,-0.009615384615384616,0.1971153846153846,-0.009615384615384616,0.375,-0.23076923076923078,0.38461538461538464,-0.15865384615384615,0.27884615384615385,-0.11057692307692307,0.22596153846153846,-0.09615384615384616
0.0,0.0,0.085,0.17,0.26,0.335,0.36,0.47,0.4,0.585,0.52,0.17,0.74,0.21,0.88,0.225,1.0,0.23,0.525,0.04,0.51,0.12,0.325,0.12,0.225,0.09,0.48,-0.08,0.45,0.005,0.285,0.02,0.215,0.005,0.41,-0.19,0.415,-0.11,0.3,-0.075,0.25,-0.075
0.0,0.0,0.07106598984771574,0.17766497461928935,0.2233502538071066,0.3553299492385787,0.3197969543147208,0.5025380710659898,0.36548223350253806,0.6142131979695431,0.5076142131979695,0.2131979695431472,0.7258883248730964,0.27411167512690354,0.8730964467005076,0.29441624365482233,1.0,0.3096446700507614,0.5228426395939086,0.07614213197969544,0.5025380710659898,0.16243654822335024,0.3147208121827411,0.14720812182741116,0.2182741116751269,0.116751269035533,0.4873096446700508,-0.050761421319796954,0.4467005076142132,0.04060913705583756,0.28426395939086296,0.04568527918781726,0.20812182741116753,0.025380710659898477,0.4263959390862944,-0.16751269035532995,0.4263959390862944,-0.08121827411167512,0.3096446700507614,-0.050761421319796954,0.24873096446700507,-0.050761421319796954
0.0,0.0,0.07106598984771574,0.17766497461928935,0.2233502538071066,0.3604060913705584,0.3197969543147208,0.5076142131979695,0.37055837563451777,0.6243654822335025,0.5177664974619289,0.2131979695431472,0.7309644670050761,0.28426395939086296,0.8781725888324873,0.3147208121827411,1.0,0.3299492385786802,0.5329949238578681,0.07614213197969544,0.5025380710659898,0.16751269035532995,0.3197969543147208,0.15736040609137056,0.2131979695431472,0.12690355329949238,0.5025380710659898,-0.050761421319796954,0.4517766497461929,0.05583756345177665,0.28426395939086296,0.05583756345177665,0.20304568527918782,0.04060913705583756,0.4416243654822335,-0.16243654822335024,0.43147208121827413,-0.07106598984771574,0.3147208121827411,-0.04060913705583756,0.25380710659898476,-0.04060913705583756
0.0,0.0,0.05789473684210526,0.18421052631578946,0.2,0.3736842105263158,0.28421052631578947,0.531578947368421,0.3157894736842105,0.6578947368421053,0.5,0.25263157894736843,0.7263157894736842,0.3368421052631579,0.8736842105263158,0.37894736842105264,1.0,0.4052631578947368,0.5157894736842106,0.11578947368421053,0.5157894736842106,0.21052631578947367,0.3263157894736842,0.18947368421052632,0.22105263157894736,0.14736842105263157,0.4842105263157895,-0.010526315789473684,0.47368421052631576,0.09473684210526316,0.3,0.08947368421052632,0.21052631578947367,0.05789473684210526,0.4368421052631579,-0.13157894736842105,0.45263157894736844,-0.031578947368421054,0.33157894736842103,-0.005263157894736842,0.2631578947368421,-0.015789473684210527
0.0,0.0,0.06382978723404255,0.18617021276595744,0.2074468085106383,0.3776595744680851,0.28191489361702127,0.5372340425531915,0.31382978723404253,0.6648936170212766,0.5,0.26063829787234044,0.7287234042553191,0.35106382978723405,0.8723404255319149,0.39361702127659576,1.0,0.42021276595744683,0.5106382978723404,0.1276595744680851,0.5319148936170213,0.21808510638297873,0.3351063829787234,0.19148936170212766,0.22872340425531915,0.15425531914893617,0.48404255319148937,0.0,0.48404255319148937,0.09574468085106383,0.30319148936170215,0.09042553191489362,0.21808510638297873,0.05851063829787234,0.43617021276595747,-0.1276595744680851,0.46808510638297873,-0.026595744680851064,0.3404255319148936,-0.005319148936170213,0.2712765957446808,-0.015957446808510637
0.0,0.0,0.07614213197969544,0.18274111675126903,0.23857868020304568,0.3553299492385787,0.3350253807106599,0.49746192893401014,0.38071065989847713,0.6091370558375635,0.5228426395939086,0.20304568527918782,0.7309644670050761,0.27411167512690354,0.8730964467005076,0.29949238578680204,1.0,0.3147208121827411,0.5329949238578681,0.06598984771573604,0.5076142131979695,0.17766497461928935,0.3248730964467005,0.16243654822335024,0.2182741116751269,0.1319796954314721,0.49238578680203043,-0.050761421319796954,0.4467005076142132,0.07106598984771574,0.27918781725888325,0.07106598984771574,0.19796954314720813,0.04568527918781726,0.43147208121827413,-0.16243654822335024,0.4263959390862944,-0.04568527918781726,0.30456852791878175,-0.025380710659898477,0.2436548223350254,-0.030456852791878174
0.0,0.0,0.08,0.17,0.25,0.345,0.35,0.49,0.4,0.605,0.52,0.18,0.73,0.24,0.875,0.255,1.0,0.26,0.525,0.05,0.51,0.15,0.325,0.14,0.225,0.11,0.485,-0.07,0.455,0.04,0.29,0.045,0.215,0.025,0.42,-0.185,0.425,-0.08,0.31,-0.05,0.25,-0.055
0.0,0.0,0.08333333333333333,0.16176470588235295,0.25980392156862747,0.3137254901960784,0.37254901960784315,0.44607843137254904,0.43137254901960786,0.5637254901960784,0.5196078431372549,0.1323529411764706,0.7303921568627451,0.16666666666666666,0.8823529411764706,0.1715686274509804,1.0,0.1715686274509804,0.5147058823529411,0.0,0.4852941176470588,0.09313725490196079,0.29901960784313725,0.10784313725490197,0.20588235294117646,0.08823529411764706,0.45588235294117646,-0.11274509803921569,0.4117647058823529,-0.004901960784313725,0.25980392156862747,0.014705882352941176,0.19117647058823528,0.004901960784313725,0.38235294117647056,-0.21568627450980393,0.38235294117647056,-0.11764705882352941,0.2696078431372549,-0.08333333333333333,0.22058823529411764,-0.08333333333333333
0.0,0.0,0.10294117647058823,0.1568627450980392,0.27941176470588236,0.28431372549019607,0.4019607843137255,0.4019607843137255,0.47549019607843135,0.5049019607843137,0.5196078431372549,0.09313725490196079,0.7303921568627451,0.10294117647058823,0.8823529411764706,0.09313725490196079,1.0,0.0784313725490196,0.5049019607843137,-0.04411764705882353,0.47549019607843135,0.049019607843137254,0.30392156862745096,0.07352941176470588,0.2107843137254902,0.06372549019607843,0.44607843137254904,-0.1568627450980392,0.3872549019607843,-0.0392156862745098,0.24019607843137256,-0.00980392156862745,0.18627450980392157,-0.00980392156862745,0.36764705882352944,-0.2549019607843137,0.3431372549019608,-0.15196078431372548,0.24019607843137256,-0.10784313725490197,0.20588235294117646,-0.10294117647058823
0.0,0.0,0.13366336633663367,0.13366336633663367,0.3316831683168317,0.2376237623762376,0.4801980198019802,0.33663366336633666,0.5643564356435643,0.4306930693069307,0.5247524752475248,0.009900990099009901,0.7326732673267327,-0.034653465346534656,0.8762376237623762,-0.07425742574257425,1.0,-0.11386138613861387,0.49504950495049505,-0.12871287128712872,0.47029702970297027,-0.039603960396039604,0.30198019801980197,0.01485148514851485,0.21287128712871287,0.019801980198019802,0.4158415841584158,-0.2376237623762376,0.3564356435643564,-0.11386138613861387,0.22772277227722773,-0.0594059405940594,0.1782178217821782,-0.04950495049504951,0.3217821782178218,-0.3217821782178218,0.297029702970297,-0.21782178217821782,0.2079207920792079,-0.15346534653465346,0.17326732673267325,-0.14356435643564355
0.0,0.0,0.14507772020725387,0.12953367875647667,0.35751295336787564,0.22279792746113988,0.5181347150259067,0.30569948186528495,0.6269430051813472,0.39378238341968913,0.533678756476684,-0.03626943005181347,0.7357512953367875,-0.10362694300518134,0.8808290155440415,-0.16062176165803108,1.0,-0.21761658031088082,0.49740932642487046,-0.19170984455958548,0.43005181347150256,-0.07253886010362694,0.27461139896373055,-0.0051813471502590676,0.20725388601036268,0.0,0.39896373056994816,-0.29533678756476683,0.30569948186528495,-0.13989637305699482,0.19170984455958548,-0.07772020725388601,0.17098445595854922,-0.07253886010362694,0.2849740932642487,-0.37305699481865284,0.23316062176165803,-0.2538860103626943,0.15544041450777202,-0.17616580310880828,0.13989637305699482,-0.15544041450777202
0.0,0.0,0.17777777777777778,0.1,0.4166666666666667,0.17222222222222222,0.5944444444444444,0.25555555555555554,0.7166666666666667,0.35,0.5777777777777777,-0.16111111111111112,0.7611111111111111,-0.29444444444444445,0.8944444444444445,-0.4111111111111111,1.0,-0.5,0.5,-0.3055555555555556,0.4444444444444444,-0.2111111111111111,0.29444444444444445,-0.08888888888888889,0.22777777777777777,-0.044444444444444446,0.37777777777777777,-0.4,0.29444444444444445,-0.2722222222222222,0.19444444444444445,-0.15,0.17222222222222222,-0.1,0.24444444444444444,-0.4666666666666667,0.2,-0.36666666666666664,0.12777777777777777,-0.25,0.11666666666666667,-0.19444444444444445
0.0,0.0,0.13705583756345177,0.1319796954314721,0.3401015228426396,0.22842639593908629,0.49238578680203043,0.3248730964467005,0.5786802030456852,0.43147208121827413,0.5380710659898477,-0.02030456852791878,0.7411167512690355,-0.09137055837563451,0.883248730964467,-0.15736040609137056,1.0,-0.2182741116751269,0.5025380710659898,-0.16751269035532995,0.4365482233502538,-0.08121827411167512,0.27918781725888325,-0.015228426395939087,0.20812182741116753,0.0,0.41116751269035534,-0.27918781725888325,0.3096446700507614,-0.15736040609137056,0.19796954314720813,-0.09137055837563451,0.17258883248730963,-0.07106598984771574,0.29949238578680204,-0.3604060913705584,0.23857868020304568,-0.2639593908629442,0.16243654822335024,-0.19289340101522842,0.14720812182741116,-0.16751269035532995
0.0,0.0,0.125,0.145,0.315,0.26,0.45,0.37,0.535,0.475,0.535,0.035,0.74,-0.01,0.885,-0.06,1.0,-0.1,0.515,-0.115,0.45,-0.03,0.285,0.015,0.215,0.02,0.44,-0.225,0.335,-0.12,0.215,-0.065,0.19,-0.055,0.34,-0.32,0.28,-0.225,0.19,-0.165,0.175,-0.145
0.0,0.0,0.09852216748768473,0.15763546798029557,0.270935960591133,0.30049261083743845,0.3891625615763547,0.42857142857142855,0.4482758620689655,0.5517241379310345,0.5123152709359606,0.11822660098522167,0.729064039408867,0.11330049261083744,0.8768472906403941,0.09852216748768473,1.0,0.08374384236453201,0.5123152709359606,-0.024630541871921183,0.46798029556650245,0.06403940886699508,0.29064039408866993,0.08374384236453201,0.20689655172413793,0.07389162561576355,0.45320197044334976,-0.14285714285714285,0.3694581280788177,-0.029556650246305417,0.2315270935960591,-0.0049261083743842365,0.18719211822660098,-0.009852216748768473,0.37438423645320196,-0.24630541871921183,0.3251231527093596,-0.1477832512315271,0.22660098522167488,-0.10837438423645321,0.19704433497536947,-0.10837438423645321
0.0,0.0,0.08629441624365482,0.17258883248730963,0.25888324873096447,0.3350253807106599,0.3604060913705584,0.48223350253807107,0.40609137055837563,0.5989847715736041,0.5279187817258884,0.16243654822335024,0.7411167512690355,0.20812182741116753,0.883248730964467,0.2131979695431472,1.0,0.2131979695431472,0.5228426395939086,0.030456852791878174,0.5076142131979695,0.13705583756345177,0.3197969543147208,0.14213197969543148,0.2182741116751269,0.1116751269035533,0.47715736040609136,-0.08629441624365482,0.4467005076142132,0.03553299492385787,0.27918781725888325,0.04568527918781726,0.20304568527918782,0.025380710659898477,0.41116751269035534,-0.19796954314720813,0.41116751269035534,-0.08121827411167512,0.29441624365482233,-0.050761421319796954,0.23857868020304568,-0.06598984771573604
0.0,0.0,0.07692307692307693,0.1794871794871795,0.2358974358974359,0.35384615384615387,0.3230769230769231,0.5025641025641026,0.358974358974359,0.6205128205128205,0.5128205128205128,0.21025641025641026,0.7384615384615385,0.2717948717948718,0.882051282051282,0.28717948717948716,1.0,0.28717948717948716,0.5128205128205128,0.07692307692307693,0.5128205128205128,0.1794871794871795,0.3230769230769231,0.16923076923076924,0.22564102564102564,0.13333333333333333,0.47692307692307695,-0.041025641025641026,0.4564102564102564,0.06666666666666667,0.28205128205128205,0.06666666666666667,0.20512820512820512,0.041025641025641026,0.4256410256410256,-0.15897435897435896,0.4307692307692308,-0.05128205128205128,0.3076923076923077,-0.02564102564102564,0.2512820512820513,-0.035897435897435895
0.0,0.0,0.06878306878306878,0.18518518518518517,0.21693121693121692,0.37566137566137564,0.291005291005291,0.5343915343915344,0.31216931216931215,0.6666666666666666,0.5185185185185185,0.23809523809523808,0.7354497354497355,0.31746031746031744,0.8783068783068783,0.3492063492063492,1.0,0.35978835978835977,0.5291005291005291,0.10582010582010581,0.5185185185185185,0.2222222222222222,0.32275132275132273,0.20105820105820105,0.21693121693121692,0.15873015873015872,0.4973544973544973,-0.021164021164021163,0.4708994708994709,0.10582010582010581,0.291005291005291,0.09523809523809523,0.20634920634920634,0.0582010582010582,0.4444444444444444,-0.14285714285714285,0.4497354497354497,-0.021164021164021163,0.328042328042328,-0.005291005291005291,0.26455026455026454,-0.021164021164021163
0.0,0.0,0.06451612903225806,0.1881720430107527,0.20430107526881722,0.3817204301075269,0.27419354838709675,0.5483870967741935,0.2903225806451613,0.6774193548387096,0.5053763440860215,0.26344086021505375,0.7311827956989247,0.34946236559139787,0.8763440860215054,0.3817204301075269,1.0,0.4032258064516129,0.521505376344086,0.12903225806451613,0.521505376344086,0.23655913978494625,0.3279569892473118,0.20430107526881722,0.22043010752688172,0.15591397849462366,0.4946236559139785,0.0,0.4838709677419355,0.11290322580645161,0.3010752688172043,0.0967741935483871,0.21505376344086022,0.05913978494623656,0.45161290322580644,-0.12903225806451613,0.46774193548387094,-0.016129032258064516,0.3387096774193548,0.0,0.27419354838709675,-0.016129032258064516
0.0,0.0,0.040229885057471264,0.19540229885057472,0.16666666666666666,0.41954022988505746,0.21264367816091953,0.6091954022988506,0.20689655172413793,0.7528735632183908,0.47126436781609193,0.3390804597701149,0.7126436781609196,0.4482758620689655,0.8620689655172413,0.5,1.0,0.5344827586206896,0.4885057471264368,0.20689655172413793,0.5517241379310345,0.3103448275862069,0.3448275862068966,0.25287356321839083,0.22988505747126436,0.1896551724137931,0.47701149425287354,0.06896551724137931,0.5172413793103449,0.16091954022988506,0.3218390804597701,0.13218390804597702,0.22413793103448276,0.08045977011494253,0.4482758620689655,-0.07471264367816093,0.5114942528735632,0.028735632183908046,0.367816091954023,0.040229885057471264,0.28735632183908044,0.011494252873563218
0.0,0.0,0.10606060606060606,0.13636363636363635,0.2777777777777778,0.26262626262626265,0.37373737373737376,0.3888888888888889,0.4393939393939394,0.5,0.494949494949495,0.12626262626262627,0.7424242424242424,0.13131313131313133,0.8787878787878788,0.13131313131313133,1.0,0.11616161616161616,0.46464646464646464,0.025252525252525252,0.5707070707070707,0.06565656565656566,0.398989898989899,0.09595959595959595,0.2828282828282828,0.09090909090909091,0.41414141414141414,-0.08080808080808081,0.51010101010101,-0.045454545454545456,0.3484848484848485,0.0,0.24242424242424243,0.0,0.3484848484848485,-0.18686868686868688,0.4494949494949495,-0.14646464646464646,0.3383838383838384,-0.09090909090909091,0.25252525252525254,-0.08080808080808081
0.0,0.0,0.1111111111111111,0.13131313131313133,0.2828282828282828,0.24242424242424243,0.3888888888888889,0.35858585858585856,0.45454545454545453,0.4595959595959596,0.494949494949495,0.10606060606060606,0.7373737373737373,0.08585858585858586,0.8787878787878788,0.07575757575757576,1.0,0.05555555555555555,0.4595959595959596,0.0,0.5606060606060606,0.03535353535353535,0.3939393939393939,0.0707070707070707,0.2828282828282828,0.07575757575757576,0.398989898989899,-0.10101010101010101,0.5,-0.08080808080808081,0.3383838383838384,-0.025252525252525252,0.23737373737373738,-0.010101010101010102,0.3282828282828283,-0.21212121212121213,0.42424242424242425,-0.18181818181818182,0.3181818181818182,-0.12121212121212122,0.23737373737373738,-0.10101010101010101
0.0,0.0,0.10891089108910891,0.12376237623762376,0.27722772277227725,0.23267326732673269,0.38613861386138615,0.3415841584158416,0.45544554455445546,0.44554455445544555,0.49504950495049505,0.08415841584158416,0.7425742574257426,0.0594059405940594,0.8811881188118812,0.039603960396039604,1.0,0.009900990099009901,0.45544554455445546,-0.019801980198019802,0.5544554455445545,0.019801980198019802,0.3910891089108911,0.06435643564356436,0.28217821782178215,0.06930693069306931,0.39603960396039606,-0.1188118811881188,0.48514851485148514,-0.0891089108910891,0.3316831683168317,-0.0297029702970297,0.23267326732673269,-0.01485148514851485,0.3217821782178218,-0.22277227722772278,0.41089108910891087,-0.18811881188118812,0.3118811881188119,-0.1188118811881188,0.23267326732673269,-0.09900990099009901
0.0,0.0,0.10784313725490197,0.13725490196078433,0.27450980392156865,0.25980392156862747,0.36764705882352944,0.4019607843137255,0.4117647058823529,0.5343137254901961,0.5,0.14215686274509803,0.7352941176470589,0.13725490196078433,0.8725490196078431,0.12745098039215685,1.0,0.11274509803921569,0.47549019607843135,0.03431372549019608,0.5833333333333334,0.05392156862745098,0.39705882352941174,0.08333333333333333,0.28921568627450983,0.08333333333333333,0.4264705882352941,-0.07352941176470588,0.5147058823529411,-0.058823529411764705,0.3431372549019608,-0.014705882352941176,0.24509803921568626,-0.004901960784313725,0.3627450980392157,-0.18627450980392157,0.45098039215686275,-0.16666666666666666,0.3382352941176471,-0.10784313725490197,0.25980392156862747,-0.08823529411764706
0.0,0.0,0.10576923076923077,0.13942307692307693,0.27884615384615385,0.27403846153846156,0.36538461538461536,0.4230769230769231,0.3942307692307692,0.5480769230769231,0.5048076923076923,0.1778846153846154,0.7451923076923077,0.17307692307692307,0.8798076923076923,0.15865384615384615,1.0,0.13942307692307693,0.4807692307692308,0.0625,0.5865384615384616,0.04326923076923077,0.40384615384615385,0.07211538461538461,0.2932692307692308,0.09134615384615384,0.42788461538461536,-0.04807692307692308,0.5096153846153846,-0.07211538461538461,0.33653846153846156,-0.02403846153846154,0.24519230769230768,0.004807692307692308,0.3605769230769231,-0.15865384615384615,0.44711538461538464,-0.16826923076923078,0.3317307692307692,-0.11538461538461539,0.25961538461538464,-0.08653846153846154
0.0,0.0,0.10096153846153846,0.14903846153846154,0.2692307692307692,0.2932692307692308,0.3605769230769231,0.4519230769230769,0.3942307692307692,0.5913461538461539,0.5096153846153846,0.20192307692307693,0.7403846153846154,0.20192307692307693,0.8798076923076923,0.19230769230769232,1.0,0.1778846153846154,0.49038461538461536,0.08653846153846154,0.5961538461538461,0.0625,0.40865384615384615,0.07692307692307693,0.2980769230769231,0.09615384615384616,0.44711538461538464,-0.02403846153846154,0.5192307692307693,-0.057692307692307696,0.34615384615384615,-0.019230769230769232,0.24519230769230768,0.014423076923076924,0.38461538461538464,-0.12980769230769232,0.46153846153846156,-0.15384615384615385,0.33653846153846156,-0.11057692307692307,0.2644230769230769,-0.07692307692307693
0.0,0.0,0.10047846889952153,0.15789473684210525,0.2679425837320574,0.3014354066985646,0.3684210526315789,0.44976076555023925,0.41626794258373206,0.569377990430622,0.5119617224880383,0.20574162679425836,0.7416267942583732,0.21052631578947367,0.8755980861244019,0.20095693779904306,1.0,0.18181818181818182,0.49282296650717705,0.09090909090909091,0.6076555023923444,0.09090909090909091,0.4258373205741627,0.10526315789473684,0.3062200956937799,0.11483253588516747,0.4449760765550239,-0.019138755980861243,0.5406698564593302,-0.028708133971291867,0.3684210526315789,0.0,0.2631578947368421,0.019138755980861243,0.3827751196172249,-0.1339712918660287,0.47368421052631576,-0.1339712918660287,0.35406698564593303,-0.09569377990430622,0.2727272727272727,-0.07177033492822966
0.0,0.0,0.09359605911330049,0.1625615763546798,0.2561576354679803,0.32019704433497537,0.35467980295566504,0.46798029556650245,0.4039408866995074,0.5763546798029556,0.5073891625615764,0.22167487684729065,0.7389162561576355,0.24630541871921183,0.8768472906403941,0.24630541871921183,1.0,0.2413793103448276,0.49261083743842365,0.10344827586206896,0.6157635467980296,0.12807881773399016,0.4236453201970443,0.13793103448275862,0.30049261083743845,0.12807881773399016,0.45320197044334976,-0.014778325123152709,0.5517241379310345,0.0,0.3694581280788177,0.024630541871921183,0.2561576354679803,0.034482758620689655,0.39901477832512317,-0.1330049261083744,0.5024630541871922,-0.11330049261083744,0.37438423645320196,-0.07389162561576355,0.28078817733990147,-0.059113300492610835
0.0,0.0,0.08585858585858586,0.1717171717171717,0.23737373737373738,0.3383838383838384,0.32323232323232326,0.5050505050505051,0.35858585858585856,0.6363636363636364,0.5050505050505051,0.25757575757575757,0.7323232323232324,0.29292929292929293,0.8737373737373737,0.29292929292929293,1.0,0.29292929292929293,0.5,0.13636363636363635,0.6262626262626263,0.15656565656565657,0.43434343434343436,0.15656565656565657,0.30303030303030304,0.15151515151515152,0.4595959595959596,0.020202020202020204,0.5555555555555556,0.025252525252525252,0.3686868686868687,0.045454545454545456,0.25757575757575757,0.050505050505050504,0.4090909090909091,-0.10101010101010101,0.5050505050505051,-0.08585858585858586,0.37373737373737376,-0.05555555555555555,0.2878787878787879,-0.045454545454545456
0.0,0.0,0.09359605911330049,0.1625615763546798,0.26108374384236455,0.31527093596059114,0.35467980295566504,0.4729064039408867,0.3891625615763547,0.6059113300492611,0.5123152709359606,0.21182266009852216,0.7438423645320197,0.21674876847290642,0.8817733990147784,0.2019704433497537,1.0,0.18719211822660098,0.49261083743842365,0.09359605911330049,0.6157635467980296,0.10837438423645321,0.43349753694581283,0.12315270935960591,0.3054187192118227,0.12807881773399016,0.4482758620689655,-0.019704433497536946,0.541871921182266,-0.014778325123152709,0.3645320197044335,0.014778325123152709,0.2512315270935961,0.029556650246305417,0.3891625615763547,-0.13793103448275862,0.4827586206896552,-0.12315270935960591,0.35960591133004927,-0.07881773399014778,0.270935960591133,-0.06403940886699508
0.0,0.0,0.10096153846153846,0.14903846153846154,0.2644230769230769,0.28846153846153844,0.3557692307692308,0.4375,0.3942307692307692,0.5625,0.5,0.1778846153846154,0.7355769230769231,0.17307692307692307,0.875,0.14903846153846154,1.0,0.125,0.4807692307692308,0.0673076923076923,0.6009615384615384,0.08173076923076923,0.4182692307692308,0.10096153846153846,0.2980769230769231,0.11057692307692307,0.4326923076923077,-0.04807692307692308,0.5288461538461539,-0.038461538461538464,0.3557692307692308,-0.004807692307692308,0.25,0.009615384615384616,0.3701923076923077,-0.16346153846153846,0.47596153846153844,-0.14423076923076922,0.3557692307692308,-0.09615384615384616,0.2692307692307692,-0.08173076923076923
0.0,0.0,0.10900473933649289,0.14691943127962084,0.2843601895734597,0.2796208530805687,0.38388625592417064,0.41706161137440756,0.44075829383886256,0.5355450236966824,0.5118483412322274,0.15165876777251186,0.7440758293838863,0.13270142180094788,0.8815165876777251,0.10426540284360189,1.0,0.07582938388625593,0.4834123222748815,0.037914691943127965,0.6018957345971564,0.052132701421800945,0.4218009478672986,0.08056872037914692,0.3033175355450237,0.09004739336492891,0.43601895734597157,-0.07109004739336493,0.5260663507109005,-0.07109004739336493,0.35071090047393366,-0.023696682464454975,0.24644549763033174,-0.004739336492890996,0.36492890995260663,-0.18009478672985782,0.46445497630331756,-0.17061611374407584,0.3412322274881517,-0.11848341232227488,0.26066350710900477,-0.0947867298578199
0.0,0.0,0.12093023255813953,0.13953488372093023,0.29767441860465116,0.2651162790697674,0.3953488372093023,0.4,0.4511627906976744,0.5116279069767442,0.5116279069767442,0.13488372093023257,0.7441860465116279,0.10697674418604651,0.8837209302325582,0.08372093023255814,1.0,0.05116279069767442,0.48372093023255813,0.023255813953488372,0.6046511627906976,0.03255813953488372,0.42790697674418604,0.07441860465116279,0.30697674418604654,0.08372093023255814,0.42790697674418604,-0.08372093023255814,0.5255813953488372,-0.07906976744186046,0.3581395348837209,-0.027906976744186046,0.2558139534883721,-0.013953488372093023,0.35348837209302325,-0.19534883720930232,0.4558139534883721,-0.1813953488372093,0.34418604651162793,-0.12093023255813953,0.2558139534883721,-0.09767441860465116
0.0,0.0,0.09345794392523364,0.14485981308411214,0.2616822429906542,0.2757009345794392,0.3598130841121495,0.40186915887850466,0.4205607476635514,0.5,0.514018691588785,0.17289719626168223,0.7429906542056075,0.1588785046728972,0.883177570093458,0.13551401869158877,1.0,0.11682242990654206,0.48598130841121495,0.056074766355140186,0.602803738317757,0.07009345794392523,0.42990654205607476,0.09813084112149532,0.308411214953271,0.11214953271028037,0.43457943925233644,-0.0514018691588785,0.5186915887850467,-0.04672897196261682,0.35046728971962615,-0.004672897196261682,0.24766355140186916,0.009345794392523364,0.3644859813084112,-0.16355140186915887,0.45794392523364486,-0.14485981308411214,0.3411214953271028,-0.102803738317757,0.2616822429906542,-0.08411214953271028
0.0,0.0,0.11447811447811448,0.1414141414141414,0.2895622895622896,0.2760942760942761,0.3872053872053872,0.4208754208754209,0.4175084175084175,0.5555555555555556,0.5050505050505051,0.1447811447811448,0.7407407407407407,0.12457912457912458,0.8754208754208754,0.10437710437710437,1.0,0.07744107744107744,0.4713804713804714,0.030303030303030304,0.5757575757575758,0.006734006734006734,0.4074074074074074,0.04377104377104377,0.29292929292929293,0.07407407407407407,0.4175084175084175,-0.07407407407407407,0.47474747474747475,-0.10101010101010101,0.31986531986531985,-0.04040404040404041,0.2255892255892256,0.0,0.3468013468013468,-0.1717171717171717,0.4074074074074074,-0.1919191919191919,0.30303030303030304,-0.13131313131313133,0.2356902356902357,-0.08754208754208755
0.0,0.0,0.1016949152542373,0.1423728813559322,0.26440677966101694,0.2847457627118644,0.3559322033898305,0.43050847457627117,0.39661016949152544,0.5559322033898305,0.49830508474576274,0.16271186440677965,0.7389830508474576,0.15932203389830507,0.8779661016949153,0.14915254237288136,1.0,0.13220338983050847,0.46779661016949153,0.05084745762711865,0.5694915254237288,0.03728813559322034,0.39661016949152544,0.06779661016949153,0.2847457627118644,0.08813559322033898,0.41694915254237286,-0.05423728813559322,0.4745762711864407,-0.07457627118644068,0.3152542372881356,-0.020338983050847456,0.22372881355932203,0.013559322033898305,0.3525423728813559,-0.16271186440677965,0.41694915254237286,-0.17288135593220338,0.3050847457627119,-0.1152542372881356,0.23728813559322035,-0.07796610169491526
0.0,0.0,0.09342560553633218,0.1453287197231834,0.2560553633217993,0.28719723183391005,0.3494809688581315,0.4290657439446367,0.39792387543252594,0.5432525951557093,0.48788927335640137,0.17993079584775087,0.7335640138408305,0.18339100346020762,0.8788927335640139,0.17301038062283736,1.0,0.15570934256055363,0.4602076124567474,0.06228373702422145,0.5709342560553633,0.05536332179930796,0.3944636678200692,0.07612456747404844,0.2768166089965398,0.09688581314878893,0.41522491349480967,-0.04844290657439446,0.4844290657439446,-0.06228373702422145,0.31833910034602075,-0.01384083044982699,0.21453287197231835,0.01730103806228374,0.35294117647058826,-0.15916955017301038,0.4290657439446367,-0.16608996539792387,0.31141868512110726,-0.11072664359861592,0.23183391003460208,-0.07612456747404844
0.0,0.0,0.11724137931034483,0.13793103448275862,0.296551724137931,0.25862068965517243,0.40344827586206894,0.3931034482758621,0.4517241379310345,0.5241379310344828,0.5137931034482759,0.12413793103448276,0.7482758620689656,0.1,0.8827586206896552,0.07241379310344828,1.0,0.04482758620689655,0.47586206896551725,0.017241379310344827,0.593103448275862,0.0,0.4206896551724138,0.04482758620689655,0.30344827586206896,0.07241379310344828,0.4206896551724138,-0.0896551724137931,0.496551724137931,-0.10344827586206896,0.3310344827586207,-0.041379310344827586,0.23103448275862068,-0.0034482758620689655,0.3448275862068966,-0.1896551724137931,0.4241379310344828,-0.19655172413793104,0.31724137931034485,-0.1310344827586207,0.2413793103448276,-0.09310344827586207
0.0,0.0,0.10472972972972973,0.13851351351351351,0.27702702702702703,0.26013513513513514,0.3783783783783784,0.3952702702702703,0.4222972972972973,0.5202702702702703,0.5033783783783784,0.13851351351351351,0.7432432432432432,0.125,0.8817567567567568,0.10472972972972973,1.0,0.08445945945945946,0.46959459459459457,0.030405405405405407,0.581081081081081,0.030405405405405407,0.4155405405405405,0.060810810810810814,0.30405405405405406,0.08108108108108109,0.41216216216216217,-0.07432432432432433,0.48986486486486486,-0.0777027027027027,0.3310810810810811,-0.02364864864864865,0.23310810810810811,0.006756756756756757,0.33783783783783783,-0.18243243243243243,0.4189189189189189,-0.18243243243243243,0.3141891891891892,-0.12162162162162163,0.23986486486486486,-0.08783783783783784
0.0,0.0,0.09395973154362416,0.15436241610738255,0.25838926174496646,0.29194630872483224,0.34563758389261745,0.4395973154362416,0.37919463087248323,0.5771812080536913,0.49328859060402686,0.1912751677852349,0.738255033557047,0.20469798657718122,0.8791946308724832,0.2080536912751678,1.0,0.2080536912751678,0.4697986577181208,0.07718120805369127,0.5838926174496645,0.09395973154362416,0.412751677852349,0.11409395973154363,0.2986577181208054,0.1174496644295302,0.4228187919463087,-0.03355704697986577,0.5100671140939598,-0.02348993288590604,0.3422818791946309,0.016778523489932886,0.23825503355704697,0.03355704697986577,0.35906040268456374,-0.1476510067114094,0.44966442953020136,-0.13087248322147652,0.33557046979865773,-0.08053691275167785,0.2516778523489933,-0.06040268456375839
0.0,0.0,0.08843537414965986,0.1564625850340136,0.24829931972789115,0.30272108843537415,0.3299319727891156,0.45918367346938777,0.35374149659863946,0.6054421768707483,0.4897959183673469,0.21428571428571427,0.7346938775510204,0.23809523809523808,0.8775510204081632,0.24489795918367346,1.0,0.24489795918367346,0.47619047619047616,0.10204081632653061,0.5918367346938775,0.11904761904761904,0.4217687074829932,0.1292517006802721,0.30612244897959184,0.1292517006802721,0.43537414965986393,-0.01020408163265306,0.5272108843537415,-0.003401360544217687,0.35374149659863946,0.027210884353741496,0.24829931972789115,0.04081632653061224,0.3741496598639456,-0.12585034013605442,0.46598639455782315,-0.11224489795918367,0.35034013605442177,-0.06802721088435375,0.2687074829931973,-0.05102040816326531
0.0,0.0,0.08996539792387544,0.1695501730103806,0.24567474048442905,0.3391003460207612,0.314878892733564,0.5121107266435986,0.3217993079584775,0.6608996539792388,0.49480968858131485,0.2491349480968858,0.7301038062283737,0.2768166089965398,0.8754325259515571,0.2837370242214533,1.0,0.2837370242214533,0.4809688581314879,0.1314878892733564,0.5951557093425606,0.1314878892733564,0.4117647058823529,0.1384083044982699,0.29411764705882354,0.14878892733564014,0.43944636678200694,0.010380622837370242,0.5190311418685121,0.0034602076124567475,0.34256055363321797,0.03460207612456748,0.2422145328719723,0.05190311418685121,0.3806228373702422,-0.10726643598615918,0.4671280276816609,-0.10726643598615918,0.3460207612456747,-0.0657439446366782,0.2664359861591695,-0.04152249134948097
0.0,0.0,0.08960573476702509,0.16129032258064516,0.25089605734767023,0.32974910394265233,0.33691756272401435,0.4982078853046595,0.3548387096774194,0.6415770609318996,0.4982078853046595,0.24014336917562723,0.7347670250896058,0.25806451612903225,0.8745519713261649,0.25448028673835127,1.0,0.24731182795698925,0.48028673835125446,0.12186379928315412,0.5949820788530465,0.1111111111111111,0.4157706093189964,0.12186379928315412,0.3010752688172043,0.13620071684587814,0.43727598566308246,0.0035842293906810036,0.5125448028673835,-0.017921146953405017,0.34050179211469533,0.017921146953405017,0.24014336917562723,0.04659498207885305,0.37992831541218636,-0.1111111111111111,0.4551971326164875,-0.12186379928315412,0.3333333333333333,-0.08243727598566308,0.25806451612903225,-0.05017921146953405
0.0,0.0,0.104,0.18,0.292,0.356,0.396,0.536,0.432,0.7,0.552,0.228,0.824,0.248,0.928,0.236,1.0,0.22,0.532,0.088,0.652,0.096,0.444,0.116,0.308,0.136,0.484,-0.044,0.552,-0.036,0.352,0.008,0.244,0.04,0.42,-0.172,0.492,-0.164,0.352,-0.104,0.268,-0.068
0.0,0.0,0.10452961672473868,0.13588850174216027,0.27526132404181186,0.2682926829268293,0.37630662020905925,0.42160278745644597,0.39372822299651566,0.5888501742160279,0.5156794425087108,0.15331010452961671,0.7456445993031359,0.13588850174216027,0.8815331010452961,0.11498257839721254,1.0,0.0975609756097561,0.4808362369337979,0.03832752613240418,0.5714285714285714,-0.03484320557491289,0.41114982578397213,0.0,0.29965156794425085,0.04878048780487805,0.4250871080139373,-0.06620209059233449,0.4808362369337979,-0.13588850174216027,0.3310104529616725,-0.08013937282229965,0.24041811846689895,-0.020905923344947737,0.3588850174216028,-0.1602787456445993,0.42160278745644597,-0.21254355400696864,0.31010452961672474,-0.16376306620209058,0.24390243902439024,-0.11149825783972125
0.0,0.0,0.09655172413793103,0.1413793103448276,0.25862068965517243,0.2793103448275862,0.3413793103448276,0.4413793103448276,0.3586206896551724,0.593103448275862,0.5,0.15862068965517243,0.7379310344827587,0.14482758620689656,0.8793103448275862,0.12758620689655173,1.0,0.10689655172413794,0.4689655172413793,0.041379310344827586,0.5448275862068965,-0.027586206896551724,0.38275862068965516,0.0034482758620689655,0.27586206896551724,0.04827586206896552,0.41379310344827586,-0.06551724137931035,0.46206896551724136,-0.1310344827586207,0.3103448275862069,-0.07241379310344828,0.2206896551724138,-0.017241379310344827,0.3482758620689655,-0.15862068965517243,0.40344827586206894,-0.20689655172413793,0.29310344827586204,-0.15517241379310345,0.22413793103448276,-0.10344827586206896
0.0,0.0,0.08771929824561403,0.14385964912280702,0.24912280701754386,0.2912280701754386,0.3298245614035088,0.45263157894736844,0.35789473684210527,0.5929824561403508,0.4982456140350877,0.1824561403508772,0.7368421052631579,0.17192982456140352,0.8771929824561403,0.15789473684210525,1.0,0.1368421052631579,0.4666666666666667,0.05964912280701754,0.5543859649122806,0.0035087719298245615,0.37894736842105264,0.031578947368421054,0.27017543859649124,0.07368421052631578,0.41754385964912283,-0.04912280701754386,0.4631578947368421,-0.10877192982456141,0.30526315789473685,-0.05263157894736842,0.21754385964912282,-0.0035087719298245615,0.3543859649122807,-0.15087719298245614,0.4070175438596491,-0.19298245614035087,0.2912280701754386,-0.14385964912280702,0.22105263157894736,-0.09473684210526316
0.0,0.0,0.10071942446043165,0.1474820143884892,0.26618705035971224,0.29856115107913667,0.36330935251798563,0.46402877697841727,0.39568345323741005,0.6223021582733813,0.5143884892086331,0.2014388489208633,0.7553956834532374,0.19784172661870503,0.8884892086330936,0.17625899280575538,1.0,0.15467625899280577,0.4892086330935252,0.07913669064748201,0.5899280575539568,0.014388489208633094,0.420863309352518,0.03597122302158273,0.30935251798561153,0.07194244604316546,0.44244604316546765,-0.03237410071942446,0.5071942446043165,-0.10071942446043165,0.34532374100719426,-0.0539568345323741,0.2517985611510791,0.0,0.381294964028777,-0.1366906474820144,0.43884892086330934,-0.1906474820143885,0.32014388489208634,-0.1510791366906475,0.2517985611510791,-0.09712230215827339
0.0,0.0,0.08960573476702509,0.15053763440860216,0.25089605734767023,0.30824372759856633,0.32974910394265233,0.46236559139784944,0.3548387096774194,0.5913978494623656,0.4946236559139785,0.21863799283154123,0.7347670250896058,0.22939068100358423,0.8781362007168458,0.21863799283154123,1.0,0.2078853046594982,0.4731182795698925,0.1003584229390681,0.5878136200716846,0.08602150537634409,0.40860215053763443,0.1003584229390681,0.2903225806451613,0.1111111111111111,0.43010752688172044,-0.014336917562724014,0.5017921146953405,-0.043010752688172046,0.32616487455197135,-0.0035842293906810036,0.22580645161290322,0.025089605734767026,0.36917562724014336,-0.12544802867383512,0.4444444444444444,-0.14336917562724014,0.31899641577060933,-0.1003584229390681,0.24372759856630824,-0.06810035842293907
0.0,0.0,0.099644128113879,0.15658362989323843,0.27402135231316727,0.30604982206405695,0.3665480427046263,0.45907473309608543,0.39501779359430605,0.594306049822064,0.505338078291815,0.19217081850533807,0.7437722419928826,0.199288256227758,0.8825622775800712,0.18861209964412812,1.0,0.18149466192170818,0.48398576512455516,0.07829181494661921,0.597864768683274,0.09252669039145907,0.41637010676156583,0.11387900355871886,0.2918149466192171,0.12099644128113879,0.43416370106761565,-0.03914590747330961,0.5088967971530249,-0.02491103202846975,0.33807829181494664,0.010676156583629894,0.2313167259786477,0.02491103202846975,0.3665480427046263,-0.15658362989323843,0.45195729537366547,-0.13523131672597866,0.33451957295373663,-0.08896797153024912,0.2597864768683274,-0.0711743772241993
0.0,0.0,0.10071942446043165,0.15827338129496402,0.27697841726618705,0.3129496402877698,0.36330935251798563,0.4748201438848921,0.3920863309352518,0.6151079136690647,0.5107913669064749,0.18705035971223022,0.7446043165467626,0.2014388489208633,0.8776978417266187,0.19784172661870503,1.0,0.19424460431654678,0.4892086330935252,0.07194244604316546,0.60431654676259,0.10431654676258993,0.4136690647482014,0.1223021582733813,0.29136690647482016,0.12589928057553956,0.44244604316546765,-0.046762589928057555,0.5215827338129496,-0.014388489208633094,0.34532374100719426,0.017985611510791366,0.23741007194244604,0.025179856115107913,0.3776978417266187,-0.16546762589928057,0.4568345323741007,-0.12949640287769784,0.3381294964028777,-0.08273381294964029,0.2589928057553957,-0.0683453237410072
0.0,0.0,0.09854014598540146,0.16423357664233576,0.2773722627737226,0.3284671532846715,0.35766423357664234,0.49635036496350365,0.38321167883211676,0.635036496350365,0.5072992700729927,0.20072992700729927,0.7445255474452555,0.22627737226277372,0.8795620437956204,0.22627737226277372,1.0,0.22627737226277372,0.4927007299270073,0.08759124087591241,0.6058394160583942,0.12773722627737227,0.4197080291970803,0.1386861313868613,0.2956204379562044,0.13503649635036497,0.4489051094890511,-0.029197080291970802,0.5364963503649635,0.0072992700729927005,0.354014598540146,0.032846715328467155,0.24452554744525548,0.032846715328467155,0.3905109489051095,-0.15328467153284672,0.4708029197080292,-0.10948905109489052,0.35036496350364965,-0.06934306569343066,0.27007299270072993,-0.058394160583941604
0.0,0.0,0.10915492957746478,0.15140845070422534,0.2887323943661972,0.29225352112676056,0.3873239436619718,0.4471830985915493,0.4295774647887324,0.5880281690140845,0.5246478873239436,0.1619718309859155,0.7535211267605634,0.15845070422535212,0.8838028169014085,0.1443661971830986,1.0,0.13028169014084506,0.4964788732394366,0.04929577464788732,0.5985915492957746,0.04225352112676056,0.4154929577464789,0.07394366197183098,0.2992957746478873,0.09507042253521127,0.43661971830985913,-0.06338028169014084,0.5105633802816901,-0.06690140845070422,0.3380281690140845,-0.017605633802816902,0.23943661971830985,0.01056338028169014,0.3626760563380282,-0.176056338028169,0.44014084507042256,-0.17253521126760563,0.323943661971831,-0.11267605633802817,0.25,-0.08098591549295775
0.0,0.0,0.10344827586206896,0.14482758620689656,0.2793103448275862,0.2689655172413793,0.38275862068965516,0.41379310344827586,0.41379310344827586,0.5586206896551724,0.5310344827586206,0.14482758620689656,0.7551724137931034,0.12413793103448276,0.8862068965517241,0.1,1.0,0.07586206896551724,0.49310344827586206,0.027586206896551724,0.5758620689655173,-0.027586206896551724,0.40344827586206894,0.013793103448275862,0.2896551724137931,0.05517241379310345,0.43103448275862066,-0.07586206896551724,0.47586206896551725,-0.12758620689655173,0.31724137931034485,-0.06551724137931035,0.22413793103448276,-0.013793103448275862,0.35172413793103446,-0.1724137931034483,0.4068965517241379,-0.21379310344827587,0.29310344827586204,-0.15862068965517243,0.22413793103448276,-0.10344827586206896
0.0,0.0,0.1095890410958904,0.14726027397260275,0.2945205479452055,0.2671232876712329,0.4041095890410959,0.4041095890410959,0.4486301369863014,0.541095890410959,0.523972602739726,0.13013698630136986,0.7534246575342466,0.10273972602739725,0.886986301369863,0.07876712328767123,1.0,0.04794520547945205,0.4828767123287671,0.02054794520547945,0.5787671232876712,-0.023972602739726026,0.4075342465753425,0.023972602739726026,0.2945205479452055,0.06164383561643835,0.4178082191780822,-0.08561643835616438,0.4691780821917808,-0.1232876712328767,0.3082191780821918,-0.0547945205479452,0.2191780821917808,-0.00684931506849315,0.3356164383561644,-0.18493150684931506,0.3972602739726027,-0.21575342465753425,0.2876712328767123,-0.1506849315068493,0.2226027397260274,-0.10273972602739725
0.0,0.0,0.12056737588652482,0.1524822695035461,0.3049645390070922,0.2872340425531915,0.4219858156028369,0.4397163120567376,0.475177304964539,0.5815602836879432,0.5319148936170213,0.1879432624113475,0.7553191489361702,0.18439716312056736,0.8865248226950354,0.16666666666666666,1.0,0.15602836879432624,0.5070921985815603,0.07092198581560284,0.648936170212766,0.05673758865248227,0.4716312056737589,0.07801418439716312,0.34397163120567376,0.09929078014184398,0.45390070921985815,-0.0425531914893617,0.5602836879432624,-0.06382978723404255,0.38652482269503546,-0.02127659574468085,0.2765957446808511,0.010638297872340425,0.3829787234042553,-0.15602836879432624,0.48226950354609927,-0.1702127659574468,0.3617021276595745,-0.11702127659574468,0.2801418439716312,-0.08156028368794327
0.0,0.0,0.12692307692307692,0.16538461538461538,0.3153846153846154,0.31153846153846154,0.4346153846153846,0.46923076923076923,0.4807692307692308,0.6192307692307693,0.5653846153846154,0.21923076923076923,0.7692307692307693,0.21923076923076923,0.8923076923076924,0.19230769230769232,1.0,0.17307692307692307,0.5423076923076923,0.09615384615384616,0.6961538461538461,0.08076923076923077,0.5269230769230769,0.09615384615384616,0.39615384615384613,0.11923076923076924,0.49615384615384617,-0.026923076923076925,0.6153846153846154,-0.05,0.4346153846153846,-0.011538461538461539,0.3076923076923077,0.019230769230769232,0.41923076923076924,-0.1423076923076923,0.5307692307692308,-0.15384615384615385,0.40384615384615385,-0.10384615384615385,0.3076923076923077,-0.07307692307692308
0.0,0.0,0.1039426523297491,0.14336917562724014,0.27956989247311825,0.27598566308243727,0.3906810035842294,0.3978494623655914,0.45161290322580644,0.5017921146953405,0.5125448028673835,0.17921146953405018,0.7491039426523297,0.17562724014336917,0.8853046594982079,0.16487455197132617,1.0,0.15053763440860216,0.4838709677419355,0.06093189964157706,0.5949820788530465,0.053763440860215055,0.41935483870967744,0.07526881720430108,0.30824372759856633,0.0931899641577061,0.4336917562724014,-0.05017921146953405,0.5197132616487455,-0.07168458781362007,0.34767025089605735,-0.02867383512544803,0.25089605734767023,0.0035842293906810036,0.36917562724014336,-0.16129032258064516,0.45161290322580644,-0.17562724014336917,0.3333333333333333,-0.12544802867383512,0.25806451612903225,-0.0931899641577061
0.0,0.0,0.0912280701754386,0.14385964912280702,0.256140350877193,0.28421052631578947,0.3508771929824561,0.4280701754385965,0.3929824561403509,0.5578947368421052,0.49122807017543857,0.1824561403508772,0.7333333333333333,0.1824561403508772,0.8771929824561403,0.16842105263157894,1.0,0.14736842105263157,0.4666666666666667,0.06315789473684211,0.5368421052631579,0.05263157894736842,0.36140350877192984,0.07017543859649122,0.256140350877193,0.0912280701754386,0.42105263157894735,-0.05263157894736842,0.47017543859649125,-0.07719298245614035,0.30526315789473685,-0.028070175438596492,0.21052631578947367,0.010526315789473684,0.36140350877192984,-0.1649122807017544,0.4105263157894737,-0.17894736842105263,0.29473684210526313,-0.12631578947368421,0.22456140350877193,-0.08421052631578947
0.0,0.0,0.09027777777777778,0.14930555555555555,0.2604166666666667,0.2881944444444444,0.3645833333333333,0.4340277777777778,0.40625,0.5659722222222222,0.5,0.16666666666666666,0.7430555555555556,0.1597222222222222,0.8819444444444444,0.14583333333333334,1.0,0.125,0.46875,0.04861111111111111,0.5381944444444444,0.03125,0.3576388888888889,0.0625,0.25,0.08680555555555555,0.4097222222222222,-0.0625,0.4513888888888889,-0.09027777777777778,0.2881944444444444,-0.034722222222222224,0.2013888888888889,0.006944444444444444,0.3402777777777778,-0.1736111111111111,0.3958333333333333,-0.1909722222222222,0.2777777777777778,-0.13194444444444445,0.21180555555555555,-0.08680555555555555
