0.0,0.0,-0.005555555555555556,-0.3,-0.08333333333333333,-0.5722222222222222,-0.07222222222222222,-0.8277777777777777,0.022222222222222223,-0.9833333333333333,-0.36666666666666664,-0.5333333333333333,-0.6777777777777778,-0.7166666666666667,-0.8555555555555555,-0.8222222222222222,-1.0,-0.8888888888888888,-0.5,-0.37777777777777777,-0.6277777777777778,-0.5722222222222222,-0.5277777777777778,-0.5555555555555556,-0.4166666666666667,-0.48333333333333334,-0.5722222222222222,-0.22777777777777777,-0.6277777777777778,-0.4166666666666667,-0.5444444444444444,-0.3888888888888889,-0.45555555555555555,-0.3111111111111111,-0.6166666666666667,-0.1,-0.6444444444444445,-0.26666666666666666,-0.5611111111111111,-0.25,-0.49444444444444446,-0.19444444444444445
0.0,0.0,0.005714285714285714,-0.30857142857142855,-0.045714285714285714,-0.5828571428571429,-0.02857142857142857,-0.84,0.05714285714285714,-1.0,-0.33714285714285713,-0.5542857142857143,-0.6228571428571429,-0.7657142857142857,-0.7942857142857143,-0.88,-0.9314285714285714,-0.9542857142857143,-0.48,-0.4057142857142857,-0.6114285714285714,-0.5885714285714285,-0.5085714285714286,-0.5657142857142857,-0.3942857142857143,-0.49714285714285716,-0.5542857142857143,-0.2571428571428571,-0.6285714285714286,-0.4342857142857143,-0.5428571428571428,-0.4114285714285714,-0.4514285714285714,-0.34285714285714286,-0.6,-0.12571428571428572,-0.6457142857142857,-0.2857142857142857,-0.56,-0.2742857142857143,-0.49142857142857144,-0.22285714285714286
0.0,0.0,0.045714285714285714,-0.3028571428571429,0.02857142857142857,-0.5714285714285714,0.08,-0.8114285714285714,0.2,-0.96,-0.24571428571428572,-0.5657142857142857,-0.5142857142857142,-0.7885714285714286,-0.6742857142857143,-0.9142857142857143,-0.8,-1.0,-0.4057142857142857,-0.44,-0.49142857142857144,-0.6228571428571429,-0.3942857142857143,-0.5828571428571429,-0.29714285714285715,-0.5085714285714286,-0.49714285714285716,-0.3028571428571429,-0.5314285714285715,-0.4742857142857143,-0.4514285714285714,-0.44571428571428573,-0.37142857142857144,-0.3657142857142857,-0.5542857142857143,-0.18285714285714286,-0.5657142857142857,-0.3314285714285714,-0.49142857142857144,-0.30857142857142855,-0.42857142857142855,-0.25142857142857145
0.0,0.0,0.06629834254143646,-0.27071823204419887,0.06077348066298342,-0.5138121546961326,0.13812154696132597,-0.7292817679558011,0.27071823204419887,-0.850828729281768,-0.1878453038674033,-0.5524861878453039,-0.4143646408839779,-0.7845303867403315,-0.5524861878453039,-0.9116022099447514,-0.6629834254143646,-1.0,-0.3370165745856354,-0.4419889502762431,-0.425414364640884,-0.6298342541436464,-0.3425414364640884,-0.585635359116022,-0.2541436464088398,-0.5027624309392266,-0.43646408839779005,-0.3149171270718232,-0.46408839779005523,-0.4861878453038674,-0.39226519337016574,-0.44751381215469616,-0.3259668508287293,-0.36464088397790057,-0.5027624309392266,-0.20441988950276244,-0.5027624309392266,-0.34806629834254144,-0.43646408839779005,-0.3149171270718232,-0.3756906077348066,-0.24861878453038674
0.0,0.0,0.05952380952380952,-0.2857142857142857,0.05357142857142857,-0.5297619047619048,0.11904761904761904,-0.7619047619047619,0.25,-0.9047619047619048,-0.2261904761904762,-0.5892857142857143,-0.49404761904761907,-0.7976190476190477,-0.6488095238095238,-0.9166666666666666,-0.7619047619047619,-1.0,-0.375,-0.47023809523809523,-0.47619047619047616,-0.6309523809523809,-0.3869047619047619,-0.5833333333333334,-0.2857142857142857,-0.5,-0.47023809523809523,-0.3333333333333333,-0.4880952380952381,-0.47023809523809523,-0.4166666666666667,-0.4166666666666667,-0.34523809523809523,-0.3333333333333333,-0.5357142857142857,-0.20833333333333334,-0.5238095238095238,-0.3273809523809524,-0.44642857142857145,-0.27380952380952384,-0.3869047619047619,-0.20833333333333334
0.0,0.0,0.0893854748603352,-0.24581005586592178,0.11731843575418995,-0.4748603351955307,0.2122905027932961,-0.6759776536312849,0.3463687150837989,-0.7821229050279329,-0.11731843575418995,-0.553072625698324,-0.329608938547486,-0.776536312849162,-0.46368715083798884,-0.9050279329608939,-0.5698324022346368,-1.0,-0.26256983240223464,-0.46368715083798884,-0.3575418994413408,-0.6089385474860335,-0.27932960893854747,-0.553072625698324,-0.19553072625698323,-0.46368715083798884,-0.3687150837988827,-0.3463687150837989,-0.40782122905027934,-0.4692737430167598,-0.3463687150837989,-0.4245810055865922,-0.2849162011173184,-0.3407821229050279,-0.441340782122905,-0.22905027932960895,-0.45251396648044695,-0.3407821229050279,-0.39106145251396646,-0.2905027932960894,-0.3407821229050279,-0.22346368715083798
0.0,0.0,0.0718954248366013,-0.2875816993464052,0.0718954248366013,-0.5424836601307189,0.13071895424836602,-0.7647058823529411,0.23529411764705882,-0.9084967320261438,-0.2549019607843137,-0.6339869281045751,-0.477124183006536,-0.8366013071895425,-0.6143790849673203,-0.934640522875817,-0.7254901960784313,-1.0,-0.40522875816993464,-0.5294117647058824,-0.42483660130718953,-0.6274509803921569,-0.33986928104575165,-0.5751633986928104,-0.2679738562091503,-0.49673202614379086,-0.49019607843137253,-0.38562091503267976,-0.4444444444444444,-0.47058823529411764,-0.3790849673202614,-0.42483660130718953,-0.3137254901960784,-0.3464052287581699,-0.5490196078431373,-0.2549019607843137,-0.49019607843137253,-0.3333333333333333,-0.42483660130718953,-0.29411764705882354,-0.3660130718954248,-0.23529411764705882
0.0,0.0,0.08843537414965986,-0.2857142857142857,0.09523809523809523,-0.54421768707483,0.1564625850340136,-0.7687074829931972,0.2653061224489796,-0.9047619047619048,-0.25170068027210885,-0.6258503401360545,-0.46938775510204084,-0.8163265306122449,-0.6190476190476191,-0.9251700680272109,-0.7346938775510204,-1.0,-0.40816326530612246,-0.5374149659863946,-0.3741496598639456,-0.5714285714285714,-0.2925170068027211,-0.5102040816326531,-0.23129251700680273,-0.43537414965986393,-0.4965986394557823,-0.3877551020408163,-0.40816326530612246,-0.40816326530612246,-0.3401360544217687,-0.36054421768707484,-0.2857142857142857,-0.29931972789115646,-0.5510204081632653,-0.24489795918367346,-0.46938775510204084,-0.2789115646258503,-0.4013605442176871,-0.23809523809523808,-0.35374149659863946,-0.19047619047619047
0.0,0.0,0.0,-0.2679738562091503,-0.0718954248366013,-0.5032679738562091,-0.09803921568627451,-0.7189542483660131,-0.05228758169934641,-0.8888888888888888,-0.41830065359477125,-0.477124183006536,-0.6928104575163399,-0.5882352941176471,-0.869281045751634,-0.6339869281045751,-1.0,-0.6666666666666666,-0.5294117647058824,-0.35294117647058826,-0.5163398692810458,-0.3202614379084967,-0.43137254901960786,-0.2875816993464052,-0.35294117647058826,-0.26143790849673204,-0.5555555555555556,-0.1895424836601307,-0.5098039215686274,-0.1830065359477124,-0.43137254901960786,-0.1568627450980392,-0.35947712418300654,-0.13725490196078433,-0.5555555555555556,-0.0392156862745098,-0.5163398692810458,-0.058823529411764705,-0.43137254901960786,-0.0457516339869281,-0.3660130718954248,-0.032679738562091505
0.0,0.0,0.013071895424836602,-0.2549019607843137,-0.06535947712418301,-0.48366013071895425,-0.1111111111111111,-0.7124183006535948,-0.0718954248366013,-0.8888888888888888,-0.4117647058823529,-0.4444444444444444,-0.6862745098039216,-0.5359477124183006,-0.869281045751634,-0.5686274509803921,-1.0,-0.5816993464052288,-0.5228758169934641,-0.3137254901960784,-0.5032679738562091,-0.27450980392156865,-0.42483660130718953,-0.24183006535947713,-0.3464052287581699,-0.2222222222222222,-0.5424836601307189,-0.1503267973856209,-0.477124183006536,-0.1437908496732026,-0.4117647058823529,-0.13725490196078433,-0.33986928104575165,-0.11764705882352941,-0.5294117647058824,0.0,-0.47058823529411764,-0.013071895424836602,-0.39869281045751637,-0.013071895424836602,-0.33986928104575165,-0.006535947712418301
0.0,0.0,0.02158273381294964,-0.28776978417266186,-0.02877697841726619,-0.5539568345323741,-0.02877697841726619,-0.7985611510791367,0.04316546762589928,-0.9856115107913669,-0.381294964028777,-0.5611510791366906,-0.6762589928057554,-0.7050359712230215,-0.8633093525179856,-0.762589928057554,-1.0,-0.7913669064748201,-0.5179856115107914,-0.4460431654676259,-0.5107913669064749,-0.41007194244604317,-0.4172661870503597,-0.35251798561151076,-0.33093525179856115,-0.31654676258992803,-0.5755395683453237,-0.2805755395683453,-0.5179856115107914,-0.26618705035971224,-0.43884892086330934,-0.23741007194244604,-0.3669064748201439,-0.19424460431654678,-0.6115107913669064,-0.1366906474820144,-0.5539568345323741,-0.1510791366906475,-0.4748201438848921,-0.1223021582733813,-0.39568345323741005,-0.09352517985611511
0.0,0.0,0.1,-0.24,0.14,-0.49333333333333335,0.22,-0.6933333333333334,0.3333333333333333,-0.8066666666666666,-0.16,-0.6066666666666667,-0.3466666666666667,-0.8066666666666666,-0.4866666666666667,-0.92,-0.5933333333333334,-1.0,-0.30666666666666664,-0.5466666666666666,-0.32,-0.4866666666666667,-0.26,-0.4066666666666667,-0.19333333333333333,-0.35333333333333333,-0.4066666666666667,-0.4266666666666667,-0.36666666666666664,-0.36666666666666664,-0.31333333333333335,-0.31333333333333335,-0.25333333333333335,-0.26,-0.48,-0.29333333333333333,-0.43333333333333335,-0.26666666666666666,-0.37333333333333335,-0.21333333333333335,-0.32,-0.17333333333333334
0.0,0.0,0.12345679012345678,-0.2037037037037037,0.17901234567901234,-0.43209876543209874,0.2716049382716049,-0.6111111111111112,0.3888888888888889,-0.6975308641975309,-0.08641975308641975,-0.5740740740740741,-0.24074074074074073,-0.7901234567901234,-0.35185185185185186,-0.9135802469135802,-0.4444444444444444,-1.0,-0.2222222222222222,-0.5432098765432098,-0.25925925925925924,-0.49382716049382713,-0.20987654320987653,-0.41975308641975306,-0.15432098765432098,-0.36419753086419754,-0.3271604938271605,-0.4444444444444444,-0.30864197530864196,-0.3765432098765432,-0.2654320987654321,-0.32098765432098764,-0.20987654320987653,-0.2777777777777778,-0.4074074074074074,-0.3395061728395062,-0.3765432098765432,-0.29012345679012347,-0.3271604938271605,-0.24074074074074073,-0.2777777777777778,-0.2037037037037037
0.0,0.0,0.1511627906976744,-0.1686046511627907,0.2558139534883721,-0.36046511627906974,0.38372093023255816,-0.4941860465116279,0.5116279069767442,-0.5523255813953488,0.040697674418604654,-0.5290697674418605,-0.06976744186046512,-0.7558139534883721,-0.1511627906976744,-0.8953488372093024,-0.21511627906976744,-1.0,-0.10465116279069768,-0.5174418604651163,-0.13372093023255813,-0.5058139534883721,-0.09883720930232558,-0.43023255813953487,-0.06395348837209303,-0.36046511627906974,-0.22093023255813954,-0.4476744186046512,-0.20348837209302326,-0.4011627906976744,-0.1686046511627907,-0.3430232558139535,-0.13953488372093023,-0.28488372093023256,-0.31976744186046513,-0.36627906976744184,-0.28488372093023256,-0.3372093023255814,-0.2441860465116279,-0.27906976744186046,-0.20930232558139536,-0.23255813953488372
0.0,0.0,0.12179487179487179,-0.22435897435897437,0.16666666666666666,-0.4551282051282051,0.26282051282051283,-0.6474358974358975,0.38461538461538464,-0.75,-0.1282051282051282,-0.5961538461538461,-0.28205128205128205,-0.8076923076923077,-0.3974358974358974,-0.9230769230769231,-0.4935897435897436,-1.0,-0.27564102564102566,-0.5512820512820513,-0.2692307692307692,-0.5256410256410257,-0.21153846153846154,-0.4551282051282051,-0.16025641025641027,-0.38461538461538464,-0.3717948717948718,-0.4358974358974359,-0.32051282051282054,-0.40384615384615385,-0.2692307692307692,-0.3525641025641026,-0.22435897435897437,-0.2948717948717949,-0.4423076923076923,-0.3141025641025641,-0.38461538461538464,-0.2948717948717949,-0.3269230769230769,-0.2564102564102564,-0.28205128205128205,-0.21794871794871795
0.0,0.0,-0.04375,-0.24375,-0.1375,-0.4625,-0.16875,-0.6625,-0.125,-0.825,-0.425,-0.43125,-0.7,-0.50625,-0.875,-0.5375,-1.0,-0.55,-0.5125,-0.3125,-0.55625,-0.26875,-0.475,-0.23125,-0.3875,-0.21875,-0.5375,-0.1625,-0.53125,-0.14375,-0.46875,-0.11875,-0.3875,-0.1,-0.53125,-0.01875,-0.5375,-0.025,-0.4625,-0.0125,-0.3875,0.0
0.0,0.0,-0.05521472392638037,-0.22699386503067484,-0.15337423312883436,-0.44785276073619634,-0.19631901840490798,-0.6441717791411042,-0.1656441717791411,-0.803680981595092,-0.43558282208588955,-0.4171779141104294,-0.6993865030674846,-0.49079754601226994,-0.8711656441717791,-0.5214723926380368,-1.0,-0.5398773006134969,-0.5153374233128835,-0.31901840490797545,-0.558282208588957,-0.22085889570552147,-0.4723926380368098,-0.17177914110429449,-0.38650306748466257,-0.17177914110429449,-0.5337423312883436,-0.17177914110429449,-0.5460122699386503,-0.10429447852760736,-0.4723926380368098,-0.0736196319018405,-0.39263803680981596,-0.06748466257668712,-0.5337423312883436,-0.024539877300613498,-0.5337423312883436,0.0,-0.4539877300613497,0.018404907975460124,-0.3803680981595092,0.024539877300613498
0.0,0.0,0.05426356589147287,-0.27906976744186046,0.03875968992248062,-0.5813953488372093,0.06976744186046512,-0.8294573643410853,0.15503875968992248,-1.0,-0.3178294573643411,-0.6434108527131783,-0.6046511627906976,-0.8294573643410853,-0.7984496124031008,-0.9224806201550387,-0.937984496124031,-0.9767441860465116,-0.4806201550387597,-0.5503875968992248,-0.5193798449612403,-0.4573643410852713,-0.4263565891472868,-0.37209302325581395,-0.32558139534883723,-0.32558139534883723,-0.5813953488372093,-0.3875968992248062,-0.5581395348837209,-0.3023255813953488,-0.4806201550387597,-0.24806201550387597,-0.3875968992248062,-0.20155038759689922,-0.6511627906976745,-0.2248062015503876,-0.6124031007751938,-0.17829457364341086,-0.5193798449612403,-0.12403100775193798,-0.4263565891472868,-0.08527131782945736
0.0,0.0,0.09868421052631579,-0.23684210526315788,0.125,-0.4868421052631579,0.19736842105263158,-0.6907894736842105,0.3026315789473684,-0.8092105263157895,-0.16447368421052633,-0.6118421052631579,-0.35526315789473684,-0.8092105263157895,-0.5,-0.9210526315789473,-0.618421052631579,-1.0,-0.3092105263157895,-0.5592105263157895,-0.34210526315789475,-0.4934210526315789,-0.28289473684210525,-0.42105263157894735,-0.21052631578947367,-0.3618421052631579,-0.4144736842105263,-0.4342105263157895,-0.3815789473684211,-0.3684210526315789,-0.32894736842105265,-0.3157894736842105,-0.26973684210526316,-0.26973684210526316,-0.4934210526315789,-0.3026315789473684,-0.45394736842105265,-0.2631578947368421,-0.3881578947368421,-0.2236842105263158,-0.3355263157894737,-0.19078947368421054
0.0,0.0,0.13496932515337423,-0.22699386503067484,0.18404907975460122,-0.44785276073619634,0.27607361963190186,-0.6319018404907976,0.3987730061349693,-0.7300613496932515,-0.09202453987730061,-0.5828220858895705,-0.25766871165644173,-0.7975460122699386,-0.37423312883435583,-0.9141104294478528,-0.4662576687116564,-1.0,-0.24539877300613497,-0.5398773006134969,-0.2392638036809816,-0.5644171779141104,-0.18404907975460122,-0.49693251533742333,-0.12883435582822086,-0.4294478527607362,-0.3496932515337423,-0.4294478527607362,-0.2822085889570552,-0.43558282208588955,-0.2392638036809816,-0.3803680981595092,-0.19631901840490798,-0.31901840490797545,-0.4233128834355828,-0.31901840490797545,-0.3496932515337423,-0.32515337423312884,-0.294478527607362,-0.2822085889570552,-0.25766871165644173,-0.2331288343558282
0.0,0.0,0.09803921568627451,-0.24836601307189543,0.11764705882352941,-0.5032679738562091,0.1895424836601307,-0.7124183006535948,0.30718954248366015,-0.8300653594771242,-0.1895424836601307,-0.6143790849673203,-0.3790849673202614,-0.8169934640522876,-0.5228758169934641,-0.9281045751633987,-0.6339869281045751,-1.0,-0.3333333333333333,-0.5555555555555556,-0.33986928104575165,-0.5294117647058824,-0.27450980392156865,-0.45751633986928103,-0.20915032679738563,-0.39215686274509803,-0.43137254901960786,-0.42483660130718953,-0.37254901960784315,-0.39215686274509803,-0.3202614379084967,-0.3464052287581699,-0.26143790849673204,-0.2875816993464052,-0.49673202614379086,-0.29411764705882354,-0.43137254901960786,-0.28104575163398693,-0.3660130718954248,-0.24183006535947713,-0.3137254901960784,-0.20261437908496732
0.0,0.0,0.007042253521126761,-0.29577464788732394,-0.04929577464788732,-0.5422535211267606,-0.035211267605633804,-0.7816901408450704,0.04225352112676056,-0.9507042253521126,-0.4225352112676056,-0.5492957746478874,-0.6971830985915493,-0.6901408450704225,-0.8661971830985915,-0.7605633802816901,-1.0,-0.8098591549295775,-0.5492957746478874,-0.4014084507042254,-0.5774647887323944,-0.49295774647887325,-0.47183098591549294,-0.4647887323943662,-0.3732394366197183,-0.4084507042253521,-0.5985915492957746,-0.23943661971830985,-0.5704225352112676,-0.33098591549295775,-0.4859154929577465,-0.29577464788732394,-0.4014084507042254,-0.23943661971830985,-0.6126760563380281,-0.09154929577464789,-0.5704225352112676,-0.16901408450704225,-0.4859154929577465,-0.14788732394366197,-0.4154929577464789,-0.1056338028169014
0.0,0.0,0.08860759493670886,-0.2721518987341772,0.10126582278481013,-0.5189873417721519,0.15822784810126583,-0.7278481012658228,0.2468354430379747,-0.8544303797468354,-0.17088607594936708,-0.5632911392405063,-0.3987341772151899,-0.7974683544303798,-0.5316455696202531,-0.9177215189873418,-0.6455696202531646,-1.0,-0.33544303797468356,-0.4620253164556962,-0.3670886075949367,-0.620253164556962,-0.2848101265822785,-0.5822784810126582,-0.2088607594936709,-0.5063291139240507,-0.43670886075949367,-0.34177215189873417,-0.4177215189873418,-0.5,-0.35443037974683544,-0.44936708860759494,-0.2974683544303797,-0.36075949367088606,-0.5,-0.23417721518987342,-0.4620253164556962,-0.3670886075949367,-0.3987341772151899,-0.3227848101265823,-0.34810126582278483,-0.25316455696202533
0.0,0.0,0.02142857142857143,-0.3,-0.04285714285714286,-0.5571428571428572,-0.06428571428571428,-0.7857142857142857,-0.02142857142857143,-0.9428571428571428,-0.35714285714285715,-0.5428571428571428,-0.6571428571428571,-0.6928571428571428,-0.85,-0.7785714285714286,-1.0,-0.8214285714285714,-0.4928571428571429,-0.39285714285714285,-0.5571428571428572,-0.5,-0.45,-0.4714285714285714,-0.35714285714285715,-0.4142857142857143,-0.5571428571428572,-0.24285714285714285,-0.5642857142857143,-0.35714285714285715,-0.4857142857142857,-0.32857142857142857,-0.40714285714285714,-0.2571428571428571,-0.6,-0.1,-0.5714285714285714,-0.21428571428571427,-0.5,-0.18571428571428572,-0.4357142857142857,-0.1357142857142857
0.0,0.0,-0.0136986301369863,-0.2808219178082192,-0.10273972602739725,-0.5136986301369864,-0.13013698630136986,-0.7328767123287672,-0.0958904109589041,-0.8835616438356164,-0.3972602739726027,-0.4931506849315068,-0.684931506849315,-0.6095890410958904,-0.863013698630137,-0.6643835616438356,-1.0,-0.7054794520547946,-0.5068493150684932,-0.3493150684931507,-0.5616438356164384,-0.4178082191780822,-0.4589041095890411,-0.3972602739726027,-0.3698630136986301,-0.3493150684931507,-0.5547945205479452,-0.1917808219178082,-0.5547945205479452,-0.273972602739726,-0.4794520547945205,-0.2465753424657534,-0.3972602739726027,-0.19863013698630136,-0.5753424657534246,-0.04794520547945205,-0.5547945205479452,-0.13013698630136986,-0.4794520547945205,-0.1095890410958904,-0.410958904109589,-0.0684931506849315
0.0,0.0,-0.044585987261146494,-0.2611464968152866,-0.1592356687898089,-0.4713375796178344,-0.20382165605095542,-0.6751592356687898,-0.17834394904458598,-0.8343949044585988,-0.445859872611465,-0.39490445859872614,-0.7133757961783439,-0.46496815286624205,-0.8789808917197452,-0.49044585987261147,-1.0,-0.5095541401273885,-0.5286624203821656,-0.2484076433121019,-0.5605095541401274,-0.29936305732484075,-0.46496815286624205,-0.28662420382165604,-0.3821656050955414,-0.25477707006369427,-0.5477707006369427,-0.09554140127388536,-0.5286624203821656,-0.17197452229299362,-0.4585987261146497,-0.1592356687898089,-0.3821656050955414,-0.12738853503184713,-0.5414012738853503,0.044585987261146494,-0.5159235668789809,-0.03821656050955414,-0.445859872611465,-0.03184713375796178,-0.3885350318471338,-0.006369426751592357
0.0,0.0,-0.07453416149068323,-0.2422360248447205,-0.19254658385093168,-0.42857142857142855,-0.2546583850931677,-0.6211180124223602,-0.2484472049689441,-0.7701863354037267,-0.4658385093167702,-0.3416149068322981,-0.7204968944099379,-0.38509316770186336,-0.8757763975155279,-0.39751552795031053,-1.0,-0.39751552795031053,-0.5341614906832298,-0.19254658385093168,-0.546583850931677,-0.22981366459627328,-0.45962732919254656,-0.21739130434782608,-0.37888198757763975,-0.19875776397515527,-0.5341614906832298,-0.049689440993788817,-0.5093167701863354,-0.10559006211180125,-0.4409937888198758,-0.09937888198757763,-0.36645962732919257,-0.08074534161490683,-0.5217391304347826,0.08074534161490683,-0.4968944099378882,0.018633540372670808,-0.42857142857142855,0.012422360248447204,-0.36645962732919257,0.024844720496894408
0.0,0.0,0.11538461538461539,-0.20512820512820512,0.1794871794871795,-0.42948717948717946,0.28205128205128205,-0.5961538461538461,0.38461538461538464,-0.6858974358974359,-0.057692307692307696,-0.5641025641025641,-0.21153846153846154,-0.782051282051282,-0.32051282051282054,-0.9102564102564102,-0.41025641025641024,-1.0,-0.19230769230769232,-0.5256410256410257,-0.26282051282051283,-0.5192307692307693,-0.23076923076923078,-0.42948717948717946,-0.17307692307692307,-0.358974358974359,-0.30128205128205127,-0.42948717948717946,-0.3333333333333333,-0.4230769230769231,-0.30128205128205127,-0.3525641025641026,-0.25,-0.28846153846153844,-0.391025641025641,-0.32051282051282054,-0.3974358974358974,-0.32051282051282054,-0.34615384615384615,-0.2564102564102564,-0.2948717948717949,-0.20512820512820512
0.0,0.0,0.11320754716981132,-0.20754716981132076,0.1761006289308176,-0.44025157232704404,0.2830188679245283,-0.6037735849056604,0.39622641509433965,-0.6855345911949685,-0.06918238993710692,-0.5660377358490566,-0.22012578616352202,-0.779874213836478,-0.3333333333333333,-0.9056603773584906,-0.41509433962264153,-1.0,-0.20125786163522014,-0.5220125786163522,-0.25157232704402516,-0.5283018867924528,-0.2138364779874214,-0.44654088050314467,-0.15723270440251572,-0.3710691823899371,-0.3081761006289308,-0.42138364779874216,-0.31446540880503143,-0.4276729559748428,-0.2830188679245283,-0.3584905660377358,-0.22641509433962265,-0.2893081761006289,-0.39622641509433965,-0.32075471698113206,-0.37735849056603776,-0.32075471698113206,-0.3333333333333333,-0.2641509433962264,-0.2893081761006289,-0.2138364779874214
0.0,0.0,0.11801242236024845,-0.19875776397515527,0.18633540372670807,-0.42857142857142855,0.2919254658385093,-0.5900621118012422,0.40993788819875776,-0.6708074534161491,-0.049689440993788817,-0.5527950310559007,-0.19875776397515527,-0.7701863354037267,-0.30434782608695654,-0.9006211180124224,-0.38509316770186336,-1.0,-0.18633540372670807,-0.5217391304347826,-0.2360248447204969,-0.515527950310559,-0.19875776397515527,-0.42857142857142855,-0.14285714285714285,-0.36024844720496896,-0.2919254658385093,-0.42857142857142855,-0.2981366459627329,-0.422360248447205,-0.2670807453416149,-0.35403726708074534,-0.21739130434782608,-0.2919254658385093,-0.38509316770186336,-0.32298136645962733,-0.36645962732919257,-0.32919254658385094,-0.32298136645962733,-0.2732919254658385,-0.2795031055900621,-0.21739130434782608
0.0,0.0,-0.10526315789473684,0.14736842105263157,-0.2631578947368421,0.3105263157894737,-0.3263157894736842,0.46842105263157896,-0.3473684210526316,0.5947368421052631,-0.531578947368421,0.12105263157894737,-0.7368421052631579,0.1631578947368421,-0.8789473684210526,0.17894736842105263,-1.0,0.17894736842105263,-0.5421052631578948,0.0,-0.4842105263157895,0.13157894736842105,-0.3263157894736842,0.14736842105263157,-0.28421052631578947,0.1,-0.48947368421052634,-0.10526315789473684,-0.3894736842105263,0.021052631578947368,-0.26842105263157895,0.04736842105263158,-0.2578947368421053,0.010526315789473684,-0.4052631578947368,-0.2,-0.3368421052631579,-0.08947368421052632,-0.24736842105263157,-0.04736842105263158,-0.23684210526315788,-0.07368421052631578
0.0,0.0,-0.1099476439790576,0.13612565445026178,-0.2774869109947644,0.28272251308900526,-0.3507853403141361,0.4397905759162304,-0.3769633507853403,0.5654450261780105,-0.5235602094240838,0.07329842931937172,-0.7382198952879581,0.09424083769633508,-0.8795811518324608,0.08900523560209424,-1.0,0.08376963350785341,-0.5235602094240838,-0.041884816753926704,-0.4973821989528796,0.08376963350785341,-0.3403141361256545,0.11518324607329843,-0.29842931937172773,0.07853403141361257,-0.4607329842931937,-0.14659685863874344,-0.39790575916230364,-0.015706806282722512,-0.27225130890052357,0.015706806282722512,-0.2617801047120419,-0.020942408376963352,-0.3769633507853403,-0.23036649214659685,-0.3403141361256545,-0.11518324607329843,-0.24607329842931938,-0.07853403141361257,-0.2356020942408377,-0.1099476439790576
0.0,0.0,-0.11979166666666667,0.13020833333333334,-0.3020833333333333,0.25,-0.390625,0.4010416666666667,-0.4270833333333333,0.5208333333333334,-0.53125,0.026041666666666668,-0.7395833333333334,0.015625,-0.8802083333333334,0.0,-1.0,-0.026041666666666668,-0.515625,-0.09895833333333333,-0.5,0.041666666666666664,-0.3385416666666667,0.08333333333333333,-0.296875,0.046875,-0.4479166666666667,-0.19791666666666666,-0.390625,-0.052083333333333336,-0.265625,-0.005208333333333333,-0.2604166666666667,-0.041666666666666664,-0.359375,-0.2708333333333333,-0.3177083333333333,-0.14583333333333334,-0.22395833333333334,-0.08854166666666667,-0.21875,-0.11979166666666667
0.0,0.0,-0.12041884816753927,0.11518324607329843,-0.3089005235602094,0.23036649214659685,-0.41361256544502617,0.3717277486910995,-0.46596858638743455,0.4869109947643979,-0.5235602094240838,-0.010471204188481676,-0.7382198952879581,-0.03664921465968586,-0.8795811518324608,-0.06806282722513089,-1.0,-0.09947643979057591,-0.5078534031413613,-0.13089005235602094,-0.49214659685863876,0.010471204188481676,-0.3403141361256545,0.06806282722513089,-0.2879581151832461,0.041884816753926704,-0.43455497382198954,-0.225130890052356,-0.3769633507853403,-0.07329842931937172,-0.25654450261780104,-0.020942408376963352,-0.24607329842931938,-0.05759162303664921,-0.3403141361256545,-0.2931937172774869,-0.2879581151832461,-0.15706806282722513,-0.20418848167539266,-0.09947643979057591,-0.193717277486911,-0.13089005235602094
0.0,0.0,-0.15934065934065933,0.1043956043956044,-0.36813186813186816,0.1813186813186813,-0.5,0.3076923076923077,-0.5769230769230769,0.4175824175824176,-0.5439560439560439,-0.10989010989010989,-0.7527472527472527,-0.17582417582417584,-0.8901098901098901,-0.23626373626373626,-1.0,-0.29120879120879123,-0.5,-0.23076923076923078,-0.510989010989011,-0.08241758241758242,-0.35714285714285715,0.01098901098901099,-0.3076923076923077,-0.016483516483516484,-0.4065934065934066,-0.3131868131868132,-0.37362637362637363,-0.14285714285714285,-0.25824175824175827,-0.06043956043956044,-0.24725274725274726,-0.0989010989010989,-0.2967032967032967,-0.3626373626373626,-0.2692307692307692,-0.2087912087912088,-0.19230769230769232,-0.13186813186813187,-0.17582417582417584,-0.15934065934065933
0.0,0.0,-0.17415730337078653,0.09550561797752809,-0.38764044943820225,0.16292134831460675,-0.5280898876404494,0.2808988764044944,-0.6123595505617978,0.38764044943820225,-0.5449438202247191,-0.16292134831460675,-0.7528089887640449,-0.24719101123595505,-0.8932584269662921,-0.3146067415730337,-1.0,-0.37640449438202245,-0.4887640449438202,-0.2808988764044944,-0.5112359550561798,-0.11235955056179775,-0.3651685393258427,-0.011235955056179775,-0.3089887640449438,-0.03932584269662921,-0.38202247191011235,-0.34831460674157305,-0.3595505617977528,-0.14606741573033707,-0.25280898876404495,-0.06741573033707865,-0.2303370786516854,-0.10674157303370786,-0.25842696629213485,-0.37640449438202245,-0.24719101123595505,-0.21348314606741572,-0.17415730337078653,-0.1348314606741573,-0.15730337078651685,-0.16292134831460675
0.0,0.0,-0.14432989690721648,0.12371134020618557,-0.3402061855670103,0.22164948453608246,-0.4536082474226804,0.3556701030927835,-0.5,0.4690721649484536,-0.5360824742268041,-0.03608247422680412,-0.7474226804123711,-0.061855670103092786,-0.8917525773195877,-0.08762886597938144,-1.0,-0.1134020618556701,-0.5051546391752577,-0.14432989690721648,-0.5103092783505154,0.020618556701030927,-0.36082474226804123,0.08247422680412371,-0.30412371134020616,0.05154639175257732,-0.42783505154639173,-0.22164948453608246,-0.3917525773195876,-0.04639175257731959,-0.27319587628865977,0.0,-0.25257731958762886,-0.041237113402061855,-0.32989690721649484,-0.27835051546391754,-0.30412371134020616,-0.12886597938144329,-0.22164948453608246,-0.07216494845360824,-0.20618556701030927,-0.10824742268041238
0.0,0.0,-0.1414141414141414,0.13131313131313133,-0.31313131313131315,0.24242424242424243,-0.40404040404040403,0.37373737373737376,-0.46464646464646464,0.494949494949495,-0.5353535353535354,-0.015151515151515152,-0.7373737373737373,-0.025252525252525252,-0.8838383838383839,-0.030303030303030304,-1.0,-0.04040404040404041,-0.5050505050505051,-0.11616161616161616,-0.5151515151515151,0.05555555555555555,-0.36363636363636365,0.10606060606060606,-0.29797979797979796,0.0707070707070707,-0.43434343434343436,-0.19696969696969696,-0.4090909090909091,-0.015151515151515152,-0.2828282828282828,0.020202020202020204,-0.25757575757575757,-0.025252525252525252,-0.3434343434343434,-0.25757575757575757,-0.3333333333333333,-0.1111111111111111,-0.2474747474747475,-0.06565656565656566,-0.2222222222222222,-0.10606060606060606
0.0,0.0,-0.1044776119402985,0.13930348258706468,-0.25870646766169153,0.2736318407960199,-0.3283582089552239,0.42786069651741293,-0.3383084577114428,0.5572139303482587,-0.5074626865671642,0.0945273631840796,-0.7313432835820896,0.12437810945273632,-0.8756218905472637,0.13432835820895522,-1.0,0.13930348258706468,-0.5074626865671642,-0.014925373134328358,-0.4925373134328358,0.12437810945273632,-0.3383084577114428,0.14427860696517414,-0.2835820895522388,0.09950248756218906,-0.4577114427860697,-0.11442786069651742,-0.40298507462686567,0.03482587064676617,-0.27860696517412936,0.04975124378109453,-0.263681592039801,0.004975124378109453,-0.38308457711442784,-0.19402985074626866,-0.3482587064676617,-0.06965174129353234,-0.2537313432835821,-0.03980099502487562,-0.24378109452736318,-0.07960199004975124
0.0,0.0,-0.0979381443298969,0.14948453608247422,-0.24742268041237114,0.31443298969072164,-0.29381443298969073,0.4793814432989691,-0.28350515463917525,0.6030927835051546,-0.520618556701031,0.14948453608247422,-0.7371134020618557,0.20618556701030927,-0.8814432989690721,0.23195876288659795,-1.0,0.25257731958762886,-0.5309278350515464,0.030927835051546393,-0.5051546391752577,0.15979381443298968,-0.34536082474226804,0.16494845360824742,-0.28865979381443296,0.11855670103092783,-0.4845360824742268,-0.07731958762886598,-0.4175257731958763,0.04639175257731959,-0.28350515463917525,0.05670103092783505,-0.26804123711340205,0.015463917525773196,-0.41237113402061853,-0.17525773195876287,-0.38144329896907214,-0.07731958762886598,-0.28350515463917525,-0.03608247422680412,-0.26288659793814434,-0.05670103092783505
0.0,0.0,-0.08947368421052632,0.15789473684210525,-0.24210526315789474,0.3263157894736842,-0.29473684210526313,0.49473684210526314,-0.26842105263157895,0.6263157894736842,-0.5157894736842106,0.18421052631578946,-0.7315789473684211,0.25263157894736843,-0.8789473684210526,0.28421052631578947,-1.0,0.3,-0.5368421052631579,0.05789473684210526,-0.5105263157894737,0.15789473684210525,-0.3526315789473684,0.15263157894736842,-0.30526315789473685,0.11052631578947368,-0.49473684210526314,-0.05789473684210526,-0.42105263157894735,0.03684210526315789,-0.29473684210526313,0.04736842105263158,-0.28421052631578947,0.021052631578947368,-0.43157894736842106,-0.1631578947368421,-0.3894736842105263,-0.08421052631578947,-0.2894736842105263,-0.05263157894736842,-0.2736842105263158,-0.06842105263157895
0.0,0.0,-0.09473684210526316,0.15263157894736842,-0.24736842105263157,0.32105263157894737,-0.29473684210526313,0.48947368421052634,-0.2736842105263158,0.6210526315789474,-0.5263157894736842,0.1736842105263158,-0.7368421052631579,0.24210526315789474,-0.8789473684210526,0.26842105263157895,-1.0,0.2894736842105263,-0.5368421052631579,0.04736842105263158,-0.5210526315789473,0.14736842105263157,-0.3631578947368421,0.14736842105263157,-0.3105263157894737,0.11578947368421053,-0.49473684210526314,-0.06842105263157895,-0.4263157894736842,0.031578947368421054,-0.29473684210526313,0.05263157894736842,-0.2789473684210526,0.021052631578947368,-0.4263157894736842,-0.1736842105263158,-0.39473684210526316,-0.08947368421052632,-0.29473684210526313,-0.04736842105263158,-0.26842105263157895,-0.06315789473684211
0.0,0.0,-0.12307692307692308,0.12307692307692308,-0.3076923076923077,0.24102564102564103,-0.40512820512820513,0.4,-0.441025641025641,0.5282051282051282,-0.5384615384615384,0.015384615384615385,-0.7435897435897436,0.010256410256410256,-0.8871794871794871,-0.010256410256410256,-1.0,-0.041025641025641026,-0.5282051282051282,-0.09743589743589744,-0.5076923076923077,0.02564102564102564,-0.3487179487179487,0.07179487179487179,-0.28717948717948716,0.046153846153846156,-0.4512820512820513,-0.19487179487179487,-0.38974358974358975,-0.05641025641025641,-0.2717948717948718,-0.015384615384615385,-0.2564102564102564,-0.05128205128205128,-0.35384615384615387,-0.26666666666666666,-0.31794871794871793,-0.14871794871794872,-0.2358974358974359,-0.09230769230769231,-0.2205128205128205,-0.12307692307692308
0.0,0.0,-0.13829787234042554,0.10106382978723404,-0.34574468085106386,0.19148936170212766,-0.46808510638297873,0.32978723404255317,-0.5212765957446809,0.44680851063829785,-0.5372340425531915,-0.05851063829787234,-0.7446808510638298,-0.10638297872340426,-0.8882978723404256,-0.15425531914893617,-1.0,-0.19680851063829788,-0.5053191489361702,-0.18617021276595744,-0.48404255319148937,-0.05319148936170213,-0.32978723404255317,0.026595744680851064,-0.28191489361702127,0.005319148936170213,-0.42021276595744683,-0.2765957446808511,-0.35638297872340424,-0.12234042553191489,-0.24468085106382978,-0.05851063829787234,-0.23404255319148937,-0.09042553191489362,-0.31382978723404253,-0.3351063829787234,-0.2712765957446808,-0.20212765957446807,-0.19148936170212766,-0.13297872340425532,-0.18085106382978725,-0.1595744680851064
0.0,0.0,-0.16666666666666666,0.08620689655172414,-0.39655172413793105,0.14942528735632185,-0.5459770114942529,0.27011494252873564,-0.6264367816091954,0.3563218390804598,-0.5517241379310345,-0.1724137931034483,-0.7586206896551724,-0.25862068965517243,-0.896551724137931,-0.3333333333333333,-1.0,-0.40804597701149425,-0.4885057471264368,-0.29310344827586204,-0.4942528735632184,-0.13793103448275862,-0.3505747126436782,-0.022988505747126436,-0.2988505747126437,-0.040229885057471264,-0.3735632183908046,-0.367816091954023,-0.3505747126436782,-0.1781609195402299,-0.2413793103448276,-0.08620689655172414,-0.22413793103448276,-0.1206896551724138,-0.2471264367816092,-0.40804597701149425,-0.23563218390804597,-0.2471264367816092,-0.16666666666666666,-0.16666666666666666,-0.14942528735632185,-0.19540229885057472
0.0,0.0,-0.1987179487179487,0.057692307692307696,-0.46794871794871795,0.0641025641025641,-0.6602564102564102,0.15384615384615385,-0.7756410256410257,0.24358974358974358,-0.5641025641025641,-0.3141025641025641,-0.7692307692307693,-0.46794871794871795,-0.9038461538461539,-0.5897435897435898,-1.0,-0.6987179487179487,-0.47435897435897434,-0.4423076923076923,-0.5,-0.28205128205128205,-0.3782051282051282,-0.1282051282051282,-0.32051282051282054,-0.1282051282051282,-0.3333333333333333,-0.4935897435897436,-0.3269230769230769,-0.30128205128205127,-0.24358974358974358,-0.16666666666666666,-0.22435897435897437,-0.19230769230769232,-0.1794871794871795,-0.5128205128205128,-0.1858974358974359,-0.34615384615384615,-0.1346153846153846,-0.23076923076923078,-0.11538461538461539,-0.25
0.0,0.0,-0.19631901840490798,0.06134969325153374,-0.4539877300613497,0.0736196319018405,-0.6441717791411042,0.15337423312883436,-0.7607361963190185,0.24539877300613497,-0.5460122699386503,-0.27607361963190186,-0.7607361963190185,-0.4294478527607362,-0.8895705521472392,-0.5521472392638037,-1.0,-0.6503067484662577,-0.44171779141104295,-0.38650306748466257,-0.49693251533742333,-0.3128834355828221,-0.3619631901840491,-0.147239263803681,-0.2883435582822086,-0.12269938650306748,-0.3067484662576687,-0.44785276073619634,-0.34355828220858897,-0.3496932515337423,-0.24539877300613497,-0.1901840490797546,-0.20245398773006135,-0.18404907975460122,-0.1656441717791411,-0.48466257668711654,-0.22085889570552147,-0.4171779141104294,-0.15950920245398773,-0.2822085889570552,-0.12883435582822086,-0.26993865030674846
0.0,0.0,-0.14210526315789473,0.08421052631578947,-0.3684210526315789,0.15263157894736842,-0.5263157894736842,0.2736842105263158,-0.6052631578947368,0.3894736842105263,-0.5105263157894737,-0.1,-0.7421052631578947,-0.18421052631578946,-0.8842105263157894,-0.23684210526315788,-1.0,-0.2894736842105263,-0.4421052631578947,-0.20526315789473684,-0.49473684210526314,-0.18421052631578946,-0.3473684210526316,-0.07368421052631578,-0.26842105263157895,-0.042105263157894736,-0.34210526315789475,-0.28421052631578947,-0.37894736842105264,-0.2578947368421053,-0.2631578947368421,-0.14736842105263157,-0.22105263157894736,-0.13157894736842105,-0.22631578947368422,-0.3526315789473684,-0.2894736842105263,-0.34210526315789475,-0.22105263157894736,-0.23157894736842105,-0.18421052631578946,-0.20526315789473684
0.0,0.0,-0.13366336633663367,0.09405940594059406,-0.3316831683168317,0.19801980198019803,-0.4504950495049505,0.3465346534653465,-0.5099009900990099,0.47029702970297027,-0.5099009900990099,0.0049504950495049506,-0.7425742574257426,-0.024752475247524754,-0.8811881188118812,-0.04455445544554455,-1.0,-0.06930693069306931,-0.4603960396039604,-0.09405940594059406,-0.5297029702970297,-0.12376237623762376,-0.36633663366336633,-0.034653465346534656,-0.29207920792079206,-0.0049504950495049506,-0.38613861386138615,-0.18811881188118812,-0.43564356435643564,-0.20297029702970298,-0.30198019801980197,-0.10891089108910891,-0.25742574257425743,-0.0891089108910891,-0.297029702970297,-0.2623762376237624,-0.36633663366336633,-0.28217821782178215,-0.27722772277227725,-0.19306930693069307,-0.2376237623762376,-0.16831683168316833
0.0,0.0,-0.09,0.135,-0.225,0.31,-0.26,0.505,-0.24,0.66,-0.52,0.21,-0.74,0.27,-0.88,0.305,-1.0,0.325,-0.51,0.09,-0.59,0.035,-0.405,0.06,-0.31,0.095,-0.47,-0.025,-0.505,-0.08,-0.34,-0.03,-0.27,0.025,-0.41,-0.13,-0.45,-0.165,-0.33,-0.115,-0.28,-0.075
0.0,0.0,-0.0845771144278607,0.13432835820895522,-0.20398009950248755,0.3034825870646766,-0.23880597014925373,0.48258706467661694,-0.21890547263681592,0.6218905472636815,-0.5124378109452736,0.24378109452736318,-0.736318407960199,0.30845771144278605,-0.8805970149253731,0.34328358208955223,-1.0,0.3681592039800995,-0.5074626865671642,0.12437810945273632,-0.582089552238806,0.05472636815920398,-0.39303482587064675,0.06965174129353234,-0.3034825870646766,0.10945273631840796,-0.46766169154228854,0.004975124378109453,-0.5124378109452736,-0.05970149253731343,-0.3383084577114428,-0.014925373134328358,-0.27860696517412936,0.03482587064676617,-0.4129353233830846,-0.1044776119402985,-0.4626865671641791,-0.15422885572139303,-0.34328358208955223,-0.11442786069651742,-0.2935323383084577,-0.06965174129353234
0.0,0.0,-0.10526315789473684,0.11961722488038277,-0.24880382775119617,0.2679425837320574,-0.2966507177033493,0.4449760765550239,-0.27751196172248804,0.583732057416268,-0.5023923444976076,0.16267942583732056,-0.7320574162679426,0.19138755980861244,-0.8708133971291866,0.215311004784689,-1.0,0.22488038277511962,-0.4784688995215311,0.05263157894736842,-0.583732057416268,0.009569377990430622,-0.41626794258373206,0.0430622009569378,-0.3157894736842105,0.06698564593301436,-0.4258373205741627,-0.05263157894736842,-0.48325358851674644,-0.10047846889952153,-0.33014354066985646,-0.04784688995215311,-0.2631578947368421,-0.004784688995215311,-0.35406698564593303,-0.14832535885167464,-0.4258373205741627,-0.18660287081339713,-0.3253588516746411,-0.13875598086124402,-0.27751196172248804,-0.10526315789473684
0.0,0.0,-0.12562814070351758,0.10552763819095477,-0.31155778894472363,0.21608040201005024,-0.41708542713567837,0.36180904522613067,-0.457286432160804,0.47738693467336685,-0.49246231155778897,0.020100502512562814,-0.7286432160804021,0.005025125628140704,-0.8743718592964824,-0.005025125628140704,-1.0,-0.020100502512562814,-0.45226130653266333,-0.08040201005025126,-0.5376884422110553,-0.06030150753768844,-0.3869346733668342,0.005025125628140704,-0.2914572864321608,0.020100502512562814,-0.3869346733668342,-0.1708542713567839,-0.45226130653266333,-0.15577889447236182,-0.32160804020100503,-0.08542713567839195,-0.25125628140703515,-0.07035175879396985,-0.3015075376884422,-0.2613065326633166,-0.39195979899497485,-0.2562814070351759,-0.31155778894472363,-0.18090452261306533,-0.2562814070351759,-0.16080402010050251
0.0,0.0,-0.14358974358974358,0.09230769230769231,-0.3641025641025641,0.18461538461538463,-0.5025641025641026,0.31794871794871793,-0.5538461538461539,0.4358974358974359,-0.5076923076923077,-0.05641025641025641,-0.7384615384615385,-0.1076923076923077,-0.882051282051282,-0.14871794871794872,-1.0,-0.18461538461538463,-0.4512820512820513,-0.15897435897435896,-0.517948717948718,-0.13846153846153847,-0.36923076923076925,-0.046153846153846156,-0.28717948717948716,-0.02564102564102564,-0.36923076923076925,-0.24615384615384617,-0.4153846153846154,-0.2153846153846154,-0.29743589743589743,-0.12307692307692308,-0.2512820512820513,-0.1076923076923077,-0.2717948717948718,-0.31794871794871793,-0.3333333333333333,-0.29743589743589743,-0.26153846153846155,-0.21025641025641026,-0.22564102564102564,-0.19487179487179487
0.0,0.0,-0.16304347826086957,0.07065217391304347,-0.391304347826087,0.13043478260869565,-0.5489130434782609,0.23369565217391305,-0.625,0.33152173913043476,-0.532608695652174,-0.15217391304347827,-0.75,-0.25,-0.8858695652173914,-0.33152173913043476,-1.0,-0.3967391304347826,-0.45652173913043476,-0.266304347826087,-0.4891304347826087,-0.22826086956521738,-0.34782608695652173,-0.10326086956521739,-0.2826086956521739,-0.07608695652173914,-0.3423913043478261,-0.3423913043478261,-0.3641304347826087,-0.2826086956521739,-0.2554347826086957,-0.16304347826086957,-0.21739130434782608,-0.15217391304347827,-0.21739130434782608,-0.3967391304347826,-0.266304347826087,-0.358695652173913,-0.20108695652173914,-0.2554347826086957,-0.16847826086956522,-0.24456521739130435
0.0,0.0,-0.17391304347826086,0.08152173913043478,-0.41304347826086957,0.13043478260869565,-0.5760869565217391,0.2391304347826087,-0.6521739130434783,0.33695652173913043,-0.5380434782608695,-0.17391304347826086,-0.7554347826086957,-0.27717391304347827,-0.8913043478260869,-0.358695652173913,-1.0,-0.43478260869565216,-0.4673913043478261,-0.29891304347826086,-0.483695652173913,-0.20652173913043478,-0.358695652173913,-0.08695652173913043,-0.28804347826086957,-0.059782608695652176,-0.3532608695652174,-0.375,-0.3532608695652174,-0.2608695652173913,-0.2554347826086957,-0.14673913043478262,-0.21739130434782608,-0.14130434782608695,-0.22282608695652173,-0.42934782608695654,-0.24456521739130435,-0.34782608695652173,-0.18478260869565216,-0.2391304347826087,-0.15760869565217392,-0.23369565217391305
0.0,0.0,-0.14215686274509803,0.11274509803921569,-0.3480392156862745,0.20588235294117646,-0.47058823529411764,0.3333333333333333,-0.5196078431372549,0.4362745098039216,-0.5245098039215687,-0.014705882352941176,-0.7401960784313726,-0.03431372549019608,-0.8823529411764706,-0.058823529411764705,-1.0,-0.08823529411764706,-0.49019607843137253,-0.1323529411764706,-0.49019607843137253,-0.04411764705882353,-0.3431372549019608,0.0196078431372549,-0.27941176470588236,0.014705882352941176,-0.4068627450980392,-0.22549019607843138,-0.38235294117647056,-0.13725490196078433,-0.2696078431372549,-0.06372549019607843,-0.24509803921568626,-0.07352941176470588,-0.29901960784313725,-0.30392156862745096,-0.30392156862745096,-0.23529411764705882,-0.23039215686274508,-0.1568627450980392,-0.20588235294117646,-0.15196078431372548
0.0,0.0,-0.12560386473429952,0.12077294685990338,-0.3188405797101449,0.24154589371980675,-0.4251207729468599,0.38164251207729466,-0.47342995169082125,0.4927536231884058,-0.5120772946859904,0.057971014492753624,-0.7391304347826086,0.07246376811594203,-0.8792270531400966,0.06763285024154589,-1.0,0.05314009661835749,-0.4927536231884058,-0.05314009661835749,-0.5120772946859904,0.004830917874396135,-0.357487922705314,0.057971014492753624,-0.2946859903381642,0.04830917874396135,-0.42995169082125606,-0.15458937198067632,-0.42028985507246375,-0.0966183574879227,-0.2898550724637681,-0.033816425120772944,-0.2560386473429952,-0.04830917874396135,-0.34782608695652173,-0.25120772946859904,-0.3719806763285024,-0.2028985507246377,-0.28019323671497587,-0.13526570048309178,-0.2463768115942029,-0.14009661835748793
0.0,0.0,-0.1111111111111111,0.13043478260869565,-0.2946859903381642,0.2753623188405797,-0.391304347826087,0.4251207729468599,-0.42995169082125606,0.5507246376811594,-0.5120772946859904,0.12560386473429952,-0.7391304347826086,0.15458937198067632,-0.8743961352657005,0.16908212560386474,-1.0,0.17391304347826086,-0.4830917874396135,0.01932367149758454,-0.5555555555555556,0.033816425120772944,-0.38164251207729466,0.06763285024154589,-0.2946859903381642,0.06763285024154589,-0.42028985507246375,-0.08695652173913043,-0.46859903381642515,-0.07729468599033816,-0.30917874396135264,-0.01932367149758454,-0.25120772946859904,-0.01932367149758454,-0.34782608695652173,-0.18840579710144928,-0.4251207729468599,-0.178743961352657,-0.3188405797101449,-0.12077294685990338,-0.26570048309178745,-0.1111111111111111
0.0,0.0,-0.1111111111111111,0.13043478260869565,-0.2946859903381642,0.2753623188405797,-0.3864734299516908,0.4251207729468599,-0.42028985507246375,0.5507246376811594,-0.5120772946859904,0.12560386473429952,-0.7391304347826086,0.15458937198067632,-0.8792270531400966,0.178743961352657,-1.0,0.1932367149758454,-0.4830917874396135,0.01932367149758454,-0.5700483091787439,0.03864734299516908,-0.3961352657004831,0.07729468599033816,-0.2946859903381642,0.07246376811594203,-0.4251207729468599,-0.08695652173913043,-0.4782608695652174,-0.06763285024154589,-0.3188405797101449,-0.01932367149758454,-0.2463768115942029,-0.01932367149758454,-0.3526570048309179,-0.18840579710144928,-0.42995169082125606,-0.18357487922705315,-0.32367149758454106,-0.12560386473429952,-0.27053140096618356,-0.1111111111111111
0.0,0.0,-0.07692307692307693,-0.26153846153846155,-0.19487179487179487,-0.4512820512820513,-0.24615384615384617,-0.6615384615384615,-0.20512820512820512,-0.8205128205128205,-0.4358974358974359,-0.37435897435897436,-0.717948717948718,-0.441025641025641,-0.8769230769230769,-0.46153846153846156,-1.0,-0.4717948717948718,-0.517948717948718,-0.2153846153846154,-0.6153846153846154,-0.3333333333333333,-0.5384615384615384,-0.3384615384615385,-0.4461538461538462,-0.3076923076923077,-0.5282051282051282,-0.07179487179487179,-0.5692307692307692,-0.21025641025641026,-0.49743589743589745,-0.2,-0.4205128205128205,-0.15384615384615385,-0.5282051282051282,0.041025641025641026,-0.5384615384615384,-0.09230769230769231,-0.46153846153846156,-0.08205128205128205,-0.39487179487179486,-0.046153846153846156
0.0,0.0,-0.085,-0.255,-0.215,-0.44,-0.275,-0.64,-0.24,-0.79,-0.445,-0.35,-0.72,-0.395,-0.875,-0.41,-1.0,-0.415,-0.51,-0.19,-0.63,-0.305,-0.555,-0.325,-0.46,-0.3,-0.52,-0.05,-0.58,-0.195,-0.515,-0.19,-0.43,-0.15,-0.51,0.06,-0.54,-0.075,-0.47,-0.08,-0.4,-0.045
0.0,0.0,-0.0990990990990991,-0.22972972972972974,-0.24324324324324326,-0.38738738738738737,-0.31981981981981983,-0.5720720720720721,-0.2882882882882883,-0.7252252252252253,-0.42792792792792794,-0.3108108108108108,-0.7072072072072072,-0.32882882882882886,-0.8693693693693694,-0.32432432432432434,-1.0,-0.3153153153153153,-0.481981981981982,-0.15765765765765766,-0.6081081081081081,-0.23423423423423423,-0.5315315315315315,-0.24774774774774774,-0.43243243243243246,-0.23423423423423423,-0.4864864864864865,-0.018018018018018018,-0.5675675675675675,-0.12612612612612611,-0.5,-0.12162162162162163,-0.4099099099099099,-0.08558558558558559,-0.4774774774774775,0.1036036036036036,-0.5315315315315315,-0.009009009009009009,-0.4594594594594595,-0.009009009009009009,-0.38288288288288286,0.018018018018018018
0.0,0.0,-0.08071748878923767,-0.23766816143497757,-0.21524663677130046,-0.4125560538116592,-0.28699551569506726,-0.600896860986547,-0.26905829596412556,-0.7488789237668162,-0.4618834080717489,-0.34080717488789236,-0.7219730941704036,-0.3721973094170404,-0.8789237668161435,-0.38565022421524664,-1.0,-0.3901345291479821,-0.5381165919282511,-0.2062780269058296,-0.5515695067264574,-0.25112107623318386,-0.47085201793721976,-0.24663677130044842,-0.3901345291479821,-0.23318385650224216,-0.5426008968609866,-0.06278026905829596,-0.5067264573991032,-0.12556053811659193,-0.43946188340807174,-0.1210762331838565,-0.36771300448430494,-0.09417040358744394,-0.5291479820627802,0.06278026905829596,-0.4977578475336323,-0.004484304932735426,-0.4304932735426009,-0.004484304932735426,-0.36771300448430494,0.008968609865470852
0.0,0.0,-0.08597285067873303,-0.23076923076923078,-0.22624434389140272,-0.4072398190045249,-0.2986425339366516,-0.5882352941176471,-0.27601809954751133,-0.7330316742081447,-0.4660633484162896,-0.3257918552036199,-0.7285067873303167,-0.3574660633484163,-0.8868778280542986,-0.3665158371040724,-1.0,-0.3755656108597285,-0.5339366515837104,-0.19004524886877827,-0.5475113122171946,-0.19457013574660634,-0.46153846153846156,-0.18552036199095023,-0.38461538461538464,-0.17647058823529413,-0.5384615384615384,-0.049773755656108594,-0.49321266968325794,-0.07692307692307693,-0.4253393665158371,-0.07239819004524888,-0.35294117647058826,-0.06334841628959276,-0.5248868778280543,0.08144796380090498,-0.4796380090497738,0.04072398190045249,-0.4117647058823529,0.03619909502262444,-0.34841628959276016,0.04072398190045249
0.0,0.0,-0.10480349344978165,-0.22270742358078602,-0.24890829694323144,-0.37117903930131,-0.3231441048034934,-0.5414847161572053,-0.314410480349345,-0.6855895196506551,-0.4585152838427948,-0.2794759825327511,-0.7248908296943232,-0.29694323144104806,-0.8820960698689956,-0.30131004366812225,-1.0,-0.30131004366812225,-0.519650655021834,-0.13973799126637554,-0.5676855895196506,-0.18340611353711792,-0.4890829694323144,-0.18340611353711792,-0.40611353711790393,-0.17903930131004367,-0.5152838427947598,-0.004366812227074236,-0.4978165938864629,-0.06550218340611354,-0.4366812227074236,-0.06550218340611354,-0.3624454148471616,-0.05240174672489083,-0.49344978165938863,0.11353711790393013,-0.4672489082969432,0.048034934497816595,-0.40611353711790393,0.043668122270742356,-0.34497816593886466,0.05240174672489083
0.0,0.0,-0.08256880733944955,-0.24311926605504589,-0.20642201834862386,-0.41743119266055045,-0.26146788990825687,-0.6100917431192661,-0.23394495412844038,-0.7660550458715596,-0.44036697247706424,-0.3486238532110092,-0.7155963302752294,-0.3853211009174312,-0.8761467889908257,-0.39908256880733944,-1.0,-0.40825688073394495,-0.5137614678899083,-0.20642201834862386,-0.5871559633027523,-0.26605504587155965,-0.5091743119266054,-0.26146788990825687,-0.42201834862385323,-0.24770642201834864,-0.5229357798165137,-0.06422018348623854,-0.536697247706422,-0.14678899082568808,-0.4724770642201835,-0.13302752293577982,-0.39908256880733944,-0.10550458715596331,-0.518348623853211,0.05504587155963303,-0.5137614678899083,-0.027522935779816515,-0.44495412844036697,-0.01834862385321101,-0.3853211009174312,0.0045871559633027525
0.0,0.0,-0.07109004739336493,-0.2559241706161137,-0.1943127962085308,-0.44075829383886256,-0.23696682464454977,-0.6398104265402843,-0.1943127962085308,-0.8009478672985783,-0.44075829383886256,-0.38388625592417064,-0.7109004739336493,-0.43601895734597157,-0.8720379146919431,-0.4549763033175355,-1.0,-0.46445497630331756,-0.5213270142180095,-0.24170616113744076,-0.5971563981042654,-0.2985781990521327,-0.5165876777251185,-0.2890995260663507,-0.4218009478672986,-0.27014218009478674,-0.5355450236966824,-0.0947867298578199,-0.5497630331753555,-0.17061611374407584,-0.4834123222748815,-0.15639810426540285,-0.3981042654028436,-0.12322274881516587,-0.5308056872037915,0.037914691943127965,-0.5308056872037915,-0.04265402843601896,-0.4597156398104265,-0.03317535545023697,-0.3933649289099526,-0.009478672985781991
0.0,0.0,-0.06220095693779904,-0.2679425837320574,-0.1722488038277512,-0.45933014354066987,-0.20574162679425836,-0.6698564593301436,-0.13875598086124402,-0.8277511961722488,-0.41148325358851673,-0.41626794258373206,-0.6985645933014354,-0.48325358851674644,-0.8660287081339713,-0.5119617224880383,-1.0,-0.5311004784688995,-0.5023923444976076,-0.2727272727272727,-0.6076555023923444,-0.35406698564593303,-0.5167464114832536,-0.3444976076555024,-0.41626794258373206,-0.3157894736842105,-0.5263157894736842,-0.12440191387559808,-0.5645933014354066,-0.22009569377990432,-0.49282296650717705,-0.20095693779904306,-0.41148325358851673,-0.15789473684210525,-0.5311004784688995,0.009569377990430622,-0.5454545454545454,-0.0861244019138756,-0.47368421052631576,-0.07177033492822966,-0.4019138755980861,-0.03827751196172249
0.0,0.0,-0.0990990990990991,-0.24324324324324326,-0.23873873873873874,-0.4099099099099099,-0.3063063063063063,-0.5945945945945946,-0.2747747747747748,-0.7477477477477478,-0.47297297297297297,-0.32432432432432434,-0.7252252252252253,-0.33783783783783783,-0.8783783783783784,-0.32882882882882886,-1.0,-0.31981981981981983,-0.536036036036036,-0.17567567567567569,-0.581081081081081,-0.23873873873873874,-0.5,-0.23873873873873874,-0.4144144144144144,-0.22522522522522523,-0.5315315315315315,-0.036036036036036036,-0.5315315315315315,-0.12162162162162163,-0.46846846846846846,-0.11261261261261261,-0.38738738738738737,-0.08558558558558559,-0.5045045045045045,0.09009009009009009,-0.5,0.0045045045045045045,-0.43243243243243246,0.0045045045045045045,-0.3738738738738739,0.02252252252252252
0.0,0.0,-0.09777777777777778,-0.23555555555555555,-0.24444444444444444,-0.4,-0.31555555555555553,-0.5777777777777777,-0.29333333333333333,-0.7244444444444444,-0.47555555555555556,-0.3022222222222222,-0.7288888888888889,-0.31555555555555553,-0.8844444444444445,-0.3111111111111111,-1.0,-0.30666666666666664,-0.5333333333333333,-0.16,-0.5644444444444444,-0.2222222222222222,-0.48444444444444446,-0.22666666666666666,-0.40444444444444444,-0.21333333333333335,-0.5244444444444445,-0.022222222222222223,-0.5111111111111111,-0.10666666666666667,-0.4444444444444444,-0.10222222222222223,-0.37333333333333335,-0.08,-0.49333333333333335,0.09333333333333334,-0.48,0.013333333333333334,-0.41333333333333333,0.008888888888888889,-0.3511111111111111,0.02666666666666667
0.0,0.0,-0.10222222222222223,-0.23555555555555555,-0.25333333333333335,-0.39555555555555555,-0.3288888888888889,-0.5733333333333334,-0.30666666666666664,-0.7244444444444444,-0.48,-0.3111111111111111,-0.7333333333333333,-0.3111111111111111,-0.8844444444444445,-0.3022222222222222,-1.0,-0.29777777777777775,-0.5333333333333333,-0.16444444444444445,-0.5733333333333334,-0.2088888888888889,-0.49333333333333335,-0.21333333333333335,-0.4088888888888889,-0.2,-0.5244444444444445,-0.022222222222222223,-0.5155555555555555,-0.09777777777777778,-0.4488888888888889,-0.08888888888888889,-0.37333333333333335,-0.07111111111111111,-0.49777777777777776,0.09777777777777778,-0.48,0.022222222222222223,-0.41333333333333333,0.022222222222222223,-0.3466666666666667,0.035555555555555556
0.0,0.0,-0.09777777777777778,-0.24444444444444444,-0.24888888888888888,-0.4088888888888889,-0.31555555555555553,-0.5911111111111111,-0.28888888888888886,-0.7466666666666667,-0.47555555555555556,-0.3288888888888889,-0.7333333333333333,-0.3422222222222222,-0.8844444444444445,-0.3422222222222222,-1.0,-0.3377777777777778,-0.5333333333333333,-0.18222222222222223,-0.5822222222222222,-0.23555555555555555,-0.5022222222222222,-0.23555555555555555,-0.4177777777777778,-0.2222222222222222,-0.5288888888888889,-0.04,-0.5288888888888889,-0.12,-0.4622222222222222,-0.1111111111111111,-0.38666666666666666,-0.08444444444444445,-0.5111111111111111,0.08444444444444445,-0.49777777777777776,0.0044444444444444444,-0.4311111111111111,0.0044444444444444444,-0.3688888888888889,0.02666666666666667
0.0,0.0,-0.09389671361502347,-0.2300469483568075,-0.24882629107981222,-0.4084507042253521,-0.3192488262910798,-0.5915492957746479,-0.27699530516431925,-0.7464788732394366,-0.4131455399061033,-0.3286384976525822,-0.6948356807511737,-0.3427230046948357,-0.863849765258216,-0.3427230046948357,-1.0,-0.3333333333333333,-0.45539906103286387,-0.17370892018779344,-0.647887323943662,-0.22065727699530516,-0.5586854460093896,-0.2347417840375587,-0.4460093896713615,-0.22535211267605634,-0.460093896713615,-0.023474178403755867,-0.6103286384976526,-0.09389671361502347,-0.5305164319248826,-0.10328638497652583,-0.4272300469483568,-0.08450704225352113,-0.4460093896713615,0.10328638497652583,-0.5539906103286385,0.014084507042253521,-0.4694835680751174,0.009389671361502348,-0.38967136150234744,0.028169014084507043
0.0,0.0,-0.07834101382488479,-0.2534562211981567,-0.2119815668202765,-0.43317972350230416,-0.271889400921659,-0.631336405529954,-0.22580645161290322,-0.783410138248848,-0.423963133640553,-0.3456221198156682,-0.7050691244239631,-0.3778801843317972,-0.8709677419354839,-0.3824884792626728,-1.0,-0.3870967741935484,-0.48847926267281105,-0.1935483870967742,-0.6129032258064516,-0.2764976958525346,-0.5299539170506913,-0.2857142857142857,-0.42857142857142855,-0.2626728110599078,-0.4976958525345622,-0.05069124423963134,-0.5668202764976958,-0.16129032258064516,-0.4976958525345622,-0.15668202764976957,-0.41013824884792627,-0.11981566820276497,-0.48847926267281105,0.06912442396313365,-0.5299539170506913,-0.041474654377880185,-0.45622119815668205,-0.03686635944700461,-0.3870967741935484,-0.009216589861751152
0.0,0.0,-0.04639175257731959,-0.29896907216494845,-0.17525773195876287,-0.5412371134020618,-0.22164948453608246,-0.7577319587628866,-0.17525773195876287,-0.9123711340206185,-0.5,-0.4536082474226804,-0.7371134020618557,-0.5257731958762887,-0.8865979381443299,-0.5515463917525774,-1.0,-0.5721649484536082,-0.5927835051546392,-0.30412371134020616,-0.5515463917525774,-0.34536082474226804,-0.4536082474226804,-0.31958762886597936,-0.37628865979381443,-0.28350515463917525,-0.6030927835051546,-0.14948453608247422,-0.520618556701031,-0.20618556701030927,-0.4381443298969072,-0.1958762886597938,-0.3711340206185567,-0.15979381443298968,-0.5876288659793815,-0.010309278350515464,-0.520618556701031,-0.07731958762886598,-0.44329896907216493,-0.07731958762886598,-0.37628865979381443,-0.05154639175257732
0.0,0.0,-0.02,-0.295,-0.12,-0.53,-0.16,-0.755,-0.12,-0.925,-0.45,-0.485,-0.715,-0.575,-0.88,-0.615,-1.0,-0.64,-0.555,-0.335,-0.535,-0.42,-0.435,-0.405,-0.355,-0.365,-0.575,-0.18,-0.515,-0.27,-0.435,-0.245,-0.36,-0.2,-0.57,-0.045,-0.52,-0.135,-0.435,-0.115,-0.37,-0.08
0.0,0.0,-0.052132701421800945,-0.2890995260663507,-0.18009478672985782,-0.5165876777251185,-0.23696682464454977,-0.7298578199052133,-0.2037914691943128,-0.8862559241706162,-0.4881516587677725,-0.45023696682464454,-0.7345971563981043,-0.5260663507109005,-0.8862559241706162,-0.5592417061611374,-1.0,-0.5781990521327014,-0.5829383886255924,-0.3033175355450237,-0.5545023696682464,-0.36018957345971564,-0.4597156398104265,-0.3459715639810427,-0.38388625592417064,-0.3127962085308057,-0.5971563981042654,-0.14691943127962084,-0.5355450236966824,-0.22748815165876776,-0.45023696682464454,-0.20853080568720378,-0.38388625592417064,-0.17061611374407584,-0.5829383886255924,-0.014218009478672985,-0.5355450236966824,-0.0947867298578199,-0.4597156398104265,-0.08530805687203792,-0.3886255924170616,-0.061611374407582936
0.0,0.0,-0.06422018348623854,-0.2706422018348624,-0.2018348623853211,-0.4724770642201835,-0.2706422018348624,-0.6743119266055045,-0.24770642201834864,-0.8256880733944955,-0.481651376146789,-0.3944954128440367,-0.7339449541284404,-0.44036697247706424,-0.8853211009174312,-0.45871559633027525,-1.0,-0.46788990825688076,-0.5642201834862385,-0.24311926605504589,-0.555045871559633,-0.3073394495412844,-0.463302752293578,-0.30275229357798167,-0.38990825688073394,-0.2798165137614679,-0.5688073394495413,-0.0963302752293578,-0.5229357798165137,-0.1743119266055046,-0.44495412844036697,-0.1651376146788991,-0.37155963302752293,-0.13761467889908258,-0.5504587155963303,0.03211009174311927,-0.5091743119266054,-0.04128440366972477,-0.43577981651376146,-0.04128440366972477,-0.37155963302752293,-0.022935779816513763
0.0,0.0,-0.128099173553719,-0.21074380165289255,-0.29338842975206614,-0.33884297520661155,-0.3925619834710744,-0.49586776859504134,-0.40082644628099173,-0.640495867768595,-0.48760330578512395,-0.2190082644628099,-0.7396694214876033,-0.17768595041322313,-0.8884297520661157,-0.1446280991735537,-1.0,-0.11570247933884298,-0.5165289256198347,-0.0743801652892562,-0.5909090909090909,-0.10330578512396695,-0.5165289256198347,-0.1115702479338843,-0.4256198347107438,-0.1115702479338843,-0.48760330578512395,0.05785123966942149,-0.5165289256198347,-0.004132231404958678,-0.45041322314049587,-0.008264462809917356,-0.3677685950413223,0.0,-0.45041322314049587,0.16942148760330578,-0.45867768595041325,0.09917355371900827,-0.39669421487603307,0.09090909090909091,-0.3305785123966942,0.09504132231404959
0.0,0.0,-0.14583333333333334,-0.2,-0.325,-0.32083333333333336,-0.43333333333333335,-0.4708333333333333,-0.44583333333333336,-0.6166666666666667,-0.5,-0.17916666666666667,-0.7458333333333333,-0.125,-0.8875,-0.075,-1.0,-0.0375,-0.5166666666666667,-0.03333333333333333,-0.5958333333333333,-0.0625,-0.5208333333333334,-0.08333333333333333,-0.42916666666666664,-0.0875,-0.48333333333333334,0.09166666666666666,-0.5208333333333334,0.025,-0.45416666666666666,0.0125,-0.375,0.020833333333333332,-0.44166666666666665,0.2,-0.4625,0.125,-0.4041666666666667,0.10833333333333334,-0.3375,0.10833333333333334
0.0,0.0,-0.13135593220338984,-0.2076271186440678,-0.2966101694915254,-0.3432203389830508,-0.3940677966101695,-0.5042372881355932,-0.4025423728813559,-0.652542372881356,-0.4872881355932203,-0.22033898305084745,-0.7415254237288136,-0.18220338983050846,-0.8898305084745762,-0.1440677966101695,-1.0,-0.11440677966101695,-0.5127118644067796,-0.07203389830508475,-0.6101694915254238,-0.11016949152542373,-0.5338983050847458,-0.1271186440677966,-0.4449152542372881,-0.1271186440677966,-0.4872881355932203,0.059322033898305086,-0.5338983050847458,-0.0211864406779661,-0.4703389830508475,-0.025423728813559324,-0.3898305084745763,-0.012711864406779662,-0.4533898305084746,0.1694915254237288,-0.4745762711864407,0.0847457627118644,-0.4152542372881356,0.07203389830508475,-0.3516949152542373,0.08050847457627118
0.0,0.0,-0.11894273127753303,-0.2290748898678414,-0.2775330396475771,-0.3700440528634361,-0.3656387665198238,-0.5418502202643172,-0.36123348017621143,-0.6916299559471366,-0.4801762114537445,-0.2599118942731278,-0.73568281938326,-0.24669603524229075,-0.8854625550660793,-0.2290748898678414,-1.0,-0.21145374449339208,-0.5198237885462555,-0.11013215859030837,-0.6035242290748899,-0.15859030837004406,-0.5242290748898678,-0.16740088105726872,-0.43171806167400884,-0.16299559471365638,-0.5022026431718062,0.030837004405286344,-0.5330396475770925,-0.05286343612334802,-0.4669603524229075,-0.05286343612334802,-0.3832599118942731,-0.03524229074889868,-0.4713656387665198,0.14537444933920704,-0.4889867841409692,0.06607929515418502,-0.42290748898678415,0.05726872246696035,-0.3568281938325991,0.06607929515418502
0.0,0.0,-0.0958904109589041,-0.2420091324200913,-0.2420091324200913,-0.4063926940639269,-0.3105022831050228,-0.593607305936073,-0.2831050228310502,-0.7488584474885844,-0.4611872146118721,-0.3287671232876712,-0.726027397260274,-0.3378995433789954,-0.8812785388127854,-0.3333333333333333,-1.0,-0.3287671232876712,-0.5159817351598174,-0.182648401826484,-0.6073059360730594,-0.228310502283105,-0.5251141552511416,-0.228310502283105,-0.4292237442922374,-0.2146118721461187,-0.5159817351598174,-0.0365296803652968,-0.5525114155251142,-0.1141552511415525,-0.4840182648401826,-0.1050228310502283,-0.3972602739726027,-0.0776255707762557,-0.502283105022831,0.091324200913242,-0.5114155251141552,0.0091324200913242,-0.4429223744292237,0.0136986301369863,-0.3744292237442922,0.0319634703196347
0.0,0.0,-0.08372093023255814,-0.25116279069767444,-0.2186046511627907,-0.4372093023255814,-0.2744186046511628,-0.627906976744186,-0.24186046511627907,-0.7813953488372093,-0.4418604651162791,-0.35348837209302325,-0.7116279069767442,-0.3813953488372093,-0.8744186046511628,-0.386046511627907,-1.0,-0.386046511627907,-0.5116279069767442,-0.20465116279069767,-0.5953488372093023,-0.2837209302325581,-0.5162790697674419,-0.2837209302325581,-0.4186046511627907,-0.2651162790697674,-0.5162790697674419,-0.06511627906976744,-0.5441860465116279,-0.16744186046511628,-0.4744186046511628,-0.15348837209302327,-0.3953488372093023,-0.12093023255813953,-0.5069767441860465,0.06046511627906977,-0.5069767441860465,-0.04186046511627907,-0.4418604651162791,-0.037209302325581395,-0.3767441860465116,-0.009302325581395349
0.0,0.0,-0.07009345794392523,-0.2570093457943925,-0.19626168224299065,-0.4485981308411215,-0.2523364485981308,-0.6448598130841121,-0.21495327102803738,-0.7990654205607477,-0.42990654205607476,-0.37383177570093457,-0.705607476635514,-0.4158878504672897,-0.8691588785046729,-0.4252336448598131,-1.0,-0.42990654205607476,-0.5046728971962616,-0.22429906542056074,-0.5981308411214953,-0.3130841121495327,-0.514018691588785,-0.3130841121495327,-0.4205607476635514,-0.2850467289719626,-0.5186915887850467,-0.0794392523364486,-0.5467289719626168,-0.19158878504672897,-0.48130841121495327,-0.17757009345794392,-0.40186915887850466,-0.13551401869158877,-0.514018691588785,0.04205607476635514,-0.5233644859813084,-0.06074766355140187,-0.4532710280373832,-0.056074766355140186,-0.3878504672897196,-0.028037383177570093
0.0,0.0,-0.04477611940298507,-0.27860696517412936,-0.16417910447761194,-0.48756218905472637,-0.20398009950248755,-0.7064676616915423,-0.14925373134328357,-0.8656716417910447,-0.4079601990049751,-0.4626865671641791,-0.6915422885572139,-0.5522388059701493,-0.8606965174129353,-0.582089552238806,-1.0,-0.6019900497512438,-0.5074626865671642,-0.31840796019900497,-0.5970149253731343,-0.417910447761194,-0.5074626865671642,-0.40298507462686567,-0.4129353233830846,-0.36318407960199006,-0.5472636815920398,-0.16417910447761194,-0.5771144278606966,-0.27860696517412936,-0.5024875621890548,-0.2537313432835821,-0.417910447761194,-0.19900497512437812,-0.5621890547263682,-0.024875621890547265,-0.572139303482587,-0.13930348258706468,-0.4975124378109453,-0.12437810945273632,-0.42786069651741293,-0.07960199004975124
0.0,0.0,-0.09178743961352658,-0.2222222222222222,-0.27053140096618356,-0.42995169082125606,-0.3526570048309179,-0.6135265700483091,-0.32367149758454106,-0.782608695652174,-0.3671497584541063,-0.3333333333333333,-0.6763285024154589,-0.357487922705314,-0.855072463768116,-0.36231884057971014,-1.0,-0.3526570048309179,-0.391304347826087,-0.17391304347826086,-0.6666666666666666,-0.21256038647342995,-0.5748792270531401,-0.22705314009661837,-0.45893719806763283,-0.21739130434782608,-0.4057971014492754,-0.014492753623188406,-0.6521739130434783,-0.07729468599033816,-0.5652173913043478,-0.0966183574879227,-0.45410628019323673,-0.0821256038647343,-0.4057971014492754,0.12077294685990338,-0.6038647342995169,0.033816425120772944,-0.5217391304347826,0.01932367149758454,-0.42995169082125606,0.03864734299516908
0.0,0.0,-0.08823529411764706,-0.22549019607843138,-0.2647058823529412,-0.43137254901960786,-0.3382352941176471,-0.6225490196078431,-0.3088235294117647,-0.7892156862745098,-0.35784313725490197,-0.3431372549019608,-0.6666666666666666,-0.37254901960784315,-0.8529411764705882,-0.38235294117647056,-1.0,-0.37254901960784315,-0.39215686274509803,-0.18137254901960784,-0.6715686274509803,-0.23039215686274508,-0.5735294117647058,-0.24509803921568626,-0.45098039215686275,-0.23039215686274508,-0.4019607843137255,-0.0196078431372549,-0.6519607843137255,-0.09313725490196079,-0.5588235294117647,-0.10784313725490197,-0.44607843137254904,-0.08823529411764706,-0.4019607843137255,0.11764705882352941,-0.5980392156862745,0.029411764705882353,-0.5147058823529411,0.014705882352941176,-0.4264705882352941,0.0392156862745098
0.0,0.0,-0.10582010582010581,-0.2222222222222222,-0.2962962962962963,-0.4497354497354497,-0.37037037037037035,-0.6507936507936508,-0.3386243386243386,-0.8253968253968254,-0.3544973544973545,-0.35978835978835977,-0.656084656084656,-0.3968253968253968,-0.8412698412698413,-0.4074074074074074,-1.0,-0.4021164021164021,-0.37037037037037035,-0.19576719576719576,-0.7142857142857143,-0.21164021164021163,-0.6137566137566137,-0.21164021164021163,-0.47619047619047616,-0.20634920634920634,-0.38095238095238093,-0.026455026455026454,-0.6825396825396826,-0.06349206349206349,-0.5873015873015873,-0.06878306878306878,-0.4656084656084656,-0.06349206349206349,-0.3862433862433862,0.12169312169312169,-0.6243386243386243,0.0582010582010582,-0.544973544973545,0.05291005291005291,-0.43915343915343913,0.06878306878306878
0.0,0.0,-0.08292682926829269,-0.23414634146341465,-0.23414634146341465,-0.424390243902439,-0.3073170731707317,-0.6195121951219512,-0.2780487804878049,-0.7853658536585366,-0.36585365853658536,-0.36097560975609755,-0.6682926829268293,-0.3804878048780488,-0.8536585365853658,-0.3853658536585366,-1.0,-0.3804878048780488,-0.4146341463414634,-0.2048780487804878,-0.6390243902439025,-0.24878048780487805,-0.5414634146341464,-0.24878048780487805,-0.424390243902439,-0.22926829268292684,-0.43414634146341463,-0.04878048780487805,-0.6146341463414634,-0.1073170731707317,-0.5317073170731708,-0.1073170731707317,-0.4292682926829268,-0.08780487804878048,-0.43902439024390244,0.09268292682926829,-0.5707317073170731,0.004878048780487805,-0.48292682926829267,0.004878048780487805,-0.4,0.03414634146341464
0.0,0.0,-0.08490566037735849,-0.2358490566037736,-0.22641509433962265,-0.419811320754717,-0.3018867924528302,-0.6037735849056604,-0.27358490566037735,-0.7688679245283019,-0.37735849056603776,-0.3584905660377358,-0.6792452830188679,-0.37735849056603776,-0.8584905660377359,-0.37735849056603776,-1.0,-0.36792452830188677,-0.42452830188679247,-0.2028301886792453,-0.6320754716981132,-0.25,-0.5424528301886793,-0.25,-0.4339622641509434,-0.2358490566037736,-0.44339622641509435,-0.04716981132075472,-0.6084905660377359,-0.1179245283018868,-0.5283018867924528,-0.1179245283018868,-0.42924528301886794,-0.09433962264150944,-0.44339622641509435,0.08018867924528301,-0.5613207547169812,-0.0047169811320754715,-0.4858490566037736,-0.0047169811320754715,-0.4056603773584906,0.02358490566037736
0.0,0.0,-0.07727272727272727,-0.2409090909090909,-0.21363636363636362,-0.41818181818181815,-0.2863636363636364,-0.6045454545454545,-0.2681818181818182,-0.7545454545454545,-0.45,-0.34545454545454546,-0.7181818181818181,-0.37727272727272726,-0.8772727272727273,-0.37727272727272726,-1.0,-0.37272727272727274,-0.5227272727272727,-0.21363636363636362,-0.5454545454545454,-0.2590909090909091,-0.4636363636363636,-0.2545454545454545,-0.39090909090909093,-0.23636363636363636,-0.5318181818181819,-0.06818181818181818,-0.5,-0.1318181818181818,-0.4318181818181818,-0.12272727272727273,-0.35909090909090907,-0.1,-0.5181818181818182,0.05454545454545454,-0.4818181818181818,-0.00909090909090909,-0.41363636363636364,-0.00909090909090909,-0.35,0.00909090909090909
0.0,0.0,-0.06103286384976526,-0.2535211267605634,-0.19248826291079812,-0.4507042253521127,-0.26291079812206575,-0.647887323943662,-0.23943661971830985,-0.8028169014084507,-0.460093896713615,-0.36619718309859156,-0.7230046948356808,-0.4131455399061033,-0.8826291079812206,-0.41784037558685444,-1.0,-0.41784037558685444,-0.539906103286385,-0.22535211267605634,-0.5305164319248826,-0.2676056338028169,-0.4413145539906103,-0.25821596244131456,-0.36619718309859156,-0.2347417840375587,-0.5492957746478874,-0.08450704225352113,-0.49765258215962443,-0.14553990610328638,-0.4225352112676056,-0.13615023474178403,-0.3568075117370892,-0.107981220657277,-0.5352112676056338,0.03755868544600939,-0.48826291079812206,-0.03286384976525822,-0.41784037558685444,-0.028169014084507043,-0.3568075117370892,-0.004694835680751174
0.0,0.0,-0.06074766355140187,-0.2570093457943925,-0.19626168224299065,-0.45794392523364486,-0.2757009345794392,-0.6542056074766355,-0.2523364485981308,-0.8037383177570093,-0.4766355140186916,-0.3644859813084112,-0.7383177570093458,-0.411214953271028,-0.8878504672897196,-0.4205607476635514,-1.0,-0.4252336448598131,-0.5607476635514018,-0.21495327102803738,-0.5373831775700935,-0.27102803738317754,-0.4485981308411215,-0.26635514018691586,-0.37383177570093457,-0.24299065420560748,-0.5607476635514018,-0.07009345794392523,-0.5,-0.14485981308411214,-0.4252336448598131,-0.14018691588785046,-0.35514018691588783,-0.11682242990654206,-0.5373831775700935,0.0514018691588785,-0.49065420560747663,-0.028037383177570093,-0.4205607476635514,-0.03271028037383177,-0.35514018691588783,-0.014018691588785047
0.0,0.0,-0.05527638190954774,-0.27638190954773867,-0.17587939698492464,-0.49246231155778897,-0.23618090452261306,-0.6984924623115578,-0.22110552763819097,-0.8592964824120602,-0.4824120603015075,-0.39195979899497485,-0.7386934673366834,-0.4472361809045226,-0.8844221105527639,-0.46733668341708545,-1.0,-0.4824120603015075,-0.5728643216080402,-0.23618090452261306,-0.5326633165829145,-0.2914572864321608,-0.4371859296482412,-0.2814070351758794,-0.36180904522613067,-0.25125628140703515,-0.5678391959798995,-0.09045226130653267,-0.49748743718592964,-0.1708542713567839,-0.41708542713567837,-0.16080402010050251,-0.34673366834170855,-0.1306532663316583,-0.542713567839196,0.035175879396984924,-0.4824120603015075,-0.04522613065326633,-0.40703517587939697,-0.04020100502512563,-0.3417085427135678,-0.020100502512562814
0.0,0.0,-0.046632124352331605,-0.29015544041450775,-0.17098445595854922,-0.5181347150259067,-0.23316062176165803,-0.7461139896373057,-0.20725388601036268,-0.917098445595855,-0.49740932642487046,-0.43523316062176165,-0.7461139896373057,-0.5025906735751295,-0.8911917098445595,-0.5181347150259067,-1.0,-0.5284974093264249,-0.5906735751295337,-0.27461139896373055,-0.5699481865284974,-0.3471502590673575,-0.47668393782383417,-0.3316062176165803,-0.39896373056994816,-0.3005181347150259,-0.5958549222797928,-0.12435233160621761,-0.538860103626943,-0.22279792746113988,-0.45595854922279794,-0.20725388601036268,-0.38341968911917096,-0.17098445595854922,-0.5751295336787565,0.010362694300518135,-0.5233160621761658,-0.08808290155440414,-0.44559585492227977,-0.08290155440414508,-0.37823834196891193,-0.05181347150259067
0.0,0.0,-0.04591836734693878,-0.29081632653061223,-0.17346938775510204,-0.5102040816326531,-0.23469387755102042,-0.7295918367346939,-0.20918367346938777,-0.8928571428571429,-0.4846938775510204,-0.42346938775510207,-0.7397959183673469,-0.4897959183673469,-0.8877551020408163,-0.5102040816326531,-1.0,-0.5255102040816326,-0.5816326530612245,-0.27040816326530615,-0.5510204081632653,-0.32653061224489793,-0.45918367346938777,-0.3163265306122449,-0.3826530612244898,-0.2857142857142857,-0.5816326530612245,-0.11734693877551021,-0.5204081632653061,-0.20408163265306123,-0.4387755102040816,-0.18877551020408162,-0.3673469387755102,-0.15816326530612246,-0.5612244897959183,0.01020408163265306,-0.5051020408163265,-0.07142857142857142,-0.42857142857142855,-0.0663265306122449,-0.3673469387755102,-0.04081632653061224
0.0,0.0,-0.06018518518518518,-0.2638888888888889,-0.18518518518518517,-0.46296296296296297,-0.24537037037037038,-0.6712962962962963,-0.21296296296296297,-0.8240740740740741,-0.46296296296296297,-0.38425925925925924,-0.7222222222222222,-0.44907407407407407,-0.8796296296296297,-0.4675925925925926,-1.0,-0.48148148148148145,-0.5509259259259259,-0.2361111111111111,-0.5555555555555556,-0.3148148148148148,-0.4675925925925926,-0.3101851851851852,-0.3888888888888889,-0.2824074074074074,-0.5601851851851852,-0.09259259259259259,-0.5185185185185185,-0.18518518518518517,-0.4444444444444444,-0.17592592592592593,-0.37037037037037035,-0.14351851851851852,-0.5416666666666666,0.027777777777777776,-0.5,-0.06481481481481481,-0.4212962962962963,-0.05555555555555555,-0.35185185185185186,-0.027777777777777776
0.0,0.0,-0.08370044052863436,-0.23788546255506607,-0.22026431718061673,-0.40969162995594716,-0.28193832599118945,-0.5947136563876652,-0.2555066079295154,-0.748898678414097,-0.44052863436123346,-0.33480176211453744,-0.7180616740088106,-0.3832599118942731,-0.8722466960352423,-0.3964757709251101,-1.0,-0.4052863436123348,-0.5198237885462555,-0.19383259911894274,-0.5726872246696035,-0.28193832599118945,-0.4889867841409692,-0.2907488986784141,-0.40969162995594716,-0.27312775330396477,-0.5286343612334802,-0.05726872246696035,-0.5154185022026432,-0.15859030837004406,-0.44933920704845814,-0.15418502202643172,-0.3700440528634361,-0.12334801762114538,-0.5154185022026432,0.05726872246696035,-0.4977973568281938,-0.04405286343612335,-0.42731277533039647,-0.04405286343612335,-0.36123348017621143,-0.01762114537444934
