0.0,0.0,0.23648648648648649,0.05405405405405406,0.5202702702702703,0.060810810810810814,0.7364864864864865,0.10810810810810811,0.8851351351351351,0.17567567567567569,0.5878378378378378,-0.33783783783783783,0.7905405405405406,-0.5405405405405406,0.9121621621621622,-0.6756756756756757,1.0,-0.7905405405405406,0.46621621621621623,-0.43243243243243246,0.49324324324324326,-0.42567567567567566,0.3581081081081081,-0.25,0.2905405405405405,-0.18243243243243243,0.31756756756756754,-0.4864864864864865,0.3310810810810811,-0.46621621621621623,0.23648648648648649,-0.27702702702702703,0.20945945945945946,-0.20270270270270271,0.16891891891891891,-0.5337837837837838,0.20945945945945946,-0.5202702702702703,0.16216216216216217,-0.3581081081081081,0.14189189189189189,-0.27702702702702703
0.0,0.0,0.22818791946308725,0.06040268456375839,0.5167785234899329,0.06711409395973154,0.7315436241610739,0.12080536912751678,0.8859060402684564,0.19463087248322147,0.5838926174496645,-0.31543624161073824,0.7919463087248322,-0.5167785234899329,0.9060402684563759,-0.6577181208053692,1.0,-0.7785234899328859,0.46308724832214765,-0.40939597315436244,0.4697986577181208,-0.4228187919463087,0.33557046979865773,-0.2483221476510067,0.28187919463087246,-0.174496644295302,0.3221476510067114,-0.4697986577181208,0.3087248322147651,-0.46308724832214765,0.2214765100671141,-0.2751677852348993,0.20134228187919462,-0.19463087248322147,0.18120805369127516,-0.5234899328859061,0.18791946308724833,-0.5167785234899329,0.1342281879194631,-0.35570469798657717,0.12080536912751678,-0.2684563758389262
0.0,0.0,0.22727272727272727,0.06493506493506493,0.5,0.08441558441558442,0.7077922077922078,0.14285714285714285,0.8506493506493507,0.22077922077922077,0.5844155844155844,-0.2922077922077922,0.7857142857142857,-0.474025974025974,0.9025974025974026,-0.5974025974025974,1.0,-0.7142857142857143,0.474025974025974,-0.38961038961038963,0.4805194805194805,-0.38961038961038963,0.34415584415584416,-0.22727272727272727,0.2857142857142857,-0.15584415584415584,0.33766233766233766,-0.45454545454545453,0.33116883116883117,-0.43506493506493504,0.23376623376623376,-0.2597402597402597,0.2077922077922078,-0.18181818181818182,0.19480519480519481,-0.5064935064935064,0.21428571428571427,-0.4935064935064935,0.15584415584415584,-0.33766233766233766,0.13636363636363635,-0.2597402597402597
0.0,0.0,0.2129032258064516,0.06451612903225806,0.49032258064516127,0.09032258064516129,0.6967741935483871,0.14838709677419354,0.8451612903225807,0.23225806451612904,0.5806451612903226,-0.2838709677419355,0.7870967741935484,-0.4645161290322581,0.9032258064516129,-0.5806451612903226,1.0,-0.6903225806451613,0.4774193548387097,-0.3870967741935484,0.4774193548387097,-0.38064516129032255,0.3419354838709677,-0.21935483870967742,0.2838709677419355,-0.14838709677419354,0.3419354838709677,-0.45806451612903226,0.3225806451612903,-0.4258064516129032,0.23225806451612904,-0.25806451612903225,0.2064516129032258,-0.18064516129032257,0.2,-0.5096774193548387,0.2129032258064516,-0.4967741935483871,0.15483870967741936,-0.3419354838709677,0.14193548387096774,-0.2709677419354839
0.0,0.0,0.20754716981132076,0.06918238993710692,0.4779874213836478,0.10062893081761007,0.6855345911949685,0.16981132075471697,0.8238993710691824,0.2578616352201258,0.5723270440251572,-0.27044025157232704,0.779874213836478,-0.44025157232704404,0.89937106918239,-0.5534591194968553,1.0,-0.6540880503144654,0.4779874213836478,-0.37735849056603776,0.4716981132075472,-0.36477987421383645,0.3333333333333333,-0.2138364779874214,0.27044025157232704,-0.14465408805031446,0.34591194968553457,-0.44654088050314467,0.3270440251572327,-0.4088050314465409,0.23270440251572327,-0.24528301886792453,0.20754716981132076,-0.16981132075471697,0.20754716981132076,-0.5031446540880503,0.2138364779874214,-0.4716981132075472,0.15723270440251572,-0.32075471698113206,0.14465408805031446,-0.24528301886792453
0.0,0.0,0.2125,0.0625,0.475,0.0875,0.68125,0.1625,0.81875,0.24375,0.56875,-0.26875,0.775,-0.43125,0.9,-0.54375,1.0,-0.64375,0.46875,-0.375,0.48125,-0.36875,0.34375,-0.2125,0.28125,-0.15,0.3375,-0.44375,0.34375,-0.4125,0.24375,-0.25,0.20625,-0.175,0.2,-0.5,0.23125,-0.48125,0.175,-0.3375,0.15,-0.2625
0.0,0.0,0.20245398773006135,0.06748466257668712,0.4601226993865031,0.09202453987730061,0.6625766871165644,0.15337423312883436,0.803680981595092,0.22699386503067484,0.558282208588957,-0.24539877300613497,0.7668711656441718,-0.3987730061349693,0.8957055214723927,-0.5030674846625767,1.0,-0.5950920245398773,0.4601226993865031,-0.3496932515337423,0.4539877300613497,-0.3496932515337423,0.32515337423312884,-0.20245398773006135,0.2822085889570552,-0.1411042944785276,0.3374233128834356,-0.4233128834355828,0.3128834355828221,-0.4049079754601227,0.22699386503067484,-0.24539877300613497,0.2147239263803681,-0.17791411042944785,0.2085889570552147,-0.4785276073619632,0.2085889570552147,-0.4662576687116564,0.15337423312883436,-0.32515337423312884,0.1411042944785276,-0.25766871165644173
0.0,0.0,0.2085889570552147,0.06134969325153374,0.4662576687116564,0.08588957055214724,0.6687116564417178,0.13496932515337423,0.8098159509202454,0.20245398773006135,0.5521472392638037,-0.25766871165644173,0.7607361963190185,-0.4049079754601227,0.8895705521472392,-0.49693251533742333,1.0,-0.5766871165644172,0.4539877300613497,-0.36809815950920244,0.4601226993865031,-0.3496932515337423,0.3312883435582822,-0.20245398773006135,0.26380368098159507,-0.12883435582822086,0.32515337423312884,-0.43558282208588955,0.32515337423312884,-0.39263803680981596,0.2331288343558282,-0.2331288343558282,0.1901840490797546,-0.15950920245398773,0.1901840490797546,-0.48466257668711654,0.2147239263803681,-0.4601226993865031,0.15950920245398773,-0.31901840490797545,0.13496932515337423,-0.24539877300613497
0.0,0.0,0.20245398773006135,0.06134969325153374,0.4601226993865031,0.07975460122699386,0.6625766871165644,0.12883435582822086,0.803680981595092,0.19631901840490798,0.5460122699386503,-0.25153374233128833,0.7607361963190185,-0.3987730061349693,0.8895705521472392,-0.48466257668711654,1.0,-0.5705521472392638,0.4539877300613497,-0.3558282208588957,0.4662576687116564,-0.3496932515337423,0.3374233128834356,-0.20245398773006135,0.26993865030674846,-0.12883435582822086,0.3312883435582822,-0.4294478527607362,0.3312883435582822,-0.3987730061349693,0.2392638036809816,-0.2392638036809816,0.19631901840490798,-0.1656441717791411,0.19631901840490798,-0.4785276073619632,0.22085889570552147,-0.4601226993865031,0.15950920245398773,-0.31901840490797545,0.13496932515337423,-0.25153374233128833
0.0,0.0,0.20359281437125748,0.059880239520958084,0.46107784431137727,0.0718562874251497,0.6646706586826348,0.11976047904191617,0.8023952095808383,0.17964071856287425,0.5449101796407185,-0.24550898203592814,0.7604790419161677,-0.38323353293413176,0.8862275449101796,-0.46706586826347307,1.0,-0.5449101796407185,0.4550898203592814,-0.3473053892215569,0.4550898203592814,-0.3413173652694611,0.32335329341317365,-0.19161676646706588,0.2694610778443114,-0.1317365269461078,0.33532934131736525,-0.41916167664670656,0.32335329341317365,-0.39520958083832336,0.2275449101796407,-0.23952095808383234,0.19760479041916168,-0.16167664670658682,0.20359281437125748,-0.47305389221556887,0.20958083832335328,-0.4550898203592814,0.15568862275449102,-0.31736526946107785,0.1377245508982036,-0.24550898203592814
0.0,0.0,0.2,0.06060606060606061,0.46060606060606063,0.07272727272727272,0.6606060606060606,0.11515151515151516,0.8,0.17575757575757575,0.5454545454545454,-0.24848484848484848,0.7575757575757576,-0.38181818181818183,0.8909090909090909,-0.4666666666666667,1.0,-0.5454545454545454,0.4484848484848485,-0.3515151515151515,0.4484848484848485,-0.3393939393939394,0.3212121212121212,-0.18787878787878787,0.2606060606060606,-0.12121212121212122,0.32727272727272727,-0.42424242424242425,0.3151515151515151,-0.3878787878787879,0.22424242424242424,-0.23030303030303031,0.18787878787878787,-0.15757575757575756,0.19393939393939394,-0.47878787878787876,0.20606060606060606,-0.4484848484848485,0.15151515151515152,-0.3090909090909091,0.12727272727272726,-0.23636363636363636
0.0,0.0,0.20481927710843373,0.060240963855421686,0.4578313253012048,0.07228915662650602,0.6566265060240963,0.1144578313253012,0.7951807228915663,0.1746987951807229,0.536144578313253,-0.2469879518072289,0.7530120481927711,-0.3795180722891566,0.8855421686746988,-0.463855421686747,1.0,-0.5421686746987951,0.4397590361445783,-0.3433734939759036,0.45180722891566266,-0.3373493975903614,0.3253012048192771,-0.19879518072289157,0.26506024096385544,-0.12650602409638553,0.3192771084337349,-0.41566265060240964,0.3192771084337349,-0.39156626506024095,0.2289156626506024,-0.23493975903614459,0.19879518072289157,-0.16265060240963855,0.1927710843373494,-0.463855421686747,0.21084337349397592,-0.45180722891566266,0.16265060240963855,-0.3192771084337349,0.13855421686746988,-0.2469879518072289
0.0,0.0,0.20359281437125748,0.059880239520958084,0.46107784431137727,0.0658682634730539,0.6586826347305389,0.11377245508982035,0.7964071856287425,0.17365269461077845,0.5389221556886228,-0.23952095808383234,0.7544910179640718,-0.3652694610778443,0.8862275449101796,-0.4431137724550898,1.0,-0.5149700598802395,0.4491017964071856,-0.3413173652694611,0.4491017964071856,-0.3413173652694611,0.31736526946107785,-0.20359281437125748,0.25748502994011974,-0.1317365269461078,0.32934131736526945,-0.41317365269461076,0.31736526946107785,-0.39520958083832336,0.2275449101796407,-0.24550898203592814,0.19760479041916168,-0.16766467065868262,0.20359281437125748,-0.46706586826347307,0.20958083832335328,-0.4550898203592814,0.15568862275449102,-0.32335329341317365,0.1377245508982036,-0.25149700598802394
0.0,0.0,0.20359281437125748,0.059880239520958084,0.46107784431137727,0.0718562874251497,0.6586826347305389,0.11377245508982035,0.7904191616766467,0.16766467065868262,0.5389221556886228,-0.23952095808383234,0.7485029940119761,-0.3652694610778443,0.8862275449101796,-0.437125748502994,1.0,-0.5089820359281437,0.4491017964071856,-0.3413173652694611,0.4491017964071856,-0.32934131736526945,0.31736526946107785,-0.19161676646706588,0.25748502994011974,-0.11976047904191617,0.32934131736526945,-0.41317365269461076,0.31137724550898205,-0.38323353293413176,0.2215568862275449,-0.23353293413173654,0.19161676646706588,-0.15568862275449102,0.19760479041916168,-0.46706586826347307,0.20359281437125748,-0.4431137724550898,0.1497005988023952,-0.30538922155688625,0.12574850299401197,-0.23952095808383234
0.0,0.0,0.20118343195266272,0.05325443786982249,0.4556213017751479,0.05917159763313609,0.650887573964497,0.09467455621301775,0.7869822485207101,0.14792899408284024,0.5325443786982249,-0.23076923076923078,0.7396449704142012,-0.33727810650887574,0.8816568047337278,-0.40236686390532544,1.0,-0.46745562130177515,0.4437869822485207,-0.33727810650887574,0.4378698224852071,-0.33136094674556216,0.3076923076923077,-0.1893491124260355,0.2603550295857988,-0.1242603550295858,0.3254437869822485,-0.40236686390532544,0.30177514792899407,-0.38461538461538464,0.20710059171597633,-0.23076923076923078,0.1952662721893491,-0.16568047337278108,0.20118343195266272,-0.4556213017751479,0.1952662721893491,-0.4437869822485207,0.14201183431952663,-0.3136094674556213,0.1242603550295858,-0.2485207100591716
0.0,0.0,0.20238095238095238,0.05357142857142857,0.4523809523809524,0.05357142857142857,0.6488095238095238,0.08333333333333333,0.7857142857142857,0.14285714285714285,0.5297619047619048,-0.23214285714285715,0.7440476190476191,-0.34523809523809523,0.8809523809523809,-0.4107142857142857,1.0,-0.47023809523809523,0.44047619047619047,-0.3392857142857143,0.44642857142857145,-0.3333333333333333,0.31547619047619047,-0.19642857142857142,0.2619047619047619,-0.13095238095238096,0.3273809523809524,-0.4107142857142857,0.30952380952380953,-0.3869047619047619,0.21428571428571427,-0.23214285714285715,0.19642857142857142,-0.16666666666666666,0.20238095238095238,-0.4642857142857143,0.20833333333333334,-0.44642857142857145,0.15476190476190477,-0.31547619047619047,0.13690476190476192,-0.25
0.0,0.0,0.19879518072289157,0.05421686746987952,0.4578313253012048,0.05421686746987952,0.6566265060240963,0.0783132530120482,0.7951807228915663,0.13253012048192772,0.5240963855421686,-0.23493975903614459,0.7409638554216867,-0.3493975903614458,0.8795180722891566,-0.40963855421686746,1.0,-0.46987951807228917,0.4397590361445783,-0.3433734939759036,0.4457831325301205,-0.3373493975903614,0.3132530120481928,-0.19879518072289157,0.25903614457831325,-0.13253012048192772,0.3192771084337349,-0.40963855421686746,0.3072289156626506,-0.39156626506024095,0.21084337349397592,-0.24096385542168675,0.18674698795180722,-0.1686746987951807,0.1927710843373494,-0.463855421686747,0.19879518072289157,-0.4578313253012048,0.14457831325301204,-0.3253012048192771,0.12650602409638553,-0.25903614457831325
0.0,0.0,0.2037037037037037,0.05555555555555555,0.46296296296296297,0.04938271604938271,0.6666666666666666,0.07407407407407407,0.808641975308642,0.13580246913580246,0.5246913580246914,-0.25925925925925924,0.7407407407407407,-0.3765432098765432,0.8765432098765432,-0.4506172839506173,1.0,-0.5185185185185185,0.4382716049382716,-0.36419753086419754,0.42592592592592593,-0.35802469135802467,0.30246913580246915,-0.20987654320987653,0.2654320987654321,-0.14814814814814814,0.32098765432098764,-0.43209876543209874,0.29012345679012347,-0.4074074074074074,0.2037037037037037,-0.24691358024691357,0.19135802469135801,-0.17901234567901234,0.19753086419753085,-0.4876543209876543,0.18518518518518517,-0.4691358024691358,0.13580246913580246,-0.3271604938271605,0.12345679012345678,-0.25925925925925924
0.0,0.0,0.19875776397515527,0.049689440993788817,0.4658385093167702,0.049689440993788817,0.6708074534161491,0.08074534161490683,0.8198757763975155,0.14285714285714285,0.5217391304347826,-0.2732919254658385,0.7329192546583851,-0.391304347826087,0.8757763975155279,-0.4658385093167702,1.0,-0.5403726708074534,0.42857142857142855,-0.37267080745341613,0.42857142857142855,-0.37267080745341613,0.3105590062111801,-0.21739130434782608,0.2732919254658385,-0.15527950310559005,0.30434782608695654,-0.4409937888198758,0.2857142857142857,-0.4161490683229814,0.20496894409937888,-0.2484472049689441,0.19254658385093168,-0.18012422360248448,0.17391304347826086,-0.4906832298136646,0.18012422360248448,-0.4720496894409938,0.13043478260869565,-0.32919254658385094,0.12422360248447205,-0.2670807453416149
0.0,0.0,0.2037037037037037,0.043209876543209874,0.47530864197530864,0.043209876543209874,0.6851851851851852,0.08024691358024691,0.8333333333333334,0.14814814814814814,0.5246913580246914,-0.2839506172839506,0.7407407407407407,-0.41975308641975306,0.8765432098765432,-0.5,1.0,-0.5802469135802469,0.43209876543209874,-0.38271604938271603,0.41975308641975306,-0.3950617283950617,0.30246913580246915,-0.24074074074074073,0.2654320987654321,-0.16666666666666666,0.30864197530864196,-0.4506172839506173,0.2777777777777778,-0.4382716049382716,0.19753086419753085,-0.2716049382716049,0.19753086419753085,-0.19753086419753085,0.17901234567901234,-0.5,0.1728395061728395,-0.49382716049382713,0.12962962962962962,-0.35185185185185186,0.12962962962962962,-0.2777777777777778
0.0,0.0,0.22435897435897437,0.04487179487179487,0.5,0.03205128205128205,0.7243589743589743,0.0641025641025641,0.8846153846153846,0.14102564102564102,0.5512820512820513,-0.33974358974358976,0.7628205128205128,-0.5192307692307693,0.8910256410256411,-0.6346153846153846,1.0,-0.7371794871794872,0.4230769230769231,-0.4358974358974359,0.42948717948717946,-0.46153846153846156,0.3076923076923077,-0.27564102564102566,0.25,-0.1858974358974359,0.28205128205128205,-0.4935897435897436,0.2692307692307692,-0.4807692307692308,0.19230769230769232,-0.2948717948717949,0.17307692307692307,-0.21153846153846154,0.14102564102564102,-0.532051282051282,0.15384615384615385,-0.5448717948717948,0.11538461538461539,-0.38461538461538464,0.10256410256410256,-0.30128205128205127
0.0,0.0,0.24475524475524477,0.03496503496503497,0.5664335664335665,0.006993006993006993,0.8111888111888111,0.013986013986013986,0.9790209790209791,0.06293706293706294,0.5664335664335665,-0.4195804195804196,0.7762237762237763,-0.6433566433566433,0.9020979020979021,-0.7902097902097902,1.0,-0.916083916083916,0.42657342657342656,-0.5104895104895105,0.4125874125874126,-0.5384615384615384,0.3076923076923077,-0.34265734265734266,0.2517482517482518,-0.23076923076923078,0.2727272727272727,-0.5594405594405595,0.23776223776223776,-0.5594405594405595,0.17482517482517482,-0.35664335664335667,0.16083916083916083,-0.24475524475524477,0.11188811188811189,-0.5874125874125874,0.11188811188811189,-0.6083916083916084,0.08391608391608392,-0.43356643356643354,0.08391608391608392,-0.32867132867132864
0.0,0.0,0.25517241379310346,0.020689655172413793,0.5655172413793104,-0.06206896551724138,0.8137931034482758,-0.07586206896551724,0.9862068965517241,-0.06206896551724138,0.5379310344827586,-0.4482758620689655,0.7241379310344828,-0.7034482758620689,0.8275862068965517,-0.8620689655172413,0.9103448275862069,-1.0,0.3931034482758621,-0.5172413793103449,0.4,-0.5586206896551724,0.296551724137931,-0.33793103448275863,0.25517241379310346,-0.22758620689655173,0.23448275862068965,-0.5517241379310345,0.2206896551724138,-0.5586206896551724,0.16551724137931034,-0.3448275862068966,0.15862068965517243,-0.2413793103448276,0.07586206896551724,-0.5724137931034483,0.08275862068965517,-0.6,0.06206896551724138,-0.4206896551724138,0.06206896551724138,-0.31724137931034485
0.0,0.0,0.23870967741935484,-0.0064516129032258064,0.5290322580645161,-0.11612903225806452,0.7677419354838709,-0.16129032258064516,0.9354838709677419,-0.16129032258064516,0.49032258064516127,-0.4645161290322581,0.6516129032258065,-0.7096774193548387,0.7483870967741936,-0.864516129032258,0.8258064516129032,-1.0,0.34838709677419355,-0.5161290322580645,0.36774193548387096,-0.567741935483871,0.27741935483870966,-0.34838709677419355,0.23870967741935484,-0.23870967741935484,0.1935483870967742,-0.535483870967742,0.1870967741935484,-0.567741935483871,0.14838709677419354,-0.34838709677419355,0.14193548387096774,-0.24516129032258063,0.03225806451612903,-0.535483870967742,0.05161290322580645,-0.5806451612903226,0.04516129032258064,-0.4064516129032258,0.04516129032258064,-0.3096774193548387
0.0,0.0,0.25,-0.013513513513513514,0.5472972972972973,-0.1554054054054054,0.7905405405405406,-0.23648648648648649,0.972972972972973,-0.25,0.5,-0.5,0.6959459459459459,-0.7432432432432432,0.831081081081081,-0.8783783783783784,0.9324324324324325,-1.0,0.34459459459459457,-0.5675675675675675,0.3783783783783784,-0.5945945945945946,0.2972972972972973,-0.3581081081081081,0.25,-0.24324324324324326,0.17567567567567569,-0.5878378378378378,0.1891891891891892,-0.581081081081081,0.1554054054054054,-0.3581081081081081,0.14189189189189189,-0.25675675675675674,0.006756756756756757,-0.5878378378378378,0.0472972972972973,-0.6013513513513513,0.04054054054054054,-0.42567567567567566,0.04054054054054054,-0.34459459459459457
0.0,0.0,0.25,-0.02027027027027027,0.5472972972972973,-0.16216216216216217,0.7837837837837838,-0.25,0.972972972972973,-0.2635135135135135,0.5,-0.5067567567567568,0.6891891891891891,-0.7432432432432432,0.8175675675675675,-0.8783783783783784,0.918918918918919,-1.0,0.33783783783783783,-0.581081081081081,0.36486486486486486,-0.5878378378378378,0.27702702702702703,-0.3581081081081081,0.23648648648648649,-0.25,0.16891891891891891,-0.6013513513513513,0.16891891891891891,-0.5743243243243243,0.13513513513513514,-0.35135135135135137,0.12837837837837837,-0.2635135135135135,-0.006756756756756757,-0.5945945945945946,0.02027027027027027,-0.5945945945945946,0.013513513513513514,-0.4189189189189189,0.02027027027027027,-0.34459459459459457
0.0,0.0,0.25170068027210885,-0.027210884353741496,0.5578231292517006,-0.1564625850340136,0.8027210884353742,-0.21768707482993196,1.0,-0.19727891156462585,0.5306122448979592,-0.48299319727891155,0.7482993197278912,-0.6462585034013606,0.8843537414965986,-0.7687074829931972,1.0,-0.8775510204081632,0.38095238095238093,-0.5850340136054422,0.41496598639455784,-0.5714285714285714,0.3129251700680272,-0.35374149659863946,0.25170068027210885,-0.23809523809523808,0.20408163265306123,-0.6190476190476191,0.21768707482993196,-0.5578231292517006,0.16326530612244897,-0.3469387755102041,0.1360544217687075,-0.24489795918367346,0.027210884353741496,-0.6190476190476191,0.061224489795918366,-0.5918367346938775,0.05442176870748299,-0.4217687074829932,0.047619047619047616,-0.3401360544217687
0.0,0.0,0.2585034013605442,-0.034013605442176874,0.5578231292517006,-0.17006802721088435,0.8027210884353742,-0.23129251700680273,1.0,-0.22448979591836735,0.5238095238095238,-0.48299319727891155,0.7414965986394558,-0.6598639455782312,0.8843537414965986,-0.7755102040816326,1.0,-0.8775510204081632,0.3673469387755102,-0.5714285714285714,0.4217687074829932,-0.5986394557823129,0.32653061224489793,-0.3741496598639456,0.2585034013605442,-0.25170068027210885,0.19047619047619047,-0.6054421768707483,0.23129251700680273,-0.5782312925170068,0.17687074829931973,-0.36054421768707484,0.14285714285714285,-0.25170068027210885,0.02040816326530612,-0.5986394557823129,0.07482993197278912,-0.6054421768707483,0.06802721088435375,-0.4421768707482993,0.05442176870748299,-0.36054421768707484
0.0,0.0,0.2602739726027397,-0.0410958904109589,0.5616438356164384,-0.1780821917808219,0.8013698630136986,-0.2465753424657534,1.0,-0.23972602739726026,0.5205479452054794,-0.4863013698630137,0.7397260273972602,-0.6643835616438356,0.8767123287671232,-0.7808219178082192,0.9863013698630136,-0.8835616438356164,0.3561643835616438,-0.5684931506849316,0.4383561643835616,-0.5958904109589042,0.3287671232876712,-0.3767123287671233,0.2534246575342466,-0.2602739726027397,0.1780821917808219,-0.6027397260273972,0.2465753424657534,-0.5958904109589042,0.18493150684931506,-0.3698630136986301,0.14383561643835616,-0.2602739726027397,0.0,-0.6027397260273972,0.0821917808219178,-0.6164383561643836,0.07534246575342465,-0.4452054794520548,0.0547945205479452,-0.3561643835616438
0.0,0.0,0.2550335570469799,-0.026845637583892617,0.5570469798657718,-0.174496644295302,0.8053691275167785,-0.2483221476510067,1.0,-0.24161073825503357,0.5167785234899329,-0.4697986577181208,0.7315436241610739,-0.6308724832214765,0.8657718120805369,-0.7315436241610739,0.9798657718120806,-0.8322147651006712,0.3624161073825503,-0.5503355704697986,0.4697986577181208,-0.6040268456375839,0.35570469798657717,-0.3691275167785235,0.2751677852348993,-0.2550335570469799,0.18791946308724833,-0.5838926174496645,0.28187919463087246,-0.5906040268456376,0.2080536912751678,-0.35570469798657717,0.1610738255033557,-0.2483221476510067,0.006711409395973154,-0.5906040268456376,0.11409395973154363,-0.5973154362416108,0.10067114093959731,-0.4161073825503356,0.0738255033557047,-0.33557046979865773
0.0,0.0,0.26,-0.03333333333333333,0.5666666666666667,-0.18,0.8066666666666666,-0.25333333333333335,1.0,-0.24,0.52,-0.4533333333333333,0.7266666666666667,-0.62,0.8666666666666667,-0.72,0.98,-0.82,0.36666666666666664,-0.5333333333333333,0.47333333333333333,-0.6,0.36666666666666664,-0.37333333333333335,0.28,-0.25333333333333335,0.2,-0.5666666666666667,0.2866666666666667,-0.5933333333333334,0.22,-0.36,0.16666666666666666,-0.25333333333333335,0.02,-0.5666666666666667,0.12666666666666668,-0.6,0.10666666666666667,-0.42,0.07333333333333333,-0.3333333333333333
0.0,0.0,0.26174496644295303,-0.026845637583892617,0.5704697986577181,-0.16778523489932887,0.8120805369127517,-0.2348993288590604,1.0,-0.2214765100671141,0.5302013422818792,-0.4429530201342282,0.738255033557047,-0.6040268456375839,0.8791946308724832,-0.7046979865771812,0.9932885906040269,-0.8053691275167785,0.37583892617449666,-0.5234899328859061,0.4899328859060403,-0.5906040268456376,0.37583892617449666,-0.3624161073825503,0.28859060402684567,-0.2483221476510067,0.21476510067114093,-0.5637583892617449,0.30201342281879195,-0.5838926174496645,0.22818791946308725,-0.35570469798657717,0.174496644295302,-0.2483221476510067,0.040268456375838924,-0.5704697986577181,0.14093959731543623,-0.5973154362416108,0.12080536912751678,-0.4228187919463087,0.09395973154362416,-0.33557046979865773
0.0,0.0,0.24836601307189543,-0.013071895424836602,0.5555555555555556,-0.13725490196078433,0.7908496732026143,-0.1895424836601307,0.9738562091503268,-0.17647058823529413,0.5294117647058824,-0.39869281045751637,0.738562091503268,-0.5620915032679739,0.8758169934640523,-0.6535947712418301,1.0,-0.7516339869281046,0.39215686274509803,-0.477124183006536,0.49673202614379086,-0.5555555555555556,0.3790849673202614,-0.35294117647058826,0.2875816993464052,-0.23529411764705882,0.23529411764705882,-0.5228758169934641,0.3202614379084967,-0.5686274509803921,0.23529411764705882,-0.35294117647058826,0.17647058823529413,-0.24183006535947713,0.0718954248366013,-0.5424836601307189,0.16993464052287582,-0.5882352941176471,0.13725490196078433,-0.42483660130718953,0.10457516339869281,-0.32679738562091504
0.0,0.0,0.24503311258278146,-0.006622516556291391,0.5562913907284768,-0.13245033112582782,0.8013245033112583,-0.19205298013245034,0.9867549668874173,-0.17218543046357615,0.5298013245033113,-0.41721854304635764,0.7417218543046358,-0.5761589403973509,0.8807947019867549,-0.6754966887417219,1.0,-0.7748344370860927,0.39072847682119205,-0.4966887417218543,0.4966887417218543,-0.5496688741721855,0.3708609271523179,-0.33774834437086093,0.2781456953642384,-0.23841059602649006,0.23178807947019867,-0.5364238410596026,0.31125827814569534,-0.5629139072847682,0.2251655629139073,-0.3443708609271523,0.17218543046357615,-0.25165562913907286,0.06622516556291391,-0.5562913907284768,0.15894039735099338,-0.5894039735099338,0.13245033112582782,-0.423841059602649,0.09271523178807947,-0.3443708609271523
0.0,0.0,0.2582781456953642,-0.019867549668874173,0.5695364238410596,-0.17880794701986755,0.8079470198675497,-0.25165562913907286,1.0,-0.2582781456953642,0.5033112582781457,-0.48344370860927155,0.7152317880794702,-0.6357615894039735,0.8543046357615894,-0.7350993377483444,0.9801324503311258,-0.8344370860927153,0.3509933774834437,-0.5562913907284768,0.4900662251655629,-0.5761589403973509,0.37748344370860926,-0.3576158940397351,0.2781456953642384,-0.25165562913907286,0.18543046357615894,-0.5894039735099338,0.31125827814569534,-0.5695364238410596,0.23178807947019867,-0.3509933774834437,0.16556291390728478,-0.25165562913907286,0.013245033112582781,-0.5894039735099338,0.1456953642384106,-0.5894039735099338,0.12582781456953643,-0.4105960264900662,0.09271523178807947,-0.32450331125827814
0.0,0.0,0.2847682119205298,-0.046357615894039736,0.5761589403973509,-0.23841059602649006,0.8079470198675497,-0.33112582781456956,1.0,-0.3443708609271523,0.4503311258278146,-0.5827814569536424,0.6754966887417219,-0.7218543046357616,0.8145695364238411,-0.8145695364238411,0.9337748344370861,-0.9139072847682119,0.2913907284768212,-0.6423841059602649,0.4768211920529801,-0.5894039735099338,0.3973509933774834,-0.36423841059602646,0.2913907284768212,-0.2582781456953642,0.12582781456953643,-0.6423841059602649,0.31125827814569534,-0.5562913907284768,0.2582781456953642,-0.33112582781456956,0.18543046357615894,-0.23178807947019867,-0.039735099337748346,-0.5960264900662252,0.1390728476821192,-0.5364238410596026,0.1390728476821192,-0.36423841059602646,0.10596026490066225,-0.2847682119205298
0.0,0.0,0.2781456953642384,-0.052980132450331126,0.5761589403973509,-0.25165562913907286,0.8013245033112583,-0.3443708609271523,1.0,-0.3509933774834437,0.4304635761589404,-0.5960264900662252,0.6622516556291391,-0.7350993377483444,0.7947019867549668,-0.8344370860927153,0.9139072847682119,-0.9271523178807947,0.271523178807947,-0.6556291390728477,0.4768211920529801,-0.5960264900662252,0.39072847682119205,-0.3708609271523179,0.2847682119205298,-0.26490066225165565,0.11258278145695365,-0.6423841059602649,0.31125827814569534,-0.5629139072847682,0.25165562913907286,-0.33774834437086093,0.17880794701986755,-0.24503311258278146,-0.046357615894039736,-0.5960264900662252,0.1390728476821192,-0.543046357615894,0.1456953642384106,-0.3708609271523179,0.11258278145695365,-0.2913907284768212
0.0,0.0,0.28859060402684567,-0.06711409395973154,0.5838926174496645,-0.2751677852348993,0.8053691275167785,-0.37583892617449666,1.0,-0.3959731543624161,0.436241610738255,-0.6241610738255033,0.6644295302013423,-0.7651006711409396,0.7986577181208053,-0.8590604026845637,0.9261744966442953,-0.9530201342281879,0.2751677852348993,-0.6778523489932886,0.4899328859060403,-0.610738255033557,0.3959731543624161,-0.38926174496644295,0.28859060402684567,-0.2751677852348993,0.10738255033557047,-0.6644295302013423,0.3221476510067114,-0.5906040268456376,0.26174496644295303,-0.35570469798657717,0.18120805369127516,-0.26174496644295303,-0.053691275167785234,-0.610738255033557,0.1476510067114094,-0.5704697986577181,0.15436241610738255,-0.3959731543624161,0.12080536912751678,-0.3087248322147651
0.0,0.0,0.28859060402684567,-0.06711409395973154,0.5771812080536913,-0.28187919463087246,0.7986577181208053,-0.3825503355704698,1.0,-0.40939597315436244,0.4228187919463087,-0.6241610738255033,0.6577181208053692,-0.7583892617449665,0.7919463087248322,-0.8523489932885906,0.9194630872483222,-0.9463087248322147,0.2684563758389262,-0.6778523489932886,0.4899328859060403,-0.6241610738255033,0.40268456375838924,-0.38926174496644295,0.28859060402684567,-0.2684563758389262,0.10738255033557047,-0.6711409395973155,0.3221476510067114,-0.5906040268456376,0.26174496644295303,-0.35570469798657717,0.18120805369127516,-0.2550335570469799,-0.053691275167785234,-0.6174496644295302,0.1476510067114094,-0.5637583892617449,0.15436241610738255,-0.38926174496644295,0.10738255033557047,-0.3087248322147651
0.0,0.0,0.2866666666666667,-0.08,0.58,-0.29333333333333333,0.8,-0.3933333333333333,1.0,-0.4066666666666667,0.4066666666666667,-0.6533333333333333,0.6466666666666666,-0.7733333333333333,0.7933333333333333,-0.8666666666666667,0.92,-0.96,0.24,-0.7,0.49333333333333335,-0.6266666666666667,0.4066666666666667,-0.3933333333333333,0.29333333333333333,-0.2866666666666667,0.08666666666666667,-0.68,0.32666666666666666,-0.58,0.26,-0.35333333333333333,0.17333333333333334,-0.2733333333333333,-0.06666666666666667,-0.6133333333333333,0.15333333333333332,-0.56,0.16,-0.38666666666666666,0.10666666666666667,-0.31333333333333335
0.0,0.0,0.28187919463087246,-0.0738255033557047,0.5838926174496645,-0.28859060402684567,0.8053691275167785,-0.38926174496644295,1.0,-0.40268456375838924,0.40268456375838924,-0.6577181208053692,0.6577181208053692,-0.7718120805369127,0.7986577181208053,-0.8657718120805369,0.9328859060402684,-0.9530201342281879,0.2348993288590604,-0.7046979865771812,0.4899328859060403,-0.6174496644295302,0.40268456375838924,-0.38926174496644295,0.28859060402684567,-0.28187919463087246,0.0738255033557047,-0.6778523489932886,0.3221476510067114,-0.5771812080536913,0.26174496644295303,-0.348993288590604,0.174496644295302,-0.26174496644295303,-0.0738255033557047,-0.610738255033557,0.14093959731543623,-0.5570469798657718,0.15436241610738255,-0.3825503355704698,0.12080536912751678,-0.30201342281879195
0.0,0.0,0.2925170068027211,-0.08163265306122448,0.5850340136054422,-0.30612244897959184,0.8027210884353742,-0.4217687074829932,1.0,-0.4489795918367347,0.40816326530612246,-0.6598639455782312,0.6598639455782312,-0.7755102040816326,0.7959183673469388,-0.8707482993197279,0.9251700680272109,-0.9659863945578231,0.24489795918367346,-0.7074829931972789,0.48299319727891155,-0.6394557823129252,0.3945578231292517,-0.4013605442176871,0.2857142857142857,-0.2789115646258503,0.08163265306122448,-0.6870748299319728,0.3129251700680272,-0.5986394557823129,0.25170068027210885,-0.36054421768707484,0.17006802721088435,-0.2653061224489796,-0.08163265306122448,-0.6190476190476191,0.1360544217687075,-0.5714285714285714,0.14285714285714285,-0.3945578231292517,0.10204081632653061,-0.3129251700680272
0.0,0.0,0.2857142857142857,-0.08843537414965986,0.5782312925170068,-0.3129251700680272,0.7959183673469388,-0.4217687074829932,1.0,-0.4557823129251701,0.3945578231292517,-0.6530612244897959,0.6462585034013606,-0.7551020408163265,0.7959183673469388,-0.8299319727891157,0.9319727891156463,-0.9115646258503401,0.23129251700680273,-0.7142857142857143,0.47619047619047616,-0.6394557823129252,0.3945578231292517,-0.4013605442176871,0.2789115646258503,-0.2789115646258503,0.07482993197278912,-0.6938775510204082,0.3129251700680272,-0.6054421768707483,0.2585034013605442,-0.3673469387755102,0.17006802721088435,-0.272108843537415,-0.07482993197278912,-0.6326530612244898,0.14285714285714285,-0.5850340136054422,0.14965986394557823,-0.4013605442176871,0.10204081632653061,-0.3197278911564626
0.0,0.0,0.2847222222222222,-0.09027777777777778,0.5763888888888888,-0.3194444444444444,0.7986111111111112,-0.4305555555555556,1.0,-0.4652777777777778,0.3958333333333333,-0.6666666666666666,0.6458333333333334,-0.7708333333333334,0.8055555555555556,-0.8402777777777778,0.9444444444444444,-0.9236111111111112,0.2361111111111111,-0.7222222222222222,0.4791666666666667,-0.6597222222222222,0.3958333333333333,-0.4097222222222222,0.2847222222222222,-0.2847222222222222,0.0763888888888889,-0.7083333333333334,0.3125,-0.625,0.2569444444444444,-0.3819444444444444,0.16666666666666666,-0.2847222222222222,-0.09027777777777778,-0.6527777777777778,0.1388888888888889,-0.6041666666666666,0.14583333333333334,-0.4166666666666667,0.08333333333333333,-0.3333333333333333
0.0,0.0,0.2827586206896552,-0.08275862068965517,0.5724137931034483,-0.3103448275862069,0.8,-0.41379310344827586,1.0,-0.4482758620689655,0.3931034482758621,-0.6551724137931034,0.6413793103448275,-0.7586206896551724,0.7931034482758621,-0.8413793103448276,0.9310344827586207,-0.9241379310344827,0.23448275862068965,-0.7103448275862069,0.4689655172413793,-0.6482758620689655,0.38620689655172413,-0.4,0.2689655172413793,-0.2827586206896552,0.06896551724137931,-0.696551724137931,0.3103448275862069,-0.6137931034482759,0.2482758620689655,-0.3724137931034483,0.15862068965517243,-0.27586206896551724,-0.0896551724137931,-0.6413793103448275,0.1310344827586207,-0.593103448275862,0.13793103448275862,-0.4068965517241379,0.08275862068965517,-0.31724137931034485
0.0,0.0,0.272108843537415,-0.07482993197278912,0.5714285714285714,-0.2925170068027211,0.8027210884353742,-0.4013605442176871,1.0,-0.42857142857142855,0.40816326530612246,-0.6394557823129252,0.6530612244897959,-0.7482993197278912,0.7959183673469388,-0.8299319727891157,0.9319727891156463,-0.9183673469387755,0.25170068027210885,-0.6938775510204082,0.47619047619047616,-0.6326530612244898,0.3877551020408163,-0.4013605442176871,0.2789115646258503,-0.2857142857142857,0.08843537414965986,-0.6870748299319728,0.3129251700680272,-0.5986394557823129,0.25170068027210885,-0.3673469387755102,0.16326530612244897,-0.272108843537415,-0.06802721088435375,-0.6394557823129252,0.1360544217687075,-0.5850340136054422,0.14285714285714285,-0.4013605442176871,0.09523809523809523,-0.3197278911564626
0.0,0.0,0.28,-0.07333333333333333,0.5733333333333334,-0.28,0.8,-0.38,1.0,-0.3933333333333333,0.41333333333333333,-0.62,0.66,-0.7266666666666667,0.8,-0.8066666666666666,0.9333333333333333,-0.8866666666666667,0.26,-0.68,0.4866666666666667,-0.6066666666666667,0.3933333333333333,-0.37333333333333335,0.28,-0.26,0.1,-0.6733333333333333,0.32,-0.58,0.25333333333333335,-0.3466666666666667,0.17333333333333334,-0.25333333333333335,-0.06,-0.62,0.14666666666666667,-0.5666666666666667,0.14666666666666667,-0.38666666666666666,0.1,-0.30666666666666664
0.0,0.0,0.2781456953642384,-0.0728476821192053,0.5695364238410596,-0.2847682119205298,0.7947019867549668,-0.3841059602649007,1.0,-0.3973509933774834,0.4105960264900662,-0.6225165562913907,0.6490066225165563,-0.7284768211920529,0.7880794701986755,-0.8013245033112583,0.9205298013245033,-0.8874172185430463,0.2582781456953642,-0.6821192052980133,0.48344370860927155,-0.609271523178808,0.39072847682119205,-0.3841059602649007,0.2781456953642384,-0.271523178807947,0.09271523178807947,-0.6688741721854304,0.31788079470198677,-0.5827814569536424,0.25165562913907286,-0.3576158940397351,0.16556291390728478,-0.26490066225165565,-0.06622516556291391,-0.6225165562913907,0.1390728476821192,-0.5695364238410596,0.152317880794702,-0.3973509933774834,0.10596026490066225,-0.31125827814569534
0.0,0.0,0.28,-0.06666666666666667,0.5666666666666667,-0.2733333333333333,0.8,-0.36666666666666664,1.0,-0.38666666666666666,0.4266666666666667,-0.6133333333333333,0.6666666666666666,-0.7,0.82,-0.7666666666666667,0.9533333333333334,-0.8466666666666667,0.26666666666666666,-0.68,0.48,-0.6133333333333333,0.38666666666666666,-0.38,0.28,-0.2733333333333333,0.10666666666666667,-0.68,0.31333333333333335,-0.5866666666666667,0.25333333333333335,-0.35333333333333333,0.17333333333333334,-0.26,-0.05333333333333334,-0.6266666666666667,0.14,-0.58,0.14666666666666667,-0.4,0.1,-0.31333333333333335
0.0,0.0,0.2808219178082192,-0.0684931506849315,0.5753424657534246,-0.2808219178082192,0.8013698630136986,-0.3835616438356164,1.0,-0.410958904109589,0.4178082191780822,-0.6232876712328768,0.6643835616438356,-0.6986301369863014,0.821917808219178,-0.7534246575342466,0.9726027397260274,-0.821917808219178,0.2602739726027397,-0.684931506849315,0.4931506849315068,-0.6164383561643836,0.3904109589041096,-0.3835616438356164,0.2808219178082192,-0.273972602739726,0.10273972602739725,-0.6917808219178082,0.3219178082191781,-0.5958904109589042,0.2534246575342466,-0.363013698630137,0.17123287671232876,-0.273972602739726,-0.0547945205479452,-0.6438356164383562,0.136986301369863,-0.5958904109589042,0.14383561643835616,-0.410958904109589,0.0958904109589041,-0.3287671232876712
0.0,0.0,0.2808219178082192,-0.0684931506849315,0.5821917808219178,-0.2876712328767123,0.8013698630136986,-0.3904109589041096,1.0,-0.4246575342465753,0.4315068493150685,-0.6095890410958904,0.6712328767123288,-0.6917808219178082,0.8287671232876712,-0.7534246575342466,0.9726027397260274,-0.821917808219178,0.273972602739726,-0.6712328767123288,0.4931506849315068,-0.6232876712328768,0.4041095890410959,-0.3904109589041096,0.2876712328767123,-0.273972602739726,0.11643835616438356,-0.678082191780822,0.3219178082191781,-0.6095890410958904,0.2602739726027397,-0.3698630136986301,0.1780821917808219,-0.273972602739726,-0.0547945205479452,-0.636986301369863,0.14383561643835616,-0.6027397260273972,0.1506849315068493,-0.4178082191780822,0.0958904109589041,-0.3356164383561644
0.0,0.0,0.2847222222222222,-0.0763888888888889,0.5833333333333334,-0.2916666666666667,0.8055555555555556,-0.4027777777777778,1.0,-0.4375,0.4375,-0.6041666666666666,0.6805555555555556,-0.7013888888888888,0.8333333333333334,-0.7638888888888888,0.9791666666666666,-0.8333333333333334,0.2847222222222222,-0.6736111111111112,0.4930555555555556,-0.6388888888888888,0.3958333333333333,-0.4027777777777778,0.2777777777777778,-0.2916666666666667,0.11805555555555555,-0.6805555555555556,0.3263888888888889,-0.6319444444444444,0.2569444444444444,-0.3888888888888889,0.16666666666666666,-0.2916666666666667,-0.05555555555555555,-0.6458333333333334,0.14583333333333334,-0.6180555555555556,0.1527777777777778,-0.4305555555555556,0.09027777777777778,-0.3402777777777778
0.0,0.0,0.2937062937062937,-0.08391608391608392,0.5804195804195804,-0.3076923076923077,0.8041958041958042,-0.4195804195804196,1.0,-0.45454545454545453,0.4405594405594406,-0.6153846153846154,0.6853146853146853,-0.7132867132867133,0.8391608391608392,-0.7762237762237763,0.986013986013986,-0.8391608391608392,0.2937062937062937,-0.6783216783216783,0.5104895104895105,-0.6503496503496503,0.40559440559440557,-0.4125874125874126,0.2867132867132867,-0.2937062937062937,0.1258741258741259,-0.6853146853146853,0.34265734265734266,-0.6433566433566433,0.26573426573426573,-0.3986013986013986,0.16783216783216784,-0.2937062937062937,-0.04195804195804196,-0.6573426573426573,0.16083916083916083,-0.6293706293706294,0.16083916083916083,-0.43356643356643354,0.0979020979020979,-0.34265734265734266
0.0,0.0,0.2867132867132867,-0.08391608391608392,0.5804195804195804,-0.3006993006993007,0.7972027972027972,-0.4125874125874126,1.0,-0.44755244755244755,0.43356643356643354,-0.6083916083916084,0.6783216783216783,-0.7062937062937062,0.8391608391608392,-0.7692307692307693,0.986013986013986,-0.8321678321678322,0.2867132867132867,-0.6713286713286714,0.5034965034965035,-0.6573426573426573,0.40559440559440557,-0.4195804195804196,0.2867132867132867,-0.2937062937062937,0.1258741258741259,-0.6853146853146853,0.34265734265734266,-0.6433566433566433,0.26573426573426573,-0.3986013986013986,0.16783216783216784,-0.2937062937062937,-0.04895104895104895,-0.6573426573426573,0.16083916083916083,-0.6363636363636364,0.16083916083916083,-0.44755244755244755,0.0979020979020979,-0.35664335664335667
0.0,0.0,0.28169014084507044,-0.08450704225352113,0.5774647887323944,-0.3028169014084507,0.8028169014084507,-0.4084507042253521,1.0,-0.43661971830985913,0.44366197183098594,-0.6197183098591549,0.6830985915492958,-0.7112676056338029,0.8380281690140845,-0.7676056338028169,0.9859154929577465,-0.8309859154929577,0.29577464788732394,-0.6830985915492958,0.5070422535211268,-0.647887323943662,0.4014084507042254,-0.4084507042253521,0.2887323943661972,-0.2887323943661972,0.1267605633802817,-0.6971830985915493,0.34507042253521125,-0.6408450704225352,0.2605633802816901,-0.3873239436619718,0.16901408450704225,-0.28169014084507044,-0.04929577464788732,-0.6619718309859155,0.1619718309859155,-0.6267605633802817,0.15492957746478872,-0.43661971830985913,0.09154929577464789,-0.34507042253521125
0.0,0.0,0.28368794326241137,-0.0851063829787234,0.574468085106383,-0.3049645390070922,0.8014184397163121,-0.41843971631205673,1.0,-0.46099290780141844,0.41843971631205673,-0.6312056737588653,0.6666666666666666,-0.7163120567375887,0.8297872340425532,-0.7588652482269503,0.9858156028368794,-0.8156028368794326,0.2695035460992908,-0.6950354609929078,0.49645390070921985,-0.6524822695035462,0.3971631205673759,-0.40425531914893614,0.2765957446808511,-0.2907801418439716,0.10638297872340426,-0.6950354609929078,0.3333333333333333,-0.6453900709219859,0.2553191489361702,-0.3971631205673759,0.16312056737588654,-0.2907801418439716,-0.06382978723404255,-0.6666666666666666,0.15602836879432624,-0.6382978723404256,0.16312056737588654,-0.44680851063829785,0.09929078014184398,-0.3546099290780142
0.0,0.0,0.2826086956521739,-0.08695652173913043,0.5797101449275363,-0.3188405797101449,0.8043478260869565,-0.43478260869565216,1.0,-0.47101449275362317,0.43478260869565216,-0.6376811594202898,0.6739130434782609,-0.7246376811594203,0.8405797101449275,-0.7681159420289855,0.9927536231884058,-0.8260869565217391,0.2753623188405797,-0.6956521739130435,0.4927536231884058,-0.6739130434782609,0.391304347826087,-0.427536231884058,0.2753623188405797,-0.30434782608695654,0.10144927536231885,-0.7101449275362319,0.32608695652173914,-0.6521739130434783,0.2536231884057971,-0.39855072463768115,0.15217391304347827,-0.2898550724637681,-0.07971014492753623,-0.6739130434782609,0.14492753623188406,-0.6521739130434783,0.15942028985507245,-0.45652173913043476,0.09420289855072464,-0.35507246376811596
0.0,0.0,0.2898550724637681,-0.09420289855072464,0.5797101449275363,-0.3188405797101449,0.7971014492753623,-0.427536231884058,1.0,-0.4855072463768116,0.427536231884058,-0.6304347826086957,0.6739130434782609,-0.717391304347826,0.8405797101449275,-0.7681159420289855,0.9927536231884058,-0.8260869565217391,0.2753623188405797,-0.6956521739130435,0.5,-0.6811594202898551,0.39855072463768115,-0.427536231884058,0.2826086956521739,-0.30434782608695654,0.10869565217391304,-0.7028985507246377,0.3333333333333333,-0.6666666666666666,0.2536231884057971,-0.4057971014492754,0.15217391304347827,-0.2971014492753623,-0.07246376811594203,-0.6739130434782609,0.15217391304347827,-0.6594202898550725,0.15942028985507245,-0.45652173913043476,0.09420289855072464,-0.36231884057971014
0.0,0.0,0.2898550724637681,-0.10144927536231885,0.5797101449275363,-0.3333333333333333,0.7971014492753623,-0.45652173913043476,1.0,-0.5,0.4492753623188406,-0.6304347826086957,0.6884057971014492,-0.7246376811594203,0.8478260869565217,-0.7681159420289855,1.0,-0.8333333333333334,0.2971014492753623,-0.6956521739130435,0.5144927536231884,-0.7028985507246377,0.4057971014492754,-0.4492753623188406,0.2898550724637681,-0.32608695652173914,0.12318840579710146,-0.7028985507246377,0.34782608695652173,-0.6956521739130435,0.26811594202898553,-0.427536231884058,0.15942028985507245,-0.3115942028985507,-0.06521739130434782,-0.6811594202898551,0.16666666666666666,-0.6739130434782609,0.17391304347826086,-0.47101449275362317,0.10144927536231885,-0.37681159420289856
0.0,0.0,0.2867647058823529,-0.09558823529411764,0.5882352941176471,-0.3235294117647059,0.8014705882352942,-0.4485294117647059,1.0,-0.5,0.4485294117647059,-0.625,0.6838235294117647,-0.7132352941176471,0.8455882352941176,-0.7647058823529411,0.9926470588235294,-0.8235294117647058,0.29411764705882354,-0.6838235294117647,0.5073529411764706,-0.6985294117647058,0.40441176470588236,-0.4411764705882353,0.2867647058823529,-0.33088235294117646,0.125,-0.6911764705882353,0.34558823529411764,-0.6838235294117647,0.27205882352941174,-0.41911764705882354,0.16176470588235295,-0.3088235294117647,-0.0661764705882353,-0.6691176470588235,0.16176470588235295,-0.6691176470588235,0.16911764705882354,-0.47058823529411764,0.09558823529411764,-0.375
0.0,0.0,0.2846715328467153,-0.0948905109489051,0.5766423357664233,-0.32116788321167883,0.7956204379562044,-0.44525547445255476,0.9927007299270073,-0.49635036496350365,0.44525547445255476,-0.6131386861313869,0.6788321167883211,-0.7153284671532847,0.8467153284671532,-0.7591240875912408,1.0,-0.8175182481751825,0.29927007299270075,-0.6715328467153284,0.5109489051094891,-0.7007299270072993,0.40145985401459855,-0.45255474452554745,0.2846715328467153,-0.34306569343065696,0.12408759124087591,-0.6934306569343066,0.35766423357664234,-0.6934306569343066,0.27007299270072993,-0.4306569343065693,0.15328467153284672,-0.32116788321167883,-0.06569343065693431,-0.6715328467153284,0.17518248175182483,-0.6788321167883211,0.1678832116788321,-0.48175182481751827,0.08759124087591241,-0.38686131386861317
0.0,0.0,0.2846715328467153,-0.0948905109489051,0.5766423357664233,-0.32116788321167883,0.7956204379562044,-0.44525547445255476,1.0,-0.48905109489051096,0.45255474452554745,-0.6058394160583942,0.6788321167883211,-0.7007299270072993,0.8467153284671532,-0.7518248175182481,0.9927007299270073,-0.8102189781021898,0.29927007299270075,-0.6642335766423357,0.5109489051094891,-0.7007299270072993,0.40875912408759124,-0.45255474452554745,0.2846715328467153,-0.3284671532846715,0.13138686131386862,-0.6861313868613139,0.35036496350364965,-0.6934306569343066,0.27007299270072993,-0.4306569343065693,0.16058394160583941,-0.31386861313868614,-0.06569343065693431,-0.6715328467153284,0.1678832116788321,-0.6788321167883211,0.1678832116788321,-0.48175182481751827,0.10218978102189781,-0.38686131386861317
0.0,0.0,0.2898550724637681,-0.08695652173913043,0.5797101449275363,-0.3115942028985507,0.7898550724637681,-0.43478260869565216,0.9927536231884058,-0.4855072463768116,0.45652173913043476,-0.5942028985507246,0.6884057971014492,-0.6884057971014492,0.8478260869565217,-0.7318840579710145,1.0,-0.7898550724637681,0.3115942028985507,-0.6521739130434783,0.5217391304347826,-0.6884057971014492,0.41304347826086957,-0.4420289855072464,0.2898550724637681,-0.32608695652173914,0.14492753623188406,-0.6739130434782609,0.36231884057971014,-0.6811594202898551,0.2753623188405797,-0.42028985507246375,0.16666666666666666,-0.3115942028985507,-0.050724637681159424,-0.6594202898550725,0.17391304347826086,-0.6666666666666666,0.17391304347826086,-0.463768115942029,0.10144927536231885,-0.3695652173913043
0.0,0.0,0.2846715328467153,-0.08759124087591241,0.5766423357664233,-0.31386861313868614,0.7956204379562044,-0.4306569343065693,1.0,-0.48175182481751827,0.45985401459854014,-0.5985401459854015,0.6861313868613139,-0.6934306569343066,0.8540145985401459,-0.7299270072992701,1.0,-0.7883211678832117,0.30656934306569344,-0.656934306569343,0.5182481751824818,-0.6861313868613139,0.40875912408759124,-0.44525547445255476,0.29927007299270075,-0.3284671532846715,0.1386861313868613,-0.6788321167883211,0.35766423357664234,-0.6861313868613139,0.2773722627737226,-0.4233576642335766,0.1678832116788321,-0.31386861313868614,-0.058394160583941604,-0.6642335766423357,0.1678832116788321,-0.6715328467153284,0.1678832116788321,-0.4744525547445255,0.0948905109489051,-0.3795620437956204
0.0,0.0,0.27611940298507465,-0.09701492537313433,0.5671641791044776,-0.3208955223880597,0.7910447761194029,-0.44776119402985076,1.0,-0.5,0.44776119402985076,-0.6268656716417911,0.6716417910447762,-0.7164179104477612,0.8432835820895522,-0.7611940298507462,0.9925373134328358,-0.8134328358208955,0.291044776119403,-0.6865671641791045,0.5149253731343284,-0.7164179104477612,0.417910447761194,-0.4552238805970149,0.291044776119403,-0.3358208955223881,0.11940298507462686,-0.7014925373134329,0.35074626865671643,-0.7014925373134329,0.26865671641791045,-0.4253731343283582,0.15671641791044777,-0.31343283582089554,-0.07462686567164178,-0.6865671641791045,0.15671641791044777,-0.6865671641791045,0.16417910447761194,-0.47761194029850745,0.08955223880597014,-0.3805970149253731
0.0,0.0,0.27941176470588236,-0.08823529411764706,0.5661764705882353,-0.3161764705882353,0.7867647058823529,-0.4411764705882353,1.0,-0.49264705882352944,0.4485294117647059,-0.6102941176470589,0.6764705882352942,-0.6911764705882353,0.8382352941176471,-0.7279411764705882,0.9926470588235294,-0.7794117647058824,0.3014705882352941,-0.6764705882352942,0.5220588235294118,-0.6985294117647058,0.41911764705882354,-0.4485294117647059,0.3014705882352941,-0.33088235294117646,0.1323529411764706,-0.6985294117647058,0.3602941176470588,-0.6911764705882353,0.27205882352941174,-0.41911764705882354,0.16911764705882354,-0.3088235294117647,-0.058823529411764705,-0.6764705882352942,0.17647058823529413,-0.6764705882352942,0.16911764705882354,-0.47058823529411764,0.09558823529411764,-0.375
0.0,0.0,0.2740740740740741,-0.0962962962962963,0.5703703703703704,-0.32592592592592595,0.7925925925925926,-0.43703703703703706,1.0,-0.4962962962962963,0.4444444444444444,-0.6148148148148148,0.6814814814814815,-0.6962962962962963,0.8518518518518519,-0.7333333333333333,1.0,-0.7851851851851852,0.2962962962962963,-0.6814814814814815,0.5185185185185185,-0.7037037037037037,0.4074074074074074,-0.4444444444444444,0.28888888888888886,-0.32592592592592595,0.1259259259259259,-0.6962962962962963,0.35555555555555557,-0.6888888888888889,0.2740740740740741,-0.4222222222222222,0.16296296296296298,-0.3111111111111111,-0.05925925925925926,-0.6814814814814815,0.17777777777777778,-0.6814814814814815,0.17037037037037037,-0.4740740740740741,0.0962962962962963,-0.3851851851851852
0.0,0.0,0.2814814814814815,-0.0962962962962963,0.5703703703703704,-0.32592592592592595,0.7925925925925926,-0.43703703703703706,1.0,-0.4962962962962963,0.45185185185185184,-0.6074074074074074,0.6814814814814815,-0.6814814814814815,0.8518518518518519,-0.7185185185185186,1.0,-0.762962962962963,0.3037037037037037,-0.674074074074074,0.5259259259259259,-0.7037037037037037,0.4222222222222222,-0.45185185185185184,0.3037037037037037,-0.32592592592592595,0.13333333333333333,-0.6962962962962963,0.362962962962963,-0.6888888888888889,0.2814814814814815,-0.4148148148148148,0.17037037037037037,-0.3037037037037037,-0.05185185185185185,-0.6814814814814815,0.18518518518518517,-0.6814814814814815,0.17777777777777778,-0.4740740740740741,0.0962962962962963,-0.3851851851851852
0.0,0.0,0.2835820895522388,-0.09701492537313433,0.5671641791044776,-0.3283582089552239,0.7835820895522388,-0.44776119402985076,0.9925373134328358,-0.5074626865671642,0.44029850746268656,-0.6119402985074627,0.6716417910447762,-0.6940298507462687,0.8432835820895522,-0.7238805970149254,1.0,-0.7686567164179104,0.291044776119403,-0.6716417910447762,0.5223880597014925,-0.7089552238805971,0.417910447761194,-0.4552238805970149,0.29850746268656714,-0.3358208955223881,0.12686567164179105,-0.6940298507462687,0.3582089552238806,-0.6940298507462687,0.27611940298507465,-0.4253731343283582,0.16417910447761194,-0.3208955223880597,-0.05970149253731343,-0.6865671641791045,0.1791044776119403,-0.6940298507462687,0.17164179104477612,-0.48507462686567165,0.08955223880597014,-0.39552238805970147
0.0,0.0,0.27941176470588236,-0.08823529411764706,0.5661764705882353,-0.3161764705882353,0.7720588235294118,-0.4338235294117647,0.9779411764705882,-0.5,0.4411764705882353,-0.5882352941176471,0.6691176470588235,-0.6764705882352942,0.8455882352941176,-0.7058823529411765,1.0,-0.75,0.29411764705882354,-0.6544117647058824,0.5220588235294118,-0.6911764705882353,0.4264705882352941,-0.4411764705882353,0.29411764705882354,-0.3235294117647059,0.1323529411764706,-0.6764705882352942,0.36764705882352944,-0.6764705882352942,0.27941176470588236,-0.4117647058823529,0.16176470588235295,-0.3088235294117647,-0.058823529411764705,-0.6691176470588235,0.18382352941176472,-0.6764705882352942,0.18382352941176472,-0.47794117647058826,0.09558823529411764,-0.38235294117647056
0.0,0.0,0.2773722627737226,-0.0948905109489051,0.5547445255474452,-0.32116788321167883,0.7664233576642335,-0.43795620437956206,0.9708029197080292,-0.5036496350364964,0.44525547445255476,-0.5766423357664233,0.6715328467153284,-0.6642335766423357,0.8467153284671532,-0.6934306569343066,1.0,-0.7372262773722628,0.30656934306569344,-0.6423357664233577,0.5182481751824818,-0.6861313868613139,0.41605839416058393,-0.43795620437956206,0.291970802919708,-0.32116788321167883,0.145985401459854,-0.6642335766423357,0.36496350364963503,-0.6788321167883211,0.2773722627737226,-0.41605839416058393,0.1678832116788321,-0.30656934306569344,-0.0364963503649635,-0.656934306569343,0.1897810218978102,-0.6788321167883211,0.18248175182481752,-0.48175182481751827,0.10218978102189781,-0.38686131386861317
0.0,0.0,0.2773722627737226,-0.0948905109489051,0.5620437956204379,-0.32116788321167883,0.7737226277372263,-0.43795620437956206,0.9708029197080292,-0.5109489051094891,0.45255474452554745,-0.5766423357664233,0.6788321167883211,-0.6642335766423357,0.8467153284671532,-0.7007299270072993,1.0,-0.7445255474452555,0.30656934306569344,-0.6423357664233577,0.5328467153284672,-0.7007299270072993,0.4306569343065693,-0.44525547445255476,0.31386861313868614,-0.3357664233576642,0.145985401459854,-0.6642335766423357,0.3722627737226277,-0.6788321167883211,0.291970802919708,-0.41605839416058393,0.17518248175182483,-0.31386861313868614,-0.043795620437956206,-0.656934306569343,0.19708029197080293,-0.6788321167883211,0.1897810218978102,-0.4744525547445255,0.10218978102189781,-0.38686131386861317
0.0,0.0,0.27941176470588236,-0.10294117647058823,0.5661764705882353,-0.3235294117647059,0.7794117647058824,-0.4485294117647059,0.9852941176470589,-0.5147058823529411,0.45588235294117646,-0.6029411764705882,0.6838235294117647,-0.6691176470588235,0.8529411764705882,-0.6985294117647058,1.0,-0.7352941176470589,0.3161764705882353,-0.6617647058823529,0.5367647058823529,-0.6911764705882353,0.4264705882352941,-0.4485294117647059,0.3088235294117647,-0.33088235294117646,0.14705882352941177,-0.6911764705882353,0.375,-0.6838235294117647,0.2867647058823529,-0.41911764705882354,0.17647058823529413,-0.3088235294117647,-0.03676470588235294,-0.6838235294117647,0.19852941176470587,-0.6764705882352942,0.18382352941176472,-0.47058823529411764,0.10294117647058823,-0.375
0.0,0.0,0.2773722627737226,-0.0948905109489051,0.5620437956204379,-0.31386861313868614,0.7664233576642335,-0.43795620437956206,0.9708029197080292,-0.5109489051094891,0.45255474452554745,-0.5766423357664233,0.6715328467153284,-0.6496350364963503,0.8467153284671532,-0.6788321167883211,1.0,-0.7153284671532847,0.30656934306569344,-0.635036496350365,0.5328467153284672,-0.6788321167883211,0.4306569343065693,-0.4306569343065693,0.31386861313868614,-0.32116788321167883,0.145985401459854,-0.6642335766423357,0.3722627737226277,-0.6642335766423357,0.291970802919708,-0.40145985401459855,0.17518248175182483,-0.29927007299270075,-0.0364963503649635,-0.656934306569343,0.19708029197080293,-0.6642335766423357,0.1897810218978102,-0.46715328467153283,0.10218978102189781,-0.3722627737226277
0.0,0.0,0.27205882352941174,-0.09558823529411764,0.5441176470588235,-0.3161764705882353,0.75,-0.4338235294117647,0.9411764705882353,-0.5,0.4411764705882353,-0.5808823529411765,0.6691176470588235,-0.6617647058823529,0.8455882352941176,-0.6838235294117647,1.0,-0.7205882352941176,0.3014705882352941,-0.6470588235294118,0.5294117647058824,-0.6911764705882353,0.4264705882352941,-0.4485294117647059,0.3014705882352941,-0.33088235294117646,0.13970588235294118,-0.6691176470588235,0.375,-0.6838235294117647,0.2867647058823529,-0.41911764705882354,0.16911764705882354,-0.3161764705882353,-0.04411764705882353,-0.6691176470588235,0.19852941176470587,-0.6764705882352942,0.18382352941176472,-0.47794117647058826,0.09558823529411764,-0.3897058823529412
0.0,0.0,0.2781954887218045,-0.10526315789473684,0.556390977443609,-0.3383458646616541,0.7669172932330827,-0.46616541353383456,0.9774436090225563,-0.5413533834586466,0.45112781954887216,-0.5864661654135338,0.6691729323308271,-0.6691729323308271,0.849624060150376,-0.6917293233082706,1.0,-0.7368421052631579,0.3082706766917293,-0.6466165413533834,0.5338345864661654,-0.6992481203007519,0.42857142857142855,-0.45112781954887216,0.3007518796992481,-0.3383458646616541,0.14285714285714285,-0.6766917293233082,0.38345864661654133,-0.6917293233082706,0.2857142857142857,-0.42105263157894735,0.16541353383458646,-0.3233082706766917,-0.05263157894736842,-0.6766917293233082,0.19548872180451127,-0.6917293233082706,0.18045112781954886,-0.48872180451127817,0.09022556390977443,-0.39849624060150374
0.0,0.0,0.26666666666666666,-0.08888888888888889,0.5444444444444444,-0.3055555555555556,0.7722222222222223,-0.43333333333333335,0.9833333333333333,-0.5055555555555555,0.4666666666666667,-0.5388888888888889,0.6777777777777778,-0.6388888888888888,0.85,-0.6888888888888889,1.0,-0.75,0.35,-0.6055555555555555,0.5611111111111111,-0.7055555555555556,0.4388888888888889,-0.4666666666666667,0.3111111111111111,-0.34444444444444444,0.2,-0.65,0.4222222222222222,-0.7166666666666667,0.3111111111111111,-0.45,0.18888888888888888,-0.32222222222222224,0.022222222222222223,-0.6666666666666666,0.25,-0.7333333333333333,0.22777777777777777,-0.5388888888888889,0.1388888888888889,-0.42777777777777776
0.0,0.0,0.2808988764044944,-0.0898876404494382,0.5617977528089888,-0.3146067415730337,0.7808988764044944,-0.4438202247191011,0.9943820224719101,-0.5224719101123596,0.4606741573033708,-0.5393258426966292,0.6741573033707865,-0.6348314606741573,0.848314606741573,-0.6853932584269663,1.0,-0.7415730337078652,0.34269662921348315,-0.6067415730337079,0.5617977528089888,-0.7191011235955056,0.4438202247191011,-0.47191011235955055,0.3146067415730337,-0.33707865168539325,0.19101123595505617,-0.651685393258427,0.4157303370786517,-0.7191011235955056,0.3089887640449438,-0.449438202247191,0.19101123595505617,-0.3202247191011236,0.011235955056179775,-0.6685393258426966,0.24157303370786518,-0.7359550561797753,0.21910112359550563,-0.5393258426966292,0.12921348314606743,-0.43258426966292135
0.0,0.0,0.2802197802197802,-0.07692307692307693,0.554945054945055,-0.2967032967032967,0.7802197802197802,-0.42857142857142855,0.9835164835164835,-0.510989010989011,0.47802197802197804,-0.521978021978022,0.6868131868131868,-0.6208791208791209,0.8571428571428571,-0.6758241758241759,1.0,-0.7417582417582418,0.3626373626373626,-0.5879120879120879,0.5769230769230769,-0.7087912087912088,0.45604395604395603,-0.46703296703296704,0.3241758241758242,-0.33516483516483514,0.21428571428571427,-0.6318681318681318,0.4340659340659341,-0.7087912087912088,0.3241758241758242,-0.43956043956043955,0.2032967032967033,-0.31868131868131866,0.038461538461538464,-0.6538461538461539,0.25824175824175827,-0.7307692307692307,0.24175824175824176,-0.5384615384615384,0.15384615384615385,-0.42857142857142855
0.0,0.0,0.28272251308900526,-0.07329842931937172,0.5497382198952879,-0.2774869109947644,0.7696335078534031,-0.4031413612565445,0.9685863874345549,-0.4712041884816754,0.49214659685863876,-0.5026178010471204,0.7068062827225131,-0.6387434554973822,0.8638743455497382,-0.7068062827225131,1.0,-0.7801047120418848,0.3769633507853403,-0.5654450261780105,0.5654450261780105,-0.6649214659685864,0.450261780104712,-0.450261780104712,0.32460732984293195,-0.3298429319371728,0.24083769633507854,-0.6073298429319371,0.4293193717277487,-0.6858638743455497,0.32460732984293195,-0.4397905759162304,0.21465968586387435,-0.31413612565445026,0.06806282722513089,-0.6387434554973822,0.2670157068062827,-0.7120418848167539,0.24083769633507854,-0.5340314136125655,0.15706806282722513,-0.43455497382198954
0.0,0.0,0.27461139896373055,-0.07253886010362694,0.5492227979274611,-0.2694300518134715,0.7668393782383419,-0.39378238341968913,0.9637305699481865,-0.45595854922279794,0.48186528497409326,-0.49740932642487046,0.6994818652849741,-0.6321243523316062,0.8601036269430051,-0.694300518134715,1.0,-0.7616580310880829,0.36787564766839376,-0.5595854922279793,0.5544041450777202,-0.6476683937823834,0.43523316062176165,-0.43005181347150256,0.31088082901554404,-0.31088082901554404,0.22797927461139897,-0.6010362694300518,0.41968911917098445,-0.6683937823834197,0.3160621761658031,-0.42487046632124353,0.20725388601036268,-0.3005181347150259,0.06217616580310881,-0.6269430051813472,0.26424870466321243,-0.694300518134715,0.23834196891191708,-0.5181347150259067,0.15544041450777202,-0.42487046632124353
0.0,0.0,0.27835051546391754,-0.06701030927835051,0.5515463917525774,-0.26288659793814434,0.7731958762886598,-0.38144329896907214,0.9690721649484536,-0.44329896907216493,0.4896907216494845,-0.4948453608247423,0.7164948453608248,-0.634020618556701,0.865979381443299,-0.7061855670103093,1.0,-0.788659793814433,0.38144329896907214,-0.5515463917525774,0.5670103092783505,-0.6391752577319587,0.4536082474226804,-0.4329896907216495,0.32989690721649484,-0.3247422680412371,0.2422680412371134,-0.5927835051546392,0.4329896907216495,-0.6752577319587629,0.33505154639175255,-0.4329896907216495,0.2268041237113402,-0.30412371134020616,0.07216494845360824,-0.6237113402061856,0.27319587628865977,-0.6907216494845361,0.24742268041237114,-0.5154639175257731,0.16494845360824742,-0.41237113402061853
0.0,0.0,0.2878787878787879,-0.0707070707070707,0.5606060606060606,-0.25757575757575757,0.7777777777777778,-0.3686868686868687,0.9747474747474747,-0.4292929292929293,0.48484848484848486,-0.494949494949495,0.702020202020202,-0.6363636363636364,0.8636363636363636,-0.702020202020202,1.0,-0.7727272727272727,0.3787878787878788,-0.5454545454545454,0.5656565656565656,-0.6313131313131313,0.45454545454545453,-0.41919191919191917,0.3333333333333333,-0.30808080808080807,0.24242424242424243,-0.5858585858585859,0.4393939393939394,-0.6616161616161617,0.3383838383838384,-0.41919191919191917,0.23232323232323232,-0.29797979797979796,0.07575757575757576,-0.6111111111111112,0.2727272727272727,-0.6767676767676768,0.2474747474747475,-0.5,0.1717171717171717,-0.40404040404040403
0.0,0.0,0.27979274611398963,-0.07253886010362694,0.5595854922279793,-0.27461139896373055,0.7875647668393783,-0.38860103626943004,0.9948186528497409,-0.44041450777202074,0.5025906735751295,-0.5181347150259067,0.7098445595854922,-0.6683937823834197,0.8652849740932642,-0.7409326424870466,1.0,-0.8186528497409327,0.38341968911917096,-0.5699481865284974,0.5803108808290155,-0.6580310880829016,0.45595854922279794,-0.43523316062176165,0.32642487046632124,-0.3160621761658031,0.23834196891191708,-0.6113989637305699,0.43005181347150256,-0.6683937823834197,0.32124352331606215,-0.42487046632124353,0.21761658031088082,-0.30569948186528495,0.06217616580310881,-0.6373056994818653,0.26424870466321243,-0.6994818652849741,0.23834196891191708,-0.5181347150259067,0.16062176165803108,-0.41968911917098445
0.0,0.0,0.2849740932642487,-0.07772020725388601,0.5595854922279793,-0.2694300518134715,0.7875647668393783,-0.37305699481865284,1.0,-0.43005181347150256,0.49740932642487046,-0.5233160621761658,0.7150259067357513,-0.689119170984456,0.8652849740932642,-0.772020725388601,0.9948186528497409,-0.8497409326424871,0.37823834196891193,-0.5751295336787565,0.5751295336787565,-0.6528497409326425,0.45077720207253885,-0.43523316062176165,0.32642487046632124,-0.3160621761658031,0.23316062176165803,-0.6062176165803109,0.43005181347150256,-0.6787564766839378,0.32642487046632124,-0.43005181347150256,0.22279792746113988,-0.30569948186528495,0.06217616580310881,-0.6269430051813472,0.25906735751295334,-0.6994818652849741,0.23316062176165803,-0.5181347150259067,0.16062176165803108,-0.40932642487046633
0.0,0.0,0.27319587628865977,-0.06701030927835051,0.5618556701030928,-0.2422680412371134,0.788659793814433,-0.35051546391752575,0.9948453608247423,-0.39690721649484534,0.4948453608247423,-0.5051546391752577,0.711340206185567,-0.6855670103092784,0.865979381443299,-0.7628865979381443,1.0,-0.845360824742268,0.37628865979381443,-0.5618556701030928,0.5670103092783505,-0.6391752577319587,0.44329896907216493,-0.4175257731958763,0.3247422680412371,-0.29896907216494845,0.23195876288659795,-0.5979381443298969,0.4175257731958763,-0.6597938144329897,0.31443298969072164,-0.422680412371134,0.21649484536082475,-0.29381443298969073,0.061855670103092786,-0.6185567010309279,0.25257731958762886,-0.6855670103092784,0.2268041237113402,-0.5103092783505154,0.15979381443298968,-0.4020618556701031
0.0,0.0,0.2760416666666667,-0.0625,0.5677083333333334,-0.234375,0.796875,-0.3333333333333333,0.9947916666666666,-0.3854166666666667,0.515625,-0.5052083333333334,0.7291666666666666,-0.6875,0.8697916666666666,-0.7760416666666666,1.0,-0.859375,0.3958333333333333,-0.5572916666666666,0.578125,-0.6458333333333334,0.4583333333333333,-0.4270833333333333,0.3385416666666667,-0.3125,0.2552083333333333,-0.5989583333333334,0.4322916666666667,-0.6666666666666666,0.3229166666666667,-0.4322916666666667,0.22395833333333334,-0.3125,0.08333333333333333,-0.6197916666666666,0.265625,-0.6875,0.23958333333333334,-0.515625,0.16666666666666666,-0.40625
0.0,0.0,0.27692307692307694,-0.05641025641025641,0.5538461538461539,-0.20512820512820512,0.7692307692307693,-0.30256410256410254,0.9641025641025641,-0.358974358974359,0.5128205128205128,-0.48717948717948717,0.7282051282051282,-0.676923076923077,0.8717948717948718,-0.764102564102564,1.0,-0.8564102564102564,0.39487179487179486,-0.5435897435897435,0.5794871794871795,-0.6256410256410256,0.4564102564102564,-0.41025641025641024,0.3333333333333333,-0.28717948717948716,0.2564102564102564,-0.5846153846153846,0.4307692307692308,-0.6512820512820513,0.3282051282051282,-0.4205128205128205,0.22564102564102564,-0.29743589743589743,0.09230769230769231,-0.6051282051282051,0.26666666666666666,-0.6717948717948717,0.2358974358974359,-0.49230769230769234,0.16923076923076924,-0.38974358974358975
0.0,0.0,0.2727272727272727,-0.050505050505050504,0.5454545454545454,-0.19696969696969696,0.7676767676767676,-0.2828282828282828,0.9545454545454546,-0.3333333333333333,0.51010101010101,-0.47474747474747475,0.7424242424242424,-0.6515151515151515,0.8787878787878788,-0.7474747474747475,1.0,-0.8434343434343434,0.398989898989899,-0.5303030303030303,0.5757575757575758,-0.601010101010101,0.4494949494949495,-0.398989898989899,0.3282828282828283,-0.2828282828282828,0.26262626262626265,-0.5656565656565656,0.4292929292929293,-0.6313131313131313,0.32323232323232326,-0.40404040404040403,0.2222222222222222,-0.2828282828282828,0.09595959595959595,-0.5909090909090909,0.2676767676767677,-0.6464646464646465,0.23737373737373738,-0.4797979797979798,0.16666666666666666,-0.37373737373737376
0.0,0.0,0.265,-0.04,0.54,-0.19,0.765,-0.275,0.955,-0.315,0.515,-0.47,0.74,-0.65,0.88,-0.745,1.0,-0.845,0.405,-0.525,0.58,-0.59,0.445,-0.385,0.33,-0.275,0.265,-0.56,0.43,-0.615,0.315,-0.39,0.22,-0.285,0.1,-0.585,0.27,-0.635,0.23,-0.47,0.16,-0.375
0.0,0.0,0.265,-0.04,0.545,-0.185,0.765,-0.27,0.96,-0.305,0.52,-0.47,0.74,-0.65,0.88,-0.75,1.0,-0.85,0.4,-0.525,0.58,-0.585,0.445,-0.375,0.32,-0.265,0.26,-0.565,0.43,-0.61,0.315,-0.39,0.22,-0.275,0.095,-0.585,0.27,-0.63,0.23,-0.455,0.16,-0.36
0.0,0.0,0.2663316582914573,-0.035175879396984924,0.542713567839196,-0.18090452261306533,0.7688442211055276,-0.2613065326633166,0.964824120603015,-0.2964824120603015,0.5226130653266332,-0.46733668341708545,0.7437185929648241,-0.6482412060301508,0.8793969849246231,-0.7487437185929648,1.0,-0.8492462311557789,0.40703517587939697,-0.5226130653266332,0.5778894472361809,-0.5829145728643216,0.4472361809045226,-0.38190954773869346,0.3316582914572864,-0.271356783919598,0.2613065326633166,-0.5577889447236181,0.4271356783919598,-0.6130653266331658,0.3165829145728643,-0.3869346733668342,0.22110552763819097,-0.27638190954773867,0.09547738693467336,-0.5778894472361809,0.2663316582914573,-0.628140703517588,0.23115577889447236,-0.457286432160804,0.16080402010050251,-0.36180904522613067
0.0,0.0,0.2561576354679803,-0.029556650246305417,0.5369458128078818,-0.16748768472906403,0.7586206896551724,-0.2413793103448276,0.9507389162561576,-0.2660098522167488,0.5172413793103449,-0.45320197044334976,0.7389162561576355,-0.6305418719211823,0.8768472906403941,-0.729064039408867,1.0,-0.8275862068965517,0.39901477832512317,-0.5123152709359606,0.5665024630541872,-0.5615763546798029,0.4433497536945813,-0.35467980295566504,0.3251231527093596,-0.2413793103448276,0.26108374384236455,-0.5517241379310345,0.4187192118226601,-0.5862068965517241,0.3103448275862069,-0.3645320197044335,0.21182266009852216,-0.2512315270935961,0.09852216748768473,-0.5714285714285714,0.2660098522167488,-0.6108374384236454,0.22660098522167488,-0.4433497536945813,0.15270935960591134,-0.3448275862068966
0.0,0.0,0.26108374384236455,-0.029556650246305417,0.541871921182266,-0.16748768472906403,0.7635467980295566,-0.23645320197044334,0.9556650246305419,-0.2561576354679803,0.5221674876847291,-0.45320197044334976,0.7438423645320197,-0.6354679802955665,0.8817733990147784,-0.729064039408867,1.0,-0.8275862068965517,0.4088669950738916,-0.5123152709359606,0.5714285714285714,-0.5615763546798029,0.4433497536945813,-0.35467980295566504,0.3251231527093596,-0.2512315270935961,0.2660098522167488,-0.5467980295566502,0.4236453201970443,-0.5911330049261084,0.31527093596059114,-0.3694581280788177,0.22167487684729065,-0.26108374384236455,0.10344827586206896,-0.5665024630541872,0.2660098522167488,-0.6108374384236454,0.2315270935960591,-0.4433497536945813,0.16748768472906403,-0.3497536945812808
0.0,0.0,0.25870646766169153,-0.024875621890547265,0.5422885572139303,-0.15920398009950248,0.7711442786069652,-0.22885572139303484,0.9601990049751243,-0.24875621890547264,0.527363184079602,-0.44776119402985076,0.746268656716418,-0.6268656716417911,0.8805970149253731,-0.7263681592039801,1.0,-0.8208955223880597,0.4079601990049751,-0.5074626865671642,0.572139303482587,-0.5621890547263682,0.4427860696517413,-0.3582089552238806,0.3283582089552239,-0.24378109452736318,0.263681592039801,-0.5472636815920398,0.417910447761194,-0.5870646766169154,0.30845771144278605,-0.36318407960199006,0.21393034825870647,-0.2537313432835821,0.09950248756218906,-0.572139303482587,0.263681592039801,-0.6119402985074627,0.22388059701492538,-0.4427860696517413,0.14925373134328357,-0.3482587064676617
0.0,0.0,0.26,-0.025,0.545,-0.16,0.77,-0.23,0.96,-0.25,0.52,-0.45,0.745,-0.635,0.88,-0.74,1.0,-0.845,0.405,-0.505,0.575,-0.565,0.445,-0.35,0.325,-0.245,0.26,-0.545,0.42,-0.585,0.31,-0.365,0.215,-0.255,0.1,-0.57,0.265,-0.61,0.225,-0.44,0.15,-0.35
0.0,0.0,0.26,-0.025,0.55,-0.16,0.78,-0.225,0.97,-0.245,0.53,-0.45,0.75,-0.64,0.885,-0.745,1.0,-0.85,0.41,-0.51,0.575,-0.56,0.445,-0.355,0.33,-0.245,0.27,-0.545,0.425,-0.585,0.31,-0.365,0.22,-0.26,0.105,-0.57,0.27,-0.61,0.225,-0.445,0.155,-0.35
0.0,0.0,0.2676767676767677,-0.020202020202020204,0.5606060606060606,-0.14646464646464646,0.7929292929292929,-0.21212121212121213,0.9797979797979798,-0.22727272727272727,0.5303030303030303,-0.45454545454545453,0.7474747474747475,-0.6616161616161617,0.8838383838383839,-0.7777777777777778,1.0,-0.8888888888888888,0.4090909090909091,-0.51010101010101,0.5757575757575758,-0.5656565656565656,0.4494949494949495,-0.3434343434343434,0.3333333333333333,-0.22727272727272727,0.26262626262626265,-0.5505050505050505,0.42424242424242425,-0.5858585858585859,0.31313131313131315,-0.35858585858585856,0.21717171717171718,-0.2474747474747475,0.09595959595959595,-0.5757575757575758,0.2676767676767677,-0.6161616161616161,0.22727272727272727,-0.4393939393939394,0.15656565656565657,-0.3434343434343434
0.0,0.0,0.2613065326633166,-0.020100502512562814,0.5628140703517588,-0.1457286432160804,0.7939698492462312,-0.21105527638190955,0.9849246231155779,-0.22613065326633167,0.5376884422110553,-0.457286432160804,0.7537688442211056,-0.6683417085427136,0.8844221105527639,-0.7889447236180904,1.0,-0.8994974874371859,0.4120603015075377,-0.5175879396984925,0.5829145728643216,-0.5628140703517588,0.4472361809045226,-0.34673366834170855,0.3316582914572864,-0.23115577889447236,0.2663316582914573,-0.5577889447236181,0.4271356783919598,-0.5829145728643216,0.31155778894472363,-0.36180904522613067,0.21608040201005024,-0.25125628140703515,0.10050251256281408,-0.5829145728643216,0.271356783919598,-0.6130653266331658,0.22613065326633167,-0.4371859296482412,0.15577889447236182,-0.3417085427135678
0.0,0.0,0.2562814070351759,-0.01507537688442211,0.5577889447236181,-0.1407035175879397,0.7889447236180904,-0.20603015075376885,0.9748743718592965,-0.20603015075376885,0.5326633165829145,-0.45226130653266333,0.7537688442211056,-0.6633165829145728,0.8844221105527639,-0.7788944723618091,1.0,-0.8944723618090452,0.40703517587939697,-0.507537688442211,0.5728643216080402,-0.5527638190954773,0.44221105527638194,-0.3417085427135678,0.32663316582914576,-0.23115577889447236,0.2663316582914573,-0.5477386934673367,0.4221105527638191,-0.5778894472361809,0.31155778894472363,-0.35678391959798994,0.21608040201005024,-0.25125628140703515,0.10050251256281408,-0.5778894472361809,0.2613065326633166,-0.6080402010050251,0.22110552763819097,-0.4371859296482412,0.15577889447236182,-0.3417085427135678
