0.0,0.0,-0.14925373134328357,-0.0845771144278607,-0.30845771144278605,-0.25870646766169153,-0.472636815920398,-0.3482587064676617,-0.6119402985074627,-0.3781094527363184,-0.15422885572139303,-0.5124378109452736,-0.13930348258706468,-0.7313432835820896,-0.12437810945273632,-0.8805970149253731,-0.1044776119402985,-1.0,-0.029850746268656716,-0.4925373134328358,-0.03482587064676617,-0.5074626865671642,-0.07960199004975124,-0.3283582089552239,-0.08955223880597014,-0.30845771144278605,0.08955223880597014,-0.4427860696517413,0.06965174129353234,-0.4228855721393035,0.004975124378109453,-0.2736318407960199,-0.009950248756218905,-0.2736318407960199,0.19900497512437812,-0.373134328358209,0.1691542288557214,-0.36318407960199006,0.1044776119402985,-0.2537313432835821,0.07960199004975124,-0.24378109452736318
0.0,0.0,-0.1457286432160804,-0.09547738693467336,-0.2914572864321608,-0.2814070351758794,-0.4472361809045226,-0.38190954773869346,-0.5879396984924623,-0.41708542713567837,-0.12562814070351758,-0.5326633165829145,-0.06532663316582915,-0.7487437185929648,-0.02512562814070352,-0.8894472361809045,0.02512562814070352,-1.0,0.0,-0.5025125628140703,0.005025125628140704,-0.5226130653266332,-0.06030150753768844,-0.3417085427135678,-0.07537688442211055,-0.32160804020100503,0.11557788944723618,-0.4321608040201005,0.10050251256281408,-0.4221105527638191,0.020100502512562814,-0.27638190954773867,0.0,-0.27638190954773867,0.21608040201005024,-0.34673366834170855,0.19095477386934673,-0.3417085427135678,0.11055276381909548,-0.24120603015075376,0.07537688442211055,-0.23115577889447236
0.0,0.0,-0.15656565656565657,-0.09090909090909091,-0.31313131313131315,-0.25757575757575757,-0.48484848484848486,-0.3434343434343434,-0.6212121212121212,-0.37373737373737376,-0.15656565656565657,-0.5151515151515151,-0.12121212121212122,-0.7373737373737373,-0.09595959595959595,-0.8838383838383839,-0.06565656565656566,-1.0,-0.030303030303030304,-0.5,-0.04040404040404041,-0.5151515151515151,-0.09090909090909091,-0.3333333333333333,-0.10101010101010101,-0.30808080808080807,0.09595959595959595,-0.4444444444444444,0.06565656565656566,-0.41919191919191917,0.0,-0.2676767676767677,-0.015151515151515152,-0.26262626262626265,0.20707070707070707,-0.3686868686868687,0.1717171717171717,-0.35353535353535354,0.10101010101010101,-0.24242424242424243,0.08080808080808081,-0.23232323232323232
0.0,0.0,-0.17204301075268819,-0.05913978494623656,-0.3709677419354839,-0.1881720430107527,-0.553763440860215,-0.24731182795698925,-0.7043010752688172,-0.25806451612903225,-0.27956989247311825,-0.5053763440860215,-0.3279569892473118,-0.7150537634408602,-0.34946236559139787,-0.8655913978494624,-0.3602150537634409,-1.0,-0.14516129032258066,-0.532258064516129,-0.1827956989247312,-0.4838709677419355,-0.1881720430107527,-0.2956989247311828,-0.17204301075268819,-0.3010752688172043,-0.005376344086021506,-0.510752688172043,-0.043010752688172046,-0.43010752688172044,-0.06989247311827956,-0.27419354838709675,-0.06451612903225806,-0.2849462365591398,0.11827956989247312,-0.45698924731182794,0.07526881720430108,-0.3978494623655914,0.043010752688172046,-0.27956989247311825,0.043010752688172046,-0.26881720430107525
0.0,0.0,-0.18333333333333332,-0.044444444444444446,-0.4,-0.17222222222222222,-0.6,-0.21666666666666667,-0.7555555555555555,-0.2111111111111111,-0.3333333333333333,-0.5,-0.3888888888888889,-0.7166666666666667,-0.42777777777777776,-0.8666666666666667,-0.4444444444444444,-1.0,-0.19444444444444445,-0.5444444444444444,-0.23333333333333334,-0.49444444444444446,-0.21666666666666667,-0.29444444444444445,-0.19444444444444445,-0.3055555555555556,-0.05,-0.5388888888888889,-0.08333333333333333,-0.4444444444444444,-0.09444444444444444,-0.2777777777777778,-0.08888888888888889,-0.3055555555555556,0.08333333333333333,-0.49444444444444446,0.044444444444444446,-0.4166666666666667,0.022222222222222223,-0.29444444444444445,0.027777777777777776,-0.3
0.0,0.0,-0.19298245614035087,-0.04678362573099415,-0.42105263157894735,-0.18128654970760233,-0.6198830409356725,-0.2222222222222222,-0.7777777777777778,-0.22807017543859648,-0.3567251461988304,-0.5146198830409356,-0.43859649122807015,-0.7251461988304093,-0.49707602339181284,-0.8713450292397661,-0.5321637426900585,-1.0,-0.21637426900584794,-0.5672514619883041,-0.27485380116959063,-0.5087719298245614,-0.23976608187134502,-0.30409356725146197,-0.2046783625730994,-0.30409356725146197,-0.06432748538011696,-0.5555555555555556,-0.11695906432748537,-0.4678362573099415,-0.11695906432748537,-0.29239766081871343,-0.0935672514619883,-0.30409356725146197,0.07017543859649122,-0.5146198830409356,0.023391812865497075,-0.43859649122807015,0.005847953216374269,-0.30994152046783624,0.023391812865497075,-0.3157894736842105
0.0,0.0,-0.21951219512195122,-0.04878048780487805,-0.4634146341463415,-0.18292682926829268,-0.6707317073170732,-0.21951219512195122,-0.8414634146341463,-0.21951219512195122,-0.39634146341463417,-0.5182926829268293,-0.5,-0.725609756097561,-0.5670731707317073,-0.8719512195121951,-0.6097560975609756,-1.0,-0.25609756097560976,-0.5792682926829268,-0.32926829268292684,-0.524390243902439,-0.2804878048780488,-0.31097560975609756,-0.23170731707317074,-0.31097560975609756,-0.10365853658536585,-0.5792682926829268,-0.17073170731707318,-0.4817073170731707,-0.14634146341463414,-0.29878048780487804,-0.11585365853658537,-0.3170731707317073,0.042682926829268296,-0.5426829268292683,-0.024390243902439025,-0.4634146341463415,-0.024390243902439025,-0.32926829268292684,0.006097560975609756,-0.3353658536585366
0.0,0.0,-0.24,-0.05333333333333334,-0.5066666666666667,-0.18666666666666668,-0.7266666666666667,-0.22666666666666666,-0.9066666666666666,-0.21333333333333335,-0.44,-0.54,-0.5866666666666667,-0.74,-0.6866666666666666,-0.88,-0.7666666666666667,-1.0,-0.2866666666666667,-0.6133333333333333,-0.37333333333333335,-0.5533333333333333,-0.30666666666666664,-0.32666666666666666,-0.26,-0.32,-0.12,-0.62,-0.19333333333333333,-0.5133333333333333,-0.16666666666666666,-0.31333333333333335,-0.13333333333333333,-0.3333333333333333,0.04,-0.58,-0.04,-0.48,-0.03333333333333333,-0.34,0.013333333333333334,-0.36
0.0,0.0,-0.2147239263803681,-0.049079754601226995,-0.4539877300613497,-0.1901840490797546,-0.656441717791411,-0.22699386503067484,-0.8282208588957055,-0.22699386503067484,-0.39263803680981596,-0.5276073619631901,-0.50920245398773,-0.7300613496932515,-0.5950920245398773,-0.8711656441717791,-0.656441717791411,-1.0,-0.24539877300613497,-0.588957055214724,-0.3128834355828221,-0.5276073619631901,-0.26993865030674846,-0.31901840490797545,-0.2331288343558282,-0.31901840490797545,-0.08588957055214724,-0.588957055214724,-0.15337423312883436,-0.49079754601226994,-0.13496932515337423,-0.3067484662576687,-0.1165644171779141,-0.3312883435582822,0.05521472392638037,-0.5460122699386503,-0.006134969325153374,-0.4662576687116564,-0.006134969325153374,-0.3374233128834356,0.024539877300613498,-0.3496932515337423
0.0,0.0,-0.21212121212121213,-0.05454545454545454,-0.45454545454545453,-0.18181818181818182,-0.6666666666666666,-0.21818181818181817,-0.8363636363636363,-0.21212121212121213,-0.3878787878787879,-0.5212121212121212,-0.503030303030303,-0.7333333333333333,-0.5878787878787879,-0.8727272727272727,-0.6484848484848484,-1.0,-0.24848484848484848,-0.5818181818181818,-0.3090909090909091,-0.5333333333333333,-0.26666666666666666,-0.3212121212121212,-0.22424242424242424,-0.3151515151515151,-0.09090909090909091,-0.5757575757575758,-0.15151515151515152,-0.48484848484848486,-0.13333333333333333,-0.30303030303030304,-0.10909090909090909,-0.32727272727272727,0.05454545454545454,-0.5393939393939394,0.0,-0.46060606060606063,-0.006060606060606061,-0.32727272727272727,0.024242424242424242,-0.34545454545454546
0.0,0.0,-0.2147239263803681,-0.049079754601226995,-0.44785276073619634,-0.17791411042944785,-0.6625766871165644,-0.2147239263803681,-0.8343558282208589,-0.2147239263803681,-0.38650306748466257,-0.5214723926380368,-0.5030674846625767,-0.7300613496932515,-0.588957055214724,-0.8711656441717791,-0.6503067484662577,-1.0,-0.2392638036809816,-0.5766871165644172,-0.3006134969325153,-0.5337423312883436,-0.25766871165644173,-0.32515337423312884,-0.22085889570552147,-0.3312883435582822,-0.07975460122699386,-0.5705521472392638,-0.1411042944785276,-0.48466257668711654,-0.13496932515337423,-0.3067484662576687,-0.11042944785276074,-0.3312883435582822,0.06134969325153374,-0.5276073619631901,0.012269938650306749,-0.44785276073619634,-0.006134969325153374,-0.31901840490797545,0.018404907975460124,-0.3312883435582822
0.0,0.0,-0.18857142857142858,-0.04,-0.4114285714285714,-0.1657142857142857,-0.6171428571428571,-0.2,-0.7714285714285715,-0.2,-0.35428571428571426,-0.49714285714285716,-0.44571428571428573,-0.7142857142857143,-0.5028571428571429,-0.8628571428571429,-0.5314285714285715,-1.0,-0.21142857142857144,-0.5485714285714286,-0.2571428571428571,-0.5028571428571429,-0.22857142857142856,-0.30857142857142855,-0.2,-0.30857142857142855,-0.06285714285714286,-0.5371428571428571,-0.10285714285714286,-0.4514285714285714,-0.10857142857142857,-0.28,-0.09714285714285714,-0.3028571428571429,0.07428571428571429,-0.49714285714285716,0.03428571428571429,-0.4228571428571429,0.011428571428571429,-0.29714285714285715,0.017142857142857144,-0.3028571428571429
0.0,0.0,-0.19318181818181818,-0.03977272727272727,-0.4090909090909091,-0.1590909090909091,-0.6136363636363636,-0.19318181818181818,-0.7613636363636364,-0.1875,-0.3409090909090909,-0.5,-0.4147727272727273,-0.7159090909090909,-0.4659090909090909,-0.8693181818181818,-0.48863636363636365,-1.0,-0.20454545454545456,-0.5454545454545454,-0.25,-0.5056818181818182,-0.23295454545454544,-0.30113636363636365,-0.21022727272727273,-0.30113636363636365,-0.056818181818181816,-0.5340909090909091,-0.10227272727272728,-0.44886363636363635,-0.11363636363636363,-0.2784090909090909,-0.10227272727272728,-0.2897727272727273,0.07954545454545454,-0.48863636363636365,0.03409090909090909,-0.4147727272727273,0.011363636363636364,-0.2840909090909091,0.022727272727272728,-0.2897727272727273
0.0,0.0,-0.20359281437125748,-0.041916167664670656,-0.4311377245508982,-0.16766467065868262,-0.6526946107784432,-0.19760479041916168,-0.8143712574850299,-0.19760479041916168,-0.3712574850299401,-0.5089820359281437,-0.48502994011976047,-0.7245508982035929,-0.5568862275449101,-0.8682634730538922,-0.6047904191616766,-1.0,-0.2275449101796407,-0.562874251497006,-0.2754491017964072,-0.5209580838323353,-0.24550898203592814,-0.31736526946107785,-0.2155688622754491,-0.31137724550898205,-0.0658682634730539,-0.5568862275449101,-0.11377245508982035,-0.46706586826347307,-0.11976047904191617,-0.2874251497005988,-0.10179640718562874,-0.30538922155688625,0.0718562874251497,-0.5149700598802395,0.029940119760479042,-0.4431137724550898,0.005988023952095809,-0.30538922155688625,0.017964071856287425,-0.30538922155688625
0.0,0.0,-0.22929936305732485,-0.05732484076433121,-0.47770700636942676,-0.1910828025477707,-0.7070063694267515,-0.2229299363057325,-0.8789808917197452,-0.2229299363057325,-0.4140127388535032,-0.535031847133758,-0.5477707006369427,-0.7388535031847133,-0.6496815286624203,-0.8789808917197452,-0.7197452229299363,-1.0,-0.267515923566879,-0.5987261146496815,-0.33121019108280253,-0.554140127388535,-0.2802547770700637,-0.3375796178343949,-0.24203821656050956,-0.34394904458598724,-0.10828025477707007,-0.5987261146496815,-0.16560509554140126,-0.5095541401273885,-0.1464968152866242,-0.3248407643312102,-0.12101910828025478,-0.3503184713375796,0.044585987261146494,-0.5605095541401274,-0.006369426751592357,-0.4840764331210191,-0.01910828025477707,-0.3503184713375796,0.012738853503184714,-0.3630573248407643
0.0,0.0,-0.24503311258278146,-0.059602649006622516,-0.5033112582781457,-0.19205298013245034,-0.7417218543046358,-0.2251655629139073,-0.9139072847682119,-0.2185430463576159,-0.4370860927152318,-0.543046357615894,-0.5827814569536424,-0.7417218543046358,-0.695364238410596,-0.8741721854304636,-0.7748344370860927,-1.0,-0.2847682119205298,-0.6158940397350994,-0.3576158940397351,-0.5629139072847682,-0.304635761589404,-0.3443708609271523,-0.2582781456953642,-0.33774834437086093,-0.11920529801324503,-0.6158940397350994,-0.18543046357615894,-0.5165562913907285,-0.16556291390728478,-0.32450331125827814,-0.13245033112582782,-0.3443708609271523,0.039735099337748346,-0.5761589403973509,-0.019867549668874173,-0.4966887417218543,-0.033112582781456956,-0.3576158940397351,-0.006622516556291391,-0.36423841059602646
0.0,0.0,-0.26573426573426573,-0.06293706293706294,-0.5454545454545454,-0.20279720279720279,-0.7902097902097902,-0.23776223776223776,-0.972027972027972,-0.23076923076923078,-0.48951048951048953,-0.5664335664335665,-0.6643356643356644,-0.7482517482517482,-0.7832167832167832,-0.8741258741258742,-0.8741258741258742,-1.0,-0.3356643356643357,-0.6503496503496503,-0.40559440559440557,-0.5804195804195804,-0.3356643356643357,-0.35664335664335667,-0.2867132867132867,-0.36363636363636365,-0.15384615384615385,-0.6573426573426573,-0.21678321678321677,-0.5384615384615384,-0.1888111888111888,-0.34265734265734266,-0.16083916083916083,-0.3706293706293706,0.013986013986013986,-0.6223776223776224,-0.04895104895104895,-0.5104895104895105,-0.04895104895104895,-0.3706293706293706,-0.013986013986013986,-0.3916083916083916
0.0,0.0,-0.27007299270072993,-0.051094890510948905,-0.5474452554744526,-0.19708029197080293,-0.8102189781021898,-0.22627737226277372,-1.0,-0.2116788321167883,-0.5182481751824818,-0.5693430656934306,-0.708029197080292,-0.7445255474452555,-0.8394160583941606,-0.8686131386861314,-0.9343065693430657,-0.9854014598540146,-0.36496350364963503,-0.6642335766423357,-0.44525547445255476,-0.5766423357664233,-0.35766423357664234,-0.35036496350364965,-0.29927007299270075,-0.36496350364963503,-0.17518248175182483,-0.6715328467153284,-0.24087591240875914,-0.5328467153284672,-0.20437956204379562,-0.3357664233576642,-0.1678832116788321,-0.3722627737226277,-0.0072992700729927005,-0.6277372262773723,-0.072992700729927,-0.5182481751824818,-0.072992700729927,-0.3722627737226277,-0.0364963503649635,-0.38686131386861317
0.0,0.0,-0.26119402985074625,-0.05223880597014925,-0.5447761194029851,-0.19402985074626866,-0.7985074626865671,-0.21641791044776118,-1.0,-0.19402985074626866,-0.5223880597014925,-0.5671641791044776,-0.7089552238805971,-0.753731343283582,-0.835820895522388,-0.8805970149253731,-0.9328358208955224,-1.0,-0.3656716417910448,-0.6567164179104478,-0.43283582089552236,-0.582089552238806,-0.35074626865671643,-0.35074626865671643,-0.29850746268656714,-0.3656716417910448,-0.1791044776119403,-0.6716417910447762,-0.23880597014925373,-0.5447761194029851,-0.19402985074626866,-0.34328358208955223,-0.16417910447761194,-0.373134328358209,0.0,-0.6417910447761194,-0.05970149253731343,-0.5373134328358209,-0.05970149253731343,-0.3805970149253731,-0.022388059701492536,-0.39552238805970147
0.0,0.0,-0.27205882352941174,-0.03676470588235294,-0.5588235294117647,-0.16911764705882354,-0.8161764705882353,-0.18382352941176472,-1.0,-0.16176470588235295,-0.5367647058823529,-0.5441176470588235,-0.7279411764705882,-0.7205882352941176,-0.8602941176470589,-0.8455882352941176,-0.9632352941176471,-0.9632352941176471,-0.3897058823529412,-0.6470588235294118,-0.45588235294117646,-0.5514705882352942,-0.36764705882352944,-0.33088235294117646,-0.3088235294117647,-0.35294117647058826,-0.19852941176470587,-0.6617647058823529,-0.25735294117647056,-0.5220588235294118,-0.21323529411764705,-0.33088235294117646,-0.18382352941176472,-0.36764705882352944,-0.022058823529411766,-0.625,-0.08088235294117647,-0.5220588235294118,-0.08088235294117647,-0.375,-0.051470588235294115,-0.38235294117647056
0.0,0.0,-0.2647058823529412,-0.029411764705882353,-0.5514705882352942,-0.13970588235294118,-0.8088235294117647,-0.13970588235294118,-1.0,-0.11764705882352941,-0.5514705882352942,-0.5367647058823529,-0.7426470588235294,-0.7205882352941176,-0.875,-0.8455882352941176,-0.9779411764705882,-0.9705882352941176,-0.39705882352941174,-0.6397058823529411,-0.4411764705882353,-0.5441176470588235,-0.35294117647058826,-0.3235294117647059,-0.3161764705882353,-0.3382352941176471,-0.21323529411764705,-0.6544117647058824,-0.2426470588235294,-0.5220588235294118,-0.21323529411764705,-0.33088235294117646,-0.19117647058823528,-0.3602941176470588,-0.03676470588235294,-0.6323529411764706,-0.0661764705882353,-0.5220588235294118,-0.07352941176470588,-0.36764705882352944,-0.051470588235294115,-0.375
0.0,0.0,-0.25925925925925924,-0.02962962962962963,-0.5407407407407407,-0.14074074074074075,-0.8,-0.13333333333333333,-0.9925925925925926,-0.1037037037037037,-0.562962962962963,-0.5185185185185185,-0.7555555555555555,-0.6814814814814815,-0.8962962962962963,-0.7925925925925926,-1.0,-0.9111111111111111,-0.4222222222222222,-0.6222222222222222,-0.4888888888888889,-0.5407407407407407,-0.37777777777777777,-0.3333333333333333,-0.3333333333333333,-0.35555555555555557,-0.23703703703703705,-0.6518518518518519,-0.2814814814814815,-0.5407407407407407,-0.22962962962962963,-0.34814814814814815,-0.2074074074074074,-0.3851851851851852,-0.05925925925925926,-0.6296296296296297,-0.1037037037037037,-0.5407407407407407,-0.1037037037037037,-0.3925925925925926,-0.07407407407407407,-0.4
0.0,0.0,-0.2536231884057971,-0.014492753623188406,-0.5289855072463768,-0.11594202898550725,-0.782608695652174,-0.10144927536231885,-0.9710144927536232,-0.057971014492753624,-0.5579710144927537,-0.4927536231884058,-0.7608695652173914,-0.6376811594202898,-0.8985507246376812,-0.7536231884057971,-1.0,-0.8623188405797102,-0.427536231884058,-0.6014492753623188,-0.4855072463768116,-0.5,-0.3695652173913043,-0.30434782608695654,-0.3188405797101449,-0.32608695652173914,-0.2463768115942029,-0.6376811594202898,-0.2898550724637681,-0.5,-0.2318840579710145,-0.32608695652173914,-0.2028985507246377,-0.36231884057971014,-0.07246376811594203,-0.6159420289855072,-0.11594202898550725,-0.5144927536231884,-0.10144927536231885,-0.3695652173913043,-0.07246376811594203,-0.38405797101449274
0.0,0.0,-0.25,-0.02142857142857143,-0.5285714285714286,-0.12857142857142856,-0.7785714285714286,-0.12857142857142856,-0.9642857142857143,-0.1,-0.5714285714285714,-0.4785714285714286,-0.7642857142857142,-0.5928571428571429,-0.9,-0.6714285714285714,-1.0,-0.7571428571428571,-0.4357142857142857,-0.5857142857142857,-0.5071428571428571,-0.5,-0.38571428571428573,-0.30714285714285716,-0.3357142857142857,-0.32857142857142857,-0.2642857142857143,-0.6214285714285714,-0.3142857142857143,-0.4928571428571429,-0.24285714285714285,-0.3142857142857143,-0.20714285714285716,-0.35,-0.09285714285714286,-0.6071428571428571,-0.14285714285714285,-0.4928571428571429,-0.12142857142857143,-0.35714285714285715,-0.08571428571428572,-0.38571428571428573
0.0,0.0,-0.25547445255474455,-0.021897810218978103,-0.5328467153284672,-0.12408759124087591,-0.781021897810219,-0.11678832116788321,-0.9635036496350365,-0.08759124087591241,-0.5474452554744526,-0.5036496350364964,-0.7445255474452555,-0.6423357664233577,-0.8832116788321168,-0.7445255474452555,-1.0,-0.8394160583941606,-0.41605839416058393,-0.6058394160583942,-0.5109489051094891,-0.5182481751824818,-0.39416058394160586,-0.29927007299270075,-0.3284671532846715,-0.31386861313868614,-0.24087591240875914,-0.635036496350365,-0.31386861313868614,-0.5036496350364964,-0.24817518248175183,-0.31386861313868614,-0.20437956204379562,-0.34306569343065696,-0.06569343065693431,-0.6131386861313869,-0.145985401459854,-0.5036496350364964,-0.11678832116788321,-0.35766423357664234,-0.08029197080291971,-0.3795620437956204
0.0,0.0,-0.26119402985074625,-0.022388059701492536,-0.5447761194029851,-0.12686567164179105,-0.7910447761194029,-0.13432835820895522,-0.9776119402985075,-0.1044776119402985,-0.5522388059701493,-0.5149253731343284,-0.753731343283582,-0.6567164179104478,-0.8880597014925373,-0.753731343283582,-1.0,-0.8507462686567164,-0.41044776119402987,-0.6194029850746269,-0.5223880597014925,-0.5373134328358209,-0.40298507462686567,-0.3208955223880597,-0.3208955223880597,-0.3283582089552239,-0.22388059701492538,-0.6492537313432836,-0.31343283582089554,-0.5223880597014925,-0.2462686567164179,-0.3283582089552239,-0.19402985074626866,-0.35074626865671643,-0.05223880597014925,-0.6194029850746269,-0.13432835820895522,-0.5223880597014925,-0.11940298507462686,-0.373134328358209,-0.07462686567164178,-0.3880597014925373
0.0,0.0,-0.26119402985074625,-0.03731343283582089,-0.5447761194029851,-0.14925373134328357,-0.7835820895522388,-0.17164179104477612,-0.9701492537313433,-0.1417910447761194,-0.5522388059701493,-0.5149253731343284,-0.746268656716418,-0.6343283582089553,-0.8880597014925373,-0.7238805970149254,-1.0,-0.8134328358208955,-0.41044776119402987,-0.6119402985074627,-0.5522388059701493,-0.5671641791044776,-0.4253731343283582,-0.3358208955223881,-0.34328358208955223,-0.34328358208955223,-0.23880597014925373,-0.6417910447761194,-0.35074626865671643,-0.5522388059701493,-0.26865671641791045,-0.34328358208955223,-0.21641791044776118,-0.3656716417910448,-0.06716417910447761,-0.6268656716417911,-0.1791044776119403,-0.5522388059701493,-0.14925373134328357,-0.3880597014925373,-0.09701492537313433,-0.39552238805970147
0.0,0.0,-0.2537313432835821,-0.03731343283582089,-0.5447761194029851,-0.1417910447761194,-0.7835820895522388,-0.16417910447761194,-0.9701492537313433,-0.1417910447761194,-0.5522388059701493,-0.5074626865671642,-0.746268656716418,-0.6268656716417911,-0.8880597014925373,-0.7089552238805971,-1.0,-0.7910447761194029,-0.41044776119402987,-0.5970149253731343,-0.5522388059701493,-0.5746268656716418,-0.43283582089552236,-0.34328358208955223,-0.35074626865671643,-0.35074626865671643,-0.23880597014925373,-0.6343283582089553,-0.35074626865671643,-0.5522388059701493,-0.26865671641791045,-0.34328358208955223,-0.21641791044776118,-0.3656716417910448,-0.06716417910447761,-0.6194029850746269,-0.1791044776119403,-0.5447761194029851,-0.15671641791044777,-0.3805970149253731,-0.1044776119402985,-0.3880597014925373
0.0,0.0,-0.25925925925925924,-0.037037037037037035,-0.5259259259259259,-0.13333333333333333,-0.762962962962963,-0.14814814814814814,-0.9555555555555556,-0.1259259259259259,-0.5555555555555556,-0.5037037037037037,-0.7481481481481481,-0.6074074074074074,-0.8814814814814815,-0.6814814814814815,-1.0,-0.7555555555555555,-0.4148148148148148,-0.6074074074074074,-0.5481481481481482,-0.5407407407407407,-0.4222222222222222,-0.31851851851851853,-0.34814814814814815,-0.3333333333333333,-0.24444444444444444,-0.6370370370370371,-0.34814814814814815,-0.5333333333333333,-0.2740740740740741,-0.3333333333333333,-0.2222222222222222,-0.35555555555555557,-0.07407407407407407,-0.6222222222222222,-0.17777777777777778,-0.5259259259259259,-0.14814814814814814,-0.37777777777777777,-0.1037037037037037,-0.3925925925925926
0.0,0.0,-0.25,-0.030303030303030304,-0.5378787878787878,-0.12878787878787878,-0.7878787878787878,-0.13636363636363635,-0.9696969696969697,-0.11363636363636363,-0.5606060606060606,-0.5151515151515151,-0.75,-0.6287878787878788,-0.8939393939393939,-0.7045454545454546,-1.0,-0.7878787878787878,-0.4166666666666667,-0.6212121212121212,-0.5303030303030303,-0.5454545454545454,-0.4015151515151515,-0.32575757575757575,-0.3333333333333333,-0.3409090909090909,-0.23484848484848486,-0.6515151515151515,-0.3181818181818182,-0.5227272727272727,-0.25,-0.32575757575757575,-0.19696969696969696,-0.3560606060606061,-0.06060606060606061,-0.6287878787878788,-0.13636363636363635,-0.5303030303030303,-0.12121212121212122,-0.3787878787878788,-0.07575757575757576,-0.38636363636363635
0.0,0.0,-0.2556390977443609,-0.03007518796992481,-0.5338345864661654,-0.12030075187969924,-0.7744360902255639,-0.12781954887218044,-0.9548872180451128,-0.09774436090225563,-0.556390977443609,-0.5112781954887218,-0.7518796992481203,-0.6240601503759399,-0.8947368421052632,-0.706766917293233,-1.0,-0.7894736842105263,-0.41353383458646614,-0.6090225563909775,-0.5263157894736842,-0.5413533834586466,-0.40601503759398494,-0.3157894736842105,-0.3308270676691729,-0.3308270676691729,-0.24060150375939848,-0.6390977443609023,-0.3157894736842105,-0.518796992481203,-0.24812030075187969,-0.3233082706766917,-0.20300751879699247,-0.3533834586466165,-0.06015037593984962,-0.6240601503759399,-0.14285714285714285,-0.518796992481203,-0.12030075187969924,-0.3684210526315789,-0.08270676691729323,-0.38345864661654133
0.0,0.0,-0.25,-0.029411764705882353,-0.5147058823529411,-0.125,-0.75,-0.1323529411764706,-0.9264705882352942,-0.10294117647058823,-0.5514705882352942,-0.4852941176470588,-0.7426470588235294,-0.5735294117647058,-0.8823529411764706,-0.6176470588235294,-1.0,-0.6838235294117647,-0.41911764705882354,-0.5955882352941176,-0.5441176470588235,-0.5514705882352942,-0.41911764705882354,-0.33088235294117646,-0.34558823529411764,-0.34558823529411764,-0.2426470588235294,-0.625,-0.3235294117647059,-0.5220588235294118,-0.25735294117647056,-0.3235294117647059,-0.20588235294117646,-0.3602941176470588,-0.08088235294117647,-0.6029411764705882,-0.14705882352941177,-0.5073529411764706,-0.1323529411764706,-0.3602941176470588,-0.09558823529411764,-0.375
0.0,0.0,-0.2462686567164179,-0.03731343283582089,-0.5223880597014925,-0.13432835820895522,-0.7686567164179104,-0.1417910447761194,-0.9626865671641791,-0.11940298507462686,-0.5447761194029851,-0.5074626865671642,-0.7388059701492538,-0.5895522388059702,-0.8805970149253731,-0.6417910447761194,-1.0,-0.7014925373134329,-0.41044776119402987,-0.6119402985074627,-0.5373134328358209,-0.5671641791044776,-0.417910447761194,-0.34328358208955223,-0.34328358208955223,-0.3582089552238806,-0.23880597014925373,-0.6417910447761194,-0.3283582089552239,-0.5298507462686567,-0.2537313432835821,-0.3283582089552239,-0.208955223880597,-0.3656716417910448,-0.07462686567164178,-0.6194029850746269,-0.14925373134328357,-0.5149253731343284,-0.13432835820895522,-0.3656716417910448,-0.08955223880597014,-0.3880597014925373
0.0,0.0,-0.2518518518518518,-0.02962962962962963,-0.5185185185185185,-0.1259259259259259,-0.7555555555555555,-0.13333333333333333,-0.9407407407407408,-0.1037037037037037,-0.5407407407407407,-0.5037037037037037,-0.7333333333333333,-0.5851851851851851,-0.8814814814814815,-0.6370370370370371,-1.0,-0.7037037037037037,-0.4,-0.6074074074074074,-0.5407407407407407,-0.5481481481481482,-0.4148148148148148,-0.3333333333333333,-0.3333333333333333,-0.34814814814814815,-0.22962962962962963,-0.6370370370370371,-0.32592592592592595,-0.5185185185185185,-0.2518518518518518,-0.32592592592592595,-0.2074074074074074,-0.35555555555555557,-0.07407407407407407,-0.6148148148148148,-0.15555555555555556,-0.5037037037037037,-0.13333333333333333,-0.362962962962963,-0.08888888888888889,-0.37777777777777777
0.0,0.0,-0.2537313432835821,-0.029850746268656716,-0.5298507462686567,-0.12686567164179105,-0.7611940298507462,-0.13432835820895522,-0.9477611940298507,-0.1044776119402985,-0.5447761194029851,-0.5074626865671642,-0.7313432835820896,-0.5970149253731343,-0.8805970149253731,-0.6492537313432836,-1.0,-0.7164179104477612,-0.40298507462686567,-0.6119402985074627,-0.5447761194029851,-0.5522388059701493,-0.417910447761194,-0.3283582089552239,-0.3358208955223881,-0.34328358208955223,-0.23134328358208955,-0.6417910447761194,-0.3358208955223881,-0.5223880597014925,-0.2537313432835821,-0.3208955223880597,-0.20149253731343283,-0.3582089552238806,-0.06716417910447761,-0.6194029850746269,-0.15671641791044777,-0.5149253731343284,-0.13432835820895522,-0.3656716417910448,-0.08955223880597014,-0.3805970149253731
0.0,0.0,-0.26717557251908397,-0.04580152671755725,-0.5343511450381679,-0.15267175572519084,-0.7786259541984732,-0.16793893129770993,-0.9770992366412213,-0.13740458015267176,-0.5419847328244275,-0.5343511450381679,-0.732824427480916,-0.5877862595419847,-0.8778625954198473,-0.6183206106870229,-1.0,-0.6793893129770993,-0.40458015267175573,-0.6335877862595419,-0.5648854961832062,-0.5801526717557252,-0.4351145038167939,-0.3511450381679389,-0.3511450381679389,-0.35877862595419846,-0.22900763358778625,-0.6564885496183206,-0.35877862595419846,-0.5343511450381679,-0.2748091603053435,-0.3282442748091603,-0.20610687022900764,-0.366412213740458,-0.06870229007633588,-0.6259541984732825,-0.183206106870229,-0.5190839694656488,-0.15267175572519084,-0.366412213740458,-0.09923664122137404,-0.3893129770992366
0.0,0.0,-0.26717557251908397,-0.04580152671755725,-0.5343511450381679,-0.15267175572519084,-0.7786259541984732,-0.16793893129770993,-0.9923664122137404,-0.13740458015267176,-0.5343511450381679,-0.5343511450381679,-0.732824427480916,-0.5877862595419847,-0.8778625954198473,-0.6259541984732825,-1.0,-0.6793893129770993,-0.3969465648854962,-0.6335877862595419,-0.5648854961832062,-0.5801526717557252,-0.42748091603053434,-0.3435114503816794,-0.3435114503816794,-0.35877862595419846,-0.22137404580152673,-0.6564885496183206,-0.3511450381679389,-0.5343511450381679,-0.26717557251908397,-0.3282442748091603,-0.1984732824427481,-0.366412213740458,-0.061068702290076333,-0.6335877862595419,-0.17557251908396945,-0.5267175572519084,-0.15267175572519084,-0.37404580152671757,-0.09923664122137404,-0.3816793893129771
0.0,0.0,-0.265625,-0.0390625,-0.53125,-0.15625,-0.7734375,-0.1796875,-0.984375,-0.140625,-0.53125,-0.53125,-0.7265625,-0.578125,-0.875,-0.6171875,-1.0,-0.671875,-0.390625,-0.6328125,-0.5625,-0.5859375,-0.4453125,-0.3515625,-0.3515625,-0.359375,-0.21875,-0.65625,-0.3515625,-0.5390625,-0.2734375,-0.3359375,-0.203125,-0.359375,-0.0546875,-0.6328125,-0.1796875,-0.53125,-0.1484375,-0.375,-0.09375,-0.3828125
0.0,0.0,-0.25984251968503935,-0.03937007874015748,-0.5354330708661418,-0.18110236220472442,-0.7795275590551181,-0.2283464566929134,-0.984251968503937,-0.2125984251968504,-0.5196850393700787,-0.5669291338582677,-0.7244094488188977,-0.5826771653543307,-0.8740157480314961,-0.6062992125984252,-1.0,-0.6535433070866141,-0.3858267716535433,-0.6614173228346457,-0.5748031496062992,-0.5984251968503937,-0.44881889763779526,-0.36220472440944884,-0.3464566929133858,-0.3700787401574803,-0.2125984251968504,-0.6850393700787402,-0.3700787401574803,-0.5590551181102362,-0.28346456692913385,-0.3543307086614173,-0.2047244094488189,-0.3779527559055118,-0.05511811023622047,-0.6535433070866141,-0.18110236220472442,-0.5433070866141733,-0.14960629921259844,-0.3937007874015748,-0.08661417322834646,-0.4094488188976378
0.0,0.0,-0.2661290322580645,-0.04838709677419355,-0.5483870967741935,-0.18548387096774194,-0.7903225806451613,-0.24193548387096775,-0.9919354838709677,-0.25,-0.532258064516129,-0.5725806451612904,-0.7338709677419355,-0.5806451612903226,-0.8790322580645161,-0.6129032258064516,-1.0,-0.6612903225806451,-0.3790322580645161,-0.6693548387096774,-0.5725806451612904,-0.5967741935483871,-0.45161290322580644,-0.3709677419354839,-0.3467741935483871,-0.3790322580645161,-0.20161290322580644,-0.6935483870967742,-0.3629032258064516,-0.5645161290322581,-0.27419354838709675,-0.3548387096774194,-0.20161290322580644,-0.3790322580645161,-0.03225806451612903,-0.6693548387096774,-0.1693548387096774,-0.5483870967741935,-0.13709677419354838,-0.3951612903225806,-0.07258064516129033,-0.4112903225806452
0.0,0.0,-0.25984251968503935,-0.031496062992125984,-0.5354330708661418,-0.15748031496062992,-0.7637795275590551,-0.2125984251968504,-0.968503937007874,-0.2047244094488189,-0.5196850393700787,-0.5433070866141733,-0.7244094488188977,-0.5511811023622047,-0.8740157480314961,-0.5748031496062992,-1.0,-0.6220472440944882,-0.3858267716535433,-0.6456692913385826,-0.5669291338582677,-0.5590551181102362,-0.44881889763779526,-0.33858267716535434,-0.3464566929133858,-0.3464566929133858,-0.2125984251968504,-0.6692913385826772,-0.3700787401574803,-0.5275590551181102,-0.28346456692913385,-0.33070866141732286,-0.2047244094488189,-0.3543307086614173,-0.047244094488188976,-0.6377952755905512,-0.18110236220472442,-0.5275590551181102,-0.14960629921259844,-0.3779527559055118,-0.08661417322834646,-0.3858267716535433
0.0,0.0,-0.2619047619047619,-0.031746031746031744,-0.5396825396825397,-0.1746031746031746,-0.7777777777777778,-0.2222222222222222,-0.9920634920634921,-0.20634920634920634,-0.5238095238095238,-0.5476190476190477,-0.7301587301587301,-0.5634920634920635,-0.873015873015873,-0.5793650793650794,-1.0,-0.6349206349206349,-0.38095238095238093,-0.6507936507936508,-0.5793650793650794,-0.5793650793650794,-0.4523809523809524,-0.3492063492063492,-0.3412698412698413,-0.35714285714285715,-0.20634920634920634,-0.6746031746031746,-0.373015873015873,-0.5476190476190477,-0.2857142857142857,-0.3412698412698413,-0.20634920634920634,-0.36507936507936506,-0.03968253968253968,-0.6507936507936508,-0.18253968253968253,-0.5317460317460317,-0.14285714285714285,-0.3888888888888889,-0.07936507936507936,-0.3968253968253968
0.0,0.0,-0.2595419847328244,-0.030534351145038167,-0.5267175572519084,-0.16030534351145037,-0.7633587786259542,-0.20610687022900764,-0.9618320610687023,-0.19083969465648856,-0.5267175572519084,-0.5419847328244275,-0.732824427480916,-0.5419847328244275,-0.8778625954198473,-0.549618320610687,-1.0,-0.5954198473282443,-0.3893129770992366,-0.6335877862595419,-0.5877862595419847,-0.549618320610687,-0.45038167938931295,-0.33587786259541985,-0.3511450381679389,-0.35877862595419846,-0.22137404580152673,-0.6641221374045801,-0.3893129770992366,-0.5267175572519084,-0.2900763358778626,-0.3282442748091603,-0.21374045801526717,-0.366412213740458,-0.061068702290076333,-0.6412213740458015,-0.20610687022900764,-0.5190839694656488,-0.16030534351145037,-0.37404580152671757,-0.09923664122137404,-0.3969465648854962
0.0,0.0,-0.2677165354330709,-0.031496062992125984,-0.5433070866141733,-0.1732283464566929,-0.7874015748031497,-0.2283464566929134,-1.0,-0.2204724409448819,-0.5275590551181102,-0.5511811023622047,-0.7401574803149606,-0.5433070866141733,-0.8661417322834646,-0.5433070866141733,-0.984251968503937,-0.5984251968503937,-0.3858267716535433,-0.6535433070866141,-0.5905511811023622,-0.5590551181102362,-0.44881889763779526,-0.3464566929133858,-0.3543307086614173,-0.3700787401574803,-0.2125984251968504,-0.6771653543307087,-0.3937007874015748,-0.5511811023622047,-0.2992125984251969,-0.3464566929133858,-0.2125984251968504,-0.3700787401574803,-0.047244094488188976,-0.6535433070866141,-0.1968503937007874,-0.5275590551181102,-0.14960629921259844,-0.3858267716535433,-0.08661417322834646,-0.4015748031496063
0.0,0.0,-0.2677165354330709,-0.03937007874015748,-0.5433070866141733,-0.1889763779527559,-0.7795275590551181,-0.25984251968503935,-0.9921259842519685,-0.29133858267716534,-0.5275590551181102,-0.5669291338582677,-0.7401574803149606,-0.5590551181102362,-0.8740157480314961,-0.5669291338582677,-1.0,-0.6062992125984252,-0.3779527559055118,-0.6614173228346457,-0.5905511811023622,-0.5669291338582677,-0.44881889763779526,-0.3543307086614173,-0.3464566929133858,-0.3779527559055118,-0.2047244094488189,-0.6850393700787402,-0.4015748031496063,-0.5590551181102362,-0.29133858267716534,-0.3464566929133858,-0.2047244094488189,-0.3700787401574803,-0.03937007874015748,-0.6614173228346457,-0.1968503937007874,-0.5354330708661418,-0.14960629921259844,-0.3858267716535433,-0.07874015748031496,-0.4015748031496063
0.0,0.0,-0.2777777777777778,-0.05555555555555555,-0.5648148148148148,-0.18518518518518517,-0.7916666666666666,-0.2222222222222222,-0.9722222222222222,-0.2037037037037037,-0.5277777777777778,-0.4861111111111111,-0.7407407407407407,-0.5555555555555556,-0.875,-0.5972222222222222,-1.0,-0.6620370370370371,-0.39351851851851855,-0.5694444444444444,-0.5740740740740741,-0.5416666666666666,-0.4305555555555556,-0.32407407407407407,-0.3425925925925926,-0.3425925925925926,-0.23148148148148148,-0.5972222222222222,-0.375,-0.5231481481481481,-0.2777777777777778,-0.3194444444444444,-0.20833333333333334,-0.35185185185185186,-0.06944444444444445,-0.5833333333333334,-0.2037037037037037,-0.5231481481481481,-0.1712962962962963,-0.36574074074074076,-0.1111111111111111,-0.37962962962962965
0.0,0.0,-0.27102803738317754,-0.056074766355140186,-0.5467289719626168,-0.19158878504672897,-0.780373831775701,-0.2383177570093458,-0.9672897196261683,-0.22429906542056074,-0.5280373831775701,-0.48598130841121495,-0.7383177570093458,-0.5327102803738317,-0.8738317757009346,-0.5700934579439252,-1.0,-0.6214953271028038,-0.397196261682243,-0.5700934579439252,-0.5794392523364486,-0.5514018691588785,-0.4392523364485981,-0.3364485981308411,-0.35514018691588783,-0.35514018691588783,-0.2336448598130841,-0.602803738317757,-0.3878504672897196,-0.5327102803738317,-0.2897196261682243,-0.3317757009345794,-0.21962616822429906,-0.3644859813084112,-0.07476635514018691,-0.5887850467289719,-0.2102803738317757,-0.5186915887850467,-0.17757009345794392,-0.37383177570093457,-0.12149532710280374,-0.3878504672897196
0.0,0.0,-0.2714285714285714,-0.05238095238095238,-0.5571428571428572,-0.2,-0.7857142857142857,-0.24761904761904763,-0.9714285714285714,-0.22380952380952382,-0.5142857142857142,-0.49047619047619045,-0.7285714285714285,-0.5333333333333333,-0.8666666666666667,-0.5571428571428572,-1.0,-0.6047619047619047,-0.38571428571428573,-0.5761904761904761,-0.5761904761904761,-0.5523809523809524,-0.43333333333333335,-0.3380952380952381,-0.34285714285714286,-0.3523809523809524,-0.22857142857142856,-0.6047619047619047,-0.38571428571428573,-0.5380952380952381,-0.2857142857142857,-0.3380952380952381,-0.20952380952380953,-0.3619047619047619,-0.07142857142857142,-0.5904761904761905,-0.21428571428571427,-0.5238095238095238,-0.1761904761904762,-0.38095238095238093,-0.10952380952380952,-0.3952380952380952
0.0,0.0,-0.27403846153846156,-0.0673076923076923,-0.5528846153846154,-0.21634615384615385,-0.7980769230769231,-0.25961538461538464,-0.9903846153846154,-0.24519230769230768,-0.5288461538461539,-0.5096153846153846,-0.7403846153846154,-0.5432692307692307,-0.875,-0.5673076923076923,-1.0,-0.6153846153846154,-0.40384615384615385,-0.5913461538461539,-0.6009615384615384,-0.5673076923076923,-0.4519230769230769,-0.34615384615384615,-0.3701923076923077,-0.3798076923076923,-0.2403846153846154,-0.6201923076923077,-0.41346153846153844,-0.5625,-0.3076923076923077,-0.35096153846153844,-0.23076923076923078,-0.3894230769230769,-0.08653846153846154,-0.6057692307692307,-0.22596153846153846,-0.5384615384615384,-0.19230769230769232,-0.3942307692307692,-0.125,-0.4230769230769231
0.0,0.0,-0.27884615384615385,-0.052884615384615384,-0.5625,-0.20192307692307693,-0.7980769230769231,-0.2548076923076923,-0.9807692307692307,-0.23557692307692307,-0.5480769230769231,-0.4807692307692308,-0.7548076923076923,-0.5240384615384616,-0.8798076923076923,-0.5480769230769231,-1.0,-0.6009615384615384,-0.4182692307692308,-0.5769230769230769,-0.6009615384615384,-0.5528846153846154,-0.4519230769230769,-0.34134615384615385,-0.3605769230769231,-0.36538461538461536,-0.2548076923076923,-0.6105769230769231,-0.41346153846153844,-0.5480769230769231,-0.30288461538461536,-0.34615384615384615,-0.23076923076923078,-0.3701923076923077,-0.09615384615384616,-0.5961538461538461,-0.22596153846153846,-0.5288461538461539,-0.18269230769230768,-0.38461538461538464,-0.125,-0.39903846153846156
0.0,0.0,-0.2857142857142857,-0.06403940886699508,-0.5665024630541872,-0.22167487684729065,-0.8078817733990148,-0.270935960591133,-1.0,-0.26108374384236455,-0.5270935960591133,-0.5221674876847291,-0.7438423645320197,-0.5320197044334976,-0.8719211822660099,-0.541871921182266,-0.9950738916256158,-0.5862068965517241,-0.39901477832512317,-0.6108374384236454,-0.6009852216748769,-0.5714285714285714,-0.458128078817734,-0.3645320197044335,-0.3645320197044335,-0.39408866995073893,-0.23645320197044334,-0.6354679802955665,-0.41379310344827586,-0.5665024630541872,-0.31527093596059114,-0.35960591133004927,-0.23645320197044334,-0.3891625615763547,-0.07881773399014778,-0.6157635467980296,-0.22660098522167488,-0.5467980295566502,-0.1921182266009852,-0.39901477832512317,-0.12315270935960591,-0.4088669950738916
0.0,0.0,-0.29411764705882354,-0.06372549019607843,-0.5735294117647058,-0.21568627450980393,-0.8088235294117647,-0.2647058823529412,-1.0,-0.25,-0.5343137254901961,-0.5147058823529411,-0.75,-0.5196078431372549,-0.8578431372549019,-0.5245098039215687,-0.9803921568627451,-0.5735294117647058,-0.4019607843137255,-0.5980392156862745,-0.5980392156862745,-0.5490196078431373,-0.44607843137254904,-0.3480392156862745,-0.3627450980392157,-0.3872549019607843,-0.23529411764705882,-0.6225490196078431,-0.4117647058823529,-0.5490196078431373,-0.30392156862745096,-0.3480392156862745,-0.23039215686274508,-0.38235294117647056,-0.0784313725490196,-0.6029411764705882,-0.22058823529411764,-0.5343137254901961,-0.18627450980392157,-0.3872549019607843,-0.12745098039215685,-0.4068627450980392
0.0,0.0,-0.29411764705882354,-0.06862745098039216,-0.5784313725490197,-0.22549019607843138,-0.8137254901960784,-0.2696078431372549,-1.0,-0.25,-0.5392156862745098,-0.5147058823529411,-0.75,-0.5294117647058824,-0.8627450980392157,-0.5392156862745098,-0.9852941176470589,-0.5882352941176471,-0.4117647058823529,-0.6078431372549019,-0.6029411764705882,-0.5637254901960784,-0.45588235294117646,-0.3627450980392157,-0.36764705882352944,-0.39705882352941174,-0.24509803921568626,-0.6372549019607843,-0.4068627450980392,-0.5588235294117647,-0.30392156862745096,-0.35784313725490197,-0.23039215686274508,-0.3872549019607843,-0.08823529411764706,-0.6127450980392157,-0.22058823529411764,-0.5343137254901961,-0.18137254901960784,-0.3872549019607843,-0.12254901960784313,-0.4068627450980392
0.0,0.0,-0.2878787878787879,-0.05555555555555555,-0.5757575757575758,-0.21212121212121213,-0.8080808080808081,-0.2676767676767677,-1.0,-0.24242424242424243,-0.5303030303030303,-0.5,-0.7424242424242424,-0.5353535353535354,-0.8686868686868687,-0.5555555555555556,-0.9949494949494949,-0.601010101010101,-0.398989898989899,-0.5858585858585859,-0.5909090909090909,-0.5606060606060606,-0.4444444444444444,-0.3484848484848485,-0.35353535353535354,-0.3686868686868687,-0.23737373737373738,-0.6161616161616161,-0.398989898989899,-0.5505050505050505,-0.29292929292929293,-0.3434343434343434,-0.21717171717171718,-0.37373737373737376,-0.08080808080808081,-0.5959595959595959,-0.21717171717171718,-0.5303030303030303,-0.17676767676767677,-0.3787878787878788,-0.11616161616161616,-0.398989898989899
0.0,0.0,-0.2835820895522388,-0.05970149253731343,-0.5671641791044776,-0.19900497512437812,-0.8009950248756219,-0.23880597014925373,-0.9800995024875622,-0.21393034825870647,-0.527363184079602,-0.4975124378109453,-0.736318407960199,-0.5422885572139303,-0.8706467661691543,-0.572139303482587,-1.0,-0.6268656716417911,-0.40298507462686567,-0.582089552238806,-0.5920398009950248,-0.5373134328358209,-0.4527363184079602,-0.3283582089552239,-0.3582089552238806,-0.3482587064676617,-0.24378109452736318,-0.6069651741293532,-0.4129353233830846,-0.5223880597014925,-0.30845771144278605,-0.3283582089552239,-0.23383084577114427,-0.36318407960199006,-0.0945273631840796,-0.5870646766169154,-0.23880597014925373,-0.5074626865671642,-0.19402985074626866,-0.3681592039800995,-0.12935323383084577,-0.39303482587064675
0.0,0.0,-0.1895734597156398,-0.037914691943127965,-0.41706161137440756,-0.14691943127962084,-0.6113744075829384,-0.17061611374407584,-0.7582938388625592,-0.13744075829383887,-0.3412322274881517,-0.4928909952606635,-0.41232227488151657,-0.7109004739336493,-0.4597156398104265,-0.8672985781990521,-0.4834123222748815,-1.0,-0.2037914691943128,-0.5402843601895735,-0.27014218009478674,-0.4786729857819905,-0.24170616113744076,-0.2843601895734597,-0.2037914691943128,-0.2843601895734597,-0.05687203791469194,-0.5355450236966824,-0.12322274881516587,-0.4312796208530806,-0.11374407582938388,-0.26540284360189575,-0.09004739336492891,-0.2843601895734597,0.08056872037914692,-0.4928909952606635,0.018957345971563982,-0.4075829383886256,0.004739336492890996,-0.2796208530805687,0.03317535545023697,-0.2890995260663507
0.0,0.0,-0.19806763285024154,-0.03864734299516908,-0.43478260869565216,-0.14492753623188406,-0.6376811594202898,-0.1642512077294686,-0.7874396135265701,-0.14009661835748793,-0.36231884057971014,-0.4975845410628019,-0.45410628019323673,-0.714975845410628,-0.5072463768115942,-0.8695652173913043,-0.5410628019323671,-1.0,-0.2222222222222222,-0.5458937198067633,-0.2995169082125604,-0.48792270531400966,-0.2608695652173913,-0.2946859903381642,-0.21739130434782608,-0.2946859903381642,-0.07246376811594203,-0.5458937198067633,-0.14009661835748793,-0.4444444444444444,-0.13043478260869565,-0.2753623188405797,-0.10628019323671498,-0.2898550724637681,0.06763285024154589,-0.5072463768115942,0.004830917874396135,-0.42028985507246375,-0.004830917874396135,-0.2898550724637681,0.01932367149758454,-0.2898550724637681
0.0,0.0,-0.21105527638190955,-0.04522613065326633,-0.4472361809045226,-0.16080402010050251,-0.6582914572864321,-0.18090452261306533,-0.8190954773869347,-0.16080402010050251,-0.38190954773869346,-0.5025125628140703,-0.49748743718592964,-0.7135678391959799,-0.5728643216080402,-0.864321608040201,-0.6331658291457286,-1.0,-0.24120603015075376,-0.5577889447236181,-0.32663316582914576,-0.5125628140703518,-0.27638190954773867,-0.31155778894472363,-0.23115577889447236,-0.3015075376884422,-0.08542713567839195,-0.5628140703517588,-0.1658291457286432,-0.4623115577889447,-0.1457286432160804,-0.2914572864321608,-0.11557788944723618,-0.3065326633165829,0.06030150753768844,-0.5276381909547738,-0.020100502512562814,-0.45226130653266333,-0.020100502512562814,-0.32160804020100503,0.01507537688442211,-0.32663316582914576
0.0,0.0,-0.21105527638190955,-0.04522613065326633,-0.45226130653266333,-0.1658291457286432,-0.6683417085427136,-0.19095477386934673,-0.8241206030150754,-0.1708542713567839,-0.38190954773869346,-0.507537688442211,-0.5025125628140703,-0.7135678391959799,-0.5778894472361809,-0.8693467336683417,-0.6331658291457286,-1.0,-0.24623115577889448,-0.5678391959798995,-0.3316582914572864,-0.5175879396984925,-0.27638190954773867,-0.32160804020100503,-0.23115577889447236,-0.32160804020100503,-0.09045226130653267,-0.5678391959798995,-0.1658291457286432,-0.4723618090452261,-0.1407035175879397,-0.3015075376884422,-0.11055276381909548,-0.3165829145728643,0.05527638190954774,-0.5376884422110553,-0.020100502512562814,-0.457286432160804,-0.020100502512562814,-0.3316582914572864,0.01507537688442211,-0.33668341708542715
0.0,0.0,-0.22564102564102564,-0.046153846153846156,-0.4666666666666667,-0.1641025641025641,-0.6871794871794872,-0.1794871794871795,-0.8461538461538461,-0.15384615384615385,-0.4205128205128205,-0.5076923076923077,-0.5538461538461539,-0.7076923076923077,-0.6358974358974359,-0.8615384615384616,-0.6871794871794872,-1.0,-0.28205128205128205,-0.5743589743589743,-0.3641025641025641,-0.5230769230769231,-0.30256410256410254,-0.3333333333333333,-0.24615384615384617,-0.3333333333333333,-0.12307692307692308,-0.5846153846153846,-0.20512820512820512,-0.48205128205128206,-0.17435897435897435,-0.31794871794871793,-0.13846153846153847,-0.3384615384615385,0.02564102564102564,-0.5538461538461539,-0.05128205128205128,-0.4717948717948718,-0.05641025641025641,-0.3384615384615385,-0.020512820512820513,-0.3487179487179487
0.0,0.0,-0.24193548387096775,-0.05913978494623656,-0.5053763440860215,-0.1881720430107527,-0.7365591397849462,-0.20967741935483872,-0.8978494623655914,-0.1935483870967742,-0.44623655913978494,-0.5161290322580645,-0.5860215053763441,-0.7204301075268817,-0.6774193548387096,-0.8655913978494624,-0.7419354838709677,-1.0,-0.3010752688172043,-0.5806451612903226,-0.40860215053763443,-0.5645161290322581,-0.3279569892473118,-0.34946236559139787,-0.26344086021505375,-0.3387096774193548,-0.13978494623655913,-0.5913978494623656,-0.23655913978494625,-0.5268817204301075,-0.1989247311827957,-0.3279569892473118,-0.15591397849462366,-0.34408602150537637,0.010752688172043012,-0.5645161290322581,-0.07526881720430108,-0.510752688172043,-0.07526881720430108,-0.3602150537634409,-0.03763440860215054,-0.3655913978494624
0.0,0.0,-0.24858757062146894,-0.05649717514124294,-0.5254237288135594,-0.1864406779661017,-0.768361581920904,-0.20903954802259886,-0.9548022598870056,-0.192090395480226,-0.4689265536723164,-0.5254237288135594,-0.6271186440677966,-0.7231638418079096,-0.7288135593220338,-0.864406779661017,-0.8022598870056498,-1.0,-0.3220338983050847,-0.5875706214689266,-0.4406779661016949,-0.5875706214689266,-0.3559322033898305,-0.3559322033898305,-0.2824858757062147,-0.3502824858757062,-0.15819209039548024,-0.6045197740112994,-0.2598870056497175,-0.559322033898305,-0.21468926553672316,-0.3446327683615819,-0.1638418079096045,-0.3559322033898305,0.005649717514124294,-0.576271186440678,-0.0903954802259887,-0.5310734463276836,-0.0903954802259887,-0.3785310734463277,-0.04519774011299435,-0.3785310734463277
0.0,0.0,-0.26011560693641617,-0.06358381502890173,-0.5317919075144508,-0.19653179190751446,-0.7803468208092486,-0.23121387283236994,-0.9653179190751445,-0.20809248554913296,-0.47398843930635837,-0.5375722543352601,-0.6473988439306358,-0.7341040462427746,-0.7572254335260116,-0.8728323699421965,-0.838150289017341,-1.0,-0.32947976878612717,-0.6011560693641619,-0.45664739884393063,-0.6069364161849711,-0.3699421965317919,-0.3699421965317919,-0.2947976878612717,-0.3583815028901734,-0.16184971098265896,-0.6127167630057804,-0.27167630057803466,-0.5722543352601156,-0.2254335260115607,-0.35260115606936415,-0.17341040462427745,-0.36416184971098264,0.005780346820809248,-0.5895953757225434,-0.10404624277456648,-0.5549132947976878,-0.09826589595375723,-0.3872832369942196,-0.05202312138728324,-0.3815028901734104
0.0,0.0,-0.27058823529411763,-0.07058823529411765,-0.5470588235294118,-0.21764705882352942,-0.788235294117647,-0.25882352941176473,-0.9823529411764705,-0.2411764705882353,-0.48823529411764705,-0.5470588235294118,-0.6588235294117647,-0.7411764705882353,-0.7705882352941177,-0.8705882352941177,-0.8529411764705882,-1.0,-0.3352941176470588,-0.611764705882353,-0.4647058823529412,-0.6235294117647059,-0.37058823529411766,-0.37058823529411766,-0.3,-0.37058823529411766,-0.1588235294117647,-0.6235294117647059,-0.27647058823529413,-0.5823529411764706,-0.2235294117647059,-0.3588235294117647,-0.17058823529411765,-0.37058823529411766,0.011764705882352941,-0.6,-0.10588235294117647,-0.5705882352941176,-0.09411764705882353,-0.4,-0.047058823529411764,-0.3941176470588235
0.0,0.0,-0.2647058823529412,-0.07058823529411765,-0.5470588235294118,-0.2235294117647059,-0.7941176470588235,-0.27058823529411763,-0.9941176470588236,-0.2529411764705882,-0.5,-0.5470588235294118,-0.6764705882352942,-0.7411764705882353,-0.788235294117647,-0.8705882352941177,-0.8764705882352941,-1.0,-0.35294117647058826,-0.6,-0.48823529411764705,-0.6411764705882353,-0.38235294117647056,-0.38235294117647056,-0.31176470588235294,-0.37058823529411766,-0.17647058823529413,-0.611764705882353,-0.29411764705882354,-0.6,-0.22941176470588234,-0.36470588235294116,-0.17647058823529413,-0.37058823529411766,0.0,-0.5941176470588235,-0.12352941176470589,-0.5882352941176471,-0.10588235294117647,-0.4117647058823529,-0.058823529411764705,-0.3941176470588235
0.0,0.0,-0.27325581395348836,-0.08139534883720931,-0.5581395348837209,-0.2441860465116279,-0.8023255813953488,-0.3023255813953488,-1.0,-0.29069767441860467,-0.5,-0.5465116279069767,-0.6802325581395349,-0.7267441860465116,-0.8023255813953488,-0.8372093023255814,-0.9011627906976745,-0.9534883720930233,-0.3488372093023256,-0.6046511627906976,-0.4883720930232558,-0.6453488372093024,-0.38953488372093026,-0.3953488372093023,-0.3081395348837209,-0.38372093023255816,-0.1744186046511628,-0.622093023255814,-0.3023255813953488,-0.6046511627906976,-0.23837209302325582,-0.37790697674418605,-0.18023255813953487,-0.38372093023255816,0.0,-0.5988372093023255,-0.12209302325581395,-0.5813953488372093,-0.11046511627906977,-0.4127906976744186,-0.05813953488372093,-0.4011627906976744
0.0,0.0,-0.27586206896551724,-0.08620689655172414,-0.5574712643678161,-0.25287356321839083,-0.8045977011494253,-0.3103448275862069,-1.0,-0.3045977011494253,-0.4942528735632184,-0.5574712643678161,-0.6781609195402298,-0.7298850574712644,-0.8045977011494253,-0.8333333333333334,-0.896551724137931,-0.9425287356321839,-0.3390804597701149,-0.6206896551724138,-0.4827586206896552,-0.6494252873563219,-0.3850574712643678,-0.39655172413793105,-0.3045977011494253,-0.39080459770114945,-0.16091954022988506,-0.632183908045977,-0.29310344827586204,-0.6091954022988506,-0.23563218390804597,-0.3793103448275862,-0.1724137931034483,-0.3850574712643678,0.011494252873563218,-0.603448275862069,-0.11494252873563218,-0.5747126436781609,-0.10344827586206896,-0.40804597701149425,-0.05172413793103448,-0.39655172413793105
0.0,0.0,-0.27906976744186046,-0.0872093023255814,-0.5581395348837209,-0.25,-0.8081395348837209,-0.31976744186046513,-1.0,-0.3081395348837209,-0.4941860465116279,-0.5465116279069767,-0.6802325581395349,-0.7151162790697675,-0.8081395348837209,-0.813953488372093,-0.9011627906976745,-0.9244186046511628,-0.3372093023255814,-0.6104651162790697,-0.48255813953488375,-0.6569767441860465,-0.38372093023255816,-0.4011627906976744,-0.3023255813953488,-0.38953488372093026,-0.1569767441860465,-0.622093023255814,-0.29069767441860467,-0.6104651162790697,-0.23255813953488372,-0.37209302325581395,-0.16279069767441862,-0.38372093023255816,0.01744186046511628,-0.5988372093023255,-0.10465116279069768,-0.5755813953488372,-0.09883720930232558,-0.4011627906976744,-0.046511627906976744,-0.3953488372093023
0.0,0.0,-0.2807017543859649,-0.09941520467836257,-0.5614035087719298,-0.2807017543859649,-0.8128654970760234,-0.3508771929824561,-1.0,-0.34502923976608185,-0.5029239766081871,-0.5614035087719298,-0.6900584795321637,-0.7192982456140351,-0.8187134502923976,-0.8187134502923976,-0.9122807017543859,-0.9298245614035088,-0.34502923976608185,-0.631578947368421,-0.49707602339181284,-0.6666666666666666,-0.391812865497076,-0.42105263157894735,-0.30409356725146197,-0.4093567251461988,-0.16374269005847952,-0.6432748538011696,-0.2982456140350877,-0.6257309941520468,-0.23976608187134502,-0.39766081871345027,-0.1695906432748538,-0.40350877192982454,0.005847953216374269,-0.6140350877192983,-0.1111111111111111,-0.5906432748538012,-0.1111111111111111,-0.42105263157894735,-0.05263157894736842,-0.4152046783625731
0.0,0.0,-0.27647058823529413,-0.1,-0.5588235294117647,-0.29411764705882354,-0.8117647058823529,-0.3764705882352941,-1.0,-0.3764705882352941,-0.49411764705882355,-0.5705882352941176,-0.6823529411764706,-0.7352941176470589,-0.8117647058823529,-0.8352941176470589,-0.9176470588235294,-0.9470588235294117,-0.3411764705882353,-0.6352941176470588,-0.5,-0.6882352941176471,-0.3941176470588235,-0.4411764705882353,-0.3058823529411765,-0.4176470588235294,-0.16470588235294117,-0.6470588235294118,-0.3,-0.6470588235294118,-0.23529411764705882,-0.4117647058823529,-0.16470588235294117,-0.4176470588235294,0.011764705882352941,-0.6176470588235294,-0.11764705882352941,-0.611764705882353,-0.11176470588235295,-0.43529411764705883,-0.058823529411764705,-0.4235294117647059
0.0,0.0,-0.27485380116959063,-0.0935672514619883,-0.5555555555555556,-0.28654970760233917,-0.8070175438596491,-0.36257309941520466,-1.0,-0.36257309941520466,-0.4853801169590643,-0.5672514619883041,-0.6783625730994152,-0.7251461988304093,-0.8070175438596491,-0.8245614035087719,-0.9122807017543859,-0.935672514619883,-0.3333333333333333,-0.631578947368421,-0.49707602339181284,-0.6842105263157895,-0.391812865497076,-0.4269005847953216,-0.2982456140350877,-0.4093567251461988,-0.15789473684210525,-0.6374269005847953,-0.29239766081871343,-0.631578947368421,-0.22807017543859648,-0.39766081871345027,-0.15789473684210525,-0.40350877192982454,0.017543859649122806,-0.6081871345029239,-0.1111111111111111,-0.5964912280701754,-0.10526315789473684,-0.4269005847953216,-0.05263157894736842,-0.4093567251461988
0.0,0.0,-0.27485380116959063,-0.09941520467836257,-0.5614035087719298,-0.29239766081871343,-0.8070175438596491,-0.38011695906432746,-1.0,-0.38011695906432746,-0.49122807017543857,-0.5672514619883041,-0.6842105263157895,-0.7192982456140351,-0.8128654970760234,-0.8128654970760234,-0.9122807017543859,-0.9298245614035088,-0.3391812865497076,-0.631578947368421,-0.5029239766081871,-0.6900584795321637,-0.39766081871345027,-0.4327485380116959,-0.30409356725146197,-0.4152046783625731,-0.15789473684210525,-0.6432748538011696,-0.30409356725146197,-0.6432748538011696,-0.23976608187134502,-0.4093567251461988,-0.16374269005847952,-0.4152046783625731,0.017543859649122806,-0.6081871345029239,-0.11695906432748537,-0.6140350877192983,-0.1111111111111111,-0.43859649122807015,-0.05847953216374269,-0.42105263157894735
0.0,0.0,-0.27485380116959063,-0.09941520467836257,-0.5497076023391813,-0.29239766081871343,-0.8011695906432749,-0.38596491228070173,-1.0,-0.39766081871345027,-0.4853801169590643,-0.5614035087719298,-0.672514619883041,-0.7134502923976608,-0.8070175438596491,-0.8070175438596491,-0.9064327485380117,-0.9122807017543859,-0.3391812865497076,-0.6257309941520468,-0.5087719298245614,-0.7076023391812866,-0.40350877192982454,-0.4444444444444444,-0.30994152046783624,-0.42105263157894735,-0.16374269005847952,-0.631578947368421,-0.30994152046783624,-0.6549707602339181,-0.24561403508771928,-0.4152046783625731,-0.1695906432748538,-0.4152046783625731,0.011695906432748537,-0.6023391812865497,-0.1286549707602339,-0.6198830409356725,-0.11695906432748537,-0.4444444444444444,-0.05263157894736842,-0.42105263157894735
0.0,0.0,-0.27647058823529413,-0.10588235294117647,-0.5529411764705883,-0.31176470588235294,-0.8,-0.40588235294117647,-1.0,-0.4117647058823529,-0.4823529411764706,-0.5705882352941176,-0.6705882352941176,-0.7176470588235294,-0.8,-0.8058823529411765,-0.9,-0.9117647058823529,-0.32941176470588235,-0.6294117647058823,-0.5058823529411764,-0.7176470588235294,-0.40588235294117647,-0.4588235294117647,-0.3,-0.4294117647058823,-0.15294117647058825,-0.6352941176470588,-0.3058823529411765,-0.6588235294117647,-0.24705882352941178,-0.4235294117647059,-0.16470588235294117,-0.4176470588235294,0.029411764705882353,-0.6058823529411764,-0.11764705882352941,-0.6235294117647059,-0.11176470588235295,-0.4470588235294118,-0.047058823529411764,-0.4294117647058823
0.0,0.0,-0.27325581395348836,-0.10465116279069768,-0.5523255813953488,-0.313953488372093,-0.8023255813953488,-0.4069767441860465,-1.0,-0.4127906976744186,-0.48255813953488375,-0.563953488372093,-0.6744186046511628,-0.7034883720930233,-0.813953488372093,-0.7906976744186046,-0.9186046511627907,-0.8953488372093024,-0.3372093023255814,-0.622093023255814,-0.5058139534883721,-0.7151162790697675,-0.4069767441860465,-0.45930232558139533,-0.3023255813953488,-0.43023255813953487,-0.1569767441860465,-0.6337209302325582,-0.3081395348837209,-0.6569767441860465,-0.2441860465116279,-0.4186046511627907,-0.16279069767441862,-0.4127906976744186,0.01744186046511628,-0.5988372093023255,-0.12790697674418605,-0.6162790697674418,-0.11627906976744186,-0.4476744186046512,-0.05232558139534884,-0.43023255813953487
0.0,0.0,-0.27167630057803466,-0.09826589595375723,-0.5491329479768786,-0.31213872832369943,-0.7976878612716763,-0.4161849710982659,-1.0,-0.4161849710982659,-0.4797687861271676,-0.5606936416184971,-0.6647398843930635,-0.6936416184971098,-0.7976878612716763,-0.7745664739884393,-0.9132947976878613,-0.8728323699421965,-0.3352601156069364,-0.630057803468208,-0.5144508670520231,-0.7167630057803468,-0.4046242774566474,-0.45664739884393063,-0.30057803468208094,-0.43352601156069365,-0.16184971098265896,-0.6358381502890174,-0.3179190751445087,-0.6647398843930635,-0.24855491329479767,-0.42196531791907516,-0.1676300578034682,-0.4161849710982659,0.011560693641618497,-0.6069364161849711,-0.1329479768786127,-0.6184971098265896,-0.12138728323699421,-0.44508670520231214,-0.05202312138728324,-0.4277456647398844
0.0,0.0,-0.27647058823529413,-0.1,-0.5470588235294118,-0.3058823529411765,-0.7941176470588235,-0.4176470588235294,-1.0,-0.43529411764705883,-0.48823529411764705,-0.5705882352941176,-0.6823529411764706,-0.7,-0.8235294117647058,-0.7764705882352941,-0.9352941176470588,-0.8705882352941177,-0.3411764705882353,-0.6411764705882353,-0.5235294117647059,-0.7294117647058823,-0.4117647058823529,-0.4647058823529412,-0.3058823529411765,-0.43529411764705883,-0.16470588235294117,-0.6470588235294118,-0.3235294117647059,-0.6705882352941176,-0.2529411764705882,-0.4294117647058823,-0.17058823529411765,-0.4235294117647059,0.011764705882352941,-0.6176470588235294,-0.13529411764705881,-0.6235294117647059,-0.12352941176470589,-0.45294117647058824,-0.052941176470588235,-0.43529411764705883
0.0,0.0,-0.27380952380952384,-0.09523809523809523,-0.5416666666666666,-0.2976190476190476,-0.7857142857142857,-0.4107142857142857,-1.0,-0.43452380952380953,-0.49404761904761907,-0.5595238095238095,-0.6785714285714286,-0.6845238095238095,-0.8214285714285714,-0.7619047619047619,-0.9345238095238095,-0.8511904761904762,-0.34523809523809523,-0.625,-0.5238095238095238,-0.7261904761904762,-0.4166666666666667,-0.4642857142857143,-0.30952380952380953,-0.43452380952380953,-0.16666666666666666,-0.6428571428571429,-0.3273809523809524,-0.6666666666666666,-0.25595238095238093,-0.4226190476190476,-0.17261904761904762,-0.4107142857142857,0.011904761904761904,-0.6130952380952381,-0.14285714285714285,-0.625,-0.125,-0.4523809523809524,-0.05357142857142857,-0.43452380952380953
0.0,0.0,-0.27647058823529413,-0.1,-0.5411764705882353,-0.3058823529411765,-0.788235294117647,-0.4117647058823529,-1.0,-0.43529411764705883,-0.48823529411764705,-0.5764705882352941,-0.6705882352941176,-0.6882352941176471,-0.8176470588235294,-0.7529411764705882,-0.9352941176470588,-0.8411764705882353,-0.3411764705882353,-0.6411764705882353,-0.5294117647058824,-0.7235294117647059,-0.4176470588235294,-0.4647058823529412,-0.31176470588235294,-0.4411764705882353,-0.16470588235294117,-0.6470588235294118,-0.3235294117647059,-0.6705882352941176,-0.25882352941176473,-0.4294117647058823,-0.17647058823529413,-0.4235294117647059,0.0058823529411764705,-0.6176470588235294,-0.1411764705882353,-0.6176470588235294,-0.12352941176470589,-0.4470588235294118,-0.058823529411764705,-0.43529411764705883
0.0,0.0,-0.27647058823529413,-0.10588235294117647,-0.5470588235294118,-0.3235294117647059,-0.788235294117647,-0.4411764705882353,-1.0,-0.4647058823529412,-0.48823529411764705,-0.5764705882352941,-0.6705882352941176,-0.6941176470588235,-0.8117647058823529,-0.7588235294117647,-0.9294117647058824,-0.8470588235294118,-0.3411764705882353,-0.6470588235294118,-0.5235294117647059,-0.7411764705882353,-0.4117647058823529,-0.4823529411764706,-0.3,-0.45294117647058824,-0.1588235294117647,-0.6529411764705882,-0.3176470588235294,-0.6823529411764706,-0.24705882352941178,-0.43529411764705883,-0.16470588235294117,-0.43529411764705883,0.01764705882352941,-0.6235294117647059,-0.13529411764705881,-0.6294117647058823,-0.11764705882352941,-0.4588235294117647,-0.052941176470588235,-0.4470588235294118
0.0,0.0,-0.2754491017964072,-0.09580838323353294,-0.5449101796407185,-0.31736526946107785,-0.7844311377245509,-0.437125748502994,-1.0,-0.46107784431137727,-0.47904191616766467,-0.5868263473053892,-0.6826347305389222,-0.688622754491018,-0.8203592814371258,-0.7485029940119761,-0.9401197604790419,-0.8383233532934131,-0.32934131736526945,-0.6526946107784432,-0.5329341317365269,-0.7305389221556886,-0.41916167664670656,-0.47305389221556887,-0.31137724550898205,-0.46107784431137727,-0.1497005988023952,-0.6586826347305389,-0.32335329341317365,-0.688622754491018,-0.25748502994011974,-0.4431137724550898,-0.16766467065868262,-0.4431137724550898,0.029940119760479042,-0.6227544910179641,-0.12574850299401197,-0.6287425149700598,-0.11377245508982035,-0.46107784431137727,-0.041916167664670656,-0.4431137724550898
0.0,0.0,-0.2822085889570552,-0.09815950920245399,-0.5460122699386503,-0.31901840490797545,-0.7852760736196319,-0.44785276073619634,-1.0,-0.49079754601226994,-0.49079754601226994,-0.5644171779141104,-0.6809815950920245,-0.6871165644171779,-0.8282208588957055,-0.754601226993865,-0.9447852760736196,-0.8404907975460123,-0.3374233128834356,-0.6319018404907976,-0.5276073619631901,-0.7484662576687117,-0.4171779141104294,-0.4785276073619632,-0.3067484662576687,-0.43558282208588955,-0.15337423312883436,-0.6441717791411042,-0.31901840490797545,-0.6871165644171779,-0.25153374233128833,-0.43558282208588955,-0.1656441717791411,-0.4110429447852761,0.024539877300613498,-0.6073619631901841,-0.12269938650306748,-0.6257668711656442,-0.11042944785276074,-0.44785276073619634,-0.04294478527607362,-0.4233128834355828
0.0,0.0,-0.2732919254658385,-0.09937888198757763,-0.5403726708074534,-0.3105590062111801,-0.782608695652174,-0.4472049689440994,-1.0,-0.5031055900621118,-0.5093167701863354,-0.5714285714285714,-0.6956521739130435,-0.6956521739130435,-0.84472049689441,-0.7639751552795031,-0.9565217391304348,-0.8571428571428571,-0.34782608695652173,-0.6459627329192547,-0.5403726708074534,-0.7639751552795031,-0.42857142857142855,-0.4906832298136646,-0.3167701863354037,-0.45962732919254656,-0.15527950310559005,-0.6583850931677019,-0.32919254658385094,-0.7080745341614907,-0.2608695652173913,-0.4472049689440994,-0.17391304347826086,-0.43478260869565216,0.024844720496894408,-0.6273291925465838,-0.13043478260869565,-0.639751552795031,-0.11180124223602485,-0.4658385093167702,-0.043478260869565216,-0.4409937888198758
0.0,0.0,-0.2777777777777778,-0.1111111111111111,-0.5432098765432098,-0.3333333333333333,-0.7777777777777778,-0.4691358024691358,-1.0,-0.5370370370370371,-0.5061728395061729,-0.5987654320987654,-0.691358024691358,-0.7098765432098766,-0.8333333333333334,-0.7777777777777778,-0.9444444444444444,-0.8703703703703703,-0.3395061728395062,-0.6728395061728395,-0.5432098765432098,-0.7654320987654321,-0.43209876543209874,-0.4876543209876543,-0.3148148148148148,-0.4691358024691358,-0.15432098765432098,-0.6790123456790124,-0.3333333333333333,-0.7160493827160493,-0.2654320987654321,-0.4567901234567901,-0.17901234567901234,-0.4506172839506173,0.024691358024691357,-0.6419753086419753,-0.12962962962962962,-0.654320987654321,-0.11728395061728394,-0.47530864197530864,-0.04938271604938271,-0.4506172839506173
0.0,0.0,-0.2716049382716049,-0.1111111111111111,-0.5432098765432098,-0.3333333333333333,-0.7839506172839507,-0.48148148148148145,-1.0,-0.5493827160493827,-0.5,-0.5925925925925926,-0.6851851851851852,-0.7160493827160493,-0.8333333333333334,-0.7839506172839507,-0.9444444444444444,-0.8765432098765432,-0.3395061728395062,-0.6604938271604939,-0.5370370370370371,-0.7716049382716049,-0.41975308641975306,-0.49382716049382713,-0.30864197530864196,-0.47530864197530864,-0.15432098765432098,-0.6728395061728395,-0.3333333333333333,-0.7222222222222222,-0.25925925925925924,-0.46296296296296297,-0.1728395061728395,-0.4567901234567901,0.024691358024691357,-0.6419753086419753,-0.13580246913580246,-0.6604938271604939,-0.11728395061728394,-0.48148148148148145,-0.043209876543209874,-0.46296296296296297
0.0,0.0,-0.2721518987341772,-0.10126582278481013,-0.5443037974683544,-0.3227848101265823,-0.7784810126582279,-0.47468354430379744,-1.0,-0.5506329113924051,-0.5063291139240507,-0.5949367088607594,-0.7025316455696202,-0.7151898734177216,-0.8544303797468354,-0.7848101265822784,-0.9683544303797469,-0.879746835443038,-0.34177215189873417,-0.6645569620253164,-0.5443037974683544,-0.7721518987341772,-0.43037974683544306,-0.4936708860759494,-0.3227848101265823,-0.47468354430379744,-0.1518987341772152,-0.6772151898734177,-0.33544303797468356,-0.7215189873417721,-0.25949367088607594,-0.45569620253164556,-0.17088607594936708,-0.45569620253164556,0.03164556962025317,-0.6455696202531646,-0.12658227848101267,-0.6645569620253164,-0.11392405063291139,-0.4810126582278481,-0.04430379746835443,-0.4620253164556962
0.0,0.0,-0.2777777777777778,-0.09876543209876543,-0.5432098765432098,-0.3148148148148148,-0.7777777777777778,-0.46296296296296297,-1.0,-0.5308641975308642,-0.5061728395061729,-0.5802469135802469,-0.6975308641975309,-0.691358024691358,-0.8395061728395061,-0.7530864197530864,-0.9506172839506173,-0.845679012345679,-0.345679012345679,-0.654320987654321,-0.5432098765432098,-0.7530864197530864,-0.43209876543209874,-0.47530864197530864,-0.3271604938271605,-0.47530864197530864,-0.16049382716049382,-0.6604938271604939,-0.3395061728395062,-0.7037037037037037,-0.2716049382716049,-0.4444444444444444,-0.18518518518518517,-0.4444444444444444,0.018518518518518517,-0.6296296296296297,-0.13580246913580246,-0.6358024691358025,-0.12345679012345678,-0.46296296296296297,-0.04938271604938271,-0.4506172839506173
0.0,0.0,-0.27607361963190186,-0.10429447852760736,-0.5460122699386503,-0.32515337423312884,-0.7791411042944786,-0.4601226993865031,-1.0,-0.5214723926380368,-0.49079754601226994,-0.5766871165644172,-0.6748466257668712,-0.6871165644171779,-0.8220858895705522,-0.7484662576687117,-0.9386503067484663,-0.8343558282208589,-0.3374233128834356,-0.6503067484662577,-0.5337423312883436,-0.7361963190184049,-0.4233128834355828,-0.4723926380368098,-0.3128834355828221,-0.4539877300613497,-0.15337423312883436,-0.656441717791411,-0.32515337423312884,-0.6871165644171779,-0.25766871165644173,-0.43558282208588955,-0.17177914110429449,-0.4294478527607362,0.024539877300613498,-0.6257668711656442,-0.12883435582822086,-0.6319018404907976,-0.1165644171779141,-0.4539877300613497,-0.04294478527607362,-0.43558282208588955
0.0,0.0,-0.2838709677419355,-0.10967741935483871,-0.5548387096774193,-0.34838709677419355,-0.7870967741935484,-0.49032258064516127,-1.0,-0.5483870967741935,-0.45806451612903226,-0.6451612903225806,-0.6709677419354839,-0.7096774193548387,-0.8193548387096774,-0.7548387096774194,-0.9483870967741935,-0.832258064516129,-0.3032258064516129,-0.7290322580645161,-0.535483870967742,-0.7677419354838709,-0.4258064516129032,-0.49032258064516127,-0.3096774193548387,-0.4838709677419355,-0.11612903225806452,-0.7354838709677419,-0.32903225806451614,-0.7225806451612903,-0.2645161290322581,-0.4645161290322581,-0.16129032258064516,-0.47096774193548385,0.05806451612903226,-0.6838709677419355,-0.12258064516129032,-0.6516129032258065,-0.10967741935483871,-0.4774193548387097,-0.03225806451612903,-0.47096774193548385
0.0,0.0,-0.2792207792207792,-0.11038961038961038,-0.551948051948052,-0.34415584415584416,-0.7792207792207793,-0.487012987012987,-1.0,-0.551948051948052,-0.44155844155844154,-0.6363636363636364,-0.6558441558441559,-0.7142857142857143,-0.8116883116883117,-0.7597402597402597,-0.935064935064935,-0.8376623376623377,-0.2922077922077922,-0.7077922077922078,-0.5194805194805194,-0.7727272727272727,-0.4155844155844156,-0.4935064935064935,-0.2922077922077922,-0.474025974025974,-0.1038961038961039,-0.7077922077922078,-0.3181818181818182,-0.7207792207792207,-0.2532467532467532,-0.45454545454545453,-0.14935064935064934,-0.45454545454545453,0.07142857142857142,-0.6688311688311688,-0.11688311688311688,-0.6558441558441559,-0.1038961038961039,-0.474025974025974,-0.01948051948051948,-0.45454545454545453
0.0,0.0,-0.27741935483870966,-0.10967741935483871,-0.5548387096774193,-0.34838709677419355,-0.7870967741935484,-0.49032258064516127,-1.0,-0.5548387096774193,-0.45806451612903226,-0.632258064516129,-0.6645161290322581,-0.7161290322580646,-0.8129032258064516,-0.7677419354838709,-0.9354838709677419,-0.8451612903225807,-0.3032258064516129,-0.7096774193548387,-0.5290322580645161,-0.7806451612903226,-0.4258064516129032,-0.4967741935483871,-0.3032258064516129,-0.4645161290322581,-0.11612903225806452,-0.7161290322580646,-0.3225806451612903,-0.7225806451612903,-0.25806451612903225,-0.4645161290322581,-0.15483870967741936,-0.45161290322580644,0.06451612903225806,-0.6774193548387096,-0.12258064516129032,-0.6580645161290323,-0.10967741935483871,-0.4774193548387097,-0.025806451612903226,-0.45806451612903226
0.0,0.0,-0.2751677852348993,-0.10738255033557047,-0.5570469798657718,-0.348993288590604,-0.785234899328859,-0.5033557046979866,-1.0,-0.5771812080536913,-0.4429530201342282,-0.6644295302013423,-0.6711409395973155,-0.738255033557047,-0.825503355704698,-0.7785234899328859,-0.9530201342281879,-0.8523489932885906,-0.28859060402684567,-0.738255033557047,-0.5234899328859061,-0.7986577181208053,-0.4228187919463087,-0.5033557046979866,-0.30201342281879195,-0.4899328859060403,-0.10067114093959731,-0.738255033557047,-0.3221476510067114,-0.7449664429530202,-0.26174496644295303,-0.4697986577181208,-0.15436241610738255,-0.4697986577181208,0.08053691275167785,-0.6912751677852349,-0.11409395973154363,-0.6778523489932886,-0.10738255033557047,-0.4899328859060403,-0.026845637583892617,-0.4697986577181208
0.0,0.0,-0.28,-0.11333333333333333,-0.56,-0.3466666666666667,-0.7866666666666666,-0.49333333333333335,-1.0,-0.5666666666666667,-0.4533333333333333,-0.64,-0.66,-0.72,-0.8133333333333334,-0.7666666666666667,-0.94,-0.84,-0.29333333333333333,-0.7133333333333334,-0.52,-0.7866666666666666,-0.4266666666666667,-0.49333333333333335,-0.3,-0.48,-0.10666666666666667,-0.72,-0.32,-0.7333333333333333,-0.26,-0.4666666666666667,-0.15333333333333332,-0.4666666666666667,0.07333333333333333,-0.6733333333333333,-0.11333333333333333,-0.6666666666666666,-0.10666666666666667,-0.48,-0.02,-0.4533333333333333
0.0,0.0,-0.28,-0.11333333333333333,-0.5533333333333333,-0.3466666666666667,-0.7866666666666666,-0.49333333333333335,-1.0,-0.5733333333333334,-0.4533333333333333,-0.66,-0.66,-0.7333333333333333,-0.82,-0.78,-0.9466666666666667,-0.8533333333333334,-0.29333333333333333,-0.7333333333333333,-0.5266666666666666,-0.7866666666666666,-0.4266666666666667,-0.5,-0.3,-0.48,-0.10666666666666667,-0.74,-0.32,-0.74,-0.26,-0.47333333333333333,-0.15333333333333332,-0.4666666666666667,0.07333333333333333,-0.6866666666666666,-0.11333333333333333,-0.6666666666666666,-0.10666666666666667,-0.48,-0.02,-0.46
0.0,0.0,-0.2781456953642384,-0.10596026490066225,-0.5562913907284768,-0.33112582781456956,-0.7880794701986755,-0.4768211920529801,-1.0,-0.5496688741721855,-0.44370860927152317,-0.6225165562913907,-0.6556291390728477,-0.7086092715231788,-0.8079470198675497,-0.7549668874172185,-0.9271523178807947,-0.8278145695364238,-0.2847682119205298,-0.6887417218543046,-0.5165562913907285,-0.7682119205298014,-0.41721854304635764,-0.48344370860927155,-0.2980132450331126,-0.46357615894039733,-0.10596026490066225,-0.6887417218543046,-0.31125827814569534,-0.7086092715231788,-0.25165562913907286,-0.44370860927152317,-0.1456953642384106,-0.44370860927152317,0.0728476821192053,-0.6490066225165563,-0.11258278145695365,-0.6423841059602649,-0.09933774834437085,-0.45695364238410596,-0.019867549668874173,-0.4370860927152318
0.0,0.0,-0.28289473684210525,-0.1118421052631579,-0.5592105263157895,-0.35526315789473684,-0.7894736842105263,-0.5,-1.0,-0.5657894736842105,-0.4473684210526316,-0.6447368421052632,-0.6578947368421053,-0.7236842105263158,-0.8092105263157895,-0.7697368421052632,-0.9276315789473685,-0.8486842105263158,-0.29605263157894735,-0.7236842105263158,-0.5263157894736842,-0.7763157894736842,-0.42105263157894735,-0.4934210526315789,-0.29605263157894735,-0.47368421052631576,-0.10526315789473684,-0.7302631578947368,-0.3157894736842105,-0.7236842105263158,-0.2565789473684211,-0.46710526315789475,-0.1513157894736842,-0.4605263157894737,0.07894736842105263,-0.6842105263157895,-0.1118421052631579,-0.6644736842105263,-0.09868421052631579,-0.48026315789473684,-0.019736842105263157,-0.4605263157894737
0.0,0.0,-0.2781456953642384,-0.11258278145695365,-0.5496688741721855,-0.33112582781456956,-0.7880794701986755,-0.47019867549668876,-1.0,-0.5364238410596026,-0.45695364238410596,-0.6357615894039735,-0.6688741721854304,-0.7086092715231788,-0.8145695364238411,-0.7483443708609272,-0.9337748344370861,-0.8211920529801324,-0.2980132450331126,-0.7086092715231788,-0.5298013245033113,-0.7682119205298014,-0.423841059602649,-0.4900662251655629,-0.304635761589404,-0.48344370860927155,-0.11920529801324503,-0.7152317880794702,-0.32450331125827814,-0.7152317880794702,-0.2582781456953642,-0.45695364238410596,-0.15894039735099338,-0.45695364238410596,0.059602649006622516,-0.6688741721854304,-0.11920529801324503,-0.6490066225165563,-0.10596026490066225,-0.47019867549668876,-0.026490066225165563,-0.4503311258278146
0.0,0.0,-0.28104575163398693,-0.1111111111111111,-0.5555555555555556,-0.3464052287581699,-0.7843137254901961,-0.48366013071895425,-1.0,-0.5424836601307189,-0.45098039215686275,-0.6339869281045751,-0.6535947712418301,-0.7124183006535948,-0.7908496732026143,-0.7516339869281046,-0.9150326797385621,-0.8300653594771242,-0.29411764705882354,-0.7124183006535948,-0.5228758169934641,-0.7647058823529411,-0.4117647058823529,-0.48366013071895425,-0.29411764705882354,-0.477124183006536,-0.1111111111111111,-0.7124183006535948,-0.3137254901960784,-0.7124183006535948,-0.24836601307189543,-0.45098039215686275,-0.1503267973856209,-0.45098039215686275,0.0718954248366013,-0.6666666666666666,-0.11764705882352941,-0.6470588235294118,-0.10457516339869281,-0.47058823529411764,-0.0196078431372549,-0.45098039215686275
0.0,0.0,-0.28187919463087246,-0.11409395973154363,-0.5570469798657718,-0.3422818791946309,-0.785234899328859,-0.4899328859060403,-1.0,-0.5570469798657718,-0.4429530201342282,-0.6577181208053692,-0.6644295302013423,-0.7181208053691275,-0.8120805369127517,-0.7516778523489933,-0.9328859060402684,-0.825503355704698,-0.28187919463087246,-0.7315436241610739,-0.5369127516778524,-0.7651006711409396,-0.42953020134228187,-0.48322147651006714,-0.30201342281879195,-0.48322147651006714,-0.09395973154362416,-0.7315436241610739,-0.3288590604026846,-0.7181208053691275,-0.26174496644295303,-0.4563758389261745,-0.15436241610738255,-0.46308724832214765,0.08053691275167785,-0.6845637583892618,-0.11409395973154363,-0.6577181208053692,-0.10738255033557047,-0.4697986577181208,-0.020134228187919462,-0.4563758389261745
0.0,0.0,-0.28,-0.11333333333333333,-0.5533333333333333,-0.34,-0.7866666666666666,-0.48,-1.0,-0.5533333333333333,-0.4533333333333333,-0.64,-0.66,-0.7133333333333334,-0.8,-0.76,-0.9133333333333333,-0.84,-0.29333333333333333,-0.72,-0.5266666666666666,-0.7733333333333333,-0.42,-0.49333333333333335,-0.3,-0.48,-0.10666666666666667,-0.7266666666666667,-0.32,-0.7333333333333333,-0.25333333333333335,-0.4666666666666667,-0.14666666666666667,-0.4666666666666667,0.07333333333333333,-0.68,-0.11333333333333333,-0.66,-0.1,-0.48,-0.013333333333333334,-0.46
