0.0,0.0,-0.2518518518518518,-0.4,-0.26666666666666666,-0.7851851851851852,-0.0962962962962963,-1.0,0.08148148148148149,-0.9555555555555556,0.2740740740740741,-0.9777777777777777,0.17777777777777778,-0.9925925925925926,0.1037037037037037,-0.8814814814814815,0.06666666666666667,-0.7851851851851852,0.4962962962962963,-0.8296296296296296,0.37037037037037035,-0.8518518518518519,0.2740740740740741,-0.7555555555555555,0.21481481481481482,-0.6370370370370371,0.6370370370370371,-0.6370370370370371,0.4962962962962963,-0.6814814814814815,0.4,-0.6148148148148148,0.31851851851851853,-0.5037037037037037,0.7185185185185186,-0.4444444444444444,0.6296296296296297,-0.5185185185185185,0.5407407407407407,-0.45925925925925926,0.4666666666666667,-0.37037037037037035
0.0,0.0,-0.23741007194244604,-0.4028776978417266,-0.2446043165467626,-0.7913669064748201,-0.07194244604316546,-1.0,0.08633093525179857,-0.9280575539568345,0.28776978417266186,-0.9568345323741008,0.20863309352517986,-0.9640287769784173,0.1366906474820144,-0.8561151079136691,0.10071942446043165,-0.7697841726618705,0.5035971223021583,-0.8129496402877698,0.4028776978417266,-0.8273381294964028,0.31654676258992803,-0.7338129496402878,0.2517985611510791,-0.6258992805755396,0.6402877697841727,-0.6258992805755396,0.5179856115107914,-0.6546762589928058,0.4244604316546763,-0.5899280575539568,0.34532374100719426,-0.4892086330935252,0.7122302158273381,-0.4316546762589928,0.6402877697841727,-0.49640287769784175,0.5539568345323741,-0.4460431654676259,0.4892086330935252,-0.3597122302158273
0.0,0.0,-0.2357142857142857,-0.3,-0.34285714285714286,-0.6285714285714286,-0.2642857142857143,-0.9285714285714286,-0.09285714285714286,-0.9928571428571429,-0.07857142857142857,-0.6857142857142857,-0.007142857142857143,-1.0,-0.09285714285714286,-0.9071428571428571,-0.12142857142857143,-0.7857142857142857,0.15714285714285714,-0.6142857142857143,0.17142857142857143,-0.95,0.08571428571428572,-0.8642857142857143,0.07142857142857142,-0.7428571428571429,0.34285714285714286,-0.5428571428571428,0.3357142857142857,-0.8571428571428571,0.25,-0.7928571428571428,0.22142857142857142,-0.6785714285714286,0.4928571428571429,-0.4642857142857143,0.45714285714285713,-0.75,0.38571428571428573,-0.6857142857142857,0.36428571428571427,-0.5714285714285714
0.0,0.0,-0.19718309859154928,-0.2887323943661972,-0.2746478873239437,-0.6056338028169014,-0.22535211267605634,-0.9014084507042254,-0.06338028169014084,-1.0,-0.1619718309859155,-0.6690140845070423,0.014084507042253521,-1.0,-0.014084507042253521,-0.9014084507042254,-0.07042253521126761,-0.7816901408450704,0.04929577464788732,-0.5845070422535211,0.19014084507042253,-0.9436619718309859,0.15492957746478872,-0.8450704225352113,0.11971830985915492,-0.7323943661971831,0.2605633802816901,-0.5,0.36619718309859156,-0.8450704225352113,0.30985915492957744,-0.7535211267605634,0.2605633802816901,-0.6408450704225352,0.43661971830985913,-0.4014084507042254,0.4788732394366197,-0.7183098591549296,0.4225352112676056,-0.6408450704225352,0.3873239436619718,-0.5352112676056338
0.0,0.0,-0.14,-0.3,-0.14666666666666667,-0.6066666666666667,-0.03333333333333333,-0.8533333333333334,0.12666666666666668,-0.9666666666666667,-0.20666666666666667,-0.6866666666666666,0.09333333333333334,-1.0,0.12,-0.8866666666666667,0.04666666666666667,-0.7733333333333333,-0.04,-0.58,0.24666666666666667,-0.9133333333333333,0.24666666666666667,-0.7933333333333333,0.16666666666666666,-0.6733333333333333,0.13333333333333333,-0.47333333333333333,0.36666666666666664,-0.7933333333333333,0.36,-0.68,0.28,-0.5666666666666667,0.30666666666666664,-0.36666666666666664,0.4533333333333333,-0.6666666666666666,0.44,-0.5666666666666667,0.38,-0.46
0.0,0.0,-0.1888111888111888,-0.2867132867132867,-0.2727272727272727,-0.6223776223776224,-0.22377622377622378,-0.9230769230769231,-0.055944055944055944,-1.0,-0.1048951048951049,-0.6223776223776224,0.027972027972027972,-0.986013986013986,-0.027972027972027972,-0.9020979020979021,-0.06993006993006994,-0.7762237762237763,0.11188811188811189,-0.5314685314685315,0.2097902097902098,-0.9300699300699301,0.15384615384615385,-0.8461538461538461,0.1258741258741259,-0.7202797202797203,0.3146853146853147,-0.44755244755244755,0.3916083916083916,-0.8321678321678322,0.32167832167832167,-0.7482517482517482,0.27972027972027974,-0.6293706293706294,0.48951048951048953,-0.3706293706293706,0.5174825174825175,-0.6923076923076923,0.44755244755244755,-0.6363636363636364,0.4195804195804196,-0.5244755244755245
0.0,0.0,-0.2689655172413793,-0.2827586206896552,-0.4,-0.6068965517241379,-0.33793103448275863,-0.9103448275862069,-0.15862068965517243,-0.9862068965517241,-0.006896551724137931,-0.5586206896551724,-0.09655172413793103,-1.0,-0.19310344827586207,-0.8551724137931035,-0.1793103448275862,-0.7103448275862069,0.22758620689655173,-0.5379310344827586,0.11724137931034483,-0.9724137931034482,0.0,-0.8551724137931035,0.013793103448275862,-0.7310344827586207,0.4068965517241379,-0.5103448275862069,0.296551724137931,-0.9172413793103448,0.18620689655172415,-0.8137931034482758,0.19310344827586207,-0.6896551724137931,0.5172413793103449,-0.47586206896551725,0.42758620689655175,-0.8137931034482758,0.3310344827586207,-0.7517241379310344,0.33793103448275863,-0.6275862068965518
0.0,0.0,-0.30656934306569344,-0.22627737226277372,-0.4744525547445255,-0.5328467153284672,-0.4744525547445255,-0.8613138686131386,-0.32116788321167883,-0.9781021897810219,0.029197080291970802,-0.5328467153284672,-0.17518248175182483,-1.0,-0.2846715328467153,-0.8467153284671532,-0.2773722627737226,-0.6788321167883211,0.24817518248175183,-0.5620437956204379,-0.021897810218978103,-1.0,-0.1386861313868613,-0.8686131386861314,-0.11678832116788321,-0.7299270072992701,0.3795620437956204,-0.583941605839416,0.11678832116788321,-0.9708029197080292,0.0072992700729927005,-0.8613138686131386,0.021897810218978103,-0.7299270072992701,0.45255474452554745,-0.5985401459854015,0.23357664233576642,-0.8978102189781022,0.1386861313868613,-0.8175182481751825,0.16058394160583941,-0.7153284671532847
0.0,0.0,-0.2642857142857143,-0.2785714285714286,-0.39285714285714285,-0.6214285714285714,-0.32142857142857145,-0.9285714285714286,-0.15,-1.0,-0.11428571428571428,-0.5928571428571429,-0.07857142857142857,-0.9785714285714285,-0.17857142857142858,-0.8928571428571429,-0.19285714285714287,-0.7714285714285715,0.12142857142857143,-0.5571428571428572,0.08571428571428572,-0.9428571428571428,-0.014285714285714285,-0.85,-0.014285714285714285,-0.7285714285714285,0.30714285714285716,-0.5285714285714286,0.24285714285714285,-0.8714285714285714,0.15,-0.7928571428571428,0.1357142857142857,-0.6785714285714286,0.45,-0.4928571428571429,0.37142857142857144,-0.7785714285714286,0.3,-0.7142857142857143,0.3,-0.6142857142857143
0.0,0.0,-0.13194444444444445,-0.2986111111111111,-0.1527777777777778,-0.6180555555555556,-0.0763888888888889,-0.875,0.04861111111111111,-1.0,-0.20833333333333334,-0.7083333333333334,0.09722222222222222,-1.0,0.14583333333333334,-0.9027777777777778,0.0763888888888889,-0.7916666666666666,-0.034722222222222224,-0.6111111111111112,0.2638888888888889,-0.8888888888888888,0.2777777777777778,-0.7777777777777778,0.19444444444444445,-0.6736111111111112,0.1597222222222222,-0.5138888888888888,0.4027777777777778,-0.7777777777777778,0.3958333333333333,-0.6736111111111112,0.3263888888888889,-0.5763888888888888,0.3472222222222222,-0.4166666666666667,0.5069444444444444,-0.6736111111111112,0.4930555555555556,-0.5694444444444444,0.4375,-0.4722222222222222
0.0,0.0,-0.10948905109489052,-0.291970802919708,-0.13138686131386862,-0.6204379562043796,-0.051094890510948905,-0.8540145985401459,0.072992700729927,-0.9343065693430657,-0.22627737226277372,-0.7664233576642335,0.1897810218978102,-1.0,0.21897810218978103,-0.8686131386861314,0.12408759124087591,-0.781021897810219,-0.1386861313868613,-0.6715328467153284,0.31386861313868614,-0.9051094890510949,0.29927007299270075,-0.7518248175182481,0.1897810218978102,-0.6715328467153284,-0.0072992700729927005,-0.5547445255474452,0.39416058394160586,-0.7737226277372263,0.36496350364963503,-0.635036496350365,0.25547445255474455,-0.5620437956204379,0.1386861313868613,-0.4233576642335766,0.45255474452554745,-0.6496350364963503,0.4233576642335766,-0.5401459854014599,0.32116788321167883,-0.45255474452554745
0.0,0.0,-0.2196969696969697,-0.25,-0.3181818181818182,-0.6212121212121212,-0.2727272727272727,-0.9242424242424242,-0.16666666666666666,-1.0,-0.3712121212121212,-0.49242424242424243,-0.14393939393939395,-0.9621212121212122,-0.08333333333333333,-0.8636363636363636,-0.13636363636363635,-0.696969696969697,-0.1590909090909091,-0.3712121212121212,0.06818181818181818,-0.8863636363636364,0.09090909090909091,-0.7575757575757576,0.022727272727272728,-0.5833333333333334,0.06818181818181818,-0.2878787878787879,0.24242424242424243,-0.7803030303030303,0.23484848484848486,-0.6515151515151515,0.18181818181818182,-0.4772727272727273,0.2878787878787879,-0.22727272727272727,0.3939393939393939,-0.6439393939393939,0.36363636363636365,-0.5454545454545454,0.3106060606060606,-0.38636363636363635
0.0,0.0,-0.26174496644295303,-0.28187919463087246,-0.37583892617449666,-0.6241610738255033,-0.3288590604026846,-0.9194630872483222,-0.18120805369127516,-0.9530201342281879,-0.026845637583892617,-0.6711409395973155,-0.087248322147651,-1.0,-0.174496644295302,-0.8791946308724832,-0.174496644295302,-0.7516778523489933,0.18120805369127516,-0.6375838926174496,0.08053691275167785,-0.9530201342281879,-0.013422818791946308,-0.8523489932885906,-0.006711409395973154,-0.738255033557047,0.348993288590604,-0.5906040268456376,0.2348993288590604,-0.8791946308724832,0.1476510067114094,-0.7986577181208053,0.14093959731543623,-0.6912751677852349,0.46308724832214765,-0.5369127516778524,0.35570469798657717,-0.785234899328859,0.28859060402684567,-0.7181208053691275,0.28859060402684567,-0.610738255033557
0.0,0.0,-0.3106060606060606,-0.2878787878787879,-0.4166666666666667,-0.6287878787878788,-0.3333333333333333,-0.8939393939393939,-0.18181818181818182,-0.9242424242424242,-0.03787878787878788,-0.8712121212121212,-0.09848484848484848,-1.0,-0.15151515151515152,-0.8863636363636364,-0.16666666666666666,-0.7803030303030303,0.18181818181818182,-0.803030303030303,0.07575757575757576,-0.9015151515151515,0.007575757575757576,-0.803030303030303,0.0,-0.6818181818181818,0.3409090909090909,-0.7045454545454546,0.22727272727272727,-0.7878787878787878,0.1590909090909091,-0.7121212121212122,0.12878787878787878,-0.5984848484848485,0.4621212121212121,-0.5833333333333334,0.36363636363636365,-0.6893939393939394,0.30303030303030304,-0.6136363636363636,0.2878787878787879,-0.5075757575757576
0.0,0.0,-0.35964912280701755,-0.2894736842105263,-0.5,-0.6491228070175439,-0.41228070175438597,-0.8771929824561403,-0.22807017543859648,-0.868421052631579,-0.05263157894736842,-1.0,-0.13157894736842105,-0.9385964912280702,-0.16666666666666666,-0.8070175438596491,-0.17543859649122806,-0.7105263157894737,0.19298245614035087,-0.9298245614035088,0.09649122807017543,-0.8859649122807017,0.043859649122807015,-0.7719298245614035,0.02631578947368421,-0.6491228070175439,0.37719298245614036,-0.7894736842105263,0.2543859649122807,-0.7543859649122807,0.19298245614035087,-0.6666666666666666,0.15789473684210525,-0.5614035087719298,0.5087719298245614,-0.631578947368421,0.39473684210526316,-0.6403508771929824,0.3333333333333333,-0.5614035087719298,0.2982456140350877,-0.4649122807017544
0.0,0.0,-0.2482758620689655,-0.2689655172413793,-0.38620689655172413,-0.593103448275862,-0.3448275862068966,-0.903448275862069,-0.1793103448275862,-0.993103448275862,-0.15172413793103448,-0.6413793103448275,-0.09655172413793103,-1.0,-0.15862068965517243,-0.903448275862069,-0.1793103448275862,-0.7793103448275862,0.0896551724137931,-0.5862068965517241,0.09655172413793103,-0.9724137931034482,0.027586206896551724,-0.8827586206896552,0.013793103448275862,-0.7517241379310344,0.2896551724137931,-0.5448275862068965,0.2689655172413793,-0.8827586206896552,0.19310344827586207,-0.8068965517241379,0.16551724137931034,-0.6896551724137931,0.4482758620689655,-0.4827586206896552,0.4,-0.7862068965517242,0.3310344827586207,-0.7241379310344828,0.32413793103448274,-0.6068965517241379
0.0,0.0,-0.08333333333333333,-0.3472222222222222,-0.04861111111111111,-0.625,0.04861111111111111,-0.8333333333333334,0.18055555555555555,-0.9166666666666666,0.020833333333333332,-0.8055555555555556,0.3125,-1.0,0.3194444444444444,-0.8888888888888888,0.2222222222222222,-0.7986111111111112,0.1875,-0.7083333333333334,0.4513888888888889,-0.8819444444444444,0.4375,-0.7777777777777778,0.3541666666666667,-0.6944444444444444,0.3541666666666667,-0.5763888888888888,0.5763888888888888,-0.7638888888888888,0.5416666666666666,-0.6527777777777778,0.4583333333333333,-0.5694444444444444,0.4930555555555556,-0.4236111111111111,0.6527777777777778,-0.6319444444444444,0.5972222222222222,-0.5416666666666666,0.5277777777777778,-0.4583333333333333
0.0,0.0,-0.12030075187969924,-0.37593984962406013,-0.07518796992481203,-0.6541353383458647,0.07518796992481203,-0.8270676691729323,0.22556390977443608,-0.8571428571428571,0.08270676691729323,-0.8872180451127819,0.3233082706766917,-1.0,0.3233082706766917,-0.9022556390977443,0.24812030075187969,-0.8195488721804511,0.2781954887218045,-0.7969924812030075,0.46616541353383456,-0.8947368421052632,0.45864661654135336,-0.7969924812030075,0.39097744360902253,-0.706766917293233,0.45112781954887216,-0.6616541353383458,0.5939849624060151,-0.7744360902255639,0.556390977443609,-0.6842105263157895,0.48120300751879697,-0.5939849624060151,0.5864661654135338,-0.5037593984962406,0.6917293233082706,-0.6541353383458647,0.6390977443609023,-0.5714285714285714,0.5714285714285714,-0.48120300751879697
0.0,0.0,-0.3816793893129771,-0.2366412213740458,-0.5725190839694656,-0.5801526717557252,-0.5572519083969466,-0.9007633587786259,-0.37404580152671757,-0.9770992366412213,-0.10687022900763359,-0.8702290076335878,-0.32061068702290074,-1.0,-0.3816793893129771,-0.8473282442748091,-0.35877862595419846,-0.7251908396946565,0.12213740458015267,-0.8549618320610687,-0.12213740458015267,-0.9465648854961832,-0.19083969465648856,-0.816793893129771,-0.16793893129770993,-0.7022900763358778,0.2824427480916031,-0.7862595419847328,0.06870229007633588,-0.8778625954198473,-0.015267175572519083,-0.7862595419847328,-0.007633587786259542,-0.6641221374045801,0.3893129770992366,-0.6946564885496184,0.20610687022900764,-0.7786259541984732,0.1450381679389313,-0.6946564885496184,0.1450381679389313,-0.5877862595419847
0.0,0.0,-0.3546099290780142,-0.22695035460992907,-0.5602836879432624,-0.5106382978723404,-0.5673758865248227,-0.8439716312056738,-0.3829787234042553,-0.9645390070921985,-0.12056737588652482,-0.5815602836879432,-0.28368794326241137,-0.9929078014184397,-0.36879432624113473,-0.8439716312056738,-0.3546099290780142,-0.7021276595744681,0.1276595744680851,-0.6099290780141844,-0.09219858156028368,-1.0,-0.1773049645390071,-0.8723404255319149,-0.15602836879432624,-0.7446808510638298,0.3120567375886525,-0.6312056737588653,0.0851063829787234,-0.9787234042553191,0.0070921985815602835,-0.8652482269503546,0.02127659574468085,-0.7375886524822695,0.425531914893617,-0.6382978723404256,0.22695035460992907,-0.9078014184397163,0.15602836879432624,-0.8297872340425532,0.1773049645390071,-0.7163120567375887
0.0,0.0,-0.29770992366412213,-0.2366412213740458,-0.4122137404580153,-0.5648854961832062,-0.366412213740458,-0.8473282442748091,-0.24427480916030533,-0.9465648854961832,-0.19083969465648856,-0.732824427480916,-0.13740458015267176,-1.0,-0.17557251908396945,-0.8702290076335878,-0.19083969465648856,-0.732824427480916,0.05343511450381679,-0.6946564885496184,0.04580152671755725,-0.9389312977099237,0.0,-0.8396946564885496,-0.007633587786259542,-0.7251908396946565,0.25190839694656486,-0.6335877862595419,0.21374045801526717,-0.8549618320610687,0.16030534351145037,-0.7709923664122137,0.1450381679389313,-0.6641221374045801,0.40458015267175573,-0.5648854961832062,0.32061068702290074,-0.7480916030534351,0.2824427480916031,-0.6717557251908397,0.2748091603053435,-0.5801526717557252
0.0,0.0,-0.29545454545454547,-0.24242424242424243,-0.4090909090909091,-0.5681818181818182,-0.3560606060606061,-0.8484848484848485,-0.25,-0.9621212121212122,-0.17424242424242425,-0.6893939393939394,-0.12878787878787878,-1.0,-0.18181818181818182,-0.8787878787878788,-0.19696969696969696,-0.7424242424242424,0.06818181818181818,-0.6439393939393939,0.05303030303030303,-0.946969696969697,-0.007575757575757576,-0.8484848484848485,-0.015151515151515152,-0.7348484848484849,0.26515151515151514,-0.5909090909090909,0.2196969696969697,-0.8636363636363636,0.1590909090909091,-0.7803030303030303,0.13636363636363635,-0.6742424242424242,0.4166666666666667,-0.5303030303030303,0.3409090909090909,-0.75,0.2803030303030303,-0.6818181818181818,0.2803030303030303,-0.5833333333333334
0.0,0.0,-0.3533834586466165,-0.24812030075187969,-0.5037593984962406,-0.631578947368421,-0.42857142857142855,-0.924812030075188,-0.23308270676691728,-0.9624060150375939,-0.09022556390977443,-0.6466165413533834,-0.22556390977443608,-1.0,-0.3082706766917293,-0.849624060150376,-0.2706766917293233,-0.7218045112781954,0.15037593984962405,-0.631578947368421,-0.022556390977443608,-0.9774436090225563,-0.12030075187969924,-0.8571428571428571,-0.09774436090225563,-0.7293233082706767,0.3157894736842105,-0.6240601503759399,0.12781954887218044,-0.9172932330827067,0.03007518796992481,-0.8195488721804511,0.045112781954887216,-0.6992481203007519,0.42857142857142855,-0.6090225563909775,0.24060150375939848,-0.8421052631578947,0.16541353383458646,-0.7518796992481203,0.18045112781954886,-0.6466165413533834
0.0,0.0,-0.366412213740458,-0.25190839694656486,-0.5343511450381679,-0.5954198473282443,-0.48091603053435117,-0.8931297709923665,-0.2900763358778626,-0.9770992366412213,-0.04580152671755725,-0.6183206106870229,-0.2366412213740458,-1.0,-0.33587786259541985,-0.8320610687022901,-0.2900763358778626,-0.7022900763358778,0.183206106870229,-0.6259541984732825,-0.061068702290076333,-1.0,-0.17557251908396945,-0.8625954198473282,-0.13740458015267176,-0.7404580152671756,0.32061068702290074,-0.6335877862595419,0.061068702290076333,-0.9465648854961832,-0.03816793893129771,-0.8320610687022901,-0.007633587786259542,-0.7175572519083969,0.3893129770992366,-0.6335877862595419,0.15267175572519084,-0.8625954198473282,0.06870229007633588,-0.7709923664122137,0.10687022900763359,-0.6641221374045801
0.0,0.0,-0.366412213740458,-0.2595419847328244,-0.5267175572519084,-0.6030534351145038,-0.45038167938931295,-0.8931297709923665,-0.2595419847328244,-0.9541984732824428,-0.007633587786259542,-0.6106870229007634,-0.22900763358778625,-1.0,-0.32061068702290074,-0.8244274809160306,-0.2595419847328244,-0.6870229007633588,0.21374045801526717,-0.6259541984732825,-0.05343511450381679,-1.0,-0.15267175572519084,-0.8625954198473282,-0.11450381679389313,-0.7404580152671756,0.3435114503816794,-0.6335877862595419,0.07633587786259542,-0.9465648854961832,-0.022900763358778626,-0.8320610687022901,0.015267175572519083,-0.7251908396946565,0.3969465648854962,-0.6335877862595419,0.16030534351145037,-0.8702290076335878,0.07633587786259542,-0.7786259541984732,0.10687022900763359,-0.6717557251908397
0.0,0.0,-0.24812030075187969,-0.24060150375939848,-0.37593984962406013,-0.5639097744360902,-0.3684210526315789,-0.8571428571428571,-0.22556390977443608,-0.9924812030075187,-0.3308270676691729,-0.5939849624060151,-0.21052631578947367,-1.0,-0.18796992481203006,-0.8721804511278195,-0.21052631578947367,-0.7293233082706767,-0.08270676691729323,-0.5639097744360902,-0.007518796992481203,-0.9699248120300752,0.0,-0.849624060150376,-0.022556390977443608,-0.706766917293233,0.15037593984962405,-0.5338345864661654,0.18045112781954886,-0.8872180451127819,0.16541353383458646,-0.7894736842105263,0.14285714285714285,-0.6616541353383458,0.3458646616541353,-0.5037593984962406,0.3157894736842105,-0.7969924812030075,0.2932330827067669,-0.7142857142857143,0.2932330827067669,-0.6015037593984962
0.0,0.0,-0.21897810218978103,-0.24817518248175183,-0.2846715328467153,-0.5401459854014599,-0.20437956204379562,-0.781021897810219,-0.051094890510948905,-0.9051094890510949,-0.36496350364963503,-0.6277372262773723,-0.18248175182481752,-1.0,-0.13138686131386862,-0.8905109489051095,-0.16058394160583941,-0.7664233576642335,-0.13138686131386862,-0.583941605839416,0.0072992700729927005,-0.9635036496350365,0.0364963503649635,-0.8540145985401459,0.0072992700729927005,-0.7226277372262774,0.0948905109489051,-0.5474452554744526,0.19708029197080293,-0.8978102189781022,0.20437956204379562,-0.7883211678832117,0.17518248175182483,-0.6642335766423357,0.30656934306569344,-0.5036496350364964,0.35036496350364965,-0.7956204379562044,0.34306569343065696,-0.7007299270072993,0.32116788321167883,-0.5912408759124088
0.0,0.0,-0.21232876712328766,-0.2054794520547945,-0.3219178082191781,-0.5205479452054794,-0.2876712328767123,-0.8082191780821918,-0.18493150684931506,-1.0,-0.4041095890410959,-0.5273972602739726,-0.19863013698630136,-0.9246575342465754,-0.14383561643835616,-0.8287671232876712,-0.17123287671232876,-0.6986301369863014,-0.21232876712328766,-0.4726027397260274,-0.03424657534246575,-0.8698630136986302,0.0136986301369863,-0.7602739726027398,-0.02054794520547945,-0.6301369863013698,-0.00684931506849315,-0.4315068493150685,0.13013698630136986,-0.8082191780821918,0.1643835616438356,-0.6917808219178082,0.1232876712328767,-0.5616438356164384,0.19863013698630136,-0.3972602739726027,0.2808219178082192,-0.7191780821917808,0.2876712328767123,-0.6095890410958904,0.2534246575342466,-0.4863013698630137
0.0,0.0,-0.20689655172413793,-0.2,-0.31724137931034485,-0.5103448275862069,-0.2827586206896552,-0.8068965517241379,-0.19310344827586207,-1.0,-0.45517241379310347,-0.5103448275862069,-0.21379310344827587,-0.8896551724137931,-0.1310344827586207,-0.7931034482758621,-0.1724137931034483,-0.6758620689655173,-0.30344827586206896,-0.4413793103448276,-0.06896551724137931,-0.8482758620689655,-0.006896551724137931,-0.7310344827586207,-0.06206896551724138,-0.6,-0.12413793103448276,-0.38620689655172413,0.07586206896551724,-0.7793103448275862,0.1103448275862069,-0.6482758620689655,0.05517241379310345,-0.5241379310344828,0.07586206896551724,-0.33793103448275863,0.21379310344827587,-0.6689655172413793,0.2206896551724138,-0.5655172413793104,0.1724137931034483,-0.4482758620689655
0.0,0.0,-0.14102564102564102,-0.2692307692307692,-0.14102564102564102,-0.5705128205128205,-0.057692307692307696,-0.8269230769230769,0.03205128205128205,-1.0,-0.21153846153846154,-0.6538461538461539,0.01282051282051282,-0.9294871794871795,0.0641025641025641,-0.8333333333333334,0.02564102564102564,-0.7243589743589743,-0.0641025641025641,-0.5961538461538461,0.16025641025641027,-0.8846153846153846,0.19230769230769232,-0.7756410256410257,0.1346153846153846,-0.6666666666666666,0.10897435897435898,-0.532051282051282,0.28846153846153844,-0.8076923076923077,0.30128205128205127,-0.6987179487179487,0.25,-0.6025641025641025,0.27564102564102566,-0.44871794871794873,0.38461538461538464,-0.7051282051282052,0.38461538461538464,-0.6025641025641025,0.3525641025641026,-0.5128205128205128
0.0,0.0,-0.1588235294117647,-0.2235294117647059,-0.16470588235294117,-0.5411764705882353,-0.06470588235294118,-0.8235294117647058,0.041176470588235294,-1.0,-0.2647058823529412,-0.5235294117647059,-0.10588235294117647,-0.9,-0.052941176470588235,-0.788235294117647,-0.07647058823529412,-0.6647058823529411,-0.1,-0.47058823529411764,0.058823529411764705,-0.8529411764705882,0.08235294117647059,-0.7411764705882353,0.041176470588235294,-0.6235294117647059,0.08235294117647059,-0.4176470588235294,0.19411764705882353,-0.7705882352941177,0.20588235294117646,-0.6588235294117647,0.17058823529411765,-0.5588235294117647,0.2529411764705882,-0.37058823529411766,0.3058823529411765,-0.6705882352941176,0.3,-0.5705882352941176,0.27647058823529413,-0.4764705882352941
0.0,0.0,-0.175,-0.25,-0.2,-0.525,-0.06875,-0.71875,0.09375,-0.79375,-0.25625,-0.6125,-0.0875,-1.0,-0.04375,-0.88125,-0.06875,-0.74375,-0.075,-0.55,0.0875,-0.95,0.1125,-0.83125,0.06875,-0.70625,0.1125,-0.49375,0.2375,-0.85625,0.2375,-0.75,0.19375,-0.6375,0.29375,-0.43125,0.34375,-0.75,0.33125,-0.65625,0.30625,-0.55625
0.0,0.0,-0.16,-0.29333333333333333,-0.16,-0.5666666666666667,-0.04,-0.76,0.09333333333333334,-0.8466666666666667,-0.18,-0.74,-0.006666666666666667,-1.0,0.03333333333333333,-0.9066666666666666,-0.006666666666666667,-0.8066666666666666,0.006666666666666667,-0.7,0.15333333333333332,-0.9466666666666667,0.18,-0.8466666666666667,0.14,-0.74,0.2,-0.6333333333333333,0.30666666666666664,-0.8533333333333334,0.30666666666666664,-0.76,0.26666666666666666,-0.6666666666666666,0.37333333333333335,-0.54,0.41333333333333333,-0.7466666666666667,0.3933333333333333,-0.6666666666666666,0.37333333333333335,-0.5733333333333334
0.0,0.0,-0.1724137931034483,-0.296551724137931,-0.16551724137931034,-0.5724137931034483,-0.041379310344827586,-0.7310344827586207,0.08275862068965517,-0.7586206896551724,-0.14482758620689656,-0.8,0.013793103448275862,-1.0,0.034482758620689655,-0.903448275862069,-0.006896551724137931,-0.8068965517241379,0.05517241379310345,-0.7586206896551724,0.1724137931034483,-0.9241379310344827,0.1793103448275862,-0.8482758620689655,0.13793103448275862,-0.7517241379310344,0.2482758620689655,-0.6827586206896552,0.30344827586206896,-0.8413793103448276,0.296551724137931,-0.7586206896551724,0.25517241379310346,-0.6689655172413793,0.4068965517241379,-0.5793103448275863,0.41379310344827586,-0.7517241379310344,0.38620689655172413,-0.6758620689655173,0.36551724137931035,-0.593103448275862
0.0,0.0,-0.20155038759689922,-0.27906976744186046,-0.21705426356589147,-0.5503875968992248,-0.08527131782945736,-0.7054263565891473,0.07751937984496124,-0.7286821705426356,-0.09302325581395349,-0.8837209302325582,0.031007751937984496,-1.0,0.03875968992248062,-0.8914728682170543,0.007751937984496124,-0.7984496124031008,0.12403100775193798,-0.8372093023255814,0.20930232558139536,-0.8837209302325582,0.1937984496124031,-0.7829457364341085,0.13953488372093023,-0.6821705426356589,0.3178294573643411,-0.7364341085271318,0.3488372093023256,-0.751937984496124,0.32558139534883723,-0.6589147286821705,0.2713178294573643,-0.5658914728682171,0.46511627906976744,-0.6124031007751938,0.4728682170542636,-0.627906976744186,0.43410852713178294,-0.5426356589147286,0.3953488372093023,-0.46511627906976744
0.0,0.0,-0.10236220472440945,-0.3543307086614173,-0.06299212598425197,-0.6299212598425197,0.11023622047244094,-0.7637795275590551,0.28346456692913385,-0.7559055118110236,-0.08661417322834646,-0.8661417322834646,0.2204724409448819,-1.0,0.23622047244094488,-0.8818897637795275,0.16535433070866143,-0.7874015748031497,0.07086614173228346,-0.7952755905511811,0.36220472440944884,-0.905511811023622,0.3700787401574803,-0.7795275590551181,0.29133858267716534,-0.6929133858267716,0.2440944881889764,-0.6929133858267716,0.49606299212598426,-0.7874015748031497,0.47244094488188976,-0.6771653543307087,0.3858267716535433,-0.5905511811023622,0.4094488188976378,-0.5590551181102362,0.5826771653543307,-0.6771653543307087,0.5511811023622047,-0.5669291338582677,0.4881889763779528,-0.4881889763779528
0.0,0.0,-0.07936507936507936,-0.3333333333333333,-0.031746031746031744,-0.6428571428571429,0.14285714285714285,-0.7857142857142857,0.30952380952380953,-0.8015873015873016,-0.07142857142857142,-0.8650793650793651,0.31746031746031744,-1.0,0.3412698412698413,-0.8571428571428571,0.25396825396825395,-0.753968253968254,0.03968253968253968,-0.8015873015873016,0.4365079365079365,-0.9126984126984127,0.4444444444444444,-0.7619047619047619,0.3412698412698413,-0.6825396825396826,0.1746031746031746,-0.6984126984126984,0.5476190476190477,-0.7936507936507936,0.5238095238095238,-0.6507936507936508,0.4126984126984127,-0.5873015873015873,0.31746031746031744,-0.5634920634920635,0.6031746031746031,-0.6587301587301587,0.5714285714285714,-0.5396825396825397,0.48412698412698413,-0.47619047619047616
0.0,0.0,-0.0851063829787234,-0.2907801418439716,-0.06382978723404255,-0.574468085106383,0.07801418439716312,-0.7375886524822695,0.22695035460992907,-0.7801418439716312,-0.11347517730496454,-0.8156028368794326,0.23404255319148937,-1.0,0.2695035460992908,-0.8652482269503546,0.19858156028368795,-0.7730496453900709,-0.028368794326241134,-0.7659574468085106,0.3475177304964539,-0.9290780141843972,0.3617021276595745,-0.7872340425531915,0.2695035460992908,-0.7021276595744681,0.0851063829787234,-0.6808510638297872,0.4397163120567376,-0.8297872340425532,0.425531914893617,-0.6950354609929078,0.3262411347517731,-0.624113475177305,0.2127659574468085,-0.5673758865248227,0.48936170212765956,-0.6950354609929078,0.46808510638297873,-0.5815602836879432,0.3900709219858156,-0.5177304964539007
0.0,0.0,-0.11724137931034483,-0.27586206896551724,-0.11724137931034483,-0.5517241379310345,-0.006896551724137931,-0.7310344827586207,0.1310344827586207,-0.7862068965517242,-0.18620689655172415,-0.7724137931034483,0.13793103448275862,-1.0,0.1793103448275862,-0.8758620689655172,0.1103448275862069,-0.7793103448275862,-0.0896551724137931,-0.7172413793103448,0.2620689655172414,-0.9310344827586207,0.2827586206896552,-0.8,0.19310344827586207,-0.7172413793103448,0.041379310344827586,-0.6344827586206897,0.35172413793103446,-0.8275862068965517,0.35172413793103446,-0.7034482758620689,0.2620689655172414,-0.6206896551724138,0.18620689655172415,-0.5241379310344828,0.4206896551724138,-0.7034482758620689,0.41379310344827586,-0.593103448275862,0.33793103448275863,-0.5172413793103449
0.0,0.0,-0.17123287671232876,-0.2671232876712329,-0.19863013698630136,-0.547945205479452,-0.0821917808219178,-0.7465753424657534,0.06164383561643835,-0.8356164383561644,-0.2602739726027397,-0.684931506849315,-0.0273972602739726,-1.0,0.02054794520547945,-0.8972602739726028,-0.0273972602739726,-0.7876712328767124,-0.0958904109589041,-0.6301369863013698,0.136986301369863,-0.9315068493150684,0.1643835616438356,-0.8287671232876712,0.0958904109589041,-0.7191780821917808,0.0958904109589041,-0.5616438356164384,0.2671232876712329,-0.8356164383561644,0.273972602739726,-0.726027397260274,0.2191780821917808,-0.6232876712328768,0.2671232876712329,-0.4794520547945205,0.3698630136986301,-0.726027397260274,0.363013698630137,-0.6164383561643836,0.3287671232876712,-0.5205479452054794
0.0,0.0,-0.18666666666666668,-0.26666666666666666,-0.20666666666666667,-0.54,-0.08666666666666667,-0.7333333333333333,0.07333333333333333,-0.8,-0.25333333333333335,-0.6466666666666666,-0.08666666666666667,-1.0,-0.04666666666666667,-0.8866666666666667,-0.08,-0.76,-0.04666666666666667,-0.5933333333333334,0.1,-0.9266666666666666,0.11333333333333333,-0.8266666666666667,0.06666666666666667,-0.7133333333333334,0.15333333333333332,-0.5333333333333333,0.25333333333333335,-0.8266666666666667,0.25333333333333335,-0.7333333333333333,0.21333333333333335,-0.6333333333333333,0.3333333333333333,-0.46,0.36,-0.72,0.34,-0.64,0.32,-0.5466666666666666
0.0,0.0,-0.18543046357615894,-0.26490066225165565,-0.1986754966887417,-0.5562913907284768,-0.09271523178807947,-0.7748344370860927,0.046357615894039736,-0.8807947019867549,-0.2185430463576159,-0.6357615894039735,-0.09271523178807947,-1.0,-0.059602649006622516,-0.8874172185430463,-0.07947019867549669,-0.7682119205298014,-0.006622516556291391,-0.5894039735099338,0.09271523178807947,-0.9403973509933775,0.09271523178807947,-0.8344370860927153,0.06622516556291391,-0.7152317880794702,0.19205298013245034,-0.5364238410596026,0.24503311258278146,-0.8344370860927153,0.23178807947019867,-0.7483443708609272,0.2052980132450331,-0.6490066225165563,0.3708609271523179,-0.47019867549668876,0.36423841059602646,-0.7417218543046358,0.32450331125827814,-0.6688741721854304,0.31788079470198677,-0.5827814569536424
0.0,0.0,-0.16,-0.26666666666666666,-0.18666666666666668,-0.5333333333333333,-0.07333333333333333,-0.72,0.08,-0.8,-0.24,-0.6866666666666666,-0.013333333333333334,-1.0,0.03333333333333333,-0.8933333333333333,-0.013333333333333334,-0.7866666666666666,-0.07333333333333333,-0.6266666666666667,0.14666666666666667,-0.9266666666666666,0.17333333333333334,-0.82,0.11333333333333333,-0.7133333333333334,0.11333333333333333,-0.56,0.28,-0.8266666666666667,0.2866666666666667,-0.72,0.23333333333333334,-0.6133333333333333,0.2866666666666667,-0.4666666666666667,0.38,-0.72,0.36666666666666664,-0.6133333333333333,0.3333333333333333,-0.5133333333333333
0.0,0.0,-0.1292517006802721,-0.2585034013605442,-0.14285714285714285,-0.564625850340136,-0.061224489795918366,-0.8027210884353742,0.047619047619047616,-0.9523809523809523,-0.23809523809523808,-0.7482993197278912,0.08843537414965986,-1.0,0.1360544217687075,-0.8775510204081632,0.061224489795918366,-0.782312925170068,-0.14285714285714285,-0.6870748299319728,0.20408163265306123,-0.9319727891156463,0.23129251700680273,-0.7959183673469388,0.14285714285714285,-0.7074829931972789,-0.013605442176870748,-0.6054421768707483,0.29931972789115646,-0.8299319727891157,0.29931972789115646,-0.7006802721088435,0.2108843537414966,-0.6190476190476191,0.1360544217687075,-0.5034013605442177,0.3741496598639456,-0.7142857142857143,0.3673469387755102,-0.6054421768707483,0.2925170068027211,-0.5170068027210885
0.0,0.0,-0.10135135135135136,-0.25675675675675674,-0.14864864864864866,-0.5405405405405406,-0.08108108108108109,-0.7364864864864865,0.02702702702702703,-0.8108108108108109,-0.28378378378378377,-0.7364864864864865,0.04054054054054054,-1.0,0.10135135135135136,-0.8716216216216216,0.033783783783783786,-0.7702702702702703,-0.20945945945945946,-0.6756756756756757,0.1554054054054054,-0.9256756756756757,0.1891891891891892,-0.7905405405405406,0.10135135135135136,-0.6959459459459459,-0.0945945945945946,-0.5945945945945946,0.24324324324324326,-0.831081081081081,0.25675675675675674,-0.6891891891891891,0.16891891891891891,-0.6013513513513513,0.05405405405405406,-0.49324324324324326,0.31756756756756754,-0.7027027027027027,0.32432432432432434,-0.5878378378378378,0.24324324324324326,-0.49324324324324326
0.0,0.0,-0.17763157894736842,-0.2631578947368421,-0.21052631578947367,-0.5394736842105263,-0.09210526315789473,-0.7368421052631579,0.07236842105263158,-0.8157894736842105,-0.26973684210526316,-0.6381578947368421,-0.07236842105263158,-1.0,-0.02631578947368421,-0.881578947368421,-0.06578947368421052,-0.756578947368421,-0.07236842105263158,-0.5789473684210527,0.10526315789473684,-0.9276315789473685,0.125,-0.8157894736842105,0.07894736842105263,-0.6973684210526315,0.13157894736842105,-0.5131578947368421,0.2565789473684211,-0.8223684210526315,0.2631578947368421,-0.7171052631578947,0.21710526315789475,-0.6052631578947368,0.3157894736842105,-0.4473684210526316,0.3684210526315789,-0.7171052631578947,0.3618421052631579,-0.618421052631579,0.3355263157894737,-0.5197368421052632
0.0,0.0,-0.2550335570469799,-0.2751677852348993,-0.3087248322147651,-0.5369127516778524,-0.2214765100671141,-0.7449664429530202,-0.09395973154362416,-0.8389261744966443,-0.1610738255033557,-0.7315436241610739,-0.12751677852348994,-1.0,-0.14093959731543623,-0.8993288590604027,-0.15436241610738255,-0.7785234899328859,0.053691275167785234,-0.7046979865771812,0.040268456375838924,-0.9261744966442953,0.006711409395973154,-0.8322147651006712,-0.013422818791946308,-0.7248322147651006,0.22818791946308725,-0.6442953020134228,0.18120805369127516,-0.8120805369127517,0.14093959731543623,-0.738255033557047,0.12080536912751678,-0.6442953020134228,0.3691275167785235,-0.5704697986577181,0.2953020134228188,-0.7114093959731543,0.2550335570469799,-0.6442953020134228,0.2483221476510067,-0.5570469798657718
0.0,0.0,-0.32413793103448274,-0.22758620689655173,-0.4482758620689655,-0.5517241379310345,-0.3103448275862069,-0.7586206896551724,-0.1103448275862069,-0.7655172413793103,-0.06896551724137931,-0.6620689655172414,-0.22758620689655173,-1.0,-0.296551724137931,-0.8551724137931035,-0.2620689655172414,-0.7241379310344828,0.14482758620689656,-0.6689655172413793,-0.06206896551724138,-0.9379310344827586,-0.14482758620689656,-0.8137931034482758,-0.1310344827586207,-0.7034482758620689,0.2689655172413793,-0.6482758620689655,0.04827586206896552,-0.8620689655172413,-0.034482758620689655,-0.7586206896551724,-0.020689655172413793,-0.6551724137931034,0.33793103448275863,-0.6137931034482759,0.13793103448275862,-0.7862068965517242,0.06896551724137931,-0.696551724137931,0.08275862068965517,-0.6068965517241379
0.0,0.0,-0.362962962962963,-0.2222222222222222,-0.5185185185185185,-0.562962962962963,-0.3851851851851852,-0.7407407407407407,-0.17037037037037037,-0.7037037037037037,-0.11851851851851852,-0.8444444444444444,-0.3111111111111111,-1.0,-0.35555555555555557,-0.837037037037037,-0.2962962962962963,-0.7185185185185186,0.1037037037037037,-0.8222222222222222,-0.1037037037037037,-0.8962962962962963,-0.17037037037037037,-0.7555555555555555,-0.1259259259259259,-0.6518518518518519,0.2518518518518518,-0.7333333333333333,0.05925925925925926,-0.7925925925925926,-0.022222222222222223,-0.6888888888888889,-0.007407407407407408,-0.5925925925925926,0.3333333333333333,-0.6370370370370371,0.17037037037037037,-0.6962962962962963,0.1111111111111111,-0.6074074074074074,0.1259259259259259,-0.5111111111111111
0.0,0.0,-0.366412213740458,-0.24427480916030533,-0.5114503816793893,-0.5801526717557252,-0.3893129770992366,-0.732824427480916,-0.183206106870229,-0.7099236641221374,-0.061068702290076333,-0.8549618320610687,-0.29770992366412213,-1.0,-0.35877862595419846,-0.8473282442748091,-0.3053435114503817,-0.7251908396946565,0.15267175572519084,-0.8091603053435115,-0.08396946564885496,-0.8931297709923665,-0.16793893129770993,-0.7557251908396947,-0.12213740458015267,-0.6564885496183206,0.2824427480916031,-0.7175572519083969,0.07633587786259542,-0.7938931297709924,-0.022900763358778626,-0.6946564885496184,0.0,-0.6030534351145038,0.3435114503816794,-0.6106870229007634,0.17557251908396945,-0.6946564885496184,0.09923664122137404,-0.6030534351145038,0.11450381679389313,-0.5114503816793893
