0.0,0.0,0.125,-0.3958333333333333,0.04861111111111111,-0.7708333333333334,-0.19444444444444445,-0.9861111111111112,-0.3888888888888889,-1.0,-0.4027777777777778,-0.7777777777777778,-0.4861111111111111,-0.9791666666666666,-0.3680555555555556,-0.8958333333333334,-0.2847222222222222,-0.7708333333333334,-0.6041666666666666,-0.5972222222222222,-0.6180555555555556,-0.8125,-0.4930555555555556,-0.75,-0.4166666666666667,-0.6458333333333334,-0.7291666666666666,-0.4166666666666667,-0.6944444444444444,-0.6041666666666666,-0.5833333333333334,-0.5694444444444444,-0.5069444444444444,-0.4722222222222222,-0.7916666666666666,-0.22916666666666666,-0.7777777777777778,-0.4166666666666667,-0.6805555555555556,-0.3958333333333333,-0.6111111111111112,-0.3263888888888889
0.0,0.0,0.2907801418439716,-0.2553191489361702,0.41843971631205673,-0.5815602836879432,0.3333333333333333,-0.8936170212765957,0.18439716312056736,-1.0,0.15602836879432624,-0.6808510638297872,0.1276595744680851,-0.9361702127659575,0.1702127659574468,-0.8297872340425532,0.18439716312056736,-0.7092198581560284,-0.09219858156028368,-0.6524822695035462,-0.04964539007092199,-0.9148936170212766,0.0070921985815602835,-0.8297872340425532,0.0070921985815602835,-0.723404255319149,-0.28368794326241137,-0.5957446808510638,-0.2127659574468085,-0.8439716312056738,-0.15602836879432624,-0.7659574468085106,-0.14893617021276595,-0.6595744680851063,-0.425531914893617,-0.5319148936170213,-0.3404255319148936,-0.75177304964539,-0.2907801418439716,-0.6879432624113475,-0.2907801418439716,-0.6099290780141844
0.0,0.0,0.3106060606060606,-0.21212121212121213,0.4772727272727273,-0.5227272727272727,0.48484848484848486,-0.8333333333333334,0.3787878787878788,-0.9696969696969697,0.25757575757575757,-0.7196969696969697,0.26515151515151514,-0.9924242424242424,0.2803030303030303,-0.8712121212121212,0.2727272727272727,-0.7424242424242424,0.007575757575757576,-0.7272727272727273,0.06818181818181818,-1.0,0.10606060606060606,-0.8939393939393939,0.09090909090909091,-0.7803030303030303,-0.20454545454545456,-0.7045454545454546,-0.11363636363636363,-0.9318181818181818,-0.06818181818181818,-0.8484848484848485,-0.07575757575757576,-0.7424242424242424,-0.3712121212121212,-0.6590909090909091,-0.25757575757575757,-0.8636363636363636,-0.22727272727272727,-0.7878787878787878,-0.24242424242424243,-0.7045454545454546
0.0,0.0,0.1506849315068493,-0.3013698630136986,0.1780821917808219,-0.6643835616438356,0.0547945205479452,-0.9383561643835616,-0.136986301369863,-1.0,0.136986301369863,-0.684931506849315,-0.0958904109589041,-0.952054794520548,-0.10273972602739725,-0.863013698630137,-0.0410958904109589,-0.7671232876712328,-0.04794520547945205,-0.589041095890411,-0.2671232876712329,-0.8904109589041096,-0.2602739726027397,-0.7808219178082192,-0.19863013698630136,-0.678082191780822,-0.2328767123287671,-0.4863013698630137,-0.410958904109589,-0.773972602739726,-0.3698630136986301,-0.6712328767123288,-0.3013698630136986,-0.5684931506849316,-0.4041095890410959,-0.3835616438356164,-0.5,-0.6164383561643836,-0.4520547945205479,-0.5342465753424658,-0.4041095890410959,-0.4452054794520548
0.0,0.0,0.0821917808219178,-0.3013698630136986,0.0684931506849315,-0.636986301369863,-0.06164383561643835,-0.8904109589041096,-0.2191780821917808,-1.0,0.10273972602739725,-0.726027397260274,-0.22602739726027396,-0.9794520547945206,-0.23972602739726026,-0.8767123287671232,-0.17123287671232876,-0.7876712328767124,-0.03424657534246575,-0.5958904109589042,-0.3904109589041096,-0.910958904109589,-0.3767123287671233,-0.7876712328767124,-0.2808219178082192,-0.6917808219178082,-0.1917808219178082,-0.4589041095890411,-0.5,-0.7534246575342466,-0.4589041095890411,-0.636986301369863,-0.363013698630137,-0.547945205479452,-0.3424657534246575,-0.3219178082191781,-0.541095890410959,-0.5547945205479452,-0.4863013698630137,-0.4726027397260274,-0.410958904109589,-0.3972602739726027
0.0,0.0,0.3115942028985507,-0.21014492753623187,0.5217391304347826,-0.5434782608695652,0.4927536231884058,-0.8840579710144928,0.32608695652173914,-0.9855072463768116,0.17391304347826086,-0.572463768115942,0.2536231884057971,-0.9855072463768116,0.3188405797101449,-0.8333333333333334,0.3115942028985507,-0.6739130434782609,-0.07971014492753623,-0.572463768115942,0.07246376811594203,-1.0,0.13768115942028986,-0.8768115942028986,0.12318840579710146,-0.7391304347826086,-0.2826086956521739,-0.572463768115942,-0.10869565217391304,-0.9420289855072463,-0.028985507246376812,-0.8333333333333334,-0.050724637681159424,-0.7101449275362319,-0.41304347826086957,-0.572463768115942,-0.2318840579710145,-0.8478260869565217,-0.17391304347826086,-0.7608695652173914,-0.2028985507246377,-0.6594202898550725
0.0,0.0,0.38524590163934425,-0.19672131147540983,0.6065573770491803,-0.5081967213114754,0.6065573770491803,-0.8360655737704918,0.4918032786885246,-0.9672131147540983,0.27049180327868855,-0.7950819672131147,0.4016393442622951,-1.0,0.4426229508196721,-0.8524590163934426,0.4098360655737705,-0.7295081967213115,0.0,-0.8278688524590164,0.20491803278688525,-1.0,0.27049180327868855,-0.8852459016393442,0.2459016393442623,-0.7704918032786885,-0.20491803278688525,-0.7950819672131147,0.01639344262295082,-0.9426229508196722,0.08196721311475409,-0.8524590163934426,0.06557377049180328,-0.7295081967213115,-0.3442622950819672,-0.7295081967213115,-0.16393442622950818,-0.8770491803278688,-0.10655737704918032,-0.7950819672131147,-0.11475409836065574,-0.6967213114754098
0.0,0.0,0.3162393162393162,-0.27350427350427353,0.4188034188034188,-0.6239316239316239,0.28205128205128205,-0.8632478632478633,0.05982905982905983,-0.8974358974358975,0.11965811965811966,-1.0,0.18803418803418803,-0.8974358974358975,0.19658119658119658,-0.7264957264957265,0.17094017094017094,-0.6410256410256411,-0.1452991452991453,-0.9743589743589743,-0.05128205128205128,-0.8547008547008547,-0.017094017094017096,-0.7094017094017094,-0.02564102564102564,-0.5982905982905983,-0.358974358974359,-0.8547008547008547,-0.2564102564102564,-0.7521367521367521,-0.20512820512820512,-0.6410256410256411,-0.18803418803418803,-0.5384615384615384,-0.5213675213675214,-0.7094017094017094,-0.4358974358974359,-0.6581196581196581,-0.37606837606837606,-0.5555555555555556,-0.358974358974359,-0.4700854700854701
0.0,0.0,0.3482142857142857,-0.25,0.44642857142857145,-0.6160714285714286,0.29464285714285715,-0.8660714285714286,0.08928571428571429,-0.9017857142857143,0.044642857142857144,-1.0,0.16071428571428573,-0.9107142857142857,0.19642857142857142,-0.7321428571428571,0.17857142857142858,-0.625,-0.20535714285714285,-0.9375,-0.08035714285714286,-0.8392857142857143,-0.026785714285714284,-0.6875,-0.044642857142857144,-0.5714285714285714,-0.39285714285714285,-0.8035714285714286,-0.25892857142857145,-0.7232142857142857,-0.19642857142857142,-0.6160714285714286,-0.19642857142857142,-0.5,-0.5267857142857143,-0.6428571428571429,-0.41964285714285715,-0.6160714285714286,-0.3482142857142857,-0.5178571428571429,-0.3482142857142857,-0.42857142857142855
0.0,0.0,0.046052631578947366,-0.3092105263157895,-0.013157894736842105,-0.6776315789473685,-0.21052631578947367,-0.9210526315789473,-0.4276315789473684,-1.0,0.006578947368421052,-0.6776315789473685,-0.4276315789473684,-0.9210526315789473,-0.45394736842105265,-0.8289473684210527,-0.3684210526315789,-0.7368421052631579,-0.1118421052631579,-0.5,-0.5723684210526315,-0.7697368421052632,-0.5197368421052632,-0.6578947368421053,-0.3881578947368421,-0.5657894736842105,-0.24342105263157895,-0.3223684210526316,-0.6578947368421053,-0.5986842105263158,-0.5789473684210527,-0.4934210526315789,-0.4473684210526316,-0.40131578947368424,-0.3881578947368421,-0.14473684210526316,-0.6776315789473685,-0.39473684210526316,-0.5986842105263158,-0.32894736842105265,-0.48026315789473684,-0.25
0.0,0.0,0.2517482517482518,-0.32167832167832167,0.32867132867132864,-0.6853146853146853,0.2097902097902098,-0.965034965034965,0.06293706293706294,-0.965034965034965,-0.1048951048951049,-0.6923076923076923,-0.03496503496503497,-1.0,0.07692307692307693,-0.8601398601398601,0.11188811188811189,-0.7062937062937062,-0.3356643356643357,-0.6223776223776224,-0.18181818181818182,-0.916083916083916,-0.07692307692307693,-0.8181818181818182,-0.06993006993006994,-0.6993006993006993,-0.4755244755244755,-0.5454545454545454,-0.3006993006993007,-0.7972027972027972,-0.20279720279720279,-0.7202797202797203,-0.18181818181818182,-0.6083916083916084,-0.5594405594405595,-0.4755244755244755,-0.40559440559440557,-0.6783216783216783,-0.32167832167832167,-0.6153846153846154,-0.3076923076923077,-0.5244755244755245
0.0,0.0,0.43333333333333335,-0.15833333333333333,0.7083333333333334,-0.4583333333333333,0.7833333333333333,-0.8,0.6333333333333333,-0.925,0.21666666666666667,-0.7,0.5583333333333333,-0.975,0.6083333333333333,-0.7583333333333333,0.5333333333333333,-0.5916666666666667,-0.016666666666666666,-0.775,0.4,-1.0,0.45,-0.8083333333333333,0.375,-0.675,-0.15,-0.7916666666666666,0.25,-0.975,0.2916666666666667,-0.8083333333333333,0.225,-0.6833333333333333,-0.21666666666666667,-0.7833333333333333,0.1,-0.9166666666666666,0.13333333333333333,-0.7916666666666666,0.075,-0.6833333333333333
0.0,0.0,0.4017094017094017,-0.1111111111111111,0.6752136752136753,-0.4017094017094017,0.7521367521367521,-0.7692307692307693,0.6495726495726496,-0.9829059829059829,0.17094017094017094,-0.5982905982905983,0.5299145299145299,-0.9658119658119658,0.6239316239316239,-0.7606837606837606,0.5726495726495726,-0.5811965811965812,-0.03418803418803419,-0.6923076923076923,0.39316239316239315,-1.0,0.48717948717948717,-0.811965811965812,0.4188034188034188,-0.6666666666666666,-0.13675213675213677,-0.7435897435897436,0.28205128205128205,-1.0,0.358974358974359,-0.8290598290598291,0.29914529914529914,-0.6923076923076923,-0.17094017094017094,-0.7692307692307693,0.18803418803418803,-0.9316239316239316,0.23076923076923078,-0.811965811965812,0.17094017094017094,-0.7094017094017094
0.0,0.0,0.3230769230769231,-0.2153846153846154,0.5307692307692308,-0.5307692307692308,0.5230769230769231,-0.8692307692307693,0.36153846153846153,-0.9692307692307692,0.14615384615384616,-0.5769230769230769,0.2923076923076923,-0.9846153846153847,0.36153846153846153,-0.823076923076923,0.34615384615384615,-0.6692307692307692,-0.1,-0.6,0.12307692307692308,-1.0,0.2,-0.8615384615384616,0.16923076923076924,-0.7230769230769231,-0.2692307692307692,-0.6153846153846154,-0.023076923076923078,-0.9307692307692308,0.046153846153846156,-0.8153846153846154,0.015384615384615385,-0.6923076923076923,-0.3769230769230769,-0.6307692307692307,-0.13846153846153847,-0.8384615384615385,-0.08461538461538462,-0.7461538461538462,-0.11538461538461539,-0.6538461538461539
0.0,0.0,0.2323943661971831,-0.2323943661971831,0.33098591549295775,-0.5774647887323944,0.2323943661971831,-0.8873239436619719,0.056338028169014086,-1.0,0.23943661971830985,-0.5915492957746479,0.11267605633802817,-0.9366197183098591,0.11971830985915492,-0.8380281690140845,0.1619718309859155,-0.7112676056338029,0.014084507042253521,-0.5422535211267606,-0.06338028169014084,-0.9014084507042254,-0.04225352112676056,-0.8169014084507042,-0.02112676056338028,-0.6901408450704225,-0.19014084507042253,-0.5070422535211268,-0.22535211267605634,-0.823943661971831,-0.176056338028169,-0.7394366197183099,-0.15492957746478872,-0.6267605633802817,-0.3591549295774648,-0.47183098591549294,-0.33098591549295775,-0.7253521126760564,-0.2887323943661972,-0.6549295774647887,-0.28169014084507044,-0.5704225352112676
0.0,0.0,0.1386861313868613,-0.26277372262773724,0.20437956204379562,-0.5985401459854015,0.0948905109489051,-0.8686131386861314,-0.072992700729927,-0.9781021897810219,0.23357664233576642,-0.6715328467153284,-0.0364963503649635,-1.0,-0.10218978102189781,-0.8905109489051095,-0.06569343065693431,-0.7737226277372263,0.072992700729927,-0.5912408759124088,-0.22627737226277372,-0.9416058394160584,-0.24817518248175183,-0.8175182481751825,-0.18248175182481752,-0.6934306569343066,-0.10948905109489052,-0.5036496350364964,-0.3722627737226277,-0.8248175182481752,-0.36496350364963503,-0.6934306569343066,-0.291970802919708,-0.5766423357664233,-0.29927007299270075,-0.40875912408759124,-0.46715328467153283,-0.656934306569343,-0.43795620437956206,-0.5474452554744526,-0.3722627737226277,-0.45985401459854014
0.0,0.0,0.0625,-0.2986111111111111,0.034722222222222224,-0.625,-0.09722222222222222,-0.875,-0.2013888888888889,-1.0,0.2638888888888889,-0.7430555555555556,-0.11805555555555555,-0.9791666666666666,-0.1736111111111111,-0.8541666666666666,-0.09722222222222222,-0.7708333333333334,0.19444444444444445,-0.6319444444444444,-0.2222222222222222,-0.8958333333333334,-0.24305555555555555,-0.7569444444444444,-0.1527777777777778,-0.6805555555555556,0.08333333333333333,-0.5069444444444444,-0.3055555555555556,-0.7708333333333334,-0.2916666666666667,-0.6319444444444444,-0.19444444444444445,-0.5486111111111112,-0.0625,-0.3819444444444444,-0.3472222222222222,-0.6041666666666666,-0.3333333333333333,-0.5069444444444444,-0.24305555555555555,-0.4305555555555556
0.0,0.0,0.1773049645390071,-0.24822695035460993,0.2553191489361702,-0.5886524822695035,0.19148936170212766,-0.8794326241134752,0.028368794326241134,-1.0,0.2695035460992908,-0.574468085106383,0.04964539007092199,-0.9361702127659575,0.0070921985815602835,-0.851063829787234,0.03546099290780142,-0.7304964539007093,0.07801418439716312,-0.48936170212765956,-0.14893617021276595,-0.900709219858156,-0.15602836879432624,-0.7872340425531915,-0.10638297872340426,-0.6595744680851063,-0.1276595744680851,-0.41843971631205673,-0.3049645390070922,-0.7943262411347518,-0.28368794326241137,-0.6808510638297872,-0.22695035460992907,-0.5602836879432624,-0.3191489361702128,-0.3546099290780142,-0.41843971631205673,-0.6524822695035462,-0.3829787234042553,-0.5673758865248227,-0.3404255319148936,-0.46099290780141844
0.0,0.0,0.3308270676691729,-0.19548872180451127,0.5263157894736842,-0.5488721804511278,0.47368421052631576,-0.8872180451127819,0.24812030075187969,-1.0,0.23308270676691728,-0.39097744360902253,0.24812030075187969,-0.8947368421052632,0.2857142857142857,-0.7819548872180451,0.2932330827067669,-0.631578947368421,-0.045112781954887216,-0.3684210526315789,0.045112781954887216,-0.9022556390977443,0.09774436090225563,-0.7969924812030075,0.09022556390977443,-0.6466165413533834,-0.2631578947368421,-0.39097744360902253,-0.14285714285714285,-0.8646616541353384,-0.08270676691729323,-0.7593984962406015,-0.09022556390977443,-0.631578947368421,-0.42105263157894735,-0.43609022556390975,-0.2781954887218045,-0.7969924812030075,-0.23308270676691728,-0.706766917293233,-0.2631578947368421,-0.5939849624060151
0.0,0.0,0.371900826446281,-0.2231404958677686,0.5619834710743802,-0.5619834710743802,0.5041322314049587,-0.8760330578512396,0.3305785123966942,-0.9504132231404959,0.1487603305785124,-0.768595041322314,0.256198347107438,-1.0,0.32231404958677684,-0.8512396694214877,0.3140495867768595,-0.7107438016528925,-0.11570247933884298,-0.7520661157024794,0.0743801652892562,-0.9752066115702479,0.14049586776859505,-0.8677685950413223,0.11570247933884298,-0.743801652892562,-0.30578512396694213,-0.6942148760330579,-0.09917355371900827,-0.8925619834710744,-0.024793388429752067,-0.7933884297520661,-0.04132231404958678,-0.6776859504132231,-0.4297520661157025,-0.628099173553719,-0.2396694214876033,-0.8016528925619835,-0.18181818181818182,-0.71900826446281,-0.19834710743801653,-0.6115702479338843
0.0,0.0,0.2028985507246377,-0.2826086956521739,0.2536231884057971,-0.5507246376811594,0.1956521739130435,-0.7608695652173914,0.050724637681159424,-0.8405797101449275,0.1956521739130435,-0.8115942028985508,0.014492753623188406,-1.0,0.0,-0.8985507246376812,0.036231884057971016,-0.7971014492753623,-0.021739130434782608,-0.7681159420289855,-0.15217391304347827,-0.9347826086956522,-0.15942028985507245,-0.8333333333333334,-0.12318840579710146,-0.7318840579710145,-0.2391304347826087,-0.6884057971014492,-0.3188405797101449,-0.8478260869565217,-0.3115942028985507,-0.7463768115942029,-0.2753623188405797,-0.6376811594202898,-0.427536231884058,-0.5869565217391305,-0.463768115942029,-0.7391304347826086,-0.4420289855072464,-0.644927536231884,-0.4057971014492754,-0.5579710144927537
0.0,0.0,0.13793103448275862,-0.296551724137931,0.14482758620689656,-0.5724137931034483,0.041379310344827586,-0.7448275862068966,-0.10344827586206896,-0.7931034482758621,0.15172413793103448,-0.8206896551724138,-0.11724137931034483,-1.0,-0.1724137931034483,-0.8896551724137931,-0.1310344827586207,-0.8137931034482758,-0.013793103448275862,-0.7793103448275862,-0.27586206896551724,-0.9379310344827586,-0.3103448275862069,-0.8206896551724138,-0.2482758620689655,-0.7310344827586207,-0.2,-0.6896551724137931,-0.4206896551724138,-0.8413793103448276,-0.4413793103448276,-0.7241379310344828,-0.3793103448275862,-0.6413793103448275,-0.3793103448275862,-0.5862068965517241,-0.5310344827586206,-0.7172413793103448,-0.5310344827586206,-0.6206896551724138,-0.47586206896551725,-0.5448275862068965
0.0,0.0,0.1619718309859155,-0.2676056338028169,0.19014084507042253,-0.5563380281690141,0.07042253521126761,-0.7746478873239436,-0.09154929577464789,-0.8591549295774648,0.22535211267605634,-0.7676056338028169,-0.056338028169014086,-1.0,-0.1056338028169014,-0.8943661971830986,-0.06338028169014084,-0.8028169014084507,0.056338028169014086,-0.7253521126760564,-0.21830985915492956,-0.9436619718309859,-0.23943661971830985,-0.823943661971831,-0.176056338028169,-0.7253521126760564,-0.13380281690140844,-0.6549295774647887,-0.36619718309859156,-0.852112676056338,-0.38028169014084506,-0.7253521126760564,-0.30985915492957744,-0.6338028169014085,-0.33098591549295775,-0.5563380281690141,-0.4788732394366197,-0.7112676056338029,-0.4647887323943662,-0.5985915492957746,-0.4084507042253521,-0.5211267605633803
0.0,0.0,0.1897810218978102,-0.31386861313868614,0.19708029197080293,-0.5985401459854015,0.058394160583941604,-0.781021897810219,-0.10218978102189781,-0.8248175182481752,0.043795620437956206,-0.8832116788321168,-0.0948905109489051,-1.0,-0.10948905109489052,-0.8978102189781022,-0.08029197080291971,-0.7883211678832117,-0.1897810218978102,-0.8394160583941606,-0.291970802919708,-0.9124087591240876,-0.2773722627737226,-0.8175182481751825,-0.23357664233576642,-0.708029197080292,-0.38686131386861317,-0.7299270072992701,-0.45255474452554745,-0.781021897810219,-0.4233576642335766,-0.6934306569343066,-0.36496350364963503,-0.5912408759124088,-0.5474452554744526,-0.5985401459854015,-0.5912408759124088,-0.6496350364963503,-0.5474452554744526,-0.5693430656934306,-0.48905109489051096,-0.48905109489051096
0.0,0.0,0.25806451612903225,-0.28225806451612906,0.2661290322580645,-0.6370967741935484,0.07258064516129033,-0.8225806451612904,-0.11290322580645161,-0.8629032258064516,-0.04838709677419355,-0.9838709677419355,-0.04032258064516129,-1.0,0.016129032258064516,-0.8548387096774194,0.04032258064516129,-0.7338709677419355,-0.29838709677419356,-0.9274193548387096,-0.25,-0.8870967741935484,-0.1693548387096774,-0.7661290322580645,-0.14516129032258066,-0.6612903225806451,-0.4838709677419355,-0.7903225806451613,-0.4112903225806452,-0.7258064516129032,-0.3225806451612903,-0.6370967741935484,-0.28225806451612906,-0.5403225806451613,-0.6209677419354839,-0.6290322580645161,-0.5564516129032258,-0.5887096774193549,-0.4838709677419355,-0.5080645161290323,-0.4596774193548387,-0.4274193548387097
0.0,0.0,0.2517985611510791,-0.3237410071942446,0.2949640287769784,-0.6330935251798561,0.16546762589928057,-0.841726618705036,0.007194244604316547,-0.8776978417266187,0.014388489208633094,-0.8848920863309353,0.050359712230215826,-1.0,0.09352517985611511,-0.8633093525179856,0.08633093525179857,-0.7553956834532374,-0.2158273381294964,-0.8273381294964028,-0.1223021582733813,-0.920863309352518,-0.07194244604316546,-0.8201438848920863,-0.07194244604316546,-0.7122302158273381,-0.38848920863309355,-0.7194244604316546,-0.2805755395683453,-0.8057553956834532,-0.22302158273381295,-0.7266187050359713,-0.2158273381294964,-0.6187050359712231,-0.5107913669064749,-0.60431654676259,-0.41007194244604317,-0.6906474820143885,-0.34532374100719426,-0.6187050359712231,-0.3381294964028777,-0.5251798561151079
0.0,0.0,0.3076923076923077,-0.28846153846153844,0.42948717948717946,-0.6346153846153846,0.28846153846153844,-0.8717948717948718,0.08974358974358974,-0.9358974358974359,0.17307692307692307,-1.0,0.1858974358974359,-0.9871794871794872,0.1987179487179487,-0.8205128205128205,0.20512820512820512,-0.6923076923076923,-0.11538461538461539,-0.9807692307692307,-0.07051282051282051,-0.9294871794871795,-0.03205128205128205,-0.782051282051282,-0.019230769230769232,-0.6538461538461539,-0.3525641025641026,-0.8717948717948718,-0.2948717948717949,-0.7948717948717948,-0.23076923076923078,-0.6730769230769231,-0.20512820512820512,-0.5641025641025641,-0.5384615384615384,-0.7243589743589743,-0.46153846153846156,-0.6474358974358975,-0.391025641025641,-0.532051282051282,-0.3782051282051282,-0.44871794871794873
0.0,0.0,0.30434782608695654,-0.30434782608695654,0.391304347826087,-0.6645962732919255,0.2484472049689441,-0.906832298136646,0.062111801242236024,-0.9565217391304348,0.08695652173913043,-0.9254658385093167,0.11180124223602485,-1.0,0.15527950310559005,-0.8509316770186336,0.18012422360248448,-0.7329192546583851,-0.19254658385093168,-0.8757763975155279,-0.11180124223602485,-0.937888198757764,-0.049689440993788817,-0.8136645962732919,-0.031055900621118012,-0.6770186335403726,-0.39751552795031053,-0.7577639751552795,-0.2981366459627329,-0.7950310559006211,-0.22981366459627328,-0.6956521739130435,-0.19875776397515527,-0.5838509316770186,-0.546583850931677,-0.6086956521739131,-0.42857142857142855,-0.6335403726708074,-0.36645962732919257,-0.546583850931677,-0.36024844720496896,-0.45962732919254656
0.0,0.0,0.25,-0.34210526315789475,0.3157894736842105,-0.6907894736842105,0.1513157894736842,-0.9210526315789473,-0.03289473684210526,-0.9671052631578947,-0.006578947368421052,-0.9802631578947368,-0.08552631578947369,-1.0,-0.03289473684210526,-0.8486842105263158,0.02631578947368421,-0.7171052631578947,-0.27631578947368424,-0.8947368421052632,-0.25,-0.868421052631579,-0.19736842105263158,-0.743421052631579,-0.15789473684210525,-0.618421052631579,-0.4934210526315789,-0.75,-0.40789473684210525,-0.7171052631578947,-0.34868421052631576,-0.618421052631579,-0.3026315789473684,-0.5131578947368421,-0.6644736842105263,-0.5855263157894737,-0.5526315789473685,-0.5855263157894737,-0.48026315789473684,-0.4868421052631579,-0.4473684210526316,-0.40131578947368424
0.0,0.0,0.33766233766233766,-0.2857142857142857,0.4155844155844156,-0.6623376623376623,0.2727272727272727,-0.935064935064935,0.07792207792207792,-1.0,0.05194805194805195,-0.974025974025974,0.07142857142857142,-0.9935064935064936,0.13636363636363635,-0.8051948051948052,0.14935064935064934,-0.6688311688311688,-0.22077922077922077,-0.9090909090909091,-0.14285714285714285,-0.8766233766233766,-0.07142857142857142,-0.7272727272727273,-0.05844155844155844,-0.6038961038961039,-0.42207792207792205,-0.7857142857142857,-0.3051948051948052,-0.7272727272727273,-0.23376623376623376,-0.6298701298701299,-0.21428571428571427,-0.525974025974026,-0.5714285714285714,-0.6363636363636364,-0.43506493506493504,-0.5844155844155844,-0.36363636363636365,-0.4805194805194805,-0.35064935064935066,-0.3961038961038961
0.0,0.0,0.26973684210526316,-0.27631578947368424,0.3881578947368421,-0.5986842105263158,0.3157894736842105,-0.8881578947368421,0.1118421052631579,-1.0,0.3355263157894737,-0.6907894736842105,0.25,-1.0,0.21710526315789475,-0.9144736842105263,0.23026315789473684,-0.8092105263157895,0.08552631578947369,-0.6842105263157895,0.046052631578947366,-0.9671052631578947,0.046052631578947366,-0.8881578947368421,0.05263157894736842,-0.7828947368421053,-0.14473684210526316,-0.6513157894736842,-0.14473684210526316,-0.9144736842105263,-0.125,-0.8289473684210527,-0.11842105263157894,-0.7302631578947368,-0.3355263157894737,-0.6052631578947368,-0.28289473684210525,-0.8355263157894737,-0.25,-0.756578947368421,-0.2565789473684211,-0.6710526315789473
0.0,0.0,0.36363636363636365,-0.20279720279720279,0.5594405594405595,-0.5314685314685315,0.5384615384615384,-0.8741258741258742,0.38461538461538464,-1.0,0.20279720279720279,-0.6573426573426573,0.3356643356643357,-0.993006993006993,0.38461538461538464,-0.8321678321678322,0.35664335664335667,-0.6713286713286714,-0.06293706293706294,-0.6783216783216783,0.13986013986013987,-0.986013986013986,0.20279720279720279,-0.8601398601398601,0.15384615384615385,-0.7342657342657343,-0.25874125874125875,-0.6713286713286714,-0.03496503496503497,-0.9230769230769231,0.02097902097902098,-0.8181818181818182,-0.013986013986013986,-0.7062937062937062,-0.3916083916083916,-0.6573426573426573,-0.18181818181818182,-0.8391608391608392,-0.13286713286713286,-0.7482517482517482,-0.16783216783216784,-0.6573426573426573
0.0,0.0,0.3475177304964539,-0.23404255319148937,0.5460992907801419,-0.5390070921985816,0.48936170212765956,-0.8297872340425532,0.3617021276595745,-0.9432624113475178,0.14893617021276595,-0.7092198581560284,0.3049645390070922,-1.0,0.3475177304964539,-0.8297872340425532,0.3120567375886525,-0.6737588652482269,-0.11347517730496454,-0.723404255319149,0.09929078014184398,-0.9858156028368794,0.15602836879432624,-0.8652482269503546,0.11347517730496454,-0.7375886524822695,-0.2907801418439716,-0.7092198581560284,-0.06382978723404255,-0.9290780141843972,-0.0070921985815602835,-0.8297872340425532,-0.03546099290780142,-0.7092198581560284,-0.40425531914893614,-0.6808510638297872,-0.20567375886524822,-0.8581560283687943,-0.14893617021276595,-0.7801418439716312,-0.16312056737588654,-0.6808510638297872
0.0,0.0,0.17763157894736842,-0.29605263157894735,0.19736842105263158,-0.5855263157894737,0.05921052631578947,-0.7631578947368421,-0.11842105263157894,-0.8223684210526315,0.2894736842105263,-0.8026315789473685,0.05921052631578947,-1.0,0.02631578947368421,-0.881578947368421,0.06578947368421052,-0.7763157894736842,0.08552631578947369,-0.7763157894736842,-0.1118421052631579,-0.9671052631578947,-0.13815789473684212,-0.8486842105263158,-0.09868421052631579,-0.75,-0.125,-0.7171052631578947,-0.27631578947368424,-0.9013157894736842,-0.29605263157894735,-0.7697368421052632,-0.25,-0.6644736842105263,-0.3355263157894737,-0.625,-0.4144736842105263,-0.7894736842105263,-0.4144736842105263,-0.6776315789473685,-0.375,-0.5855263157894737
0.0,0.0,0.16556291390728478,-0.2913907284768212,0.17218543046357615,-0.5894039735099338,0.026490066225165563,-0.7682119205298014,-0.152317880794702,-0.8211920529801324,0.2980132450331126,-0.8344370860927153,-0.026490066225165563,-1.0,-0.06622516556291391,-0.8675496688741722,-0.006622516556291391,-0.7814569536423841,0.1456953642384106,-0.8145695364238411,-0.15894039735099338,-0.9867549668874173,-0.17880794701986755,-0.8543046357615894,-0.11258278145695365,-0.7615894039735099,-0.046357615894039736,-0.7549668874172185,-0.31788079470198677,-0.9006622516556292,-0.31788079470198677,-0.7615894039735099,-0.23841059602649006,-0.6754966887417219,-0.25165562913907286,-0.6688741721854304,-0.44370860927152317,-0.7748344370860927,-0.423841059602649,-0.6556291390728477,-0.3509933774834437,-0.5827814569536424
0.0,0.0,0.0945945945945946,-0.30405405405405406,0.0945945945945946,-0.6013513513513513,-0.05405405405405406,-0.8108108108108109,-0.22297297297297297,-0.8851351351351351,0.2635135135135135,-0.8445945945945946,-0.1554054054054054,-1.0,-0.18243243243243243,-0.8378378378378378,-0.10135135135135136,-0.7702702702702703,0.1554054054054054,-0.8175675675675675,-0.2702702702702703,-0.9594594594594594,-0.2635135135135135,-0.8040540540540541,-0.16216216216216217,-0.7364864864864865,0.013513513513513514,-0.7567567567567568,-0.38513513513513514,-0.8986486486486487,-0.3783783783783784,-0.7297297297297297,-0.2635135135135135,-0.668918918918919,-0.16216216216216217,-0.668918918918919,-0.47297297297297297,-0.7635135135135135,-0.44594594594594594,-0.6283783783783784,-0.34459459459459457,-0.5743243243243243
0.0,0.0,0.2108843537414966,-0.2789115646258503,0.2653061224489796,-0.5918367346938775,0.1292517006802721,-0.7959183673469388,-0.061224489795918366,-0.8571428571428571,0.30612244897959184,-0.7346938775510204,0.12244897959183673,-1.0,0.09523809523809523,-0.891156462585034,0.1360544217687075,-0.782312925170068,0.08163265306122448,-0.7074829931972789,-0.06802721088435375,-0.9727891156462585,-0.08843537414965986,-0.8639455782312925,-0.047619047619047616,-0.7482993197278912,-0.1360544217687075,-0.6530612244897959,-0.25170068027210885,-0.9115646258503401,-0.25170068027210885,-0.7891156462585034,-0.2108843537414966,-0.6802721088435374,-0.3469387755102041,-0.5782312925170068,-0.3945578231292517,-0.7891156462585034,-0.3673469387755102,-0.6870748299319728,-0.3401360544217687,-0.5918367346938775
0.0,0.0,0.32413793103448274,-0.23448275862068965,0.5172413793103449,-0.5448275862068965,0.503448275862069,-0.8551724137931035,0.3793103448275862,-0.9724137931034482,0.1793103448275862,-0.6620689655172414,0.296551724137931,-0.993103448275862,0.3448275862068966,-0.8413793103448276,0.31724137931034485,-0.6896551724137931,-0.07586206896551724,-0.6689655172413793,0.0896551724137931,-1.0,0.15172413793103448,-0.8896551724137931,0.11724137931034483,-0.7655172413793103,-0.2689655172413793,-0.6620689655172414,-0.06896551724137931,-0.9379310344827586,-0.006896551724137931,-0.8413793103448276,-0.034482758620689655,-0.7310344827586207,-0.3931034482758621,-0.6344827586206897,-0.19310344827586207,-0.8482758620689655,-0.13793103448275862,-0.7655172413793103,-0.15862068965517243,-0.6758620689655173
0.0,0.0,0.35714285714285715,-0.22857142857142856,0.55,-0.5571428571428572,0.5285714285714286,-0.8642857142857143,0.40714285714285714,-0.9428571428571428,0.11428571428571428,-0.6785714285714286,0.3357142857142857,-1.0,0.38571428571428573,-0.8071428571428572,0.34285714285714286,-0.6428571428571429,-0.11428571428571428,-0.7,0.15714285714285714,-0.9928571428571429,0.20714285714285716,-0.8428571428571429,0.15714285714285714,-0.7142857142857143,-0.2642857142857143,-0.6928571428571428,0.007142857142857143,-0.9071428571428571,0.06428571428571428,-0.7857142857142857,0.02142857142857143,-0.6785714285714286,-0.35714285714285715,-0.6642857142857143,-0.11428571428571428,-0.8071428571428572,-0.07142857142857142,-0.7,-0.10714285714285714,-0.6071428571428571
0.0,0.0,0.3712121212121212,-0.1893939393939394,0.6060606060606061,-0.5075757575757576,0.6212121212121212,-0.8333333333333334,0.4772727272727273,-0.9015151515151515,0.11363636363636363,-0.7272727272727273,0.4090909090909091,-1.0,0.45454545454545453,-0.7803030303030303,0.4015151515151515,-0.6287878787878788,-0.11363636363636363,-0.75,0.23484848484848486,-0.9924242424242424,0.29545454545454547,-0.8181818181818182,0.22727272727272727,-0.6893939393939394,-0.25,-0.7348484848484849,0.07575757575757576,-0.946969696969697,0.13636363636363635,-0.803030303030303,0.08333333333333333,-0.6818181818181818,-0.32575757575757575,-0.696969696969697,-0.06818181818181818,-0.8712121212121212,-0.007575757575757576,-0.7575757575757576,-0.045454545454545456,-0.6515151515151515
0.0,0.0,0.4076923076923077,-0.19230769230769232,0.6461538461538462,-0.5076923076923077,0.6615384615384615,-0.8384615384615385,0.5076923076923077,-0.9076923076923077,0.16153846153846155,-0.7307692307692307,0.4461538461538462,-1.0,0.49230769230769234,-0.7923076923076923,0.4230769230769231,-0.6384615384615384,-0.06923076923076923,-0.7538461538461538,0.26153846153846155,-1.0,0.3153846153846154,-0.8307692307692308,0.23846153846153847,-0.7153846153846154,-0.2153846153846154,-0.7384615384615385,0.1,-0.9461538461538461,0.15384615384615385,-0.8076923076923077,0.09230769230769231,-0.7,-0.3,-0.6923076923076923,-0.046153846153846156,-0.8615384615384616,0.007692307692307693,-0.7461538461538462,-0.038461538461538464,-0.6384615384615384
0.0,0.0,0.3188405797101449,-0.2608695652173913,0.4855072463768116,-0.5797101449275363,0.4420289855072464,-0.8913043478260869,0.2826086956521739,-0.9927536231884058,0.2246376811594203,-0.7101449275362319,0.2463768115942029,-1.0,0.2608695652173913,-0.8768115942028986,0.2608695652173913,-0.7536231884057971,-0.043478260869565216,-0.7101449275362319,0.057971014492753624,-0.9855072463768116,0.10144927536231885,-0.8913043478260869,0.10144927536231885,-0.7753623188405797,-0.2536231884057971,-0.6811594202898551,-0.09420289855072464,-0.8985507246376812,-0.043478260869565216,-0.8188405797101449,-0.050724637681159424,-0.717391304347826,-0.391304347826087,-0.644927536231884,-0.21739130434782608,-0.8043478260869565,-0.16666666666666666,-0.7318840579710145,-0.18115942028985507,-0.6521739130434783
0.0,0.0,0.22377622377622378,-0.25874125874125875,0.26573426573426573,-0.5664335664335665,0.11188811188811189,-0.8111888111888111,-0.06293706293706294,-0.9090909090909091,0.38461538461538464,-0.7482517482517482,0.17482517482517482,-1.0,0.11188811188811189,-0.8881118881118881,0.14685314685314685,-0.7762237762237763,0.1958041958041958,-0.7412587412587412,0.0,-0.993006993006993,-0.04195804195804196,-0.8741258741258742,0.0,-0.7622377622377622,-0.02097902097902098,-0.6993006993006993,-0.17482517482517482,-0.9300699300699301,-0.20279720279720279,-0.8041958041958042,-0.15384615384615385,-0.6993006993006993,-0.23776223776223776,-0.6363636363636364,-0.32167832167832167,-0.8321678321678322,-0.32167832167832167,-0.7132867132867133,-0.2937062937062937,-0.6153846153846154
0.0,0.0,0.23076923076923078,-0.23776223776223776,0.3146853146853147,-0.5384615384615384,0.1888111888111888,-0.7622377622377622,0.013986013986013986,-0.8461538461538461,0.45454545454545453,-0.6923076923076923,0.2517482517482518,-1.0,0.1888111888111888,-0.8881118881118881,0.22377622377622378,-0.7762237762237763,0.24475524475524477,-0.6853146853146853,0.07692307692307693,-1.0,0.027972027972027972,-0.8881118881118881,0.06293706293706294,-0.7762237762237763,0.027972027972027972,-0.6643356643356644,-0.1048951048951049,-0.951048951048951,-0.13986013986013987,-0.8321678321678322,-0.1048951048951049,-0.7202797202797203,-0.1958041958041958,-0.6293706293706294,-0.25874125874125875,-0.8531468531468531,-0.26573426573426573,-0.7482517482517482,-0.24475524475524477,-0.6433566433566433
0.0,0.0,0.23972602739726026,-0.19863013698630136,0.363013698630137,-0.4863013698630137,0.2602739726027397,-0.7465753424657534,0.0684931506849315,-0.8493150684931506,0.5205479452054794,-0.5821917808219178,0.3561643835616438,-1.0,0.2602739726027397,-0.8904109589041096,0.273972602739726,-0.7671232876712328,0.3150684931506849,-0.547945205479452,0.1643835616438356,-1.0,0.0958904109589041,-0.8904109589041096,0.11643835616438356,-0.7671232876712328,0.08904109589041095,-0.5273972602739726,-0.02054794520547945,-0.952054794520548,-0.0684931506849315,-0.8356164383561644,-0.0410958904109589,-0.7054794520547946,-0.14383561643835616,-0.5068493150684932,-0.18493150684931506,-0.8493150684931506,-0.1917808219178082,-0.7602739726027398,-0.17123287671232876,-0.636986301369863
0.0,0.0,0.22818791946308725,-0.21476510067114093,0.3422818791946309,-0.4966442953020134,0.24161073825503357,-0.738255033557047,0.06711409395973154,-0.8456375838926175,0.48322147651006714,-0.5973154362416108,0.3221476510067114,-1.0,0.22818791946308725,-0.9060402684563759,0.2348993288590604,-0.785234899328859,0.2751677852348993,-0.5704697986577181,0.12751677852348994,-0.9932885906040269,0.06040268456375839,-0.8926174496644296,0.08053691275167785,-0.7718120805369127,0.053691275167785234,-0.5503355704697986,-0.04697986577181208,-0.9463087248322147,-0.09395973154362416,-0.8456375838926175,-0.06711409395973154,-0.7248322147651006,-0.174496644295302,-0.5234899328859061,-0.2080536912751678,-0.8523489932885906,-0.2080536912751678,-0.7718120805369127,-0.18791946308724833,-0.6644295302013423
0.0,0.0,0.23129251700680273,-0.23809523809523808,0.3197278911564626,-0.5306122448979592,0.21768707482993196,-0.7551020408163265,0.034013605442176874,-0.8367346938775511,0.4217687074829932,-0.6598639455782312,0.24489795918367346,-1.0,0.17687074829931973,-0.891156462585034,0.20408163265306123,-0.7755102040816326,0.20408163265306123,-0.6462585034013606,0.05442176870748299,-0.9931972789115646,0.006802721088435374,-0.8775510204081632,0.034013605442176874,-0.7619047619047619,-0.027210884353741496,-0.6190476190476191,-0.12244897959183673,-0.9387755102040817,-0.14965986394557823,-0.8231292517006803,-0.12244897959183673,-0.7074829931972789,-0.25170068027210885,-0.5782312925170068,-0.2789115646258503,-0.8435374149659864,-0.2789115646258503,-0.7414965986394558,-0.2585034013605442,-0.6394557823129252
0.0,0.0,0.2465753424657534,-0.273972602739726,0.3013698630136986,-0.5821917808219178,0.15753424657534246,-0.7876712328767124,-0.04794520547945205,-0.863013698630137,0.3013698630136986,-0.7534246575342466,0.14383561643835616,-1.0,0.13013698630136986,-0.8904109589041096,0.17123287671232876,-0.7808219178082192,0.0547945205479452,-0.726027397260274,-0.0410958904109589,-0.9657534246575342,-0.03424657534246575,-0.8561643835616438,-0.0136986301369863,-0.7465753424657534,-0.1780821917808219,-0.6643835616438356,-0.22602739726027396,-0.9041095890410958,-0.2054794520547945,-0.7945205479452054,-0.1780821917808219,-0.684931506849315,-0.3767123287671233,-0.5821917808219178,-0.3698630136986301,-0.7876712328767124,-0.3287671232876712,-0.6917808219178082,-0.3150684931506849,-0.6027397260273972
0.0,0.0,0.31746031746031744,-0.2698412698412698,0.3968253968253968,-0.5952380952380952,0.2222222222222222,-0.7936507936507936,0.03968253968253968,-0.8412698412698413,0.0873015873015873,-0.9682539682539683,0.14285714285714285,-1.0,0.15873015873015872,-0.8492063492063492,0.15079365079365079,-0.7301587301587301,-0.18253968253968253,-0.9444444444444444,-0.0873015873015873,-0.9444444444444444,-0.047619047619047616,-0.8095238095238095,-0.05555555555555555,-0.6825396825396826,-0.38095238095238093,-0.8412698412698413,-0.2857142857142857,-0.8174603174603174,-0.23015873015873015,-0.7142857142857143,-0.2222222222222222,-0.5952380952380952,-0.5317460317460317,-0.6904761904761905,-0.4365079365079365,-0.6825396825396826,-0.38095238095238093,-0.5952380952380952,-0.38095238095238093,-0.5079365079365079
0.0,0.0,0.319672131147541,-0.26229508196721313,0.4016393442622951,-0.5983606557377049,0.20491803278688525,-0.7704918032786885,0.0,-0.7704918032786885,0.00819672131147541,-1.0,0.10655737704918032,-0.9426229508196722,0.13934426229508196,-0.7704918032786885,0.13114754098360656,-0.6639344262295082,-0.2540983606557377,-0.9508196721311475,-0.12295081967213115,-0.8688524590163934,-0.07377049180327869,-0.7295081967213115,-0.08196721311475409,-0.6147540983606558,-0.4426229508196721,-0.819672131147541,-0.3114754098360656,-0.7377049180327869,-0.23770491803278687,-0.6311475409836066,-0.23770491803278687,-0.5245901639344263,-0.5737704918032787,-0.6557377049180327,-0.45081967213114754,-0.6147540983606558,-0.38524590163934425,-0.5163934426229508,-0.38524590163934425,-0.4344262295081967
