0.0,0.0,0.15463917525773196,-0.11855670103092783,0.26288659793814434,-0.31443298969072164,0.39690721649484534,-0.4381443298969072,0.5257731958762887,-0.4948453608247423,0.12886597938144329,-0.520618556701031,0.18041237113402062,-0.7319587628865979,0.20618556701030927,-0.8711340206185567,0.2268041237113402,-0.9845360824742269,-0.005154639175257732,-0.5,-0.06701030927835051,-0.7216494845360825,-0.0979381443298969,-0.865979381443299,-0.12886597938144329,-1.0,-0.1134020618556701,-0.422680412371134,-0.10309278350515463,-0.4536082474226804,-0.02577319587628866,-0.32989690721649484,0.010309278350515464,-0.25773195876288657,-0.20103092783505155,-0.3247422680412371,-0.17010309278350516,-0.35051546391752575,-0.0979381443298969,-0.26804123711340205,-0.05670103092783505,-0.22164948453608246
0.0,0.0,0.15656565656565657,-0.1111111111111111,0.26262626262626265,-0.30808080808080807,0.3939393939393939,-0.43434343434343436,0.5252525252525253,-0.4898989898989899,0.13636363636363635,-0.5151515151515151,0.19696969696969696,-0.7272727272727273,0.22727272727272727,-0.8636363636363636,0.25252525252525254,-0.9747474747474747,0.005050505050505051,-0.5,-0.050505050505050504,-0.7222222222222222,-0.07575757575757576,-0.8686868686868687,-0.10101010101010101,-1.0,-0.10606060606060606,-0.42424242424242425,-0.09090909090909091,-0.4696969696969697,-0.020202020202020204,-0.3434343434343434,0.015151515151515152,-0.25252525252525254,-0.18686868686868688,-0.32323232323232326,-0.16161616161616163,-0.36363636363636365,-0.09090909090909091,-0.2878787878787879,-0.050505050505050504,-0.23737373737373738
0.0,0.0,0.16161616161616163,-0.09090909090909091,0.2878787878787879,-0.2828282828282828,0.4292929292929293,-0.3939393939393939,0.5656565656565656,-0.4393939393939394,0.20202020202020202,-0.48484848484848486,0.2828282828282828,-0.6818181818181818,0.3383838383838384,-0.8080808080808081,0.3838383838383838,-0.9191919191919192,0.07575757575757576,-0.4898989898989899,0.04040404040404041,-0.7171717171717171,0.020202020202020204,-0.8636363636363636,0.0,-1.0,-0.04040404040404041,-0.4292929292929293,-0.045454545454545456,-0.4797979797979798,0.015151515151515152,-0.3434343434343434,0.050505050505050504,-0.25252525252525254,-0.13131313131313133,-0.3434343434343434,-0.11616161616161616,-0.3838383838383838,-0.05555555555555555,-0.29292929292929293,-0.015151515151515152,-0.22727272727272727
0.0,0.0,0.15897435897435896,-0.08205128205128205,0.2923076923076923,-0.26153846153846155,0.4358974358974359,-0.3641025641025641,0.5794871794871795,-0.39487179487179486,0.2205128205128205,-0.4717948717948718,0.3282051282051282,-0.6615384615384615,0.4,-0.7846153846153846,0.46153846153846156,-0.882051282051282,0.09743589743589744,-0.48205128205128206,0.07179487179487179,-0.7128205128205128,0.06153846153846154,-0.8615384615384616,0.05128205128205128,-1.0,-0.020512820512820513,-0.4256410256410256,-0.02564102564102564,-0.4717948717948718,0.03076923076923077,-0.3384615384615385,0.06153846153846154,-0.2564102564102564,-0.11794871794871795,-0.3435897435897436,-0.10256410256410256,-0.38461538461538464,-0.041025641025641026,-0.2923076923076923,-0.005128205128205128,-0.23076923076923078
0.0,0.0,0.15979381443298968,-0.08247422680412371,0.28865979381443296,-0.27319587628865977,0.4329896907216495,-0.3865979381443299,0.5773195876288659,-0.422680412371134,0.211340206185567,-0.4793814432989691,0.30927835051546393,-0.6804123711340206,0.37628865979381443,-0.8092783505154639,0.42783505154639173,-0.9175257731958762,0.08762886597938144,-0.4845360824742268,0.05154639175257732,-0.7164948453608248,0.03608247422680412,-0.865979381443299,0.015463917525773196,-1.0,-0.030927835051546393,-0.42783505154639173,-0.041237113402061855,-0.4742268041237113,0.015463917525773196,-0.3402061855670103,0.04639175257731959,-0.25257731958762886,-0.12371134020618557,-0.3402061855670103,-0.1134020618556701,-0.3917525773195876,-0.05154639175257732,-0.29896907216494845,-0.010309278350515464,-0.23195876288659795
0.0,0.0,0.1641025641025641,-0.07692307692307693,0.2923076923076923,-0.26153846153846155,0.4461538461538462,-0.36923076923076925,0.5897435897435898,-0.4,0.2358974358974359,-0.4666666666666667,0.3384615384615385,-0.6564102564102564,0.41025641025641024,-0.7743589743589744,0.4717948717948718,-0.8769230769230769,0.1076923076923077,-0.48205128205128206,0.08717948717948718,-0.717948717948718,0.08205128205128205,-0.8615384615384616,0.07692307692307693,-1.0,-0.010256410256410256,-0.4307692307692308,-0.015384615384615385,-0.47692307692307695,0.035897435897435895,-0.3333333333333333,0.06153846153846154,-0.24615384615384617,-0.1076923076923077,-0.35384615384615387,-0.09230769230769231,-0.38974358974358975,-0.041025641025641026,-0.2923076923076923,-0.005128205128205128,-0.2358974358974359
0.0,0.0,0.15897435897435896,-0.08205128205128205,0.28717948717948716,-0.2717948717948718,0.4307692307692308,-0.37948717948717947,0.5743589743589743,-0.4153846153846154,0.24102564102564103,-0.4717948717948718,0.3435897435897436,-0.6666666666666666,0.4153846153846154,-0.7897435897435897,0.4717948717948718,-0.8923076923076924,0.11794871794871795,-0.48205128205128206,0.1076923076923077,-0.717948717948718,0.1076923076923077,-0.8666666666666667,0.10256410256410256,-1.0,-0.005128205128205128,-0.4256410256410256,-0.010256410256410256,-0.49230769230769234,0.035897435897435895,-0.3487179487179487,0.06153846153846154,-0.2512820512820513,-0.1076923076923077,-0.3487179487179487,-0.09230769230769231,-0.40512820512820513,-0.041025641025641026,-0.3128205128205128,-0.005128205128205128,-0.2512820512820513
0.0,0.0,0.15897435897435896,-0.09230769230769231,0.28205128205128205,-0.28205128205128205,0.4153846153846154,-0.38974358974358975,0.558974358974359,-0.4256410256410256,0.22564102564102564,-0.48205128205128206,0.3282051282051282,-0.676923076923077,0.39487179487179486,-0.8,0.4512820512820513,-0.9025641025641026,0.09743589743589744,-0.48717948717948717,0.07692307692307693,-0.7230769230769231,0.06153846153846154,-0.8666666666666667,0.046153846153846156,-1.0,-0.020512820512820513,-0.4307692307692308,-0.03076923076923077,-0.48717948717948717,0.020512820512820513,-0.3487179487179487,0.05128205128205128,-0.2564102564102564,-0.11794871794871795,-0.3487179487179487,-0.1076923076923077,-0.4,-0.05128205128205128,-0.3076923076923077,-0.015384615384615385,-0.24615384615384617
0.0,0.0,0.16062176165803108,-0.09844559585492228,0.27461139896373055,-0.2849740932642487,0.40932642487046633,-0.39896373056994816,0.5492227979274611,-0.44041450777202074,0.21761658031088082,-0.49222797927461137,0.30569948186528495,-0.694300518134715,0.3626943005181347,-0.8238341968911918,0.40932642487046633,-0.9326424870466321,0.08808290155440414,-0.49222797927461137,0.05181347150259067,-0.7202072538860104,0.031088082901554404,-0.8652849740932642,0.010362694300518135,-1.0,-0.025906735751295335,-0.43523316062176165,-0.04145077720207254,-0.49222797927461137,0.015544041450777202,-0.3626943005181347,0.046632124352331605,-0.27461139896373055,-0.11917098445595854,-0.3471502590673575,-0.10362694300518134,-0.39896373056994816,-0.04145077720207254,-0.3160621761658031,0.0,-0.2538860103626943
0.0,0.0,0.15873015873015872,-0.10052910052910052,0.2804232804232804,-0.2804232804232804,0.41798941798941797,-0.3915343915343915,0.5661375661375662,-0.43386243386243384,0.2222222222222222,-0.49206349206349204,0.328042328042328,-0.6984126984126984,0.3968253968253968,-0.8253968253968254,0.4497354497354497,-0.9312169312169312,0.08465608465608465,-0.49206349206349204,0.037037037037037035,-0.7248677248677249,0.015873015873015872,-0.8677248677248677,-0.005291005291005291,-1.0,-0.031746031746031744,-0.42857142857142855,-0.047619047619047616,-0.48148148148148145,0.010582010582010581,-0.3439153439153439,0.047619047619047616,-0.25925925925925924,-0.12169312169312169,-0.3386243386243386,-0.1111111111111111,-0.3915343915343915,-0.047619047619047616,-0.30687830687830686,-0.005291005291005291,-0.24338624338624337
0.0,0.0,0.16230366492146597,-0.07853403141361257,0.29842931937172773,-0.2617801047120419,0.4397905759162304,-0.36649214659685864,0.581151832460733,-0.38219895287958117,0.2617801047120419,-0.4712041884816754,0.38219895287958117,-0.6649214659685864,0.4607329842931937,-0.7853403141361257,0.5235602094240838,-0.8795811518324608,0.13612565445026178,-0.4869109947643979,0.11518324607329843,-0.7225130890052356,0.10471204188481675,-0.8691099476439791,0.09424083769633508,-1.0,0.015706806282722512,-0.44502617801047123,0.010471204188481676,-0.49214659685863876,0.05235602094240838,-0.3612565445026178,0.07853403141361257,-0.27225130890052357,-0.08900523560209424,-0.3717277486910995,-0.05759162303664921,-0.418848167539267,0.005235602094240838,-0.3403141361256545,0.041884816753926704,-0.27225130890052357
0.0,0.0,0.14659685863874344,-0.08900523560209424,0.2617801047120419,-0.2513089005235602,0.39267015706806285,-0.3612565445026178,0.5392670157068062,-0.4083769633507853,0.2513089005235602,-0.47643979057591623,0.3507853403141361,-0.6858638743455497,0.41361256544502617,-0.8167539267015707,0.46596858638743455,-0.9267015706806283,0.1256544502617801,-0.4869109947643979,0.10471204188481675,-0.7225130890052356,0.09424083769633508,-0.8691099476439791,0.08376963350785341,-1.0,0.010471204188481676,-0.4397905759162304,0.0,-0.49214659685863876,0.041884816753926704,-0.35602094240837695,0.06806282722513089,-0.2670157068062827,-0.08376963350785341,-0.3612565445026178,-0.06282722513089005,-0.41361256544502617,-0.010471204188481676,-0.32460732984293195,0.02617801047120419,-0.2513089005235602
0.0,0.0,0.14432989690721648,-0.09278350515463918,0.25773195876288657,-0.26288659793814434,0.3917525773195876,-0.36597938144329895,0.5360824742268041,-0.4020618556701031,0.2422680412371134,-0.4742268041237113,0.3556701030927835,-0.6649484536082474,0.4329896907216495,-0.7835051546391752,0.4896907216494845,-0.8814432989690721,0.11855670103092783,-0.4896907216494845,0.10309278350515463,-0.7216494845360825,0.0979381443298969,-0.865979381443299,0.09278350515463918,-1.0,0.005154639175257732,-0.44329896907216493,0.0,-0.4948453608247423,0.041237113402061855,-0.36082474226804123,0.06701030927835051,-0.27319587628865977,-0.09278350515463918,-0.36597938144329895,-0.07216494845360824,-0.41237113402061853,-0.015463917525773196,-0.3247422680412371,0.015463917525773196,-0.26288659793814434
0.0,0.0,0.14659685863874344,-0.08376963350785341,0.27225130890052357,-0.2513089005235602,0.4083769633507853,-0.3612565445026178,0.5549738219895288,-0.39790575916230364,0.2513089005235602,-0.4712041884816754,0.36649214659685864,-0.6596858638743456,0.44502617801047123,-0.7801047120418848,0.5026178010471204,-0.8795811518324608,0.1256544502617801,-0.4869109947643979,0.11518324607329843,-0.7172774869109948,0.10471204188481675,-0.8638743455497382,0.09424083769633508,-1.0,0.010471204188481676,-0.4397905759162304,-0.005235602094240838,-0.49214659685863876,0.03664921465968586,-0.35602094240837695,0.06282722513089005,-0.2670157068062827,-0.08376963350785341,-0.3717277486910995,-0.06806282722513089,-0.41361256544502617,-0.020942408376963352,-0.32460732984293195,0.015706806282722512,-0.25654450261780104
0.0,0.0,0.14285714285714285,-0.09183673469387756,0.2602040816326531,-0.25,0.39285714285714285,-0.3520408163265306,0.5357142857142857,-0.3877551020408163,0.23979591836734693,-0.4642857142857143,0.35714285714285715,-0.6479591836734694,0.4336734693877551,-0.7602040816326531,0.49489795918367346,-0.8571428571428571,0.11734693877551021,-0.47959183673469385,0.11734693877551021,-0.7142857142857143,0.12244897959183673,-0.8622448979591837,0.12755102040816327,-1.0,0.0,-0.4336734693877551,0.0,-0.4897959183673469,0.04591836734693878,-0.3622448979591837,0.0663265306122449,-0.2755102040816326,-0.09693877551020408,-0.3622448979591837,-0.07142857142857142,-0.40816326530612246,-0.015306122448979591,-0.32142857142857145,0.015306122448979591,-0.2602040816326531
0.0,0.0,0.16230366492146597,-0.07853403141361257,0.29842931937172773,-0.2356020942408377,0.450261780104712,-0.31413612565445026,0.5968586387434555,-0.32460732984293195,0.27225130890052357,-0.45549738219895286,0.4031413612565445,-0.6335078534031413,0.4816753926701571,-0.7486910994764397,0.5497382198952879,-0.8429319371727748,0.14659685863874344,-0.47643979057591623,0.15706806282722513,-0.7120418848167539,0.15706806282722513,-0.8638743455497382,0.15706806282722513,-1.0,0.02617801047120419,-0.43455497382198954,0.031413612565445025,-0.49214659685863876,0.07329842931937172,-0.35602094240837695,0.09424083769633508,-0.2617801047120419,-0.07853403141361257,-0.36649214659685864,-0.04712041884816754,-0.41361256544502617,0.005235602094240838,-0.32460732984293195,0.03664921465968586,-0.2617801047120419
0.0,0.0,0.16842105263157894,-0.06315789473684211,0.3105263157894737,-0.21578947368421053,0.46842105263157896,-0.28421052631578947,0.6210526315789474,-0.2789473684210526,0.29473684210526313,-0.4421052631578947,0.4368421052631579,-0.6157894736842106,0.5263157894736842,-0.7210526315789474,0.6,-0.8210526315789474,0.1736842105263158,-0.46842105263157896,0.19473684210526315,-0.7052631578947368,0.20526315789473684,-0.8526315789473684,0.21578947368421053,-1.0,0.04736842105263158,-0.43157894736842106,0.06315789473684211,-0.49473684210526314,0.08947368421052632,-0.34210526315789475,0.1,-0.24736842105263157,-0.06315789473684211,-0.3631578947368421,-0.02631578947368421,-0.41578947368421054,0.015789473684210527,-0.3157894736842105,0.03684210526315789,-0.24736842105263157
0.0,0.0,0.16666666666666666,-0.053763440860215055,0.3172043010752688,-0.20430107526881722,0.4838709677419355,-0.25806451612903225,0.6344086021505376,-0.24731182795698925,0.3118279569892473,-0.44086021505376344,0.45161290322580644,-0.6129032258064516,0.5483870967741935,-0.7204301075268817,0.6236559139784946,-0.8118279569892473,0.1881720430107527,-0.4731182795698925,0.1989247311827957,-0.7096774193548387,0.21505376344086022,-0.8602150537634409,0.22580645161290322,-1.0,0.053763440860215055,-0.43548387096774194,0.07526881720430108,-0.4838709677419355,0.10215053763440861,-0.3333333333333333,0.10752688172043011,-0.24193548387096775,-0.05913978494623656,-0.3763440860215054,-0.016129032258064516,-0.40860215053763443,0.021505376344086023,-0.3118279569892473,0.03763440860215054,-0.24731182795698925
0.0,0.0,0.16756756756756758,-0.04864864864864865,0.32972972972972975,-0.1891891891891892,0.5027027027027027,-0.23243243243243245,0.654054054054054,-0.21081081081081082,0.31351351351351353,-0.43243243243243246,0.4594594594594595,-0.6054054054054054,0.5567567567567567,-0.7135135135135136,0.6378378378378379,-0.8054054054054054,0.1891891891891892,-0.4648648648648649,0.21081081081081082,-0.7081081081081081,0.23243243243243245,-0.8594594594594595,0.24324324324324326,-1.0,0.05945945945945946,-0.43243243243243246,0.08108108108108109,-0.4810810810810811,0.10270270270270271,-0.32972972972972975,0.11351351351351352,-0.24324324324324326,-0.05945945945945946,-0.3675675675675676,-0.016216216216216217,-0.40540540540540543,0.021621621621621623,-0.3027027027027027,0.03783783783783784,-0.24324324324324326
0.0,0.0,0.1827956989247312,-0.04838709677419355,0.3548387096774194,-0.1935483870967742,0.532258064516129,-0.24193548387096775,0.6881720430107527,-0.24193548387096775,0.3064516129032258,-0.45161290322580644,0.43010752688172044,-0.6397849462365591,0.510752688172043,-0.7634408602150538,0.5806451612903226,-0.8655913978494624,0.1774193548387097,-0.478494623655914,0.1935483870967742,-0.7150537634408602,0.20967741935483872,-0.8655913978494624,0.22580645161290322,-1.0,0.053763440860215055,-0.44086021505376344,0.06451612903225806,-0.4838709677419355,0.0967741935483871,-0.3387096774193548,0.10752688172043011,-0.24731182795698925,-0.05913978494623656,-0.3763440860215054,-0.021505376344086023,-0.40860215053763443,0.016129032258064516,-0.3064516129032258,0.03763440860215054,-0.23118279569892472
0.0,0.0,0.18181818181818182,-0.053475935828877004,0.3582887700534759,-0.18716577540106952,0.5347593582887701,-0.23529411764705882,0.6898395721925134,-0.22994652406417113,0.3048128342245989,-0.44385026737967914,0.44385026737967914,-0.6256684491978609,0.5347593582887701,-0.7379679144385026,0.6042780748663101,-0.8342245989304813,0.18181818181818182,-0.47593582887700536,0.20855614973262032,-0.7058823529411765,0.23529411764705882,-0.8609625668449198,0.25133689839572193,-1.0,0.058823529411764705,-0.44385026737967914,0.0748663101604278,-0.49732620320855614,0.10160427807486631,-0.34759358288770054,0.11764705882352941,-0.25133689839572193,-0.053475935828877004,-0.37967914438502676,-0.0213903743315508,-0.4117647058823529,0.026737967914438502,-0.31016042780748665,0.053475935828877004,-0.23529411764705882
0.0,0.0,0.1827956989247312,-0.04838709677419355,0.3548387096774194,-0.1827956989247312,0.532258064516129,-0.22580645161290322,0.6881720430107527,-0.20967741935483872,0.3118279569892473,-0.44086021505376344,0.44623655913978494,-0.6129032258064516,0.5376344086021505,-0.7258064516129032,0.6129032258064516,-0.8225806451612904,0.1881720430107527,-0.46774193548387094,0.21505376344086022,-0.7043010752688172,0.23655913978494625,-0.8548387096774194,0.25268817204301075,-1.0,0.05913978494623656,-0.44086021505376344,0.06989247311827956,-0.489247311827957,0.10215053763440861,-0.3333333333333333,0.11827956989247312,-0.24193548387096775,-0.053763440860215055,-0.3763440860215054,-0.026881720430107527,-0.4032258064516129,0.016129032258064516,-0.2956989247311828,0.043010752688172046,-0.22580645161290322
0.0,0.0,0.17204301075268819,-0.053763440860215055,0.3387096774193548,-0.1935483870967742,0.510752688172043,-0.24193548387096775,0.6666666666666666,-0.23655913978494625,0.2956989247311828,-0.44086021505376344,0.42473118279569894,-0.6290322580645161,0.510752688172043,-0.7419354838709677,0.5860215053763441,-0.8440860215053764,0.17204301075268819,-0.4731182795698925,0.1827956989247312,-0.7150537634408602,0.1989247311827957,-0.8655913978494624,0.21505376344086022,-1.0,0.04838709677419355,-0.43548387096774194,0.053763440860215055,-0.478494623655914,0.08064516129032258,-0.3333333333333333,0.0967741935483871,-0.24731182795698925,-0.06451612903225806,-0.3763440860215054,-0.03763440860215054,-0.4032258064516129,0.005376344086021506,-0.3010752688172043,0.026881720430107527,-0.23118279569892472
0.0,0.0,0.17989417989417988,-0.06349206349206349,0.3439153439153439,-0.20105820105820105,0.5185185185185185,-0.26455026455026454,0.671957671957672,-0.26455026455026454,0.2857142857142857,-0.455026455026455,0.4074074074074074,-0.6455026455026455,0.48148148148148145,-0.7619047619047619,0.5502645502645502,-0.8624338624338624,0.15873015873015872,-0.47619047619047616,0.164021164021164,-0.708994708994709,0.17989417989417988,-0.8624338624338624,0.18518518518518517,-1.0,0.037037037037037035,-0.43915343915343913,0.037037037037037035,-0.48677248677248675,0.07936507936507936,-0.3492063492063492,0.10052910052910052,-0.25396825396825395,-0.06878306878306878,-0.37037037037037035,-0.047619047619047616,-0.4074074074074074,0.005291005291005291,-0.31216931216931215,0.037037037037037035,-0.23809523809523808
0.0,0.0,0.1693121693121693,-0.0582010582010582,0.3333333333333333,-0.20634920634920634,0.5026455026455027,-0.26455026455026454,0.6507936507936508,-0.2751322751322751,0.2804232804232804,-0.4497354497354497,0.4074074074074074,-0.6349206349206349,0.49206349206349204,-0.7513227513227513,0.5661375661375662,-0.8518518518518519,0.15873015873015872,-0.47619047619047616,0.1693121693121693,-0.7142857142857143,0.18518518518518517,-0.8624338624338624,0.19047619047619047,-1.0,0.037037037037037035,-0.43915343915343913,0.037037037037037035,-0.48677248677248675,0.06878306878306878,-0.3386243386243386,0.08994708994708994,-0.24867724867724866,-0.07407407407407407,-0.37037037037037035,-0.05291005291005291,-0.3968253968253968,-0.005291005291005291,-0.2962962962962963,0.026455026455026454,-0.2275132275132275
0.0,0.0,0.1711229946524064,-0.06951871657754011,0.3155080213903743,-0.2192513368983957,0.48128342245989303,-0.29411764705882354,0.6310160427807486,-0.3048128342245989,0.2620320855614973,-0.45989304812834225,0.3850267379679144,-0.6470588235294118,0.47058823529411764,-0.7700534759358288,0.5401069518716578,-0.8663101604278075,0.12834224598930483,-0.47593582887700536,0.11764705882352941,-0.7112299465240641,0.11229946524064172,-0.8663101604278075,0.10695187165775401,-1.0,0.0053475935828877,-0.43315508021390375,-0.0053475935828877,-0.47593582887700536,0.0427807486631016,-0.3422459893048128,0.0748663101604278,-0.25133689839572193,-0.09090909090909091,-0.36363636363636365,-0.06951871657754011,-0.39037433155080214,-0.0106951871657754,-0.2994652406417112,0.03208556149732621,-0.22994652406417113
0.0,0.0,0.16042780748663102,-0.0855614973262032,0.28342245989304815,-0.25133689839572193,0.43315508021390375,-0.34759358288770054,0.5882352941176471,-0.37967914438502676,0.19786096256684493,-0.48663101604278075,0.3048128342245989,-0.7005347593582888,0.37433155080213903,-0.8342245989304813,0.42780748663101603,-0.946524064171123,0.06951871657754011,-0.48663101604278075,0.016042780748663103,-0.7165775401069518,-0.016042780748663103,-0.8663101604278075,-0.0374331550802139,-1.0,-0.0427807486631016,-0.42245989304812837,-0.06417112299465241,-0.45989304812834225,-0.0053475935828877,-0.3315508021390374,0.03208556149732621,-0.24598930481283424,-0.12299465240641712,-0.33689839572192515,-0.11764705882352941,-0.37967914438502676,-0.0374331550802139,-0.2994652406417112,0.0213903743315508,-0.22994652406417113
0.0,0.0,0.15873015873015872,-0.10052910052910052,0.26455026455026454,-0.2751322751322751,0.4021164021164021,-0.3862433862433862,0.5555555555555556,-0.43386243386243384,0.15343915343915343,-0.4973544973544973,0.2275132275132275,-0.7195767195767195,0.2751322751322751,-0.8571428571428571,0.31746031746031744,-0.9788359788359788,0.021164021164021163,-0.48148148148148145,-0.047619047619047616,-0.708994708994709,-0.08465608465608465,-0.8624338624338624,-0.1164021164021164,-1.0,-0.08465608465608465,-0.4074074074074074,-0.1164021164021164,-0.43386243386243384,-0.037037037037037035,-0.31746031746031744,0.021164021164021163,-0.2328042328042328,-0.164021164021164,-0.30687830687830686,-0.1746031746031746,-0.3386243386243386,-0.10052910052910052,-0.26455026455026454,-0.037037037037037035,-0.20634920634920634
0.0,0.0,0.15343915343915343,-0.10582010582010581,0.25396825396825395,-0.2962962962962963,0.3862433862433862,-0.41798941798941797,0.5291005291005291,-0.4708994708994709,0.12698412698412698,-0.5132275132275133,0.18518518518518517,-0.7354497354497355,0.2222222222222222,-0.8835978835978836,0.25396825396825395,-1.0,-0.005291005291005291,-0.49206349206349204,-0.08994708994708994,-0.708994708994709,-0.13756613756613756,-0.8571428571428571,-0.1746031746031746,-0.9894179894179894,-0.10052910052910052,-0.41798941798941797,-0.13756613756613756,-0.43386243386243384,-0.0582010582010582,-0.31216931216931215,-0.005291005291005291,-0.2328042328042328,-0.1693121693121693,-0.32275132275132273,-0.1746031746031746,-0.3386243386243386,-0.09523809523809523,-0.26455026455026454,-0.031746031746031744,-0.21164021164021163
0.0,0.0,0.14583333333333334,-0.10416666666666667,0.23958333333333334,-0.296875,0.3697916666666667,-0.421875,0.5104166666666666,-0.4791666666666667,0.13020833333333334,-0.5052083333333334,0.19791666666666666,-0.7291666666666666,0.23958333333333334,-0.8697916666666666,0.2760416666666667,-0.9895833333333334,0.0,-0.4895833333333333,-0.07291666666666667,-0.7083333333333334,-0.11458333333333333,-0.859375,-0.15625,-1.0,-0.10416666666666667,-0.4114583333333333,-0.140625,-0.4479166666666667,-0.057291666666666664,-0.3229166666666667,0.005208333333333333,-0.23958333333333334,-0.171875,-0.3072916666666667,-0.17708333333333334,-0.3385416666666667,-0.09895833333333333,-0.2604166666666667,-0.03125,-0.20833333333333334
0.0,0.0,0.12886597938144329,-0.12886597938144329,0.20103092783505155,-0.3247422680412371,0.30927835051546393,-0.4587628865979381,0.44329896907216493,-0.5309278350515464,0.08247422680412371,-0.5154639175257731,0.12371134020618557,-0.7422680412371134,0.15979381443298968,-0.8814432989690721,0.18041237113402062,-1.0,-0.04639175257731959,-0.4845360824742268,-0.14432989690721648,-0.7010309278350515,-0.1958762886597938,-0.8402061855670103,-0.24742268041237114,-0.9690721649484536,-0.14432989690721648,-0.39690721649484534,-0.18041237113402062,-0.42783505154639173,-0.08247422680412371,-0.31958762886597936,-0.020618556701030927,-0.2422680412371134,-0.20618556701030927,-0.29381443298969073,-0.211340206185567,-0.31958762886597936,-0.12886597938144329,-0.25257731958762886,-0.06701030927835051,-0.20618556701030927
0.0,0.0,0.11855670103092783,-0.13917525773195877,0.17525773195876287,-0.3402061855670103,0.27319587628865977,-0.4845360824742268,0.39690721649484534,-0.5721649484536082,0.04639175257731959,-0.5154639175257731,0.07731958762886598,-0.7371134020618557,0.09278350515463918,-0.8814432989690721,0.10309278350515463,-1.0,-0.07731958762886598,-0.4793814432989691,-0.17010309278350516,-0.6958762886597938,-0.2268041237113402,-0.8350515463917526,-0.28350515463917525,-0.9639175257731959,-0.17010309278350516,-0.3865979381443299,-0.1958762886597938,-0.42783505154639173,-0.10309278350515463,-0.3247422680412371,-0.03608247422680412,-0.25773195876288657,-0.23195876288659795,-0.27319587628865977,-0.23711340206185566,-0.31443298969072164,-0.15463917525773196,-0.25257731958762886,-0.09278350515463918,-0.21649484536082475
0.0,0.0,0.1134020618556701,-0.15463917525773196,0.16494845360824742,-0.34536082474226804,0.25773195876288657,-0.4948453608247423,0.37628865979381443,-0.5876288659793815,0.030927835051546393,-0.520618556701031,0.05670103092783505,-0.7422680412371134,0.07216494845360824,-0.8814432989690721,0.07731958762886598,-1.0,-0.09278350515463918,-0.4793814432989691,-0.1958762886597938,-0.6855670103092784,-0.25773195876288657,-0.8247422680412371,-0.31443298969072164,-0.9484536082474226,-0.18556701030927836,-0.38144329896907214,-0.211340206185567,-0.42783505154639173,-0.1134020618556701,-0.3247422680412371,-0.041237113402061855,-0.25257731958762886,-0.23711340206185566,-0.27319587628865977,-0.24742268041237114,-0.31443298969072164,-0.15979381443298968,-0.25773195876288657,-0.0979381443298969,-0.21649484536082475
0.0,0.0,0.1116751269035533,-0.15228426395939088,0.15736040609137056,-0.34517766497461927,0.2436548223350254,-0.49746192893401014,0.350253807106599,-0.5989847715736041,0.025380710659898477,-0.5228426395939086,0.04060913705583756,-0.7461928934010152,0.050761421319796954,-0.883248730964467,0.050761421319796954,-1.0,-0.10152284263959391,-0.47715736040609136,-0.20812182741116753,-0.6802030456852792,-0.26903553299492383,-0.817258883248731,-0.3299492385786802,-0.9441624365482234,-0.18781725888324874,-0.38071065989847713,-0.2131979695431472,-0.41624365482233505,-0.1116751269035533,-0.3147208121827411,-0.050761421319796954,-0.2436548223350254,-0.233502538071066,-0.27411167512690354,-0.23857868020304568,-0.3096446700507614,-0.15228426395939088,-0.25380710659898476,-0.09644670050761421,-0.2131979695431472
0.0,0.0,0.10152284263959391,-0.14720812182741116,0.14720812182741116,-0.350253807106599,0.233502538071066,-0.5025380710659898,0.34517766497461927,-0.6040609137055838,0.015228426395939087,-0.5228426395939086,0.04568527918781726,-0.7461928934010152,0.05583756345177665,-0.883248730964467,0.06091370558375635,-1.0,-0.10152284263959391,-0.47715736040609136,-0.20812182741116753,-0.6852791878172588,-0.27411167512690354,-0.8223350253807107,-0.34517766497461927,-0.9441624365482234,-0.18274111675126903,-0.38578680203045684,-0.2131979695431472,-0.43147208121827413,-0.1116751269035533,-0.3299492385786802,-0.050761421319796954,-0.25380710659898476,-0.233502538071066,-0.26903553299492383,-0.23857868020304568,-0.3197969543147208,-0.15228426395939088,-0.26903553299492383,-0.09137055837563451,-0.22842639593908629
0.0,0.0,0.10714285714285714,-0.14795918367346939,0.16326530612244897,-0.3520408163265306,0.2602040816326531,-0.5051020408163265,0.3673469387755102,-0.6071428571428571,0.04081632653061224,-0.5255102040816326,0.08163265306122448,-0.7448979591836735,0.10204081632653061,-0.8826530612244898,0.11224489795918367,-1.0,-0.07653061224489796,-0.4846938775510204,-0.17346938775510204,-0.7040816326530612,-0.22448979591836735,-0.8367346938775511,-0.2755102040816326,-0.9642857142857143,-0.1683673469387755,-0.39285714285714285,-0.19387755102040816,-0.44387755102040816,-0.09693877551020408,-0.336734693877551,-0.04081632653061224,-0.2602040816326531,-0.22448979591836735,-0.28061224489795916,-0.22959183673469388,-0.33163265306122447,-0.14795918367346939,-0.2653061224489796,-0.10204081632653061,-0.2193877551020408
0.0,0.0,0.11734693877551021,-0.14285714285714285,0.17857142857142858,-0.3469387755102041,0.2755102040816326,-0.4897959183673469,0.3979591836734694,-0.576530612244898,0.05612244897959184,-0.5204081632653061,0.08673469387755102,-0.7448979591836735,0.10714285714285714,-0.8826530612244898,0.11734693877551021,-1.0,-0.07142857142857142,-0.4846938775510204,-0.1683673469387755,-0.7040816326530612,-0.22448979591836735,-0.8469387755102041,-0.28061224489795916,-0.9846938775510204,-0.1683673469387755,-0.39285714285714285,-0.1989795918367347,-0.42857142857142855,-0.10204081632653061,-0.32142857142857145,-0.03571428571428571,-0.25,-0.23469387755102042,-0.2857142857142857,-0.23979591836734693,-0.3163265306122449,-0.15816326530612246,-0.25510204081632654,-0.09183673469387756,-0.21428571428571427
0.0,0.0,0.12626262626262627,-0.13636363636363635,0.18686868686868688,-0.32323232323232326,0.2828282828282828,-0.46464646464646464,0.41414141414141414,-0.5404040404040404,0.045454545454545456,-0.5151515151515151,0.0707070707070707,-0.7424242424242424,0.09595959595959595,-0.8787878787878788,0.10606060606060606,-1.0,-0.08585858585858586,-0.48484848484848486,-0.1919191919191919,-0.6868686868686869,-0.25252525252525254,-0.8232323232323232,-0.31313131313131315,-0.9545454545454546,-0.17676767676767677,-0.3939393939393939,-0.1919191919191919,-0.398989898989899,-0.09595959595959595,-0.29797979797979796,-0.03535353535353535,-0.23737373737373738,-0.23232323232323232,-0.2878787878787879,-0.22727272727272727,-0.30303030303030304,-0.13636363636363635,-0.2474747474747475,-0.0707070707070707,-0.21717171717171718
0.0,0.0,0.12690355329949238,-0.12690355329949238,0.19796954314720813,-0.3096446700507614,0.30456852791878175,-0.4467005076142132,0.4365482233502538,-0.5228426395939086,0.06091370558375635,-0.5025380710659898,0.09644670050761421,-0.7309644670050761,0.12690355329949238,-0.8730964467005076,0.14213197969543148,-1.0,-0.07106598984771574,-0.47715736040609136,-0.17766497461928935,-0.6903553299492385,-0.23857868020304568,-0.8274111675126904,-0.29949238578680204,-0.9644670050761421,-0.16751269035532995,-0.39593908629441626,-0.18781725888324874,-0.39593908629441626,-0.09644670050761421,-0.2893401015228426,-0.03553299492385787,-0.233502538071066,-0.2233502538071066,-0.29441624365482233,-0.2131979695431472,-0.30456852791878175,-0.12690355329949238,-0.24873096446700507,-0.06091370558375635,-0.2131979695431472
0.0,0.0,0.13829787234042554,-0.11702127659574468,0.22340425531914893,-0.2978723404255319,0.3404255319148936,-0.43617021276595747,0.48936170212765956,-0.5,0.06914893617021277,-0.5,0.11170212765957446,-0.7287234042553191,0.13297872340425532,-0.8776595744680851,0.14893617021276595,-1.0,-0.06382978723404255,-0.4787234042553192,-0.18085106382978725,-0.6861702127659575,-0.24468085106382978,-0.8404255319148937,-0.30319148936170215,-0.973404255319149,-0.1595744680851064,-0.39893617021276595,-0.19148936170212766,-0.40425531914893614,-0.10106382978723404,-0.2978723404255319,-0.03723404255319149,-0.22340425531914893,-0.22340425531914893,-0.30319148936170215,-0.22340425531914893,-0.3351063829787234,-0.1276595744680851,-0.2765957446808511,-0.0425531914893617,-0.23404255319148937
0.0,0.0,0.12903225806451613,-0.12365591397849462,0.1989247311827957,-0.3010752688172043,0.3064516129032258,-0.44623655913978494,0.44086021505376344,-0.521505376344086,0.05913978494623656,-0.5,0.07526881720430108,-0.7258064516129032,0.08064516129032258,-0.8709677419354839,0.08064516129032258,-1.0,-0.07526881720430108,-0.478494623655914,-0.1881720430107527,-0.6881720430107527,-0.24731182795698925,-0.8333333333333334,-0.3010752688172043,-0.9731182795698925,-0.1774193548387097,-0.3978494623655914,-0.1935483870967742,-0.3978494623655914,-0.10215053763440861,-0.2956989247311828,-0.03763440860215054,-0.23655913978494625,-0.23655913978494625,-0.2956989247311828,-0.23118279569892472,-0.3172043010752688,-0.13978494623655913,-0.26344086021505375,-0.06451612903225806,-0.22580645161290322
0.0,0.0,0.13440860215053763,-0.11827956989247312,0.20967741935483872,-0.3010752688172043,0.3172043010752688,-0.44086021505376344,0.45698924731182794,-0.5161290322580645,0.05913978494623656,-0.5,0.07526881720430108,-0.7258064516129032,0.08064516129032258,-0.8709677419354839,0.08602150537634409,-1.0,-0.06989247311827956,-0.4838709677419355,-0.1827956989247312,-0.6827956989247311,-0.25268817204301075,-0.8333333333333334,-0.3118279569892473,-0.967741935483871,-0.17204301075268819,-0.4032258064516129,-0.1989247311827957,-0.40860215053763443,-0.11290322580645161,-0.3010752688172043,-0.04838709677419355,-0.23118279569892472,-0.23655913978494625,-0.3064516129032258,-0.24193548387096775,-0.3333333333333333,-0.15053763440860216,-0.27419354838709675,-0.06989247311827956,-0.22580645161290322
0.0,0.0,0.13089005235602094,-0.12041884816753927,0.2094240837696335,-0.3089005235602094,0.3193717277486911,-0.4397905759162304,0.4607329842931937,-0.5026178010471204,0.06806282722513089,-0.5078534031413613,0.09947643979057591,-0.7329842931937173,0.12041884816753927,-0.8743455497382199,0.13612565445026178,-1.0,-0.05759162303664921,-0.4816753926701571,-0.16230366492146597,-0.6963350785340314,-0.225130890052356,-0.837696335078534,-0.28272251308900526,-0.9685863874345549,-0.15706806282722513,-0.4031413612565445,-0.18848167539267016,-0.4031413612565445,-0.09424083769633508,-0.2879581151832461,-0.031413612565445025,-0.225130890052356,-0.2198952879581152,-0.3036649214659686,-0.2198952879581152,-0.3193717277486911,-0.1256544502617801,-0.2513089005235602,-0.05235602094240838,-0.2094240837696335
0.0,0.0,0.13989637305699482,-0.11398963730569948,0.22797927461139897,-0.29015544041450775,0.34196891191709844,-0.41968911917098445,0.48704663212435234,-0.47668393782383417,0.11398963730569948,-0.5025906735751295,0.16580310880829016,-0.7305699481865285,0.20207253886010362,-0.8704663212435233,0.23316062176165803,-0.9896373056994818,-0.015544041450777202,-0.48704663212435234,-0.10880829015544041,-0.7098445595854922,-0.15025906735751296,-0.8601036269430051,-0.18652849740932642,-1.0,-0.11398963730569948,-0.41450777202072536,-0.13471502590673576,-0.43005181347150256,-0.05699481865284974,-0.3160621761658031,0.0,-0.24870466321243523,-0.18652849740932642,-0.3160621761658031,-0.18134715025906736,-0.34196891191709844,-0.09326424870466321,-0.27461139896373055,-0.025906735751295335,-0.22797927461139897
0.0,0.0,0.14356435643564355,-0.09405940594059406,0.24752475247524752,-0.28217821782178215,0.3712871287128713,-0.40594059405940597,0.504950495049505,-0.4603960396039604,0.16831683168316833,-0.4900990099009901,0.24257425742574257,-0.698019801980198,0.297029702970297,-0.8267326732673267,0.3316831683168317,-0.9405940594059405,0.04455445544554455,-0.48514851485148514,0.0049504950495049506,-0.7128712871287128,-0.01485148514851485,-0.8613861386138614,-0.039603960396039604,-1.0,-0.06435643564356436,-0.42574257425742573,-0.07920792079207921,-0.46534653465346537,-0.019801980198019802,-0.3316831683168317,0.024752475247524754,-0.24257425742574257,-0.15346534653465346,-0.3465346534653465,-0.13861386138613863,-0.3811881188118812,-0.06930693069306931,-0.297029702970297,-0.019801980198019802,-0.2376237623762376
0.0,0.0,0.1553398058252427,-0.0970873786407767,0.2621359223300971,-0.28640776699029125,0.39805825242718446,-0.39805825242718446,0.5339805825242718,-0.4368932038834951,0.19902912621359223,-0.4854368932038835,0.2815533980582524,-0.6893203883495146,0.33495145631067963,-0.8155339805825242,0.3786407766990291,-0.9223300970873787,0.07766990291262135,-0.49029126213592233,0.04854368932038835,-0.7135922330097088,0.03398058252427184,-0.8640776699029126,0.014563106796116505,-1.0,-0.02912621359223301,-0.4368932038834951,-0.04854368932038835,-0.470873786407767,0.0048543689320388345,-0.33980582524271846,0.043689320388349516,-0.24757281553398058,-0.12135922330097088,-0.35436893203883496,-0.11165048543689321,-0.3883495145631068,-0.04854368932038835,-0.3058252427184466,0.0,-0.24757281553398058
0.0,0.0,0.1568627450980392,-0.09313725490196079,0.27450980392156865,-0.27450980392156865,0.4117647058823529,-0.38235294117647056,0.553921568627451,-0.4166666666666667,0.21568627450980393,-0.4803921568627451,0.3137254901960784,-0.6764705882352942,0.37745098039215685,-0.7990196078431373,0.43137254901960786,-0.9019607843137255,0.09313725490196079,-0.4852941176470588,0.06862745098039216,-0.7156862745098039,0.058823529411764705,-0.8676470588235294,0.04411764705882353,-1.0,-0.024509803921568627,-0.4362745098039216,-0.029411764705882353,-0.4852941176470588,0.024509803921568627,-0.3480392156862745,0.06372549019607843,-0.25,-0.12254901960784313,-0.35784313725490197,-0.10294117647058823,-0.4068627450980392,-0.0392156862745098,-0.31862745098039214,0.004901960784313725,-0.2549019607843137
0.0,0.0,0.1568627450980392,-0.08823529411764706,0.28431372549019607,-0.2647058823529412,0.4215686274509804,-0.37254901960784315,0.5637254901960784,-0.4019607843137255,0.22058823529411764,-0.47549019607843135,0.3284313725490196,-0.6666666666666666,0.39705882352941174,-0.7892156862745098,0.45588235294117646,-0.8921568627450981,0.09803921568627451,-0.4852941176470588,0.08333333333333333,-0.7156862745098039,0.0784313725490196,-0.8627450980392157,0.06862745098039216,-1.0,-0.014705882352941176,-0.4362745098039216,-0.0196078431372549,-0.4803921568627451,0.029411764705882353,-0.3480392156862745,0.058823529411764705,-0.25,-0.10784313725490197,-0.3627450980392157,-0.08333333333333333,-0.4166666666666667,-0.014705882352941176,-0.3284313725490196,0.03431372549019608,-0.25
0.0,0.0,0.16417910447761194,-0.07462686567164178,0.3034825870646766,-0.24875621890547264,0.44776119402985076,-0.34328358208955223,0.5970149253731343,-0.3681592039800995,0.25870646766169153,-0.4577114427860697,0.3781094527363184,-0.6467661691542289,0.4577114427860697,-0.7611940298507462,0.527363184079602,-0.8606965174129353,0.13432835820895522,-0.48258706467661694,0.13432835820895522,-0.7064676616915423,0.14427860696517414,-0.8557213930348259,0.14925373134328357,-1.0,0.014925373134328358,-0.4427860696517413,0.004975124378109453,-0.47761194029850745,0.04477611940298507,-0.3333333333333333,0.06965174129353234,-0.23880597014925373,-0.08955223880597014,-0.3781094527363184,-0.07462686567164178,-0.40298507462686567,-0.024875621890547265,-0.29850746268656714,0.009950248756218905,-0.23383084577114427
0.0,0.0,0.16,-0.095,0.275,-0.275,0.41,-0.385,0.55,-0.415,0.19,-0.485,0.295,-0.685,0.365,-0.815,0.42,-0.915,0.06,-0.485,0.025,-0.71,0.01,-0.865,-0.005,-1.0,-0.05,-0.43,-0.06,-0.465,-0.005,-0.335,0.025,-0.245,-0.135,-0.345,-0.115,-0.385,-0.04,-0.31,0.02,-0.245
0.0,0.0,0.1414141414141414,-0.12121212121212122,0.2222222222222222,-0.30303030303030304,0.3383838383838384,-0.42424242424242425,0.47474747474747475,-0.4898989898989899,0.12626262626262627,-0.5,0.20202020202020202,-0.7222222222222222,0.25252525252525254,-0.8585858585858586,0.29292929292929293,-0.9797979797979798,-0.005050505050505051,-0.48484848484848486,-0.08080808080808081,-0.7070707070707071,-0.12626262626262627,-0.8585858585858586,-0.16161616161616163,-1.0,-0.11616161616161616,-0.41414141414141414,-0.1414141414141414,-0.4444444444444444,-0.06060606060606061,-0.32323232323232326,-0.005050505050505051,-0.24242424242424243,-0.18686868686868688,-0.31313131313131315,-0.17676767676767677,-0.35353535353535354,-0.09090909090909091,-0.2777777777777778,-0.030303030303030304,-0.22727272727272727
0.0,0.0,0.11557788944723618,-0.135678391959799,0.17587939698492464,-0.32160804020100503,0.27638190954773867,-0.457286432160804,0.4020100502512563,-0.5326633165829145,0.07537688442211055,-0.5175879396984925,0.12562814070351758,-0.7437185929648241,0.16080402010050251,-0.8793969849246231,0.18592964824120603,-1.0,-0.05527638190954774,-0.49246231155778897,-0.1457286432160804,-0.7035175879396985,-0.20603015075376885,-0.8492462311557789,-0.2663316582914573,-0.9798994974874372,-0.1507537688442211,-0.4020100502512563,-0.19597989949748743,-0.4321608040201005,-0.10050251256281408,-0.32663316582914576,-0.04020100502512563,-0.2562814070351759,-0.21105527638190955,-0.2914572864321608,-0.22110552763819097,-0.32160804020100503,-0.135678391959799,-0.2613065326633166,-0.06532663316582915,-0.22110552763819097
0.0,0.0,0.11055276381909548,-0.1507537688442211,0.1507537688442211,-0.3417085427135678,0.23618090452261306,-0.48743718592964824,0.35175879396984927,-0.5778894472361809,0.03015075376884422,-0.5125628140703518,0.06030150753768844,-0.7386934673366834,0.08542713567839195,-0.8793969849246231,0.09547738693467336,-1.0,-0.09547738693467336,-0.4824120603015075,-0.20603015075376885,-0.6834170854271356,-0.27638190954773867,-0.8241206030150754,-0.3417085427135678,-0.949748743718593,-0.18592964824120603,-0.39195979899497485,-0.21608040201005024,-0.40703517587939697,-0.12060301507537688,-0.31155778894472363,-0.05025125628140704,-0.25125628140703515,-0.24120603015075376,-0.2814070351758794,-0.24120603015075376,-0.3065326633165829,-0.1507537688442211,-0.25125628140703515,-0.08040201005025126,-0.22110552763819097
0.0,0.0,0.09359605911330049,-0.15270935960591134,0.12315270935960591,-0.35467980295566504,0.19704433497536947,-0.5073891625615764,0.3054187192118227,-0.6059113300492611,0.0,-0.5172413793103449,0.009852216748768473,-0.7389162561576355,0.019704433497536946,-0.8817733990147784,0.024630541871921183,-1.0,-0.12315270935960591,-0.47783251231527096,-0.24630541871921183,-0.6748768472906403,-0.33004926108374383,-0.8029556650246306,-0.4088669950738916,-0.916256157635468,-0.2019704433497537,-0.3842364532019704,-0.2413793103448276,-0.4088669950738916,-0.1477832512315271,-0.31527093596059114,-0.08374384236453201,-0.2561576354679803,-0.2512315270935961,-0.27586206896551724,-0.2561576354679803,-0.3054187192118227,-0.1724137931034483,-0.26108374384236455,-0.10837438423645321,-0.22660098522167488
0.0,0.0,0.1024390243902439,-0.14634146341463414,0.12195121951219512,-0.35121951219512193,0.1951219512195122,-0.5024390243902439,0.3024390243902439,-0.6048780487804878,0.00975609756097561,-0.5121951219512195,0.00975609756097561,-0.7414634146341463,0.024390243902439025,-0.8829268292682927,0.024390243902439025,-1.0,-0.11219512195121951,-0.4682926829268293,-0.24390243902439024,-0.6536585365853659,-0.32195121951219513,-0.7804878048780488,-0.40487804878048783,-0.8975609756097561,-0.1951219512195122,-0.3804878048780488,-0.22439024390243903,-0.36585365853658536,-0.13170731707317074,-0.28292682926829266,-0.07317073170731707,-0.23902439024390243,-0.23414634146341465,-0.2731707317073171,-0.22926829268292684,-0.2731707317073171,-0.14634146341463414,-0.22439024390243903,-0.08292682926829269,-0.2048780487804878
0.0,0.0,0.09223300970873786,-0.15048543689320387,0.10679611650485436,-0.3446601941747573,0.17475728155339806,-0.5,0.2815533980582524,-0.6019417475728155,-0.019417475728155338,-0.5145631067961165,-0.019417475728155338,-0.7378640776699029,-0.014563106796116505,-0.8786407766990292,-0.019417475728155338,-1.0,-0.13592233009708737,-0.470873786407767,-0.2766990291262136,-0.6504854368932039,-0.3640776699029126,-0.7621359223300971,-0.45145631067961167,-0.8737864077669902,-0.21359223300970873,-0.3786407766990291,-0.24271844660194175,-0.38349514563106796,-0.14563106796116504,-0.2961165048543689,-0.08737864077669903,-0.2524271844660194,-0.24757281553398058,-0.27184466019417475,-0.24757281553398058,-0.28640776699029125,-0.16019417475728157,-0.23786407766990292,-0.0970873786407767,-0.21359223300970873
0.0,0.0,0.11764705882352941,-0.12745098039215685,0.1568627450980392,-0.3088235294117647,0.23039215686274508,-0.46078431372549017,0.35784313725490197,-0.553921568627451,0.029411764705882353,-0.5049019607843137,0.049019607843137254,-0.7352941176470589,0.07352941176470588,-0.8774509803921569,0.0784313725490196,-1.0,-0.09313725490196079,-0.47058823529411764,-0.22549019607843138,-0.6617647058823529,-0.30392156862745096,-0.7843137254901961,-0.38235294117647056,-0.9019607843137255,-0.1715686274509804,-0.3872549019607843,-0.2107843137254902,-0.38235294117647056,-0.11764705882352941,-0.28921568627450983,-0.05392156862745098,-0.23529411764705882,-0.21568627450980393,-0.28921568627450983,-0.21568627450980393,-0.28921568627450983,-0.1323529411764706,-0.23039215686274508,-0.06862745098039216,-0.20098039215686275
0.0,0.0,0.11616161616161616,-0.13636363636363635,0.15656565656565657,-0.30808080808080807,0.23737373737373738,-0.4494949494949495,0.36363636363636365,-0.5404040404040404,0.030303030303030304,-0.5050505050505051,0.06060606060606061,-0.7323232323232324,0.08585858585858586,-0.8737373737373737,0.09595959595959595,-1.0,-0.09090909090909091,-0.4696969696969697,-0.2222222222222222,-0.6666666666666666,-0.30303030303030304,-0.797979797979798,-0.3787878787878788,-0.9242424242424242,-0.17676767676767677,-0.3838383838383838,-0.2222222222222222,-0.3939393939393939,-0.12626262626262627,-0.29797979797979796,-0.06060606060606061,-0.24242424242424243,-0.2222222222222222,-0.2727272727272727,-0.23737373737373738,-0.29292929292929293,-0.14646464646464646,-0.24242424242424243,-0.07575757575757576,-0.21212121212121213
0.0,0.0,0.11557788944723618,-0.135678391959799,0.15577889447236182,-0.32160804020100503,0.24120603015075376,-0.4623115577889447,0.36180904522613067,-0.5477386934673367,0.04522613065326633,-0.507537688442211,0.06532663316582915,-0.7386934673366834,0.08542713567839195,-0.8793969849246231,0.10050251256281408,-1.0,-0.08040201005025126,-0.4723618090452261,-0.21105527638190955,-0.6733668341708543,-0.2914572864321608,-0.8090452261306532,-0.36180904522613067,-0.9296482412060302,-0.1708542713567839,-0.3869346733668342,-0.21105527638190955,-0.3969849246231156,-0.12060301507537688,-0.2964824120603015,-0.05527638190954774,-0.24120603015075376,-0.22110552763819097,-0.2864321608040201,-0.22613065326633167,-0.2964824120603015,-0.1407035175879397,-0.24120603015075376,-0.07537688442211055,-0.20603015075376885
0.0,0.0,0.10552763819095477,-0.1407035175879397,0.1407035175879397,-0.32663316582914576,0.22110552763819097,-0.4723618090452261,0.33668341708542715,-0.5628140703517588,0.035175879396984924,-0.5125628140703518,0.05025125628140704,-0.7386934673366834,0.07035175879396985,-0.8793969849246231,0.08040201005025126,-1.0,-0.09045226130653267,-0.47738693467336685,-0.22613065326633167,-0.678391959798995,-0.3015075376884422,-0.8140703517587939,-0.3768844221105528,-0.9346733668341709,-0.17587939698492464,-0.3869346733668342,-0.22110552763819097,-0.4020100502512563,-0.12562814070351758,-0.3065326633165829,-0.06030150753768844,-0.25125628140703515,-0.22613065326633167,-0.2814070351758794,-0.24120603015075376,-0.2964824120603015,-0.1507537688442211,-0.24120603015075376,-0.09045226130653267,-0.21105527638190955
0.0,0.0,0.09405940594059406,-0.15346534653465346,0.10396039603960396,-0.35148514851485146,0.16336633663366337,-0.504950495049505,0.2722772277227723,-0.599009900990099,-0.01485148514851485,-0.5198019801980198,-0.019801980198019802,-0.7425742574257426,-0.01485148514851485,-0.8811881188118812,-0.019801980198019802,-1.0,-0.13861386138613863,-0.4752475247524752,-0.2871287128712871,-0.6584158415841584,-0.37623762376237624,-0.7821782178217822,-0.46534653465346537,-0.8910891089108911,-0.22277227722772278,-0.37623762376237624,-0.2524752475247525,-0.3910891089108911,-0.1485148514851485,-0.3069306930693069,-0.0891089108910891,-0.24752475247524752,-0.2623762376237624,-0.2623762376237624,-0.2623762376237624,-0.28217821782178215,-0.16831683168316833,-0.24257425742574257,-0.09900990099009901,-0.21287128712871287
0.0,0.0,0.08780487804878048,-0.15609756097560976,0.0975609756097561,-0.35121951219512193,0.15121951219512195,-0.5121951219512195,0.25853658536585367,-0.6195121951219512,-0.03414634146341464,-0.5121951219512195,-0.04878048780487805,-0.7365853658536585,-0.05365853658536585,-0.8780487804878049,-0.06341463414634146,-1.0,-0.15609756097560976,-0.4585365853658537,-0.3073170731707317,-0.6439024390243903,-0.40487804878048783,-0.7609756097560976,-0.4975609756097561,-0.8731707317073171,-0.22926829268292684,-0.35609756097560974,-0.2682926829268293,-0.37073170731707317,-0.16097560975609757,-0.2975609756097561,-0.09268292682926829,-0.25853658536585367,-0.2682926829268293,-0.23902439024390243,-0.2682926829268293,-0.25853658536585367,-0.18536585365853658,-0.22439024390243903,-0.12195121951219512,-0.2048780487804878
0.0,0.0,0.09178743961352658,-0.1497584541062802,0.10144927536231885,-0.3526570048309179,0.15942028985507245,-0.5072463768115942,0.26570048309178745,-0.6135265700483091,-0.024154589371980676,-0.5169082125603864,-0.028985507246376812,-0.7391304347826086,-0.024154589371980676,-0.8840579710144928,-0.033816425120772944,-1.0,-0.14492753623188406,-0.46859903381642515,-0.2898550724637681,-0.6521739130434783,-0.37681159420289856,-0.7729468599033816,-0.463768115942029,-0.8840579710144928,-0.2222222222222222,-0.3719806763285024,-0.2463768115942029,-0.38164251207729466,-0.14492753623188406,-0.2995169082125604,-0.08695652173913043,-0.25120772946859904,-0.2608695652173913,-0.2608695652173913,-0.2560386473429952,-0.28019323671497587,-0.16908212560386474,-0.23671497584541062,-0.1111111111111111,-0.21739130434782608
0.0,0.0,0.09803921568627451,-0.15196078431372548,0.12745098039215685,-0.3480392156862745,0.20098039215686275,-0.4950980392156863,0.3088235294117647,-0.5931372549019608,0.00980392156862745,-0.5196078431372549,0.024509803921568627,-0.7401960784313726,0.03431372549019608,-0.8774509803921569,0.03431372549019608,-1.0,-0.11274509803921569,-0.4803921568627451,-0.23529411764705882,-0.6813725490196079,-0.3088235294117647,-0.8137254901960784,-0.38235294117647056,-0.9362745098039216,-0.19607843137254902,-0.39215686274509803,-0.22549019607843138,-0.4068627450980392,-0.12745098039215685,-0.3088235294117647,-0.06862745098039216,-0.24509803921568626,-0.24509803921568626,-0.27941176470588236,-0.24509803921568626,-0.29901960784313725,-0.1568627450980392,-0.24509803921568626,-0.09803921568627451,-0.20588235294117646
0.0,0.0,0.10294117647058823,-0.14215686274509803,0.1323529411764706,-0.3382352941176471,0.20098039215686275,-0.4950980392156863,0.31862745098039214,-0.5882352941176471,0.024509803921568627,-0.5147058823529411,0.03431372549019608,-0.7401960784313726,0.049019607843137254,-0.8823529411764706,0.05392156862745098,-1.0,-0.09803921568627451,-0.4803921568627451,-0.22549019607843138,-0.6813725490196079,-0.29901960784313725,-0.8088235294117647,-0.37254901960784315,-0.9313725490196079,-0.18137254901960784,-0.39215686274509803,-0.22058823529411764,-0.4019607843137255,-0.12745098039215685,-0.3137254901960784,-0.06372549019607843,-0.25980392156862747,-0.23039215686274508,-0.28431372549019607,-0.24019607843137256,-0.29901960784313725,-0.15196078431372548,-0.25,-0.08823529411764706,-0.21568627450980393
0.0,0.0,0.09852216748768473,-0.15270935960591134,0.12807881773399016,-0.33497536945812806,0.19704433497536947,-0.4827586206896552,0.31527093596059114,-0.5714285714285714,0.029556650246305417,-0.5172413793103449,0.03940886699507389,-0.7389162561576355,0.04926108374384237,-0.8817733990147784,0.054187192118226604,-1.0,-0.09359605911330049,-0.4827586206896552,-0.21674876847290642,-0.6896551724137931,-0.29064039408866993,-0.8226600985221675,-0.35960591133004927,-0.9458128078817734,-0.18226600985221675,-0.39408866995073893,-0.22167487684729065,-0.4187192118226601,-0.1330049261083744,-0.3251231527093596,-0.06896551724137931,-0.2660098522167488,-0.23645320197044334,-0.28078817733990147,-0.2512315270935961,-0.3103448275862069,-0.16748768472906403,-0.26108374384236455,-0.09852216748768473,-0.22660098522167488
0.0,0.0,0.1188118811881188,-0.14356435643564355,0.16336633663366337,-0.32673267326732675,0.24257425742574257,-0.4752475247524752,0.3564356435643564,-0.5594059405940595,0.0594059405940594,-0.5148514851485149,0.07920792079207921,-0.7425742574257426,0.09900990099009901,-0.8811881188118812,0.10891089108910891,-1.0,-0.06930693069306931,-0.4900990099009901,-0.18316831683168316,-0.7029702970297029,-0.24752475247524752,-0.8415841584158416,-0.3118811881188119,-0.9702970297029703,-0.16336633663366337,-0.400990099009901,-0.18811881188118812,-0.4207920792079208,-0.09900990099009901,-0.31683168316831684,-0.04455445544554455,-0.25742574257425743,-0.22277227722772278,-0.297029702970297,-0.22277227722772278,-0.32673267326732675,-0.13861386138613863,-0.26732673267326734,-0.06930693069306931,-0.22772277227722773
0.0,0.0,0.125,-0.14,0.18,-0.325,0.265,-0.465,0.385,-0.54,0.085,-0.515,0.12,-0.74,0.145,-0.885,0.165,-1.0,-0.04,-0.49,-0.145,-0.705,-0.2,-0.855,-0.255,-0.99,-0.14,-0.41,-0.17,-0.435,-0.085,-0.33,-0.03,-0.26,-0.205,-0.305,-0.21,-0.335,-0.125,-0.275,-0.06,-0.235
0.0,0.0,0.12871287128712872,-0.13366336633663367,0.19306930693069307,-0.32673267326732675,0.297029702970297,-0.46534653465346537,0.4207920792079208,-0.5346534653465347,0.09900990099009901,-0.5148514851485149,0.15346534653465346,-0.7277227722772277,0.18811881188118812,-0.8663366336633663,0.21287128712871287,-0.9851485148514851,-0.0297029702970297,-0.49504950495049505,-0.11386138613861387,-0.7178217821782178,-0.15841584158415842,-0.8613861386138614,-0.2079207920792079,-1.0,-0.13366336633663367,-0.4158415841584158,-0.15346534653465346,-0.45544554455445546,-0.07425742574257425,-0.3415841584158416,-0.019801980198019802,-0.2623762376237624,-0.20297029702970298,-0.3118811881188119,-0.19306930693069307,-0.3564356435643564,-0.11386138613861387,-0.29207920792079206,-0.054455445544554455,-0.2376237623762376
0.0,0.0,0.13861386138613863,-0.12376237623762376,0.21287128712871287,-0.3118811881188119,0.3217821782178218,-0.4405940594059406,0.4504950495049505,-0.49504950495049505,0.12376237623762376,-0.5,0.19306930693069307,-0.7178217821782178,0.23267326732673269,-0.8514851485148515,0.2623762376237624,-0.9653465346534653,-0.0049504950495049506,-0.48514851485148514,-0.07920792079207921,-0.7128712871287128,-0.12376237623762376,-0.8613861386138614,-0.16831683168316833,-1.0,-0.11386138613861387,-0.41089108910891087,-0.13366336633663367,-0.44554455445544555,-0.054455445544554455,-0.3316831683168317,0.0,-0.2524752475247525,-0.18316831683168316,-0.3069306930693069,-0.1782178217821782,-0.3465346534653465,-0.09900990099009901,-0.28217821782178215,-0.034653465346534656,-0.22772277227722773
0.0,0.0,0.13861386138613863,-0.1188118811881188,0.21782178217821782,-0.30198019801980197,0.3316831683168317,-0.42574257425742573,0.46534653465346537,-0.4801980198019802,0.12871287128712872,-0.504950495049505,0.20297029702970298,-0.7178217821782178,0.24752475247524752,-0.8514851485148515,0.28217821782178215,-0.9653465346534653,0.0,-0.4900990099009901,-0.06435643564356436,-0.7178217821782178,-0.10891089108910891,-0.8663366336633663,-0.15346534653465346,-1.0,-0.10396039603960396,-0.41089108910891087,-0.13366336633663367,-0.45544554455445546,-0.054455445544554455,-0.3465346534653465,0.0,-0.2623762376237624,-0.1782178217821782,-0.3118811881188119,-0.1782178217821782,-0.35148514851485146,-0.09900990099009901,-0.2871287128712871,-0.034653465346534656,-0.2376237623762376
0.0,0.0,0.14705882352941177,-0.10784313725490197,0.23529411764705882,-0.27941176470588236,0.35784313725490197,-0.4019607843137255,0.49019607843137253,-0.45588235294117646,0.14705882352941177,-0.5,0.22549019607843138,-0.7107843137254902,0.27941176470588236,-0.8382352941176471,0.31862745098039214,-0.9509803921568627,0.0196078431372549,-0.4852941176470588,-0.0392156862745098,-0.7156862745098039,-0.06862745098039216,-0.8627450980392157,-0.10784313725490197,-1.0,-0.08823529411764706,-0.4117647058823529,-0.10784313725490197,-0.46078431372549017,-0.03431372549019608,-0.3431372549019608,0.014705882352941176,-0.2647058823529412,-0.16666666666666666,-0.3137254901960784,-0.1568627450980392,-0.35294117647058826,-0.0784313725490196,-0.28431372549019607,-0.024509803921568627,-0.23039215686274508
0.0,0.0,0.15121951219512195,-0.0975609756097561,0.25365853658536586,-0.2634146341463415,0.375609756097561,-0.37073170731707317,0.5073170731707317,-0.4292682926829268,0.17560975609756097,-0.48292682926829267,0.2634146341463415,-0.6926829268292682,0.32682926829268294,-0.8195121951219512,0.3804878048780488,-0.926829268292683,0.04390243902439024,-0.47804878048780486,-0.004878048780487805,-0.7073170731707317,-0.024390243902439025,-0.8634146341463415,-0.04390243902439024,-1.0,-0.06341463414634146,-0.4195121951219512,-0.08292682926829269,-0.4634146341463415,-0.01951219512195122,-0.34146341463414637,0.024390243902439025,-0.25365853658536586,-0.14634146341463414,-0.33170731707317075,-0.13170731707317074,-0.375609756097561,-0.05853658536585366,-0.2975609756097561,-0.004878048780487805,-0.23414634146341465
0.0,0.0,0.15121951219512195,-0.0975609756097561,0.25853658536585367,-0.25853658536585367,0.3853658536585366,-0.36585365853658536,0.5170731707317073,-0.4195121951219512,0.18536585365853658,-0.47804878048780486,0.28292682926829266,-0.6829268292682927,0.3463414634146341,-0.8048780487804879,0.3951219512195122,-0.9121951219512195,0.05365853658536585,-0.47804878048780486,0.014634146341463415,-0.7073170731707317,0.0,-0.8585365853658536,-0.014634146341463415,-1.0,-0.05365853658536585,-0.4195121951219512,-0.06829268292682927,-0.4634146341463415,-0.004878048780487805,-0.33658536585365856,0.03414634146341464,-0.24878048780487805,-0.14146341463414633,-0.33170731707317075,-0.12195121951219512,-0.37073170731707317,-0.05365853658536585,-0.28780487804878047,0.0,-0.22439024390243903
0.0,0.0,0.16097560975609757,-0.08780487804878048,0.2780487804878049,-0.25365853658536586,0.4195121951219512,-0.35609756097560974,0.5609756097560976,-0.3853658536585366,0.2146341463414634,-0.4682926829268293,0.33658536585365856,-0.6536585365853659,0.40487804878048783,-0.775609756097561,0.4682926829268293,-0.8731707317073171,0.08292682926829269,-0.47804878048780486,0.06341463414634146,-0.7073170731707317,0.06341463414634146,-0.8634146341463415,0.06341463414634146,-1.0,-0.02926829268292683,-0.4195121951219512,-0.03902439024390244,-0.47804878048780486,0.014634146341463415,-0.34146341463414637,0.04878048780487805,-0.24878048780487805,-0.12195121951219512,-0.33658536585365856,-0.1024390243902439,-0.3853658536585366,-0.03414634146341464,-0.3073170731707317,0.00975609756097561,-0.24390243902439024
0.0,0.0,0.14563106796116504,-0.08737864077669903,0.25728155339805825,-0.2524271844660194,0.3883495145631068,-0.35436893203883496,0.5339805825242718,-0.3883495145631068,0.19902912621359223,-0.46601941747572817,0.3106796116504854,-0.6650485436893204,0.3786407766990291,-0.7864077669902912,0.4368932038834951,-0.8883495145631068,0.07766990291262135,-0.48058252427184467,0.038834951456310676,-0.7087378640776699,0.024271844660194174,-0.8592233009708737,0.019417475728155338,-1.0,-0.03398058252427184,-0.42718446601941745,-0.05339805825242718,-0.46601941747572817,0.0,-0.33495145631067963,0.02912621359223301,-0.2524271844660194,-0.12135922330097088,-0.35436893203883496,-0.10194174757281553,-0.3737864077669903,-0.043689320388349516,-0.28640776699029125,0.0048543689320388345,-0.22330097087378642
0.0,0.0,0.14146341463414633,-0.08780487804878048,0.24878048780487805,-0.24878048780487805,0.3804878048780488,-0.3463414634146341,0.5219512195121951,-0.3804878048780488,0.18536585365853658,-0.4682926829268293,0.2975609756097561,-0.6585365853658537,0.37073170731707317,-0.7804878048780488,0.4292682926829268,-0.8780487804878049,0.05853658536585366,-0.47804878048780486,0.024390243902439025,-0.7073170731707317,0.014634146341463415,-0.8585365853658536,0.004878048780487805,-1.0,-0.04878048780487805,-0.424390243902439,-0.06341463414634146,-0.4682926829268293,-0.00975609756097561,-0.34146341463414637,0.024390243902439025,-0.25365853658536586,-0.13170731707317074,-0.34146341463414637,-0.11219512195121951,-0.37073170731707317,-0.04878048780487805,-0.28292682926829266,0.0,-0.2146341463414634
0.0,0.0,0.14,-0.11,0.23,-0.275,0.345,-0.39,0.48,-0.445,0.155,-0.495,0.235,-0.7,0.295,-0.83,0.34,-0.94,0.025,-0.485,-0.04,-0.71,-0.075,-0.865,-0.11,-1.0,-0.08,-0.42,-0.12,-0.455,-0.05,-0.345,0.0,-0.26,-0.155,-0.33,-0.16,-0.36,-0.085,-0.295,-0.015,-0.235
0.0,0.0,0.1306532663316583,-0.12562814070351758,0.20603015075376885,-0.3015075376884422,0.32160804020100503,-0.4321608040201005,0.457286432160804,-0.48743718592964824,0.1306532663316583,-0.5025125628140703,0.20100502512562815,-0.7185929648241206,0.24120603015075376,-0.8542713567839196,0.27638190954773867,-0.9748743718592965,0.0,-0.49246231155778897,-0.08542713567839195,-0.7135678391959799,-0.1306532663316583,-0.864321608040201,-0.1708542713567839,-1.0,-0.10050251256281408,-0.4221105527638191,-0.1407035175879397,-0.45226130653266333,-0.06030150753768844,-0.33668341708542715,-0.005025125628140704,-0.2562814070351759,-0.17587939698492464,-0.32160804020100503,-0.18090452261306533,-0.35678391959798994,-0.10050251256281408,-0.2864321608040201,-0.04020100502512563,-0.23115577889447236
0.0,0.0,0.12060301507537688,-0.135678391959799,0.1658291457286432,-0.32663316582914576,0.24623115577889448,-0.4723618090452261,0.38190954773869346,-0.5477386934673367,0.08542713567839195,-0.5175879396984925,0.12060301507537688,-0.7386934673366834,0.1507537688442211,-0.8793969849246231,0.17587939698492464,-1.0,-0.04020100502512563,-0.49748743718592964,-0.135678391959799,-0.7085427135678392,-0.19095477386934673,-0.8542713567839196,-0.24623115577889448,-0.9899497487437185,-0.1407035175879397,-0.4221105527638191,-0.18090452261306533,-0.4472361809045226,-0.09547738693467336,-0.33668341708542715,-0.04020100502512563,-0.2613065326633166,-0.20603015075376885,-0.3165829145728643,-0.21608040201005024,-0.35175879396984927,-0.135678391959799,-0.2864321608040201,-0.06532663316582915,-0.23618090452261306
0.0,0.0,0.11650485436893204,-0.1407766990291262,0.14563106796116504,-0.33980582524271846,0.21359223300970873,-0.49029126213592233,0.33980582524271846,-0.5679611650485437,0.06796116504854369,-0.5242718446601942,0.08737864077669903,-0.7427184466019418,0.11165048543689321,-0.883495145631068,0.13106796116504854,-1.0,-0.05339805825242718,-0.49514563106796117,-0.15048543689320387,-0.7087378640776699,-0.21359223300970873,-0.8495145631067961,-0.2669902912621359,-0.9757281553398058,-0.14563106796116504,-0.41262135922330095,-0.1941747572815534,-0.44660194174757284,-0.11165048543689321,-0.3446601941747573,-0.04854368932038835,-0.2766990291262136,-0.2087378640776699,-0.3106796116504854,-0.23300970873786409,-0.35436893203883496,-0.15048543689320387,-0.3058252427184466,-0.0825242718446602,-0.2621359223300971
0.0,0.0,0.0970873786407767,-0.14563106796116504,0.11165048543689321,-0.33495145631067963,0.1796116504854369,-0.4854368932038835,0.2961165048543689,-0.5776699029126213,0.019417475728155338,-0.5242718446601942,0.02912621359223301,-0.7475728155339806,0.043689320388349516,-0.883495145631068,0.04854368932038835,-1.0,-0.10194174757281553,-0.49029126213592233,-0.22815533980582525,-0.6893203883495146,-0.30097087378640774,-0.8155339805825242,-0.3737864077669903,-0.9368932038834952,-0.18932038834951456,-0.4029126213592233,-0.23786407766990292,-0.41262135922330095,-0.14563106796116504,-0.3106796116504854,-0.07766990291262135,-0.24757281553398058,-0.23786407766990292,-0.2961165048543689,-0.2669902912621359,-0.32038834951456313,-0.1796116504854369,-0.27184466019417475,-0.10194174757281553,-0.23786407766990292
0.0,0.0,0.10576923076923077,-0.14423076923076922,0.13942307692307693,-0.3317307692307692,0.23076923076923078,-0.47115384615384615,0.3557692307692308,-0.5480769230769231,0.038461538461538464,-0.5240384615384616,0.057692307692307696,-0.7403846153846154,0.07692307692307693,-0.8798076923076923,0.09134615384615384,-1.0,-0.08173076923076923,-0.49038461538461536,-0.1971153846153846,-0.6923076923076923,-0.2692307692307692,-0.8221153846153846,-0.33653846153846156,-0.9423076923076923,-0.16826923076923078,-0.40384615384615385,-0.22115384615384615,-0.42788461538461536,-0.125,-0.32211538461538464,-0.057692307692307696,-0.2548076923076923,-0.22596153846153846,-0.2980769230769231,-0.24519230769230768,-0.3269230769230769,-0.16346153846153846,-0.2692307692307692,-0.09134615384615384,-0.23076923076923078
0.0,0.0,0.12745098039215685,-0.12745098039215685,0.20098039215686275,-0.3137254901960784,0.3137254901960784,-0.44607843137254904,0.44607843137254904,-0.5196078431372549,0.09313725490196079,-0.5245098039215687,0.12745098039215685,-0.7401960784313726,0.14705882352941177,-0.8823529411764706,0.16666666666666666,-1.0,-0.029411764705882353,-0.5,-0.12745098039215685,-0.7058823529411765,-0.18137254901960784,-0.8480392156862745,-0.23529411764705882,-0.9754901960784313,-0.12745098039215685,-0.4166666666666667,-0.16666666666666666,-0.45098039215686275,-0.08333333333333333,-0.3333333333333333,-0.0196078431372549,-0.25,-0.19117647058823528,-0.31862745098039214,-0.20098039215686275,-0.3480392156862745,-0.12254901960784313,-0.27941176470588236,-0.058823529411764705,-0.22058823529411764
0.0,0.0,0.1485148514851485,-0.10891089108910891,0.2524752475247525,-0.28217821782178215,0.3811881188118812,-0.40594059405940597,0.5247524752475248,-0.4752475247524752,0.12871287128712872,-0.5148514851485149,0.1782178217821782,-0.7326732673267327,0.2079207920792079,-0.8762376237623762,0.23267326732673269,-1.0,0.0049504950495049506,-0.5,-0.07425742574257425,-0.7128712871287128,-0.1188118811881188,-0.8613861386138614,-0.16336633663366337,-0.9900990099009901,-0.09405940594059406,-0.42574257425742573,-0.1485148514851485,-0.46534653465346537,-0.06930693069306931,-0.33663366336633666,-0.0049504950495049506,-0.24752475247524752,-0.16336633663366337,-0.32673267326732675,-0.1782178217821782,-0.3712871287128713,-0.09900990099009901,-0.2871287128712871,-0.024752475247524754,-0.22277227722772278
0.0,0.0,0.1485148514851485,-0.10891089108910891,0.25742574257425743,-0.2871287128712871,0.400990099009901,-0.41089108910891087,0.5445544554455446,-0.4752475247524752,0.13366336633663367,-0.5148514851485149,0.18316831683168316,-0.7326732673267327,0.2079207920792079,-0.8762376237623762,0.22772277227722773,-1.0,0.009900990099009901,-0.5,-0.06930693069306931,-0.7178217821782178,-0.1188118811881188,-0.8663366336633663,-0.15841584158415842,-0.995049504950495,-0.0891089108910891,-0.4306930693069307,-0.14356435643564355,-0.47029702970297027,-0.06930693069306931,-0.3415841584158416,-0.0049504950495049506,-0.25742574257425743,-0.16336633663366337,-0.3316831683168317,-0.1782178217821782,-0.36633663366336633,-0.10396039603960396,-0.2871287128712871,-0.0297029702970297,-0.22772277227722773
0.0,0.0,0.14925373134328357,-0.09950248756218906,0.27860696517412936,-0.263681592039801,0.42786069651741293,-0.3781094527363184,0.5771144278606966,-0.43781094527363185,0.14925373134328357,-0.5074626865671642,0.20398009950248755,-0.736318407960199,0.23880597014925373,-0.8805970149253731,0.263681592039801,-1.0,0.01990049751243781,-0.5024875621890548,-0.04975124378109453,-0.7213930348258707,-0.0945273631840796,-0.8756218905472637,-0.13432835820895522,-1.0,-0.07960199004975124,-0.43781094527363185,-0.12935323383084577,-0.4577114427860697,-0.05970149253731343,-0.3283582089552239,-0.004975124378109453,-0.24378109452736318,-0.15422885572139303,-0.35323383084577115,-0.16417910447761194,-0.373134328358209,-0.0845771144278607,-0.29850746268656714,-0.009950248756218905,-0.23383084577114427
0.0,0.0,0.15763546798029557,-0.08374384236453201,0.2955665024630542,-0.2512315270935961,0.458128078817734,-0.3497536945812808,0.6157635467980296,-0.3793103448275862,0.18719211822660098,-0.4827586206896552,0.27586206896551724,-0.6945812807881774,0.33004926108374383,-0.8275862068965517,0.3793103448275862,-0.9408866995073891,0.059113300492610835,-0.4876847290640394,0.009852216748768473,-0.7142857142857143,-0.014778325123152709,-0.8719211822660099,-0.034482758620689655,-1.0,-0.04926108374384237,-0.43349753694581283,-0.08866995073891626,-0.4630541871921182,-0.029556650246305417,-0.3399014778325123,0.019704433497536946,-0.24630541871921183,-0.1330049261083744,-0.35467980295566504,-0.12807881773399016,-0.3793103448275862,-0.054187192118226604,-0.30049261083743845,0.014778325123152709,-0.2315270935960591
0.0,0.0,0.1625615763546798,-0.07881773399014778,0.30049261083743845,-0.24630541871921183,0.4630541871921182,-0.3399014778325123,0.6206896551724138,-0.35960591133004927,0.1921182266009852,-0.4827586206896552,0.29064039408866993,-0.6896551724137931,0.35960591133004927,-0.8177339901477833,0.41379310344827586,-0.9261083743842364,0.06403940886699508,-0.4876847290640394,0.019704433497536946,-0.7093596059113301,0.0049261083743842365,-0.8669950738916257,-0.014778325123152709,-1.0,-0.04433497536945813,-0.43842364532019706,-0.07881773399014778,-0.458128078817734,-0.024630541871921183,-0.33497536945812806,0.019704433497536946,-0.2413793103448276,-0.1330049261083744,-0.3645320197044335,-0.12315270935960591,-0.3793103448275862,-0.04433497536945813,-0.2955665024630542,0.019704433497536946,-0.22660098522167488
0.0,0.0,0.16176470588235295,-0.06862745098039216,0.29901960784313725,-0.23529411764705882,0.46078431372549017,-0.3284313725490196,0.6225490196078431,-0.3382352941176471,0.2107843137254902,-0.47058823529411764,0.3137254901960784,-0.6764705882352942,0.38235294117647056,-0.803921568627451,0.4411764705882353,-0.9068627450980392,0.08333333333333333,-0.4852941176470588,0.05392156862745098,-0.7058823529411765,0.0392156862745098,-0.8627450980392157,0.024509803921568627,-1.0,-0.024509803921568627,-0.4411764705882353,-0.06862745098039216,-0.46078431372549017,-0.014705882352941176,-0.3333333333333333,0.029411764705882353,-0.23529411764705882,-0.11274509803921569,-0.36764705882352944,-0.11274509803921569,-0.37745098039215685,-0.04411764705882353,-0.29411764705882354,0.014705882352941176,-0.22058823529411764
0.0,0.0,0.15422885572139303,-0.0845771144278607,0.27860696517412936,-0.24875621890547264,0.43781094527363185,-0.3582089552238806,0.5920398009950248,-0.3880597014925373,0.1691542288557214,-0.48756218905472637,0.2537313432835821,-0.6965174129353234,0.30845771144278605,-0.835820895522388,0.35323383084577115,-0.9502487562189055,0.03980099502487562,-0.48756218905472637,-0.01990049751243781,-0.7114427860696517,-0.05472636815920398,-0.8706467661691543,-0.0845771144278607,-1.0,-0.06965174129353234,-0.43283582089552236,-0.10945273631840796,-0.4626865671641791,-0.04477611940298507,-0.34328358208955223,0.004975124378109453,-0.2537313432835821,-0.14925373134328357,-0.3482587064676617,-0.14925373134328357,-0.373134328358209,-0.06467661691542288,-0.3034825870646766,0.009950248756218905,-0.23880597014925373
0.0,0.0,0.14427860696517414,-0.1044776119402985,0.25870646766169153,-0.26865671641791045,0.39800995024875624,-0.3781094527363184,0.5472636815920398,-0.43283582089552236,0.13930348258706468,-0.5074626865671642,0.208955223880597,-0.7263681592039801,0.2537313432835821,-0.8656716417910447,0.2885572139303483,-0.9800995024875622,0.009950248756218905,-0.5024875621890548,-0.07462686567164178,-0.7164179104477612,-0.11940298507462686,-0.8706467661691543,-0.16417910447761194,-1.0,-0.0945273631840796,-0.43283582089552236,-0.14427860696517414,-0.4577114427860697,-0.06965174129353234,-0.3283582089552239,-0.004975124378109453,-0.24378109452736318,-0.16417910447761194,-0.34328358208955223,-0.1791044776119403,-0.3681592039800995,-0.0945273631840796,-0.2885572139303483,-0.01990049751243781,-0.23383084577114427
0.0,0.0,0.135,-0.12,0.21,-0.31,0.33,-0.44,0.47,-0.51,0.08,-0.52,0.12,-0.74,0.15,-0.88,0.17,-1.0,-0.05,-0.495,-0.16,-0.7,-0.225,-0.845,-0.28,-0.97,-0.145,-0.41,-0.2,-0.435,-0.105,-0.315,-0.035,-0.235,-0.21,-0.305,-0.225,-0.33,-0.14,-0.26,-0.065,-0.21
0.0,0.0,0.1188118811881188,-0.13366336633663367,0.16336633663366337,-0.32673267326732675,0.25742574257425743,-0.47029702970297027,0.3811881188118812,-0.5495049504950495,0.01485148514851485,-0.5148514851485149,0.019801980198019802,-0.7326732673267327,0.024752475247524754,-0.8762376237623762,0.0297029702970297,-1.0,-0.10891089108910891,-0.4752475247524752,-0.24257425742574257,-0.6633663366336634,-0.32673267326732675,-0.7970297029702971,-0.400990099009901,-0.9207920792079208,-0.19306930693069307,-0.3811881188118812,-0.24257425742574257,-0.39603960396039606,-0.13366336633663367,-0.297029702970297,-0.0594059405940594,-0.23267326732673269,-0.24257425742574257,-0.2722772277227723,-0.25742574257425743,-0.297029702970297,-0.15841584158415842,-0.2376237623762376,-0.07920792079207921,-0.19801980198019803
0.0,0.0,0.1024390243902439,-0.14634146341463414,0.13658536585365855,-0.34146341463414637,0.2097560975609756,-0.4878048780487805,0.3170731707317073,-0.5853658536585366,-0.014634146341463415,-0.5170731707317073,-0.02926829268292683,-0.7365853658536585,-0.03902439024390244,-0.8780487804878049,-0.04878048780487805,-1.0,-0.13170731707317074,-0.4682926829268293,-0.2780487804878049,-0.6487804878048781,-0.37073170731707317,-0.775609756097561,-0.45365853658536587,-0.8878048780487805,-0.2146341463414634,-0.37073170731707317,-0.2634146341463415,-0.3804878048780488,-0.15609756097560976,-0.28780487804878047,-0.07804878048780488,-0.23414634146341465,-0.25365853658536586,-0.2634146341463415,-0.2731707317073171,-0.28292682926829266,-0.18048780487804877,-0.23902439024390243,-0.0975609756097561,-0.2048780487804878
0.0,0.0,0.11219512195121951,-0.14634146341463414,0.15121951219512195,-0.33658536585365856,0.23414634146341465,-0.48292682926829267,0.3463414634146341,-0.5756097560975609,-0.004878048780487805,-0.5121951219512195,-0.01951219512195122,-0.7365853658536585,-0.024390243902439025,-0.8780487804878049,-0.03414634146341464,-1.0,-0.12682926829268293,-0.4682926829268293,-0.2780487804878049,-0.6439024390243903,-0.37073170731707317,-0.7658536585365854,-0.4585365853658537,-0.8829268292682927,-0.2048780487804878,-0.37073170731707317,-0.25853658536585367,-0.375609756097561,-0.15121951219512195,-0.28292682926829266,-0.07317073170731707,-0.22926829268292684,-0.24878048780487805,-0.2634146341463415,-0.2634146341463415,-0.2731707317073171,-0.17073170731707318,-0.22439024390243903,-0.0975609756097561,-0.1951219512195122
0.0,0.0,0.10344827586206896,-0.1477832512315271,0.1330049261083744,-0.3399014778325123,0.22660098522167488,-0.4876847290640394,0.3448275862068966,-0.5763546798029556,-0.03940886699507389,-0.5172413793103449,-0.06896551724137931,-0.7339901477832512,-0.08866995073891626,-0.8768472906403941,-0.10837438423645321,-1.0,-0.15763546798029557,-0.458128078817734,-0.32019704433497537,-0.625615763546798,-0.42857142857142855,-0.7438423645320197,-0.5172413793103449,-0.8571428571428571,-0.2315270935960591,-0.35467980295566504,-0.29064039408866993,-0.3694581280788177,-0.1724137931034483,-0.2857142857142857,-0.07881773399014778,-0.2315270935960591,-0.270935960591133,-0.23645320197044334,-0.29064039408866993,-0.2512315270935961,-0.1921182266009852,-0.21674876847290642,-0.10837438423645321,-0.1921182266009852
0.0,0.0,0.11961722488038277,-0.15789473684210525,0.18660287081339713,-0.3588516746411483,0.28708133971291866,-0.5023923444976076,0.4019138755980861,-0.5885167464114832,-0.004784688995215311,-0.5167464114832536,-0.019138755980861243,-0.7368421052631579,-0.028708133971291867,-0.8803827751196173,-0.03827751196172249,-1.0,-0.1291866028708134,-0.4688995215311005,-0.2679425837320574,-0.6507177033492823,-0.3588516746411483,-0.7751196172248804,-0.44019138755980863,-0.8803827751196173,-0.20574162679425836,-0.37320574162679426,-0.2631578947368421,-0.3875598086124402,-0.15311004784688995,-0.2966507177033493,-0.07177033492822966,-0.22966507177033493,-0.24880382775119617,-0.2631578947368421,-0.27751196172248804,-0.291866028708134,-0.18660287081339713,-0.23923444976076555,-0.10526315789473684,-0.20095693779904306
0.0,0.0,0.12796208530805686,-0.14691943127962084,0.1990521327014218,-0.36018957345971564,0.3033175355450237,-0.5071090047393365,0.41232227488151657,-0.5924170616113744,-0.004739336492890996,-0.5165876777251185,-0.014218009478672985,-0.7393364928909952,-0.018957345971563982,-0.8862559241706162,-0.02843601895734597,-1.0,-0.12796208530805686,-0.47393364928909953,-0.27014218009478674,-0.6540284360189573,-0.36018957345971564,-0.7867298578199052,-0.43601895734597157,-0.8909952606635071,-0.2132701421800948,-0.38388625592417064,-0.2559241706161137,-0.38388625592417064,-0.14691943127962084,-0.2843601895734597,-0.061611374407582936,-0.21800947867298578,-0.26066350710900477,-0.2796208530805687,-0.27014218009478674,-0.2843601895734597,-0.17061611374407584,-0.22748815165876776,-0.09004739336492891,-0.1895734597156398
0.0,0.0,0.1380952380952381,-0.1380952380952381,0.22857142857142856,-0.3380952380952381,0.3380952380952381,-0.4857142857142857,0.4523809523809524,-0.5761904761904761,0.03333333333333333,-0.5190476190476191,0.0380952380952381,-0.7380952380952381,0.047619047619047616,-0.8809523809523809,0.047619047619047616,-1.0,-0.1,-0.4857142857142857,-0.22857142857142856,-0.6666666666666666,-0.30952380952380953,-0.8,-0.38571428571428573,-0.9142857142857143,-0.18571428571428572,-0.4,-0.22857142857142856,-0.3904761904761905,-0.12380952380952381,-0.2857142857142857,-0.047619047619047616,-0.21904761904761905,-0.23809523809523808,-0.3,-0.24285714285714285,-0.3047619047619048,-0.14761904761904762,-0.24761904761904763,-0.05714285714285714,-0.20952380952380953
