0.0,0.0,-0.1595744680851064,-0.11170212765957446,-0.28191489361702127,-0.2978723404255319,-0.4095744680851064,-0.4148936170212766,-0.5478723404255319,-0.4787234042553192,-0.13297872340425532,-0.5159574468085106,-0.18617021276595744,-0.7340425531914894,-0.21808510638297873,-0.8670212765957447,-0.2393617021276596,-0.9787234042553191,-0.010638297872340425,-0.5,0.047872340425531915,-0.7340425531914894,0.09042553191489362,-0.8776595744680851,0.13829787234042554,-1.0,0.09574468085106383,-0.425531914893617,0.0797872340425532,-0.4734042553191489,0.0,-0.3351063829787234,-0.03723404255319149,-0.25,0.18085106382978725,-0.32978723404255317,0.13297872340425532,-0.35106382978723405,0.05851063829787234,-0.2553191489361702,0.015957446808510637,-0.18617021276595744
0.0,0.0,-0.1518324607329843,-0.11518324607329843,-0.27225130890052357,-0.3036649214659686,-0.4031413612565445,-0.42408376963350786,-0.5392670157068062,-0.47643979057591623,-0.13089005235602094,-0.5287958115183246,-0.17801047120418848,-0.7382198952879581,-0.2094240837696335,-0.8691099476439791,-0.2356020942408377,-0.9842931937172775,-0.010471204188481676,-0.5078534031413613,0.05759162303664921,-0.7329842931937173,0.10471204188481675,-0.8743455497382199,0.1518324607329843,-1.0,0.09947643979057591,-0.4293193717277487,0.09947643979057591,-0.4816753926701571,0.010471204188481676,-0.34554973821989526,-0.03664921465968586,-0.2617801047120419,0.18324607329842932,-0.32460732984293195,0.14659685863874344,-0.3507853403141361,0.06806282722513089,-0.25654450261780104,0.020942408376963352,-0.193717277486911
0.0,0.0,-0.14136125654450263,-0.13089005235602094,-0.25654450261780104,-0.32460732984293195,-0.387434554973822,-0.44502617801047123,-0.5235602094240838,-0.5026178010471204,-0.10471204188481675,-0.5235602094240838,-0.14659685863874344,-0.7382198952879581,-0.17801047120418848,-0.8743455497382199,-0.20418848167539266,-0.9895287958115183,0.015706806282722512,-0.5026178010471204,0.08376963350785341,-0.7329842931937173,0.13612565445026178,-0.8743455497382199,0.18848167539267016,-1.0,0.11518324607329843,-0.42408376963350786,0.1256544502617801,-0.4816753926701571,0.02617801047120419,-0.35602094240837695,-0.02617801047120419,-0.2670157068062827,0.19895287958115182,-0.32460732984293195,0.16230366492146597,-0.3612565445026178,0.07853403141361257,-0.27225130890052357,0.02617801047120419,-0.20418848167539266
0.0,0.0,-0.13612565445026178,-0.13089005235602094,-0.24083769633507854,-0.32460732984293195,-0.3612565445026178,-0.45549738219895286,-0.49214659685863876,-0.5235602094240838,-0.07853403141361257,-0.5287958115183246,-0.10471204188481675,-0.7486910994764397,-0.12041884816753927,-0.8795811518324608,-0.13612565445026178,-1.0,0.041884816753926704,-0.5026178010471204,0.13612565445026178,-0.7225130890052356,0.19895287958115182,-0.8638743455497382,0.2617801047120419,-0.9790575916230366,0.14136125654450263,-0.418848167539267,0.15706806282722513,-0.45549738219895286,0.05235602094240838,-0.3298429319371728,-0.005235602094240838,-0.2513089005235602,0.21465968586387435,-0.31413612565445026,0.18848167539267016,-0.32460732984293195,0.09947643979057591,-0.2356020942408377,0.04712041884816754,-0.17801047120418848
0.0,0.0,-0.11282051282051282,-0.1641025641025641,-0.1794871794871795,-0.3641025641025641,-0.26666666666666666,-0.5128205128205128,-0.37948717948717947,-0.5846153846153846,0.02564102564102564,-0.5282051282051282,0.046153846153846156,-0.7487179487179487,0.05128205128205128,-0.882051282051282,0.06153846153846154,-1.0,0.14358974358974358,-0.4717948717948718,0.28717948717948716,-0.6666666666666666,0.38461538461538464,-0.7897435897435897,0.4717948717948718,-0.8974358974358975,0.2205128205128205,-0.36923076923076925,0.2564102564102564,-0.39487179487179486,0.13846153846153847,-0.3128205128205128,0.06666666666666667,-0.26153846153846155,0.26153846153846155,-0.24615384615384617,0.2564102564102564,-0.2512820512820513,0.15384615384615385,-0.2,0.09230769230769231,-0.16923076923076924
0.0,0.0,-0.11794871794871795,-0.14871794871794872,-0.19487179487179487,-0.3487179487179487,-0.2923076923076923,-0.48717948717948717,-0.41025641025641024,-0.5487179487179488,-0.015384615384615385,-0.5282051282051282,-0.020512820512820513,-0.7487179487179487,-0.02564102564102564,-0.882051282051282,-0.02564102564102564,-1.0,0.1076923076923077,-0.48205128205128206,0.2358974358974359,-0.6820512820512821,0.3230769230769231,-0.8153846153846154,0.4,-0.9230769230769231,0.19487179487179487,-0.38974358974358975,0.2205128205128205,-0.40512820512820513,0.1076923076923077,-0.31794871794871793,0.041025641025641026,-0.26153846153846155,0.24615384615384617,-0.2717948717948718,0.23076923076923078,-0.26666666666666666,0.13333333333333333,-0.20512820512820512,0.06153846153846154,-0.16923076923076924
0.0,0.0,-0.11855670103092783,-0.14948453608247422,-0.1958762886597938,-0.34536082474226804,-0.29896907216494845,-0.4793814432989691,-0.4175257731958763,-0.5463917525773195,-0.010309278350515464,-0.5257731958762887,-0.015463917525773196,-0.7422680412371134,-0.020618556701030927,-0.8814432989690721,-0.020618556701030927,-1.0,0.1134020618556701,-0.4845360824742268,0.2422680412371134,-0.6752577319587629,0.33505154639175255,-0.8041237113402062,0.4175257731958763,-0.9123711340206185,0.1958762886597938,-0.3865979381443299,0.2268041237113402,-0.39690721649484534,0.1134020618556701,-0.30412371134020616,0.041237113402061855,-0.24742268041237114,0.24742268041237114,-0.27319587628865977,0.23711340206185566,-0.26804123711340205,0.13917525773195877,-0.20618556701030927,0.061855670103092786,-0.17010309278350516
0.0,0.0,-0.12755102040816327,-0.14285714285714285,-0.2193877551020408,-0.32142857142857145,-0.32653061224489793,-0.44387755102040816,-0.44387755102040816,-0.5051020408163265,-0.04591836734693878,-0.5357142857142857,-0.07142857142857142,-0.75,-0.08673469387755102,-0.8826530612244898,-0.09693877551020408,-1.0,0.08163265306122448,-0.49489795918367346,0.19387755102040816,-0.6989795918367347,0.2755102040816326,-0.8316326530612245,0.3469387755102041,-0.9438775510204082,0.1683673469387755,-0.4030612244897959,0.18877551020408162,-0.413265306122449,0.08163265306122448,-0.3163265306122449,0.015306122448979591,-0.25510204081632654,0.22448979591836735,-0.29081632653061223,0.20408163265306123,-0.2755102040816326,0.11224489795918367,-0.20918367346938777,0.04591836734693878,-0.1683673469387755
0.0,0.0,-0.13020833333333334,-0.11979166666666667,-0.22395833333333334,-0.296875,-0.3385416666666667,-0.40625,-0.46875,-0.4583333333333333,-0.08854166666666667,-0.53125,-0.13541666666666666,-0.75,-0.16666666666666666,-0.8802083333333334,-0.19270833333333334,-1.0,0.041666666666666664,-0.5052083333333334,0.14583333333333334,-0.71875,0.21875,-0.8645833333333334,0.2864583333333333,-0.984375,0.140625,-0.4166666666666667,0.15625,-0.4270833333333333,0.057291666666666664,-0.3072916666666667,-0.005208333333333333,-0.234375,0.20833333333333334,-0.3125,0.1875,-0.2916666666666667,0.09375,-0.20833333333333334,0.036458333333333336,-0.15625
0.0,0.0,-0.14507772020725387,-0.10880829015544041,-0.24870466321243523,-0.2694300518134715,-0.36787564766839376,-0.37823834196891193,-0.49740932642487046,-0.41968911917098445,-0.13471502590673576,-0.5233160621761658,-0.20725388601036268,-0.7357512953367875,-0.24870466321243523,-0.8652849740932642,-0.2849740932642487,-0.9792746113989638,0.0,-0.5077720207253886,0.08290155440414508,-0.7305699481865285,0.13989637305699482,-0.8756476683937824,0.19689119170984457,-1.0,0.10880829015544041,-0.43005181347150256,0.11917098445595854,-0.44041450777202074,0.015544041450777202,-0.31088082901554404,-0.04145077720207254,-0.23316062176165803,0.18652849740932642,-0.32642487046632124,0.15544041450777202,-0.31088082901554404,0.07253886010362694,-0.21243523316062177,0.02072538860103627,-0.15544041450777202
0.0,0.0,-0.1377551020408163,-0.10714285714285714,-0.25510204081632654,-0.2653061224489796,-0.3826530612244898,-0.35714285714285715,-0.5102040816326531,-0.3979591836734694,-0.14285714285714285,-0.5,-0.23469387755102042,-0.7040816326530612,-0.29081632653061223,-0.8316326530612245,-0.32653061224489793,-0.9387755102040817,-0.015306122448979591,-0.49489795918367346,0.05102040816326531,-0.7244897959183674,0.09693877551020408,-0.8724489795918368,0.14795918367346939,-1.0,0.09183673469387756,-0.42346938775510207,0.08673469387755102,-0.4489795918367347,0.0,-0.30612244897959184,-0.04591836734693878,-0.2193877551020408,0.17346938775510204,-0.33163265306122447,0.1377551020408163,-0.32142857142857145,0.05612244897959184,-0.22448979591836735,0.01020408163265306,-0.15816326530612246
0.0,0.0,-0.13989637305699482,-0.09326424870466321,-0.26424870466321243,-0.23834196891191708,-0.38860103626943004,-0.3316062176165803,-0.5181347150259067,-0.3626943005181347,-0.16062176165803108,-0.49222797927461137,-0.24870466321243523,-0.6994818652849741,-0.30569948186528495,-0.8186528497409327,-0.3471502590673575,-0.927461139896373,-0.025906735751295335,-0.48704663212435234,0.03626943005181347,-0.7202072538860104,0.08290155440414508,-0.8704663212435233,0.13471502590673576,-1.0,0.08808290155440414,-0.41968911917098445,0.08290155440414508,-0.42487046632124353,0.0,-0.2849740932642487,-0.03626943005181347,-0.20207253886010362,0.17098445595854922,-0.3316062176165803,0.13471502590673576,-0.30569948186528495,0.06217616580310881,-0.19689119170984457,0.02072538860103627,-0.13471502590673576
0.0,0.0,-0.14285714285714285,-0.09693877551020408,-0.2653061224489796,-0.25,-0.39285714285714285,-0.3469387755102041,-0.5204081632653061,-0.3877551020408163,-0.1683673469387755,-0.4897959183673469,-0.2602040816326531,-0.6938775510204082,-0.3112244897959184,-0.8163265306122449,-0.3520408163265306,-0.923469387755102,-0.04081632653061224,-0.4846938775510204,0.015306122448979591,-0.7142857142857143,0.061224489795918366,-0.8673469387755102,0.10714285714285714,-1.0,0.07142857142857142,-0.42346938775510207,0.0663265306122449,-0.4387755102040816,-0.01020408163265306,-0.29591836734693877,-0.05102040816326531,-0.20408163265306123,0.16326530612244897,-0.336734693877551,0.12244897959183673,-0.33163265306122447,0.05612244897959184,-0.22448979591836735,0.01020408163265306,-0.14795918367346939
0.0,0.0,-0.13402061855670103,-0.11855670103092783,-0.22164948453608246,-0.30927835051546393,-0.33505154639175255,-0.4329896907216495,-0.4639175257731959,-0.4896907216494845,-0.08247422680412371,-0.5309278350515464,-0.12371134020618557,-0.7525773195876289,-0.14948453608247422,-0.8865979381443299,-0.17010309278350516,-1.0,0.04639175257731959,-0.5103092783505154,0.14948453608247422,-0.7216494845360825,0.21649484536082475,-0.8608247422680413,0.28350515463917525,-0.979381443298969,0.14948453608247422,-0.42783505154639173,0.14948453608247422,-0.42783505154639173,0.05154639175257732,-0.30412371134020616,0.0,-0.23195876288659795,0.21649484536082475,-0.32989690721649484,0.17525773195876287,-0.28350515463917525,0.09278350515463918,-0.19072164948453607,0.04639175257731959,-0.13917525773195877
0.0,0.0,-0.1218274111675127,-0.1319796954314721,-0.20812182741116753,-0.3197969543147208,-0.3147208121827411,-0.4467005076142132,-0.4365482233502538,-0.5076142131979695,-0.04568527918781726,-0.5228426395939086,-0.06598984771573604,-0.7461928934010152,-0.08121827411167512,-0.8781725888324873,-0.08629441624365482,-1.0,0.08629441624365482,-0.4873096446700508,0.19796954314720813,-0.6903553299492385,0.28426395939086296,-0.8223350253807107,0.36548223350253806,-0.934010152284264,0.17766497461928935,-0.4010152284263959,0.18274111675126903,-0.39593908629441626,0.07106598984771574,-0.2893401015228426,0.005076142131979695,-0.2233502538071066,0.23857868020304568,-0.29441624365482233,0.19796954314720813,-0.2639593908629442,0.1065989847715736,-0.18274111675126903,0.04060913705583756,-0.13705583756345177
0.0,0.0,-0.12690355329949238,-0.13705583756345177,-0.2131979695431472,-0.3401015228426396,-0.3350253807106599,-0.4720812182741117,-0.4517766497461929,-0.5482233502538071,-0.03553299492385787,-0.5279187817258884,-0.05583756345177665,-0.751269035532995,-0.06598984771573604,-0.883248730964467,-0.07106598984771574,-1.0,0.09137055837563451,-0.49238578680203043,0.20812182741116753,-0.6903553299492385,0.29441624365482233,-0.817258883248731,0.3756345177664975,-0.9289340101522843,0.18274111675126903,-0.4010152284263959,0.18781725888324874,-0.40609137055837563,0.07614213197969544,-0.29949238578680204,0.01015228426395939,-0.23857868020304568,0.23857868020304568,-0.29441624365482233,0.19289340101522842,-0.2639593908629442,0.09644670050761421,-0.19289340101522842,0.04060913705583756,-0.14720812182741116
0.0,0.0,-0.1218274111675127,-0.14720812182741116,-0.18781725888324874,-0.3604060913705584,-0.27918781725888325,-0.5025380710659898,-0.40609137055837563,-0.5685279187817259,-0.02030456852791878,-0.5279187817258884,-0.025380710659898477,-0.7461928934010152,-0.030456852791878174,-0.883248730964467,-0.025380710659898477,-1.0,0.1065989847715736,-0.4873096446700508,0.233502538071066,-0.6802030456852792,0.3248730964467005,-0.8071065989847716,0.41116751269035534,-0.9187817258883249,0.19796954314720813,-0.39593908629441626,0.19796954314720813,-0.39593908629441626,0.07614213197969544,-0.29441624365482233,0.01015228426395939,-0.233502538071066,0.24873096446700507,-0.28426395939086296,0.20812182741116753,-0.25888324873096447,0.1116751269035533,-0.18781725888324874,0.05583756345177665,-0.15228426395939088
0.0,0.0,-0.11855670103092783,-0.13917525773195877,-0.18041237113402062,-0.36082474226804123,-0.26288659793814434,-0.5103092783505154,-0.38144329896907214,-0.5927835051546392,-0.015463917525773196,-0.5257731958762887,-0.02577319587628866,-0.7474226804123711,-0.02577319587628866,-0.8814432989690721,-0.02577319587628866,-1.0,0.1134020618556701,-0.4845360824742268,0.23711340206185566,-0.6752577319587629,0.32989690721649484,-0.8041237113402062,0.4175257731958763,-0.9123711340206185,0.20103092783505155,-0.3917525773195876,0.211340206185567,-0.39690721649484534,0.09278350515463918,-0.29896907216494845,0.02577319587628866,-0.2422680412371134,0.25257731958762886,-0.28350515463917525,0.20618556701030927,-0.25257731958762886,0.1134020618556701,-0.18041237113402062,0.05154639175257732,-0.14432989690721648
0.0,0.0,-0.13020833333333334,-0.13020833333333334,-0.203125,-0.3385416666666667,-0.2916666666666667,-0.4739583333333333,-0.421875,-0.546875,-0.041666666666666664,-0.53125,-0.07291666666666667,-0.75,-0.08854166666666667,-0.8854166666666666,-0.09895833333333333,-1.0,0.08333333333333333,-0.5,0.203125,-0.6979166666666666,0.2916666666666667,-0.8333333333333334,0.3697916666666667,-0.9479166666666666,0.17708333333333334,-0.4114583333333333,0.1875,-0.40625,0.07291666666666667,-0.296875,0.005208333333333333,-0.234375,0.234375,-0.3020833333333333,0.19791666666666666,-0.2708333333333333,0.109375,-0.19270833333333334,0.052083333333333336,-0.15104166666666666
0.0,0.0,-0.12435233160621761,-0.13471502590673576,-0.19170984455958548,-0.3471502590673575,-0.27979274611398963,-0.48704663212435234,-0.40414507772020725,-0.5544041450777202,-0.04145077720207254,-0.5284974093264249,-0.06735751295336788,-0.7461139896373057,-0.07772020725388601,-0.8808290155440415,-0.08290155440414508,-1.0,0.08808290155440414,-0.49222797927461137,0.20725388601036268,-0.694300518134715,0.29533678756476683,-0.8238341968911918,0.37823834196891193,-0.9378238341968912,0.17616580310880828,-0.40414507772020725,0.19689119170984457,-0.40414507772020725,0.08290155440414508,-0.29533678756476683,0.015544041450777202,-0.23834196891191708,0.23834196891191708,-0.29533678756476683,0.20207253886010362,-0.26424870466321243,0.11398963730569948,-0.18652849740932642,0.05181347150259067,-0.15025906735751296
0.0,0.0,-0.13333333333333333,-0.1282051282051282,-0.20512820512820512,-0.31794871794871793,-0.30256410256410254,-0.4461538461538462,-0.4256410256410256,-0.5128205128205128,-0.07692307692307693,-0.5282051282051282,-0.11794871794871795,-0.7487179487179487,-0.14358974358974358,-0.882051282051282,-0.15897435897435896,-1.0,0.05128205128205128,-0.5025641025641026,0.1641025641025641,-0.7076923076923077,0.24102564102564103,-0.841025641025641,0.31794871794871793,-0.958974358974359,0.14358974358974358,-0.4153846153846154,0.1641025641025641,-0.4205128205128205,0.05641025641025641,-0.3128205128205128,-0.010256410256410256,-0.2512820512820513,0.20512820512820512,-0.3076923076923077,0.17435897435897435,-0.28205128205128205,0.08717948717948718,-0.20512820512820512,0.035897435897435895,-0.1641025641025641
0.0,0.0,-0.1414141414141414,-0.1111111111111111,-0.23232323232323232,-0.2828282828282828,-0.3484848484848485,-0.398989898989899,-0.4797979797979798,-0.4444444444444444,-0.13636363636363635,-0.5252525252525253,-0.20202020202020202,-0.7373737373737373,-0.2474747474747475,-0.8636363636363636,-0.2777777777777778,-0.9747474747474747,-0.005050505050505051,-0.51010101010101,0.07575757575757576,-0.7272727272727273,0.1414141414141414,-0.8737373737373737,0.20202020202020202,-1.0,0.10101010101010101,-0.43434343434343436,0.09595959595959595,-0.4292929292929293,0.010101010101010102,-0.29797979797979796,-0.03535353535353535,-0.21212121212121213,0.1717171717171717,-0.3383838383838384,0.13636363636363635,-0.30303030303030304,0.06060606060606061,-0.20707070707070707,0.015151515151515152,-0.1414141414141414
0.0,0.0,-0.13432835820895522,-0.0945273631840796,-0.2537313432835821,-0.23880597014925373,-0.373134328358209,-0.3283582089552239,-0.4925373134328358,-0.3582089552238806,-0.16417910447761194,-0.4925373134328358,-0.2537313432835821,-0.6965174129353234,-0.30845771144278605,-0.8208955223880597,-0.3482587064676617,-0.9253731343283582,-0.029850746268656716,-0.48756218905472637,0.03482587064676617,-0.7213930348258707,0.07462686567164178,-0.8706467661691543,0.11940298507462686,-1.0,0.0845771144278607,-0.417910447761194,0.06467661691542288,-0.43283582089552236,-0.014925373134328358,-0.2885572139303483,-0.04975124378109453,-0.19900497512437812,0.17412935323383086,-0.3283582089552239,0.11940298507462686,-0.30845771144278605,0.04975124378109453,-0.19900497512437812,0.009950248756218905,-0.13432835820895522
0.0,0.0,-0.1407035175879397,-0.08040201005025126,-0.271356783919598,-0.21105527638190955,-0.4020100502512563,-0.2914572864321608,-0.5276381909547738,-0.3165829145728643,-0.19597989949748743,-0.4723618090452261,-0.3065326633165829,-0.6733668341708543,-0.36683417085427134,-0.7839195979899497,-0.4120603015075377,-0.8894472361809045,-0.06030150753768844,-0.4824120603015075,-0.02512562814070352,-0.7185929648241206,0.005025125628140704,-0.8693467336683417,0.035175879396984924,-1.0,0.05527638190954774,-0.4271356783919598,0.035175879396984924,-0.4321608040201005,-0.03015075376884422,-0.2864321608040201,-0.06030150753768844,-0.19597989949748743,0.1507537688442211,-0.34673366834170855,0.10050251256281408,-0.31155778894472363,0.04020100502512563,-0.19597989949748743,0.010050251256281407,-0.12060301507537688
0.0,0.0,-0.13917525773195877,-0.07731958762886598,-0.26804123711340205,-0.1958762886597938,-0.3917525773195876,-0.27319587628865977,-0.5154639175257731,-0.28865979381443296,-0.20103092783505155,-0.4690721649484536,-0.30412371134020616,-0.6701030927835051,-0.36597938144329895,-0.788659793814433,-0.4072164948453608,-0.8969072164948454,-0.05670103092783505,-0.4793814432989691,-0.015463917525773196,-0.711340206185567,0.015463917525773196,-0.8608247422680413,0.04639175257731959,-1.0,0.061855670103092786,-0.42783505154639173,0.04639175257731959,-0.4381443298969072,-0.020618556701030927,-0.28865979381443296,-0.05154639175257732,-0.20103092783505155,0.15463917525773196,-0.34536082474226804,0.11855670103092783,-0.3247422680412371,0.061855670103092786,-0.21649484536082475,0.030927835051546393,-0.14948453608247422
0.0,0.0,-0.140625,-0.07291666666666667,-0.2604166666666667,-0.19270833333333334,-0.390625,-0.265625,-0.515625,-0.2708333333333333,-0.19791666666666666,-0.4739583333333333,-0.2864583333333333,-0.6822916666666666,-0.34375,-0.8020833333333334,-0.390625,-0.9114583333333334,-0.057291666666666664,-0.484375,-0.005208333333333333,-0.7135416666666666,0.026041666666666668,-0.859375,0.0625,-1.0,0.0625,-0.4270833333333333,0.06770833333333333,-0.4322916666666667,-0.005208333333333333,-0.2760416666666667,-0.046875,-0.19791666666666666,0.16145833333333334,-0.34375,0.140625,-0.3177083333333333,0.078125,-0.20833333333333334,0.036458333333333336,-0.15104166666666666
0.0,0.0,-0.13612565445026178,-0.08376963350785341,-0.2617801047120419,-0.193717277486911,-0.39267015706806285,-0.2617801047120419,-0.5130890052356021,-0.27225130890052357,-0.18324607329842932,-0.47643979057591623,-0.27225130890052357,-0.680628272251309,-0.3298429319371728,-0.806282722513089,-0.3717277486910995,-0.9162303664921466,-0.041884816753926704,-0.4816753926701571,0.020942408376963352,-0.7068062827225131,0.06806282722513089,-0.8534031413612565,0.1099476439790576,-1.0,0.07853403141361257,-0.42408376963350786,0.08900523560209424,-0.41361256544502617,0.005235602094240838,-0.2670157068062827,-0.041884816753926704,-0.18848167539267016,0.16753926701570682,-0.33507853403141363,0.1518324607329843,-0.2931937172774869,0.07853403141361257,-0.18848167539267016,0.031413612565445025,-0.13612565445026178
0.0,0.0,-0.13846153846153847,-0.09743589743589744,-0.2512820512820513,-0.26153846153846155,-0.3641025641025641,-0.3641025641025641,-0.48717948717948717,-0.4,-0.15897435897435896,-0.49230769230769234,-0.22564102564102564,-0.7025641025641025,-0.27692307692307694,-0.8205128205128205,-0.31794871794871793,-0.9230769230769231,-0.03076923076923077,-0.48717948717948717,0.015384615384615385,-0.7230769230769231,0.041025641025641026,-0.8717948717948718,0.07179487179487179,-1.0,0.07692307692307693,-0.4153846153846154,0.07179487179487179,-0.4564102564102564,0.005128205128205128,-0.3230769230769231,-0.02564102564102564,-0.24102564102564103,0.1641025641025641,-0.3230769230769231,0.12307692307692308,-0.3230769230769231,0.05641025641025641,-0.22564102564102564,0.03076923076923077,-0.16923076923076924
0.0,0.0,-0.13471502590673576,-0.10880829015544041,-0.23834196891191708,-0.27979274611398963,-0.33678756476683935,-0.39378238341968913,-0.46113989637305697,-0.43005181347150256,-0.12953367875647667,-0.49740932642487046,-0.19170984455958548,-0.7098445595854922,-0.23316062176165803,-0.8341968911917098,-0.26424870466321243,-0.9378238341968912,0.0,-0.48704663212435234,0.06217616580310881,-0.7202072538860104,0.08808290155440414,-0.8704663212435233,0.11917098445595854,-1.0,0.10362694300518134,-0.40932642487046633,0.10362694300518134,-0.45077720207253885,0.025906735751295335,-0.3160621761658031,-0.0051813471502590676,-0.22797927461139897,0.18134715025906736,-0.31088082901554404,0.14507772020725387,-0.31088082901554404,0.07772020725388601,-0.21761658031088082,0.046632124352331605,-0.16062176165803108
0.0,0.0,-0.1256544502617801,-0.1256544502617801,-0.19895287958115182,-0.3193717277486911,-0.2931937172774869,-0.450261780104712,-0.42408376963350786,-0.49214659685863876,-0.06806282722513089,-0.5235602094240838,-0.08900523560209424,-0.743455497382199,-0.1099476439790576,-0.8795811518324608,-0.1256544502617801,-1.0,0.06282722513089005,-0.49214659685863876,0.17277486910994763,-0.7068062827225131,0.24083769633507854,-0.8586387434554974,0.29842931937172773,-0.9790575916230366,0.15706806282722513,-0.39790575916230364,0.193717277486911,-0.4293193717277487,0.08376963350785341,-0.3089005235602094,0.020942408376963352,-0.225130890052356,0.21465968586387435,-0.28272251308900526,0.19895287958115182,-0.2670157068062827,0.10471204188481675,-0.18324607329842932,0.041884816753926704,-0.13612565445026178
0.0,0.0,-0.12,-0.13,-0.18,-0.325,-0.275,-0.455,-0.405,-0.49,-0.04,-0.52,-0.05,-0.74,-0.06,-0.88,-0.065,-1.0,0.085,-0.48,0.21,-0.68,0.295,-0.825,0.37,-0.94,0.17,-0.38,0.215,-0.405,0.1,-0.295,0.03,-0.225,0.225,-0.265,0.22,-0.255,0.125,-0.18,0.06,-0.14
0.0,0.0,-0.12,-0.14,-0.175,-0.325,-0.265,-0.46,-0.39,-0.52,-0.03,-0.53,-0.035,-0.745,-0.04,-0.88,-0.04,-1.0,0.09,-0.49,0.22,-0.685,0.305,-0.815,0.385,-0.93,0.175,-0.39,0.215,-0.405,0.1,-0.305,0.035,-0.24,0.225,-0.275,0.215,-0.265,0.12,-0.2,0.06,-0.16
0.0,0.0,-0.11940298507462686,-0.12935323383084577,-0.1691542288557214,-0.3333333333333333,-0.2537313432835821,-0.472636815920398,-0.3781094527363184,-0.5422885572139303,-0.014925373134328358,-0.527363184079602,-0.009950248756218905,-0.746268656716418,-0.009950248756218905,-0.8805970149253731,-0.004975124378109453,-1.0,0.1044776119402985,-0.48258706467661694,0.23880597014925373,-0.6865671641791045,0.3333333333333333,-0.8159203980099502,0.4228855721393035,-0.9303482587064676,0.18407960199004975,-0.38308457711442784,0.22388059701492538,-0.4129353233830846,0.09950248756218906,-0.3034825870646766,0.024875621890547265,-0.24875621890547264,0.23383084577114427,-0.26865671641791045,0.21890547263681592,-0.263681592039801,0.11442786069651742,-0.19402985074626866,0.04477611940298507,-0.15920398009950248
0.0,0.0,-0.1201923076923077,-0.14423076923076922,-0.1778846153846154,-0.33653846153846156,-0.27403846153846156,-0.47115384615384615,-0.40384615384615385,-0.5384615384615384,-0.014423076923076924,-0.5336538461538461,0.0,-0.75,0.0,-0.8846153846153846,0.004807692307692308,-1.0,0.10096153846153846,-0.49038461538461536,0.23557692307692307,-0.6826923076923077,0.3269230769230769,-0.8028846153846154,0.4182692307692308,-0.9182692307692307,0.18269230769230768,-0.3942307692307692,0.21153846153846154,-0.3942307692307692,0.09134615384615384,-0.2980769230769231,0.019230769230769232,-0.24519230769230768,0.22596153846153846,-0.27884615384615385,0.20673076923076922,-0.25961538461538464,0.10576923076923077,-0.1971153846153846,0.03365384615384615,-0.16346153846153846
0.0,0.0,-0.10952380952380952,-0.14285714285714285,-0.1619047619047619,-0.3523809523809524,-0.2571428571428571,-0.49523809523809526,-0.38571428571428573,-0.5666666666666667,0.004761904761904762,-0.5285714285714286,0.023809523809523808,-0.7428571428571429,0.03333333333333333,-0.8809523809523809,0.04285714285714286,-1.0,0.12380952380952381,-0.48095238095238096,0.2619047619047619,-0.6666666666666666,0.3619047619047619,-0.7857142857142857,0.45714285714285713,-0.8904761904761904,0.20476190476190476,-0.38571428571428573,0.22857142857142856,-0.3761904761904762,0.10476190476190476,-0.2857142857142857,0.023809523809523808,-0.23333333333333334,0.24285714285714285,-0.2761904761904762,0.21428571428571427,-0.23809523809523808,0.11428571428571428,-0.17142857142857143,0.04285714285714286,-0.1380952380952381
0.0,0.0,-0.10377358490566038,-0.1509433962264151,-0.1509433962264151,-0.35377358490566035,-0.25471698113207547,-0.49528301886792453,-0.37735849056603776,-0.5801886792452831,0.014150943396226415,-0.5377358490566038,0.03773584905660377,-0.7547169811320755,0.04716981132075472,-0.8820754716981132,0.06132075471698113,-1.0,0.1320754716981132,-0.4858490566037736,0.2783018867924528,-0.660377358490566,0.38207547169811323,-0.7735849056603774,0.4811320754716981,-0.8726415094339622,0.20754716981132076,-0.3867924528301887,0.22169811320754718,-0.3632075471698113,0.09433962264150944,-0.27358490566037735,0.018867924528301886,-0.2358490566037736,0.24056603773584906,-0.27358490566037735,0.21226415094339623,-0.23113207547169812,0.1179245283018868,-0.16981132075471697,0.05660377358490566,-0.1509433962264151
0.0,0.0,-0.11009174311926606,-0.13761467889908258,-0.16972477064220184,-0.3440366972477064,-0.27522935779816515,-0.46788990825688076,-0.3944954128440367,-0.536697247706422,-0.0045871559633027525,-0.5275229357798165,0.0045871559633027525,-0.7477064220183486,0.0045871559633027525,-0.8807339449541285,0.009174311926605505,-1.0,0.11926605504587157,-0.48623853211009177,0.24770642201834864,-0.6697247706422018,0.3394495412844037,-0.7935779816513762,0.42201834862385323,-0.8990825688073395,0.19724770642201836,-0.38990825688073394,0.21559633027522937,-0.3669724770642202,0.0963302752293578,-0.27522935779816515,0.027522935779816515,-0.23394495412844038,0.23394495412844038,-0.27522935779816515,0.19724770642201836,-0.22477064220183487,0.10091743119266056,-0.1651376146788991,0.03211009174311927,-0.14220183486238533
0.0,0.0,-0.12385321100917432,-0.12844036697247707,-0.20642201834862386,-0.2981651376146789,-0.3073394495412844,-0.4036697247706422,-0.43119266055045874,-0.463302752293578,-0.06880733944954129,-0.5229357798165137,-0.09174311926605505,-0.7477064220183486,-0.11009174311926606,-0.8807339449541285,-0.12385321100917432,-1.0,0.05963302752293578,-0.4908256880733945,0.1651376146788991,-0.7018348623853211,0.23394495412844038,-0.8348623853211009,0.2981651376146789,-0.9587155963302753,0.15137614678899083,-0.39908256880733944,0.1559633027522936,-0.3944954128440367,0.04128440366972477,-0.27522935779816515,-0.027522935779816515,-0.20642201834862386,0.21100917431192662,-0.29357798165137616,0.1926605504587156,-0.2798165137614679,0.0963302752293578,-0.19724770642201836,0.022935779816513763,-0.15137614678899083
0.0,0.0,-0.12980769230769232,-0.11057692307692307,-0.23557692307692307,-0.2644230769230769,-0.35096153846153844,-0.3557692307692308,-0.47596153846153844,-0.38461538461538464,-0.125,-0.5096153846153846,-0.17307692307692307,-0.7355769230769231,-0.20673076923076922,-0.875,-0.23557692307692307,-1.0,0.014423076923076924,-0.4951923076923077,0.08653846153846154,-0.7163461538461539,0.12980769230769232,-0.8605769230769231,0.1778846153846154,-0.9951923076923077,0.12980769230769232,-0.4182692307692308,0.125,-0.41346153846153844,0.019230769230769232,-0.27884615384615385,-0.04326923076923077,-0.20192307692307693,0.21634615384615385,-0.3173076923076923,0.1778846153846154,-0.28365384615384615,0.09134615384615384,-0.1875,0.028846153846153848,-0.1346153846153846
0.0,0.0,-0.12560386473429952,-0.10628019323671498,-0.22705314009661837,-0.2560386473429952,-0.34299516908212563,-0.34782608695652173,-0.46859903381642515,-0.3719806763285024,-0.1111111111111111,-0.5120772946859904,-0.15942028985507245,-0.7391304347826086,-0.1932367149758454,-0.8792270531400966,-0.2222222222222222,-1.0,0.028985507246376812,-0.4975845410628019,0.12077294685990338,-0.7198067632850241,0.18357487922705315,-0.8647342995169082,0.24154589371980675,-1.0,0.14009661835748793,-0.42028985507246375,0.15942028985507245,-0.40096618357487923,0.043478260869565216,-0.26570048309178745,-0.028985507246376812,-0.1932367149758454,0.21739130434782608,-0.3188405797101449,0.2028985507246377,-0.27053140096618356,0.10144927536231885,-0.178743961352657,0.028985507246376812,-0.13043478260869565
0.0,0.0,-0.12437810945273632,-0.1044776119402985,-0.24378109452736318,-0.23880597014925373,-0.373134328358209,-0.31343283582089554,-0.4975124378109453,-0.3383084577114428,-0.12437810945273632,-0.5074626865671642,-0.1791044776119403,-0.7412935323383084,-0.21393034825870647,-0.8756218905472637,-0.24378109452736318,-1.0,0.029850746268656716,-0.4975124378109453,0.11940298507462686,-0.7164179104477612,0.1791044776119403,-0.8606965174129353,0.23880597014925373,-0.9950248756218906,0.15422885572139303,-0.42786069651741293,0.15920398009950248,-0.373134328358209,0.03980099502487562,-0.24875621890547264,-0.03482587064676617,-0.19402985074626866,0.23383084577114427,-0.3333333333333333,0.208955223880597,-0.263681592039801,0.1044776119402985,-0.1791044776119403,0.029850746268656716,-0.13930348258706468
0.0,0.0,-0.12690355329949238,-0.10152284263959391,-0.23857868020304568,-0.233502538071066,-0.37055837563451777,-0.3096446700507614,-0.5025380710659898,-0.3299492385786802,-0.116751269035533,-0.49746192893401014,-0.16751269035532995,-0.7309644670050761,-0.19289340101522842,-0.868020304568528,-0.2182741116751269,-1.0,0.03553299492385787,-0.4873096446700508,0.13705583756345177,-0.700507614213198,0.20812182741116753,-0.8426395939086294,0.27918781725888325,-0.9796954314720813,0.15228426395939088,-0.41624365482233505,0.16243654822335024,-0.36548223350253806,0.04568527918781726,-0.23857868020304568,-0.030456852791878174,-0.18274111675126903,0.233502538071066,-0.3248730964467005,0.2131979695431472,-0.2639593908629442,0.116751269035533,-0.17258883248730963,0.04568527918781726,-0.13705583756345177
0.0,0.0,-0.11917098445595854,-0.09844559585492228,-0.22797927461139897,-0.22797927461139897,-0.3626943005181347,-0.3005181347150259,-0.49740932642487046,-0.3160621761658031,-0.10362694300518134,-0.5025906735751295,-0.15025906735751296,-0.7305699481865285,-0.17616580310880828,-0.8704663212435233,-0.19170984455958548,-1.0,0.046632124352331605,-0.49222797927461137,0.16580310880829016,-0.7046632124352331,0.24352331606217617,-0.844559585492228,0.32124352331606215,-0.9844559585492227,0.16580310880829016,-0.41968911917098445,0.19170984455958548,-0.35233160621761656,0.06217616580310881,-0.22279792746113988,-0.015544041450777202,-0.17616580310880828,0.24870466321243523,-0.32124352331606215,0.24352331606217617,-0.24352331606217617,0.14507772020725387,-0.15025906735751296,0.06735751295336788,-0.12435233160621761
0.0,0.0,-0.12,-0.105,-0.22,-0.24,-0.35,-0.315,-0.48,-0.335,-0.1,-0.5,-0.145,-0.73,-0.175,-0.87,-0.19,-1.0,0.045,-0.485,0.15,-0.705,0.215,-0.85,0.285,-0.99,0.16,-0.41,0.18,-0.37,0.06,-0.24,-0.01,-0.18,0.235,-0.305,0.22,-0.245,0.12,-0.155,0.045,-0.115
0.0,0.0,-0.11764705882352941,-0.10784313725490197,-0.22058823529411764,-0.24509803921568626,-0.3431372549019608,-0.3235294117647059,-0.47058823529411764,-0.3480392156862745,-0.10294117647058823,-0.5,-0.14705882352941177,-0.7303921568627451,-0.17647058823529413,-0.8676470588235294,-0.19607843137254902,-1.0,0.0392156862745098,-0.4852941176470588,0.13725490196078433,-0.7107843137254902,0.20098039215686275,-0.8578431372549019,0.25980392156862747,-0.9950980392156863,0.14705882352941177,-0.4068627450980392,0.17647058823529413,-0.39705882352941174,0.06862745098039216,-0.2647058823529412,0.0,-0.19117647058823528,0.22058823529411764,-0.30392156862745096,0.22549019607843138,-0.2647058823529412,0.1323529411764706,-0.16666666666666666,0.05392156862745098,-0.12254901960784313
0.0,0.0,-0.12560386473429952,-0.1111111111111111,-0.22705314009661837,-0.2608695652173913,-0.33816425120772947,-0.3526570048309179,-0.45893719806763283,-0.40096618357487923,-0.12077294685990338,-0.5169082125603864,-0.1642512077294686,-0.7391304347826086,-0.1932367149758454,-0.8792270531400966,-0.21739130434782608,-0.9951690821256038,0.014492753623188406,-0.4975845410628019,0.09178743961352658,-0.7246376811594203,0.14492753623188406,-0.8695652173913043,0.1932367149758454,-1.0,0.12560386473429952,-0.42028985507246375,0.14009661835748793,-0.4251207729468599,0.043478260869565216,-0.2898550724637681,-0.00966183574879227,-0.2028985507246377,0.20772946859903382,-0.3140096618357488,0.18840579710144928,-0.2898550724637681,0.1111111111111111,-0.1932367149758454,0.057971014492753624,-0.13043478260869565
0.0,0.0,-0.13145539906103287,-0.11267605633802817,-0.2347417840375587,-0.2863849765258216,-0.3380281690140845,-0.38028169014084506,-0.45539906103286387,-0.4225352112676056,-0.13145539906103287,-0.5211267605633803,-0.17370892018779344,-0.7417840375586855,-0.20657276995305165,-0.8732394366197183,-0.2347417840375587,-0.9859154929577465,0.0,-0.5023474178403756,0.07042253521126761,-0.7276995305164319,0.11267605633802817,-0.8779342723004695,0.15492957746478872,-1.0,0.11267605633802817,-0.4225352112676056,0.12206572769953052,-0.45539906103286387,0.028169014084507043,-0.3192488262910798,-0.023474178403755867,-0.2300469483568075,0.18779342723004694,-0.3192488262910798,0.1643192488262911,-0.3145539906103286,0.07981220657276995,-0.215962441314554,0.028169014084507043,-0.15492957746478872
0.0,0.0,-0.13425925925925927,-0.125,-0.22685185185185186,-0.30092592592592593,-0.3333333333333333,-0.39814814814814814,-0.4537037037037037,-0.44907407407407407,-0.125,-0.5324074074074074,-0.1574074074074074,-0.75,-0.18518518518518517,-0.8796296296296297,-0.20833333333333334,-0.9907407407407407,0.004629629629629629,-0.5092592592592593,0.08333333333333333,-0.7361111111111112,0.1388888888888889,-0.8796296296296297,0.18518518518518517,-1.0,0.10648148148148148,-0.4212962962962963,0.125,-0.44907407407407407,0.037037037037037035,-0.3148148148148148,-0.009259259259259259,-0.23148148148148148,0.17592592592592593,-0.3148148148148148,0.1574074074074074,-0.3055555555555556,0.08333333333333333,-0.21296296296296297,0.037037037037037035,-0.1527777777777778
0.0,0.0,-0.12442396313364056,-0.1336405529953917,-0.1935483870967742,-0.3317972350230415,-0.2857142857142857,-0.46543778801843316,-0.4147465437788018,-0.5161290322580645,-0.08294930875576037,-0.5345622119815668,-0.08755760368663594,-0.7465437788018433,-0.0967741935483871,-0.8847926267281107,-0.10138248847926268,-1.0,0.041474654377880185,-0.5023041474654378,0.15668202764976957,-0.7142857142857143,0.2304147465437788,-0.8525345622119815,0.29493087557603687,-0.9769585253456221,0.1382488479262673,-0.41013824884792627,0.1889400921658986,-0.43317972350230416,0.08755760368663594,-0.3087557603686636,0.018433179723502304,-0.23963133640552994,0.19815668202764977,-0.2903225806451613,0.2073732718894009,-0.2857142857142857,0.12442396313364056,-0.20276497695852536,0.059907834101382486,-0.15668202764976957
0.0,0.0,-0.12272727272727273,-0.1409090909090909,-0.19545454545454546,-0.3409090909090909,-0.29545454545454547,-0.4681818181818182,-0.42727272727272725,-0.5181818181818182,-0.07272727272727272,-0.5409090909090909,-0.07727272727272727,-0.75,-0.08636363636363636,-0.8818181818181818,-0.09545454545454546,-1.0,0.05,-0.509090909090909,0.16363636363636364,-0.7090909090909091,0.23636363636363636,-0.8454545454545455,0.30454545454545456,-0.9681818181818181,0.1409090909090909,-0.41363636363636364,0.18636363636363637,-0.42727272727272725,0.08181818181818182,-0.3090909090909091,0.013636363636363636,-0.24545454545454545,0.2,-0.3,0.20454545454545456,-0.2863636363636364,0.11818181818181818,-0.20909090909090908,0.05909090909090909,-0.16363636363636364
0.0,0.0,-0.11926605504587157,-0.14220183486238533,-0.19724770642201836,-0.3394495412844037,-0.30275229357798167,-0.463302752293578,-0.43119266055045874,-0.5137614678899083,-0.05963302752293578,-0.5321100917431193,-0.06422018348623854,-0.7431192660550459,-0.07339449541284404,-0.8807339449541285,-0.0779816513761468,-1.0,0.06422018348623854,-0.5,0.1834862385321101,-0.7018348623853211,0.26146788990825687,-0.8440366972477065,0.3348623853211009,-0.963302752293578,0.1559633027522936,-0.4036697247706422,0.2018348623853211,-0.42201834862385323,0.09174311926605505,-0.3073394495412844,0.01834862385321101,-0.22935779816513763,0.20642201834862386,-0.2889908256880734,0.21559633027522937,-0.2706422018348624,0.12844036697247707,-0.1926605504587156,0.05963302752293578,-0.14678899082568808
0.0,0.0,-0.11818181818181818,-0.13636363636363635,-0.19545454545454546,-0.33636363636363636,-0.29545454545454547,-0.4636363636363636,-0.42727272727272725,-0.5045454545454545,-0.06818181818181818,-0.5363636363636364,-0.07727272727272727,-0.75,-0.08636363636363636,-0.8818181818181818,-0.09090909090909091,-1.0,0.05909090909090909,-0.5,0.17727272727272728,-0.7045454545454546,0.25,-0.8409090909090909,0.3181818181818182,-0.9636363636363636,0.15454545454545454,-0.4090909090909091,0.18636363636363637,-0.42272727272727273,0.07727272727272727,-0.3,0.00909090909090909,-0.2318181818181818,0.20909090909090908,-0.2909090909090909,0.20454545454545456,-0.2727272727272727,0.11818181818181818,-0.19090909090909092,0.05454545454545454,-0.15
0.0,0.0,-0.12903225806451613,-0.1336405529953917,-0.22119815668202766,-0.3225806451612903,-0.3317972350230415,-0.4423963133640553,-0.4608294930875576,-0.4930875576036866,-0.08294930875576037,-0.5299539170506913,-0.10599078341013825,-0.7465437788018433,-0.12903225806451613,-0.880184331797235,-0.14746543778801843,-1.0,0.04608294930875576,-0.5069124423963134,0.1382488479262673,-0.7235023041474654,0.19815668202764977,-0.8709677419354839,0.25806451612903225,-0.9953917050691244,0.14285714285714285,-0.4147465437788018,0.17050691244239632,-0.4377880184331797,0.06912442396313365,-0.31336405529953915,0.009216589861751152,-0.2350230414746544,0.2073732718894009,-0.2995391705069124,0.1935483870967742,-0.2857142857142857,0.11059907834101383,-0.19815668202764977,0.055299539170506916,-0.14746543778801843
0.0,0.0,-0.1388888888888889,-0.12962962962962962,-0.24537037037037038,-0.32407407407407407,-0.35648148148148145,-0.4398148148148148,-0.4861111111111111,-0.49074074074074076,-0.10648148148148148,-0.5277777777777778,-0.12962962962962962,-0.7453703703703703,-0.14351851851851852,-0.8796296296296297,-0.1574074074074074,-1.0,0.023148148148148147,-0.5046296296296297,0.1111111111111111,-0.7314814814814815,0.16203703703703703,-0.875,0.21296296296296297,-1.0,0.12962962962962962,-0.4212962962962963,0.1388888888888889,-0.44907407407407407,0.037037037037037035,-0.3148148148148148,-0.013888888888888888,-0.23148148148148148,0.20833333333333334,-0.3101851851851852,0.18055555555555555,-0.3101851851851852,0.09722222222222222,-0.2175925925925926,0.037037037037037035,-0.16666666666666666
0.0,0.0,-0.1278538812785388,-0.136986301369863,-0.228310502283105,-0.3287671232876712,-0.3378995433789954,-0.4429223744292237,-0.4657534246575342,-0.4977168949771689,-0.0821917808219178,-0.5296803652968036,-0.1004566210045662,-0.7488584474885844,-0.1187214611872146,-0.8812785388127854,-0.1324200913242009,-1.0,0.0410958904109589,-0.502283105022831,0.136986301369863,-0.7214611872146118,0.1963470319634703,-0.863013698630137,0.2557077625570776,-0.9908675799086758,0.1415525114155251,-0.410958904109589,0.1643835616438356,-0.4429223744292237,0.0593607305936073,-0.3105022831050228,0.0,-0.2328767123287671,0.2100456621004566,-0.2968036529680365,0.2009132420091324,-0.3059360730593607,0.1141552511415525,-0.2191780821917808,0.0547945205479452,-0.1689497716894977
0.0,0.0,-0.12053571428571429,-0.13392857142857142,-0.20089285714285715,-0.33482142857142855,-0.29017857142857145,-0.47767857142857145,-0.41517857142857145,-0.5357142857142857,-0.05357142857142857,-0.5357142857142857,-0.049107142857142856,-0.75,-0.05357142857142857,-0.8839285714285714,-0.05357142857142857,-1.0,0.07142857142857142,-0.4955357142857143,0.1875,-0.7008928571428571,0.26339285714285715,-0.8392857142857143,0.3392857142857143,-0.9642857142857143,0.16071428571428573,-0.4017857142857143,0.19642857142857142,-0.41964285714285715,0.08035714285714286,-0.3080357142857143,0.013392857142857142,-0.23660714285714285,0.21428571428571427,-0.2857142857142857,0.20982142857142858,-0.2857142857142857,0.12053571428571429,-0.20982142857142858,0.05357142857142857,-0.16517857142857142
0.0,0.0,-0.12727272727272726,-0.1318181818181818,-0.21363636363636362,-0.32727272727272727,-0.31363636363636366,-0.45454545454545453,-0.43636363636363634,-0.5045454545454545,-0.07272727272727272,-0.5272727272727272,-0.08636363636363636,-0.740909090909091,-0.1,-0.8772727272727273,-0.10909090909090909,-1.0,0.05454545454545454,-0.4954545454545455,0.16363636363636364,-0.7090909090909091,0.2318181818181818,-0.8545454545454545,0.29545454545454547,-0.9772727272727273,0.15,-0.40454545454545454,0.17272727272727273,-0.41818181818181815,0.06363636363636363,-0.3,0.0,-0.22272727272727272,0.21363636363636362,-0.2909090909090909,0.19545454545454546,-0.2818181818181818,0.10454545454545454,-0.20454545454545456,0.04090909090909091,-0.15454545454545454
0.0,0.0,-0.13392857142857142,-0.125,-0.22767857142857142,-0.3125,-0.33482142857142855,-0.42857142857142855,-0.4642857142857143,-0.48214285714285715,-0.11607142857142858,-0.53125,-0.14285714285714285,-0.7455357142857143,-0.16517857142857142,-0.8794642857142857,-0.1875,-1.0,0.013392857142857142,-0.5089285714285714,0.10714285714285714,-0.7276785714285714,0.16071428571428573,-0.875,0.21428571428571427,-1.0,0.11607142857142858,-0.41964285714285715,0.14285714285714285,-0.4419642857142857,0.044642857142857144,-0.32142857142857145,-0.017857142857142856,-0.24553571428571427,0.18303571428571427,-0.3125,0.17857142857142858,-0.3125,0.09821428571428571,-0.22321428571428573,0.04017857142857143,-0.17410714285714285
0.0,0.0,-0.13452914798206278,-0.1210762331838565,-0.21973094170403587,-0.31390134529147984,-0.3273542600896861,-0.4349775784753363,-0.452914798206278,-0.48878923766816146,-0.10762331838565023,-0.5291479820627802,-0.13004484304932734,-0.7443946188340808,-0.14798206278026907,-0.8789237668161435,-0.16591928251121077,-1.0,0.017937219730941704,-0.5022421524663677,0.11659192825112108,-0.7219730941704036,0.17488789237668162,-0.8654708520179372,0.22869955156950672,-0.9910313901345291,0.1210762331838565,-0.4170403587443946,0.15695067264573992,-0.43946188340807174,0.053811659192825115,-0.31390134529147984,-0.008968609865470852,-0.242152466367713,0.18834080717488788,-0.3004484304932735,0.18385650224215247,-0.3004484304932735,0.09865470852017937,-0.21524663677130046,0.04035874439461883,-0.16591928251121077
0.0,0.0,-0.1288888888888889,-0.09777777777777778,-0.24,-0.24,-0.35555555555555557,-0.3288888888888889,-0.47555555555555556,-0.3688888888888889,-0.1511111111111111,-0.49333333333333335,-0.21777777777777776,-0.7066666666666667,-0.26222222222222225,-0.8355555555555556,-0.29777777777777775,-0.9511111111111111,-0.02666666666666667,-0.48,0.02666666666666667,-0.7111111111111111,0.057777777777777775,-0.8622222222222222,0.09333333333333334,-1.0,0.08,-0.40444444444444444,0.09333333333333334,-0.43555555555555553,0.008888888888888889,-0.29777777777777775,-0.035555555555555556,-0.21777777777777776,0.15555555555555556,-0.3022222222222222,0.14666666666666667,-0.31555555555555553,0.07555555555555556,-0.2222222222222222,0.02666666666666667,-0.16444444444444445
0.0,0.0,-0.13333333333333333,-0.10222222222222223,-0.24444444444444444,-0.2577777777777778,-0.36,-0.3422222222222222,-0.48,-0.37333333333333335,-0.15555555555555556,-0.5022222222222222,-0.21333333333333335,-0.7155555555555555,-0.2577777777777778,-0.8444444444444444,-0.29777777777777775,-0.9555555555555556,-0.02666666666666667,-0.4888888888888889,0.022222222222222223,-0.72,0.05333333333333334,-0.8711111111111111,0.08888888888888889,-1.0,0.08444444444444445,-0.4177777777777778,0.08444444444444445,-0.4488888888888889,0.008888888888888889,-0.3111111111111111,-0.035555555555555556,-0.22666666666666666,0.1688888888888889,-0.32,0.14666666666666667,-0.3288888888888889,0.07555555555555556,-0.24,0.03111111111111111,-0.17777777777777778
0.0,0.0,-0.1288888888888889,-0.10222222222222223,-0.24444444444444444,-0.2577777777777778,-0.36444444444444446,-0.3422222222222222,-0.4888888888888889,-0.37333333333333335,-0.1511111111111111,-0.49333333333333335,-0.21333333333333335,-0.7066666666666667,-0.2577777777777778,-0.8311111111111111,-0.29777777777777775,-0.9422222222222222,-0.03111111111111111,-0.48,0.022222222222222223,-0.7155555555555555,0.04888888888888889,-0.8666666666666667,0.08444444444444445,-1.0,0.07555555555555556,-0.41333333333333333,0.08888888888888889,-0.4488888888888889,0.0044444444444444444,-0.31555555555555553,-0.04,-0.2311111111111111,0.16,-0.31555555555555553,0.13777777777777778,-0.3377777777777778,0.06666666666666667,-0.24888888888888888,0.017777777777777778,-0.18222222222222223
0.0,0.0,-0.12831858407079647,-0.10176991150442478,-0.24336283185840707,-0.2610619469026549,-0.36283185840707965,-0.3495575221238938,-0.4911504424778761,-0.37168141592920356,-0.15486725663716813,-0.49557522123893805,-0.22123893805309736,-0.7035398230088495,-0.2610619469026549,-0.831858407079646,-0.3008849557522124,-0.9424778761061947,-0.030973451327433628,-0.4823008849557522,0.017699115044247787,-0.7123893805309734,0.048672566371681415,-0.8628318584070797,0.0752212389380531,-1.0,0.0752212389380531,-0.41150442477876104,0.084070796460177,-0.45132743362831856,0.004424778761061947,-0.3141592920353982,-0.03982300884955752,-0.22566371681415928,0.1592920353982301,-0.3141592920353982,0.1415929203539823,-0.336283185840708,0.07079646017699115,-0.23893805309734514,0.022123893805309734,-0.17699115044247787
0.0,0.0,-0.12831858407079647,-0.10176991150442478,-0.23893805309734514,-0.26548672566371684,-0.3584070796460177,-0.35398230088495575,-0.48672566371681414,-0.3805309734513274,-0.15486725663716813,-0.49557522123893805,-0.2168141592920354,-0.6991150442477876,-0.2610619469026549,-0.8230088495575221,-0.3008849557522124,-0.9292035398230089,-0.035398230088495575,-0.48672566371681414,0.008849557522123894,-0.7168141592920354,0.030973451327433628,-0.8672566371681416,0.05309734513274336,-1.0,0.07079646017699115,-0.42035398230088494,0.07964601769911504,-0.46017699115044247,0.0,-0.3274336283185841,-0.03982300884955752,-0.23893805309734514,0.15486725663716813,-0.3230088495575221,0.13274336283185842,-0.336283185840708,0.061946902654867256,-0.23893805309734514,0.022123893805309734,-0.17699115044247787
0.0,0.0,-0.12272727272727273,-0.12272727272727273,-0.20454545454545456,-0.3090909090909091,-0.32727272727272727,-0.42727272727272725,-0.4636363636363636,-0.4909090909090909,-0.08181818181818182,-0.5272727272727272,-0.10454545454545454,-0.7454545454545455,-0.11818181818181818,-0.8818181818181818,-0.12727272727272726,-1.0,0.04090909090909091,-0.5,0.14545454545454545,-0.7181818181818181,0.21363636363636362,-0.8545454545454545,0.2818181818181818,-0.9772727272727273,0.1318181818181818,-0.4090909090909091,0.17272727272727273,-0.41818181818181815,0.06818181818181818,-0.3,0.004545454545454545,-0.23636363636363636,0.18636363636363637,-0.29545454545454547,0.18181818181818182,-0.2772727272727273,0.1,-0.19545454545454546,0.045454545454545456,-0.15
0.0,0.0,-0.11946902654867257,-0.13716814159292035,-0.20353982300884957,-0.3274336283185841,-0.3274336283185841,-0.4469026548672566,-0.46017699115044247,-0.504424778761062,-0.07964601769911504,-0.5309734513274337,-0.08849557522123894,-0.7433628318584071,-0.09292035398230089,-0.8805309734513275,-0.10176991150442478,-1.0,0.04424778761061947,-0.5,0.1504424778761062,-0.7123893805309734,0.22566371681415928,-0.8451327433628318,0.29646017699115046,-0.9690265486725663,0.13716814159292035,-0.41150442477876104,0.17256637168141592,-0.41150442477876104,0.06637168141592921,-0.2920353982300885,0.0,-0.23008849557522124,0.19469026548672566,-0.3008849557522124,0.19469026548672566,-0.2743362831858407,0.11061946902654868,-0.19469026548672566,0.05309734513274336,-0.15486725663716813
0.0,0.0,-0.12173913043478261,-0.13043478260869565,-0.2,-0.32608695652173914,-0.3173913043478261,-0.45217391304347826,-0.45217391304347826,-0.5130434782608696,-0.06956521739130435,-0.5304347826086957,-0.0782608695652174,-0.7434782608695653,-0.08695652173913043,-0.8782608695652174,-0.09565217391304348,-1.0,0.043478260869565216,-0.5,0.1565217391304348,-0.7086956521739131,0.23043478260869565,-0.8434782608695652,0.3,-0.9652173913043478,0.13478260869565217,-0.40869565217391307,0.1782608695652174,-0.4260869565217391,0.06956521739130435,-0.30869565217391304,0.0,-0.24347826086956523,0.19130434782608696,-0.2956521739130435,0.19130434782608696,-0.28695652173913044,0.10869565217391304,-0.20434782608695654,0.04782608695652174,-0.1608695652173913
0.0,0.0,-0.12121212121212122,-0.12554112554112554,-0.18181818181818182,-0.3203463203463203,-0.2727272727272727,-0.4588744588744589,-0.39826839826839827,-0.5324675324675324,-0.05627705627705628,-0.5324675324675324,-0.05627705627705628,-0.7445887445887446,-0.06060606060606061,-0.8787878787878788,-0.06493506493506493,-1.0,0.06493506493506493,-0.49783549783549785,0.18181818181818182,-0.7012987012987013,0.2554112554112554,-0.8354978354978355,0.3246753246753247,-0.961038961038961,0.15151515151515152,-0.4069264069264069,0.19480519480519481,-0.41125541125541126,0.08225108225108226,-0.30735930735930733,0.012987012987012988,-0.2554112554112554,0.20346320346320346,-0.2943722943722944,0.20346320346320346,-0.2727272727272727,0.12121212121212122,-0.19913419913419914,0.06493506493506493,-0.16017316017316016
0.0,0.0,-0.11206896551724138,-0.13793103448275862,-0.16379310344827586,-0.34051724137931033,-0.25,-0.4827586206896552,-0.3706896551724138,-0.5560344827586207,-0.03017241379310345,-0.5301724137931034,-0.01293103448275862,-0.7413793103448276,-0.008620689655172414,-0.8793103448275862,-0.004310344827586207,-1.0,0.08189655172413793,-0.49137931034482757,0.21120689655172414,-0.6810344827586207,0.3017241379310345,-0.8103448275862069,0.38362068965517243,-0.9310344827586207,0.15948275862068967,-0.39655172413793105,0.21120689655172414,-0.40948275862068967,0.09913793103448276,-0.2974137931034483,0.021551724137931036,-0.23275862068965517,0.19827586206896552,-0.28448275862068967,0.20689655172413793,-0.2629310344827586,0.1206896551724138,-0.1853448275862069,0.05603448275862069,-0.14655172413793102
0.0,0.0,-0.11403508771929824,-0.13157894736842105,-0.16228070175438597,-0.32894736842105265,-0.24561403508771928,-0.4692982456140351,-0.36403508771929827,-0.5482456140350878,-0.043859649122807015,-0.5263157894736842,-0.03070175438596491,-0.7456140350877193,-0.03070175438596491,-0.881578947368421,-0.03070175438596491,-1.0,0.07894736842105263,-0.49122807017543857,0.19736842105263158,-0.6885964912280702,0.2807017543859649,-0.8245614035087719,0.3508771929824561,-0.9473684210526315,0.15789473684210525,-0.3991228070175439,0.20175438596491227,-0.41228070175438597,0.09210526315789473,-0.3026315789473684,0.021929824561403508,-0.2412280701754386,0.20614035087719298,-0.2850877192982456,0.20175438596491227,-0.25,0.11842105263157894,-0.17543859649122806,0.06140350877192982,-0.13596491228070176
0.0,0.0,-0.11842105263157894,-0.12719298245614036,-0.17543859649122806,-0.32456140350877194,-0.25877192982456143,-0.4692982456140351,-0.37719298245614036,-0.543859649122807,-0.05263157894736842,-0.5307017543859649,-0.043859649122807015,-0.7412280701754386,-0.043859649122807015,-0.881578947368421,-0.043859649122807015,-1.0,0.06578947368421052,-0.49122807017543857,0.18421052631578946,-0.6929824561403509,0.25877192982456143,-0.8333333333333334,0.32894736842105265,-0.956140350877193,0.14912280701754385,-0.39473684210526316,0.19736842105263158,-0.4166666666666667,0.08771929824561403,-0.3026315789473684,0.017543859649122806,-0.23684210526315788,0.19736842105263158,-0.2807017543859649,0.20175438596491227,-0.2631578947368421,0.11842105263157894,-0.18421052631578946,0.06140350877192982,-0.13596491228070176
0.0,0.0,-0.13452914798206278,-0.13004484304932734,-0.2242152466367713,-0.33183856502242154,-0.34080717488789236,-0.4618834080717489,-0.47533632286995514,-0.5336322869955157,-0.1031390134529148,-0.5291479820627802,-0.13004484304932734,-0.7443946188340808,-0.14798206278026907,-0.8789237668161435,-0.16591928251121077,-1.0,0.017937219730941704,-0.5067264573991032,0.10762331838565023,-0.7219730941704036,0.16591928251121077,-0.8654708520179372,0.2242152466367713,-0.9910313901345291,0.11210762331838565,-0.42152466367713004,0.13901345291479822,-0.4439461883408072,0.04484304932735426,-0.31390134529147984,-0.008968609865470852,-0.23766816143497757,0.17937219730941703,-0.3094170403587444,0.16143497757847533,-0.29596412556053814,0.08520179372197309,-0.2062780269058296,0.04035874439461883,-0.15246636771300448
0.0,0.0,-0.1415929203539823,-0.11946902654867257,-0.24336283185840707,-0.30973451327433627,-0.36283185840707965,-0.42035398230088494,-0.49557522123893805,-0.4778761061946903,-0.13716814159292035,-0.5132743362831859,-0.18141592920353983,-0.7300884955752213,-0.21238938053097345,-0.8628318584070797,-0.2345132743362832,-0.9778761061946902,-0.017699115044247787,-0.5,0.05309734513274336,-0.7212389380530974,0.09292035398230089,-0.8672566371681416,0.13716814159292035,-1.0,0.084070796460177,-0.42035398230088494,0.09292035398230089,-0.4469026548672566,0.008849557522123894,-0.30973451327433627,-0.030973451327433628,-0.22123893805309736,0.1592920353982301,-0.3185840707964602,0.13716814159292035,-0.3185840707964602,0.06637168141592921,-0.22123893805309736,0.02654867256637168,-0.168141592920354
0.0,0.0,-0.12946428571428573,-0.09375,-0.25,-0.27232142857142855,-0.3705357142857143,-0.36607142857142855,-0.5044642857142857,-0.38839285714285715,-0.16964285714285715,-0.5,-0.24107142857142858,-0.7142857142857143,-0.28125,-0.84375,-0.3169642857142857,-0.9553571428571429,-0.044642857142857144,-0.4955357142857143,-0.008928571428571428,-0.7276785714285714,0.017857142857142856,-0.875,0.044642857142857144,-1.0,0.06696428571428571,-0.4330357142857143,0.05357142857142857,-0.45982142857142855,-0.017857142857142856,-0.3125,-0.05357142857142857,-0.22321428571428573,0.15625,-0.3482142857142857,0.125,-0.3482142857142857,0.06696428571428571,-0.24107142857142858,0.03125,-0.17857142857142858
0.0,0.0,-0.12946428571428573,-0.09375,-0.25,-0.25892857142857145,-0.3705357142857143,-0.3482142857142857,-0.5044642857142857,-0.36160714285714285,-0.17410714285714285,-0.48660714285714285,-0.2544642857142857,-0.6964285714285714,-0.29910714285714285,-0.8258928571428571,-0.3392857142857143,-0.9375,-0.049107142857142856,-0.47767857142857145,0.0,-0.7098214285714286,0.03125,-0.8660714285714286,0.0625,-1.0,0.05803571428571429,-0.4107142857142857,0.07589285714285714,-0.4419642857142857,0.0,-0.29910714285714285,-0.04017857142857143,-0.21428571428571427,0.14285714285714285,-0.3169642857142857,0.13392857142857142,-0.32589285714285715,0.07142857142857142,-0.22321428571428573,0.026785714285714284,-0.16071428571428573
0.0,0.0,-0.1288888888888889,-0.08444444444444445,-0.25333333333333335,-0.24,-0.38222222222222224,-0.3244444444444444,-0.5155555555555555,-0.3288888888888889,-0.19111111111111112,-0.47555555555555556,-0.28,-0.68,-0.3377777777777778,-0.8044444444444444,-0.38666666666666666,-0.9155555555555556,-0.06666666666666667,-0.47555555555555556,-0.02666666666666667,-0.7111111111111111,-0.0044444444444444444,-0.8666666666666667,0.022222222222222223,-1.0,0.044444444444444446,-0.41333333333333333,0.04888888888888889,-0.4533333333333333,-0.017777777777777778,-0.30666666666666664,-0.05333333333333334,-0.21777777777777776,0.13333333333333333,-0.3288888888888889,0.1111111111111111,-0.3466666666666667,0.04888888888888889,-0.24444444444444444,0.0044444444444444444,-0.17777777777777778
0.0,0.0,-0.12612612612612611,-0.0945945945945946,-0.23873873873873874,-0.24774774774774774,-0.35585585585585583,-0.33783783783783783,-0.481981981981982,-0.36036036036036034,-0.16666666666666666,-0.4864864864864865,-0.24324324324324326,-0.6981981981981982,-0.2927927927927928,-0.8243243243243243,-0.33783783783783783,-0.9369369369369369,-0.04054054054054054,-0.4774774774774775,0.009009009009009009,-0.7117117117117117,0.04054054054054054,-0.8648648648648649,0.07657657657657657,-1.0,0.06756756756756757,-0.4099099099099099,0.07657657657657657,-0.44144144144144143,0.0,-0.30180180180180183,-0.04054054054054054,-0.21171171171171171,0.15315315315315314,-0.31981981981981983,0.13513513513513514,-0.32432432432432434,0.06756756756756757,-0.22072072072072071,0.03153153153153153,-0.15765765765765766
0.0,0.0,-0.14414414414414414,-0.11261261261261261,-0.24774774774774774,-0.2972972972972973,-0.36486486486486486,-0.4099099099099099,-0.49099099099099097,-0.4594594594594595,-0.16666666666666666,-0.5045045045045045,-0.22972972972972974,-0.7117117117117117,-0.2747747747747748,-0.8288288288288288,-0.3153153153153153,-0.9369369369369369,-0.04954954954954955,-0.5,0.0045045045045045045,-0.7297297297297297,0.02252252252252252,-0.8738738738738738,0.04954954954954955,-1.0,0.05405405405405406,-0.43243243243243246,0.06756756756756757,-0.49099099099099097,-0.0045045045045045045,-0.35585585585585583,-0.04054054054054054,-0.26576576576576577,0.13513513513513514,-0.3333333333333333,0.10810810810810811,-0.34684684684684686,0.04054054054054054,-0.24774774774774774,0.009009009009009009,-0.18468468468468469
0.0,0.0,-0.14220183486238533,-0.11467889908256881,-0.24311926605504589,-0.3165137614678899,-0.3577981651376147,-0.43577981651376146,-0.48623853211009177,-0.4908256880733945,-0.15137614678899083,-0.5137614678899083,-0.20642201834862386,-0.7155963302752294,-0.24311926605504589,-0.8394495412844036,-0.27522935779816515,-0.944954128440367,-0.03669724770642202,-0.5045871559633027,0.022935779816513763,-0.7339449541284404,0.05504587155963303,-0.8761467889908257,0.0871559633027523,-1.0,0.06422018348623854,-0.43577981651376146,0.0779816513761468,-0.5091743119266054,0.0,-0.37155963302752293,-0.04128440366972477,-0.2798165137614679,0.14220183486238533,-0.3394495412844037,0.11009174311926606,-0.3532110091743119,0.04128440366972477,-0.25229357798165136,0.009174311926605505,-0.18807339449541285
0.0,0.0,-0.14545454545454545,-0.11818181818181818,-0.25,-0.3181818181818182,-0.37727272727272726,-0.4409090909090909,-0.509090909090909,-0.4818181818181818,-0.1590909090909091,-0.5136363636363637,-0.21818181818181817,-0.7181818181818181,-0.2545454545454545,-0.8409090909090909,-0.2863636363636364,-0.9454545454545454,-0.05,-0.5045454545454545,0.00909090909090909,-0.7363636363636363,0.04090909090909091,-0.8818181818181818,0.07272727272727272,-1.0,0.05,-0.43636363636363634,0.06363636363636363,-0.5181818181818182,-0.013636363636363636,-0.38181818181818183,-0.045454545454545456,-0.2909090909090909,0.12727272727272726,-0.3409090909090909,0.1,-0.36363636363636365,0.031818181818181815,-0.2681818181818182,0.004545454545454545,-0.20454545454545456
0.0,0.0,-0.1388888888888889,-0.125,-0.24074074074074073,-0.3287037037037037,-0.36574074074074076,-0.44907407407407407,-0.5046296296296297,-0.5,-0.14814814814814814,-0.5185185185185185,-0.19444444444444445,-0.7268518518518519,-0.2222222222222222,-0.8472222222222222,-0.24537037037037038,-0.9537037037037037,-0.032407407407407406,-0.5092592592592593,0.027777777777777776,-0.7407407407407407,0.06018518518518518,-0.8842592592592593,0.09722222222222222,-1.0,0.06944444444444445,-0.4444444444444444,0.07407407407407407,-0.5231481481481481,-0.004629629629629629,-0.38425925925925924,-0.046296296296296294,-0.2962962962962963,0.14814814814814814,-0.3472222222222222,0.11574074074074074,-0.36574074074074076,0.046296296296296294,-0.2638888888888889,0.009259259259259259,-0.19907407407407407
0.0,0.0,-0.1336405529953917,-0.1152073732718894,-0.2350230414746544,-0.31797235023041476,-0.35023041474654376,-0.4423963133640553,-0.4792626728110599,-0.4930875576036866,-0.1382488479262673,-0.5161290322580645,-0.17972350230414746,-0.728110599078341,-0.2119815668202765,-0.847926267281106,-0.2350230414746544,-0.9585253456221198,-0.02304147465437788,-0.5069124423963134,0.04608294930875576,-0.7373271889400922,0.08755760368663594,-0.880184331797235,0.12903225806451613,-1.0,0.07834101382488479,-0.4377880184331797,0.09216589861751152,-0.5023041474654378,0.009216589861751152,-0.3686635944700461,-0.03225806451612903,-0.28110599078341014,0.15668202764976957,-0.34101382488479265,0.12442396313364056,-0.3456221198156682,0.05069124423963134,-0.24423963133640553,0.013824884792626729,-0.18433179723502305
0.0,0.0,-0.13761467889908258,-0.12385321100917432,-0.22935779816513763,-0.3211009174311927,-0.3486238532110092,-0.44954128440366975,-0.4724770642201835,-0.5045871559633027,-0.13761467889908258,-0.5275229357798165,-0.1834862385321101,-0.7339449541284404,-0.21559633027522937,-0.8532110091743119,-0.23853211009174313,-0.9587155963302753,-0.022935779816513763,-0.5137614678899083,0.05045871559633028,-0.7385321100917431,0.09174311926605505,-0.8807339449541285,0.13302752293577982,-1.0,0.07339449541284404,-0.44036697247706424,0.11009174311926606,-0.5091743119266054,0.01834862385321101,-0.38073394495412843,-0.03669724770642202,-0.2981651376146789,0.15137614678899083,-0.3348623853211009,0.13302752293577982,-0.3440366972477064,0.05963302752293578,-0.24770642201834864,0.013761467889908258,-0.18807339449541285
0.0,0.0,-0.1336405529953917,-0.12903225806451613,-0.22119815668202766,-0.3225806451612903,-0.33640552995391704,-0.45622119815668205,-0.46543778801843316,-0.5161290322580645,-0.12442396313364056,-0.5299539170506913,-0.16129032258064516,-0.7327188940092166,-0.18433179723502305,-0.8571428571428571,-0.20276497695852536,-0.967741935483871,-0.009216589861751152,-0.511520737327189,0.06912442396313365,-0.7373271889400922,0.1152073732718894,-0.8755760368663594,0.16129032258064516,-1.0,0.08755760368663594,-0.43317972350230416,0.12903225806451613,-0.5069124423963134,0.03686635944700461,-0.3824884792626728,-0.018433179723502304,-0.2995391705069124,0.15668202764976957,-0.3271889400921659,0.14746543778801843,-0.34101382488479265,0.06912442396313365,-0.24423963133640553,0.02304147465437788,-0.18433179723502305
0.0,0.0,-0.12962962962962962,-0.12962962962962962,-0.20833333333333334,-0.33796296296296297,-0.3148148148148148,-0.4722222222222222,-0.4398148148148148,-0.5370370370370371,-0.09722222222222222,-0.5324074074074074,-0.125,-0.7407407407407407,-0.14814814814814814,-0.8657407407407407,-0.16203703703703703,-0.9768518518518519,0.023148148148148147,-0.5092592592592593,0.10648148148148148,-0.7407407407407407,0.1574074074074074,-0.8842592592592593,0.2037037037037037,-1.0,0.12037037037037036,-0.4305555555555556,0.16203703703703703,-0.5092592592592593,0.06018518518518518,-0.38425925925925924,0.0,-0.30092592592592593,0.19444444444444445,-0.32407407407407407,0.17592592592592593,-0.3333333333333333,0.09259259259259259,-0.2361111111111111,0.041666666666666664,-0.17592592592592593
0.0,0.0,-0.1382488479262673,-0.1336405529953917,-0.22119815668202766,-0.34101382488479265,-0.3317972350230415,-0.4838709677419355,-0.4608294930875576,-0.5529953917050692,-0.11981566820276497,-0.5299539170506913,-0.1382488479262673,-0.7419354838709677,-0.16129032258064516,-0.8663594470046083,-0.17511520737327188,-0.9723502304147466,-0.004608294930875576,-0.511520737327189,0.08294930875576037,-0.7373271889400922,0.12903225806451613,-0.880184331797235,0.17972350230414746,-1.0,0.09216589861751152,-0.43317972350230416,0.1382488479262673,-0.5299539170506913,0.041474654377880185,-0.4009216589861751,-0.018433179723502304,-0.3087557603686636,0.16589861751152074,-0.3317972350230415,0.14746543778801843,-0.3456221198156682,0.06451612903225806,-0.2488479262672811,0.013824884792626729,-0.1889400921658986
0.0,0.0,-0.1336405529953917,-0.1382488479262673,-0.2119815668202765,-0.34101382488479265,-0.31336405529953915,-0.4838709677419355,-0.4377880184331797,-0.5576036866359447,-0.10599078341013825,-0.5299539170506913,-0.12903225806451613,-0.7373271889400922,-0.14746543778801843,-0.8617511520737328,-0.16129032258064516,-0.9723502304147466,0.013824884792626729,-0.511520737327189,0.10138248847926268,-0.7373271889400922,0.14746543778801843,-0.880184331797235,0.1935483870967742,-1.0,0.11059907834101383,-0.4377880184331797,0.14746543778801843,-0.5161290322580645,0.05069124423963134,-0.391705069124424,-0.009216589861751152,-0.30414746543778803,0.18433179723502305,-0.3317972350230415,0.16129032258064516,-0.3317972350230415,0.07834101382488479,-0.24423963133640553,0.027649769585253458,-0.18433179723502305
0.0,0.0,-0.1278538812785388,-0.1415525114155251,-0.2054794520547945,-0.3424657534246575,-0.3150684931506849,-0.4840182648401826,-0.4383561643835616,-0.5570776255707762,-0.1050228310502283,-0.5342465753424658,-0.1232876712328767,-0.7442922374429224,-0.1415525114155251,-0.867579908675799,-0.1552511415525114,-0.9817351598173516,0.0136986301369863,-0.5159817351598174,0.1004566210045662,-0.7351598173515982,0.1506849315068493,-0.8767123287671232,0.2009132420091324,-1.0,0.1095890410958904,-0.4383561643835616,0.1506849315068493,-0.502283105022831,0.0547945205479452,-0.3789954337899543,-0.0045662100456621,-0.2968036529680365,0.182648401826484,-0.3333333333333333,0.1643835616438356,-0.3333333333333333,0.0867579908675799,-0.2420091324200913,0.0365296803652968,-0.182648401826484
0.0,0.0,-0.12903225806451613,-0.1336405529953917,-0.20276497695852536,-0.34101382488479265,-0.30414746543778803,-0.4838709677419355,-0.43317972350230416,-0.5576036866359447,-0.07834101382488479,-0.5299539170506913,-0.0967741935483871,-0.7465437788018433,-0.1152073732718894,-0.8755760368663594,-0.12442396313364056,-0.9953917050691244,0.03686635944700461,-0.511520737327189,0.12903225806451613,-0.7373271889400922,0.17972350230414746,-0.880184331797235,0.2350230414746544,-1.0,0.1382488479262673,-0.43317972350230416,0.17511520737327188,-0.5023041474654378,0.07373271889400922,-0.3778801843317972,0.013824884792626729,-0.2857142857142857,0.2073732718894009,-0.3271889400921659,0.1889400921658986,-0.31797235023041476,0.10138248847926268,-0.22580645161290322,0.05069124423963134,-0.16589861751152074
0.0,0.0,-0.12727272727272726,-0.13636363636363635,-0.19545454545454546,-0.34545454545454546,-0.3,-0.4954545454545455,-0.42272727272727273,-0.5681818181818182,-0.07727272727272727,-0.5363636363636364,-0.09090909090909091,-0.75,-0.10454545454545454,-0.8772727272727273,-0.11363636363636363,-0.990909090909091,0.03636363636363636,-0.5136363636363637,0.1318181818181818,-0.7363636363636363,0.18636363636363637,-0.8772727272727273,0.23636363636363636,-1.0,0.13636363636363635,-0.4318181818181818,0.1590909090909091,-0.4909090909090909,0.05909090909090909,-0.36818181818181817,0.004545454545454545,-0.2818181818181818,0.20454545454545456,-0.32272727272727275,0.18181818181818182,-0.33181818181818185,0.1,-0.23636363636363636,0.05,-0.17727272727272728
0.0,0.0,-0.12727272727272726,-0.13636363636363635,-0.20454545454545456,-0.34545454545454546,-0.30454545454545456,-0.4863636363636364,-0.4318181818181818,-0.5545454545454546,-0.08181818181818182,-0.5363636363636364,-0.09545454545454546,-0.7454545454545455,-0.11363636363636363,-0.8772727272727273,-0.12272727272727273,-0.9863636363636363,0.03636363636363636,-0.509090909090909,0.12727272727272726,-0.7363636363636363,0.17727272727272728,-0.8818181818181818,0.2318181818181818,-1.0,0.1318181818181818,-0.42727272727272725,0.16818181818181818,-0.5045454545454545,0.06818181818181818,-0.37727272727272726,0.004545454545454545,-0.2863636363636364,0.2,-0.3181818181818182,0.18636363636363637,-0.33181818181818185,0.09545454545454546,-0.2409090909090909,0.04090909090909091,-0.17727272727272728
0.0,0.0,-0.12962962962962962,-0.1388888888888889,-0.19907407407407407,-0.3425925925925926,-0.30092592592592593,-0.47685185185185186,-0.42592592592592593,-0.5462962962962963,-0.07407407407407407,-0.5324074074074074,-0.08796296296296297,-0.75,-0.10185185185185185,-0.8796296296296297,-0.1111111111111111,-0.9953703703703703,0.046296296296296294,-0.5092592592592593,0.1388888888888889,-0.7314814814814815,0.19444444444444445,-0.8796296296296297,0.24537037037037038,-1.0,0.14351851851851852,-0.4212962962962963,0.18055555555555555,-0.49074074074074076,0.06944444444444445,-0.36574074074074076,0.009259259259259259,-0.27314814814814814,0.2175925925925926,-0.3101851851851852,0.19907407407407407,-0.3101851851851852,0.10648148148148148,-0.2175925925925926,0.05555555555555555,-0.1527777777777778
0.0,0.0,-0.11737089201877934,-0.1643192488262911,-0.1596244131455399,-0.38497652582159625,-0.24413145539906103,-0.5446009389671361,-0.37089201877934275,-0.6244131455399061,0.004694835680751174,-0.5492957746478874,0.028169014084507043,-0.7605633802816901,0.03286384976525822,-0.8873239436619719,0.046948356807511735,-1.0,0.12206572769953052,-0.5070422535211268,0.2535211267605634,-0.7183098591549296,0.3333333333333333,-0.8544600938967136,0.4084507042253521,-0.9671361502347418,0.20657276995305165,-0.40375586854460094,0.23943661971830985,-0.460093896713615,0.12206572769953052,-0.3568075117370892,0.051643192488262914,-0.28169014084507044,0.26291079812206575,-0.28169014084507044,0.2347417840375587,-0.2863849765258216,0.13145539906103287,-0.215962441314554,0.06572769953051644,-0.1643192488262911
0.0,0.0,-0.11682242990654206,-0.1542056074766355,-0.17289719626168223,-0.37383177570093457,-0.2570093457943925,-0.5280373831775701,-0.37850467289719625,-0.5981308411214953,-0.009345794392523364,-0.5420560747663551,0.009345794392523364,-0.7570093457943925,0.014018691588785047,-0.8878504672897196,0.028037383177570093,-1.0,0.102803738317757,-0.5,0.2336448598130841,-0.7149532710280374,0.308411214953271,-0.8551401869158879,0.38317757009345793,-0.9719626168224299,0.19158878504672897,-0.40654205607476634,0.22897196261682243,-0.46261682242990654,0.102803738317757,-0.35514018691588783,0.028037383177570093,-0.2757009345794392,0.2523364485981308,-0.2850467289719626,0.22897196261682243,-0.2897196261682243,0.1261682242990654,-0.21495327102803738,0.056074766355140186,-0.16355140186915887
0.0,0.0,-0.11004784688995216,-0.17703349282296652,-0.14354066985645933,-0.4019138755980861,-0.22009569377990432,-0.5645933014354066,-0.3444976076555024,-0.631578947368421,0.023923444976076555,-0.5454545454545454,0.05741626794258373,-0.7559808612440191,0.07177033492822966,-0.8851674641148325,0.09090909090909091,-1.0,0.14354066985645933,-0.49760765550239233,0.28708133971291866,-0.7081339712918661,0.37799043062200954,-0.84688995215311,0.45933014354066987,-0.9569377990430622,0.22488038277511962,-0.3923444976076555,0.2727272727272727,-0.45454545454545453,0.14832535885167464,-0.35406698564593303,0.07177033492822966,-0.2727272727272727,0.27751196172248804,-0.2679425837320574,0.2535885167464115,-0.2822966507177033,0.14832535885167464,-0.215311004784689,0.07655502392344497,-0.16267942583732056
0.0,0.0,-0.10232558139534884,-0.16744186046511628,-0.13488372093023257,-0.3767441860465116,-0.21395348837209302,-0.5441860465116279,-0.32558139534883723,-0.6232558139534884,0.03255813953488372,-0.5488372093023256,0.06511627906976744,-0.7627906976744186,0.07906976744186046,-0.8883720930232558,0.09767441860465116,-1.0,0.14883720930232558,-0.49767441860465117,0.28837209302325584,-0.7023255813953488,0.3767441860465116,-0.8372093023255814,0.4558139534883721,-0.9488372093023256,0.22790697674418606,-0.3953488372093023,0.2651162790697674,-0.4418604651162791,0.14418604651162792,-0.3395348837209302,0.06511627906976744,-0.2651162790697674,0.2744186046511628,-0.26976744186046514,0.25116279069767444,-0.26976744186046514,0.14418604651162792,-0.20465116279069767,0.07441860465116279,-0.15348837209302327
0.0,0.0,-0.08796296296296297,-0.17592592592592593,-0.1111111111111111,-0.375,-0.17592592592592593,-0.5509259259259259,-0.27314814814814814,-0.6481481481481481,0.06481481481481481,-0.5509259259259259,0.12037037037037036,-0.7685185185185185,0.14814814814814814,-0.8935185185185185,0.18518518518518517,-1.0,0.18055555555555555,-0.49074074074074076,0.3287037037037037,-0.6898148148148148,0.4305555555555556,-0.8194444444444444,0.5231481481481481,-0.9305555555555556,0.25925925925925924,-0.3888888888888889,0.2962962962962963,-0.4212962962962963,0.16203703703703703,-0.3333333333333333,0.0787037037037037,-0.2638888888888889,0.30092592592592593,-0.2638888888888889,0.2777777777777778,-0.25925925925925924,0.16666666666666666,-0.19907407407407407,0.09259259259259259,-0.16203703703703703
0.0,0.0,-0.0958904109589041,-0.1552511415525114,-0.1187214611872146,-0.3744292237442922,-0.182648401826484,-0.5388127853881278,-0.3013698630136986,-0.6210045662100456,0.045662100456621,-0.547945205479452,0.091324200913242,-0.7579908675799086,0.1187214611872146,-0.8904109589041096,0.1415525114155251,-1.0,0.1643835616438356,-0.4931506849315068,0.319634703196347,-0.6894977168949772,0.4246575342465753,-0.817351598173516,0.5159817351598174,-0.9269406392694064,0.2420091324200913,-0.3835616438356164,0.2831050228310502,-0.4200913242009132,0.1552511415525114,-0.319634703196347,0.0684931506849315,-0.2511415525114155,0.2922374429223744,-0.2648401826484018,0.2785388127853881,-0.2602739726027397,0.1689497716894977,-0.1872146118721461,0.0867579908675799,-0.1461187214611872
0.0,0.0,-0.10666666666666667,-0.1511111111111111,-0.13777777777777778,-0.36444444444444446,-0.21333333333333335,-0.5111111111111111,-0.3288888888888889,-0.5911111111111111,0.008888888888888889,-0.5466666666666666,0.017777777777777778,-0.76,0.017777777777777778,-0.8888888888888888,0.02666666666666667,-1.0,0.12444444444444444,-0.5022222222222222,0.2577777777777778,-0.7022222222222222,0.3466666666666667,-0.8311111111111111,0.4266666666666667,-0.9422222222222222,0.21333333333333335,-0.40444444444444444,0.24888888888888888,-0.4311111111111111,0.1288888888888889,-0.32,0.04888888888888889,-0.25333333333333335,0.27111111111111114,-0.28888888888888886,0.2577777777777778,-0.27555555555555555,0.1511111111111111,-0.2,0.08,-0.16
0.0,0.0,-0.13100436681222707,-0.11790393013100436,-0.22707423580786026,-0.3318777292576419,-0.3231441048034934,-0.4585152838427948,-0.45414847161572053,-0.4978165938864629,-0.11353711790393013,-0.5327510917030568,-0.1572052401746725,-0.7467248908296943,-0.18340611353711792,-0.8777292576419214,-0.20087336244541484,-0.9912663755458515,0.008733624454148471,-0.519650655021834,0.09170305676855896,-0.7336244541484717,0.14847161572052403,-0.8777292576419214,0.2052401746724891,-1.0,0.11353711790393013,-0.4497816593886463,0.11353711790393013,-0.462882096069869,0.026200873362445413,-0.32751091703056767,-0.03056768558951965,-0.24017467248908297,0.19213973799126638,-0.35807860262008734,0.1615720524017467,-0.32751091703056767,0.07860262008733625,-0.22707423580786026,0.026200873362445413,-0.16593886462882096
