0.0,0.0,0.23204419889502761,-0.04419889502762431,0.4419889502762431,-0.12154696132596685,0.6077348066298343,-0.15469613259668508,0.7513812154696132,-0.19889502762430938,0.44751381215469616,-0.4143646408839779,0.6464088397790055,-0.4696132596685083,0.7237569060773481,-0.35359116022099446,0.7624309392265194,-0.23756906077348067,0.39226519337016574,-0.47513812154696133,0.5469613259668509,-0.712707182320442,0.6464088397790055,-0.861878453038674,0.7292817679558011,-1.0,0.2983425414364641,-0.47513812154696133,0.425414364640884,-0.7071823204419889,0.5138121546961326,-0.856353591160221,0.580110497237569,-0.988950276243094,0.1878453038674033,-0.43646408839779005,0.287292817679558,-0.6022099447513812,0.35911602209944754,-0.7237569060773481,0.425414364640884,-0.8342541436464088
0.0,0.0,0.2875,-0.03125,0.525,-0.1,0.7125,-0.1,0.8875,-0.0875,0.5375,-0.41875,0.7875,-0.43125,0.88125,-0.3,0.91875,-0.1625,0.48125,-0.48125,0.69375,-0.725,0.85,-0.85625,0.9875,-0.9625,0.3875,-0.48125,0.58125,-0.7125,0.7125,-0.86875,0.825,-1.0,0.29375,-0.4375,0.45625,-0.60625,0.56875,-0.73125,0.6625,-0.8375
0.0,0.0,0.25862068965517243,-0.022988505747126436,0.47126436781609193,-0.09195402298850575,0.6379310344827587,-0.09770114942528736,0.7873563218390804,-0.10919540229885058,0.4942528735632184,-0.39080459770114945,0.7011494252873564,-0.41379310344827586,0.764367816091954,-0.26436781609195403,0.7816091954022989,-0.13218390804597702,0.4540229885057471,-0.4425287356321839,0.6379310344827587,-0.6781609195402298,0.735632183908046,-0.8390804597701149,0.7988505747126436,-1.0,0.3735632183908046,-0.43103448275862066,0.5459770114942529,-0.6609195402298851,0.6494252873563219,-0.8160919540229885,0.7241379310344828,-0.9712643678160919,0.27586206896551724,-0.39080459770114945,0.41954022988505746,-0.5632183908045977,0.5057471264367817,-0.6839080459770115,0.5747126436781609,-0.8103448275862069
0.0,0.0,0.20903954802259886,-0.01694915254237288,0.4180790960451977,-0.0847457627118644,0.5819209039548022,-0.10734463276836158,0.711864406779661,-0.12994350282485875,0.4519774011299435,-0.3728813559322034,0.6384180790960452,-0.4124293785310734,0.6892655367231638,-0.288135593220339,0.6949152542372882,-0.1694915254237288,0.4011299435028249,-0.4632768361581921,0.5706214689265536,-0.6779661016949152,0.6892655367231638,-0.8192090395480226,0.768361581920904,-0.96045197740113,0.2994350282485876,-0.4858757062146893,0.4180790960451977,-0.7231638418079096,0.4971751412429379,-0.864406779661017,0.559322033898305,-1.0,0.1751412429378531,-0.4745762711864407,0.22598870056497175,-0.6666666666666666,0.2542372881355932,-0.7966101694915254,0.2824858757062147,-0.9209039548022598
0.0,0.0,0.21142857142857144,-0.011428571428571429,0.4228571428571429,-0.07428571428571429,0.5885714285714285,-0.09714285714285714,0.72,-0.12,0.45714285714285713,-0.37142857142857144,0.6457142857142857,-0.4228571428571429,0.6857142857142857,-0.29714285714285715,0.6857142857142857,-0.17714285714285713,0.4,-0.46285714285714286,0.5828571428571429,-0.68,0.6971428571428572,-0.8228571428571428,0.7828571428571428,-0.96,0.29714285714285715,-0.49142857142857144,0.4228571428571429,-0.7257142857142858,0.5028571428571429,-0.8685714285714285,0.5714285714285714,-1.0,0.1657142857142857,-0.48,0.21714285714285714,-0.68,0.2571428571428571,-0.8114285714285714,0.2857142857142857,-0.9371428571428572
0.0,0.0,0.21839080459770116,-0.005747126436781609,0.43103448275862066,-0.06896551724137931,0.5977011494252874,-0.09195402298850575,0.7298850574712644,-0.1206896551724138,0.47126436781609193,-0.3735632183908046,0.6551724137931034,-0.41954022988505746,0.6954022988505747,-0.29310344827586204,0.6896551724137931,-0.1839080459770115,0.41379310344827586,-0.46551724137931033,0.5919540229885057,-0.6839080459770115,0.7011494252873564,-0.8275862068965517,0.7816091954022989,-0.9712643678160919,0.3160919540229885,-0.5,0.43103448275862066,-0.7298850574712644,0.5114942528735632,-0.8735632183908046,0.5804597701149425,-1.0,0.1896551724137931,-0.4885057471264368,0.2413793103448276,-0.6839080459770115,0.28160919540229884,-0.8160919540229885,0.3103448275862069,-0.9367816091954023
0.0,0.0,0.23076923076923078,-0.01775147928994083,0.4556213017751479,-0.08284023668639054,0.6272189349112426,-0.10059171597633136,0.7692307692307693,-0.1242603550295858,0.48520710059171596,-0.39644970414201186,0.6863905325443787,-0.4319526627218935,0.7337278106508875,-0.2958579881656805,0.727810650887574,-0.17159763313609466,0.4319526627218935,-0.47337278106508873,0.6272189349112426,-0.6923076923076923,0.7396449704142012,-0.834319526627219,0.8224852071005917,-0.9704142011834319,0.33136094674556216,-0.4970414201183432,0.47337278106508873,-0.727810650887574,0.5621301775147929,-0.8698224852071006,0.6390532544378699,-1.0,0.20710059171597633,-0.47337278106508873,0.3076923076923077,-0.6627218934911243,0.3727810650887574,-0.7928994082840237,0.4260355029585799,-0.9171597633136095
0.0,0.0,0.2275449101796407,-0.011976047904191617,0.4491017964071856,-0.07784431137724551,0.6287425149700598,-0.10179640718562874,0.7784431137724551,-0.12574850299401197,0.48502994011976047,-0.39520958083832336,0.6826347305389222,-0.4431137724550898,0.7365269461077845,-0.30538922155688625,0.7365269461077845,-0.17964071856287425,0.4311377245508982,-0.46706586826347307,0.6227544910179641,-0.6826347305389222,0.7485029940119761,-0.8263473053892215,0.844311377245509,-0.9640718562874252,0.32934131736526945,-0.49101796407185627,0.46706586826347307,-0.7245508982035929,0.562874251497006,-0.874251497005988,0.6407185628742516,-1.0,0.20359281437125748,-0.47305389221556887,0.30538922155688625,-0.6586826347305389,0.3712574850299401,-0.7964071856287425,0.4311377245508982,-0.9161676646706587
0.0,0.0,0.2275449101796407,-0.017964071856287425,0.4550898203592814,-0.08982035928143713,0.6407185628742516,-0.11377245508982035,0.7844311377245509,-0.1377245508982036,0.48502994011976047,-0.39520958083832336,0.6826347305389222,-0.437125748502994,0.7305389221556886,-0.31137724550898205,0.7305389221556886,-0.18562874251497005,0.4311377245508982,-0.47305389221556887,0.6287425149700598,-0.688622754491018,0.7544910179640718,-0.8263473053892215,0.8502994011976048,-0.9520958083832335,0.33532934131736525,-0.49101796407185627,0.47904191616766467,-0.718562874251497,0.5688622754491018,-0.8682634730538922,0.6467065868263473,-1.0,0.2155688622754491,-0.46706586826347307,0.31137724550898205,-0.6526946107784432,0.3772455089820359,-0.7844311377245509,0.437125748502994,-0.9101796407185628
0.0,0.0,0.23493975903614459,-0.018072289156626505,0.4578313253012048,-0.09036144578313253,0.6506024096385542,-0.1144578313253012,0.8132530120481928,-0.12650602409638553,0.4879518072289157,-0.4036144578313253,0.6927710843373494,-0.45180722891566266,0.7530120481927711,-0.3132530120481928,0.7650602409638554,-0.18674698795180722,0.4397590361445783,-0.463855421686747,0.6325301204819277,-0.6867469879518072,0.7530120481927711,-0.8433734939759037,0.8373493975903614,-0.9939759036144579,0.3433734939759036,-0.46987951807228917,0.5,-0.7048192771084337,0.6024096385542169,-0.8554216867469879,0.6746987951807228,-1.0,0.2289156626506024,-0.4397590361445783,0.35542168674698793,-0.6024096385542169,0.4457831325301205,-0.7228915662650602,0.5301204819277109,-0.8373493975903614
0.0,0.0,0.23668639053254437,-0.023668639053254437,0.4556213017751479,-0.10059171597633136,0.6331360946745562,-0.1242603550295858,0.7928994082840237,-0.14201183431952663,0.47337278106508873,-0.39644970414201186,0.6863905325443787,-0.4556213017751479,0.7514792899408284,-0.3254437869822485,0.7692307692307693,-0.20118343195266272,0.4260355029585799,-0.4556213017751479,0.6153846153846154,-0.6804733727810651,0.7218934911242604,-0.8461538461538461,0.7928994082840237,-1.0,0.33727810650887574,-0.46153846153846156,0.5029585798816568,-0.6863905325443787,0.5976331360946746,-0.834319526627219,0.6686390532544378,-0.9763313609467456,0.22485207100591717,-0.4319526627218935,0.3609467455621302,-0.5798816568047337,0.44970414201183434,-0.6982248520710059,0.5266272189349113,-0.8106508875739645
0.0,0.0,0.2289156626506024,-0.030120481927710843,0.4578313253012048,-0.1144578313253012,0.6506024096385542,-0.14457831325301204,0.8192771084337349,-0.1686746987951807,0.4759036144578313,-0.42771084337349397,0.7048192771084337,-0.46987951807228917,0.7951807228915663,-0.3493975903614458,0.8373493975903614,-0.22289156626506024,0.42771084337349397,-0.4879518072289157,0.6204819277108434,-0.7108433734939759,0.7409638554216867,-0.8674698795180723,0.8253012048192772,-1.0,0.3373493975903614,-0.4879518072289157,0.5060240963855421,-0.7168674698795181,0.6144578313253012,-0.8614457831325302,0.6987951807228916,-0.9879518072289156,0.2289156626506024,-0.4578313253012048,0.3674698795180723,-0.6144578313253012,0.4578313253012048,-0.7349397590361446,0.5421686746987951,-0.8493975903614458
0.0,0.0,0.22839506172839505,-0.024691358024691357,0.46296296296296297,-0.1111111111111111,0.654320987654321,-0.13580246913580246,0.8148148148148148,-0.16666666666666666,0.48148148148148145,-0.42592592592592593,0.6975308641975309,-0.46296296296296297,0.7901234567901234,-0.35185185185185186,0.8333333333333334,-0.2345679012345679,0.43209876543209874,-0.49382716049382713,0.6172839506172839,-0.7160493827160493,0.7530864197530864,-0.8580246913580247,0.8580246913580247,-0.9876543209876543,0.3333333333333333,-0.5,0.5,-0.7283950617283951,0.6234567901234568,-0.8703703703703703,0.7283950617283951,-1.0,0.21604938271604937,-0.4691358024691358,0.345679012345679,-0.6358024691358025,0.4444444444444444,-0.7530864197530864,0.5308641975308642,-0.8518518518518519
0.0,0.0,0.2345679012345679,-0.037037037037037035,0.4691358024691358,-0.11728395061728394,0.6604938271604939,-0.14814814814814814,0.8333333333333334,-0.16049382716049382,0.4876543209876543,-0.43209876543209874,0.7037037037037037,-0.49382716049382713,0.7839506172839507,-0.3765432098765432,0.8271604938271605,-0.25925925925925924,0.4382716049382716,-0.49382716049382713,0.6358024691358025,-0.7160493827160493,0.7592592592592593,-0.8641975308641975,0.8641975308641975,-1.0,0.345679012345679,-0.5,0.5308641975308642,-0.7222222222222222,0.654320987654321,-0.8641975308641975,0.7592592592592593,-1.0,0.22839506172839505,-0.4691358024691358,0.3765432098765432,-0.6296296296296297,0.48148148148148145,-0.7407407407407407,0.5802469135802469,-0.845679012345679
0.0,0.0,0.24539877300613497,-0.03680981595092025,0.4785276073619632,-0.1165644171779141,0.6687116564417178,-0.1411042944785276,0.8343558282208589,-0.15950920245398773,0.49079754601226994,-0.4294478527607362,0.6993865030674846,-0.48466257668711654,0.7914110429447853,-0.37423312883435583,0.8343558282208589,-0.26380368098159507,0.44171779141104295,-0.49079754601226994,0.6319018404907976,-0.7177914110429447,0.7484662576687117,-0.8650306748466258,0.8466257668711656,-1.0,0.3496932515337423,-0.49079754601226994,0.5337423312883436,-0.7177914110429447,0.6503067484662577,-0.8650306748466258,0.7484662576687117,-0.9938650306748467,0.2331288343558282,-0.4662576687116564,0.37423312883435583,-0.6196319018404908,0.4785276073619632,-0.7300613496932515,0.5766871165644172,-0.8343558282208589
0.0,0.0,0.2331288343558282,-0.018404907975460124,0.4723926380368098,-0.11042944785276074,0.6625766871165644,-0.147239263803681,0.8220858895705522,-0.17177914110429449,0.49079754601226994,-0.4233128834355828,0.6993865030674846,-0.48466257668711654,0.7852760736196319,-0.37423312883435583,0.8282208588957055,-0.26380368098159507,0.44171779141104295,-0.49079754601226994,0.6196319018404908,-0.7177914110429447,0.7484662576687117,-0.8650306748466258,0.8588957055214724,-0.9938650306748467,0.34355828220858897,-0.49693251533742333,0.5030674846625767,-0.7300613496932515,0.6196319018404908,-0.8711656441717791,0.7239263803680982,-1.0,0.22699386503067484,-0.4662576687116564,0.3496932515337423,-0.6319018404907976,0.44785276073619634,-0.7423312883435583,0.5521472392638037,-0.8404907975460123
0.0,0.0,0.22839506172839505,-0.024691358024691357,0.4691358024691358,-0.11728395061728394,0.6666666666666666,-0.14814814814814814,0.8271604938271605,-0.17901234567901234,0.48148148148148145,-0.41975308641975306,0.6851851851851852,-0.48148148148148145,0.7777777777777778,-0.38271604938271603,0.8333333333333334,-0.2777777777777778,0.43209876543209874,-0.4876543209876543,0.6049382716049383,-0.7098765432098766,0.7283950617283951,-0.8641975308641975,0.8333333333333334,-1.0,0.3395061728395062,-0.5,0.5061728395061729,-0.7222222222222222,0.6234567901234568,-0.8703703703703703,0.7283950617283951,-1.0,0.22839506172839505,-0.47530864197530864,0.35185185185185186,-0.6419753086419753,0.4506172839506173,-0.7530864197530864,0.5493827160493827,-0.8580246913580247
0.0,0.0,0.23076923076923078,-0.029585798816568046,0.4556213017751479,-0.1242603550295858,0.6390532544378699,-0.15976331360946747,0.7869822485207101,-0.1893491124260355,0.46745562130177515,-0.4319526627218935,0.6686390532544378,-0.47928994082840237,0.7514792899408284,-0.3727810650887574,0.7928994082840237,-0.25443786982248523,0.40828402366863903,-0.5029585798816568,0.5562130177514792,-0.727810650887574,0.6804733727810651,-0.8698224852071006,0.7869822485207101,-0.9940828402366864,0.3136094674556213,-0.5088757396449705,0.4378698224852071,-0.7396449704142012,0.5443786982248521,-0.8816568047337278,0.6449704142011834,-1.0,0.20118343195266272,-0.47337278106508873,0.28994082840236685,-0.6449704142011834,0.3727810650887574,-0.757396449704142,0.46153846153846156,-0.8579881656804734
0.0,0.0,0.22093023255813954,-0.03488372093023256,0.4418604651162791,-0.13372093023255813,0.622093023255814,-0.1686046511627907,0.7674418604651163,-0.20930232558139536,0.4476744186046512,-0.4418604651162791,0.6395348837209303,-0.5116279069767442,0.7209302325581395,-0.4069767441860465,0.7558139534883721,-0.29069767441860467,0.38953488372093026,-0.5058139534883721,0.5348837209302325,-0.7267441860465116,0.6569767441860465,-0.8604651162790697,0.7558139534883721,-0.9825581395348837,0.29651162790697677,-0.5116279069767442,0.4127906976744186,-0.7441860465116279,0.5116279069767442,-0.8837209302325582,0.6046511627906976,-1.0,0.18604651162790697,-0.47674418604651164,0.2616279069767442,-0.6511627906976745,0.3430232558139535,-0.7674418604651163,0.42441860465116277,-0.872093023255814
0.0,0.0,0.2,-0.042105263157894736,0.38421052631578945,-0.15263157894736842,0.5368421052631579,-0.21052631578947367,0.6631578947368421,-0.2631578947368421,0.3631578947368421,-0.4368421052631579,0.531578947368421,-0.5,0.6052631578947368,-0.4105263157894737,0.6368421052631579,-0.30526315789473685,0.3,-0.49473684210526314,0.4105263157894737,-0.7263157894736842,0.49473684210526314,-0.8631578947368421,0.5684210526315789,-0.9789473684210527,0.21578947368421053,-0.49473684210526314,0.2789473684210526,-0.7263157894736842,0.3473684210526316,-0.8736842105263158,0.4052631578947368,-1.0,0.12105263157894737,-0.45789473684210524,0.15789473684210525,-0.6368421052631579,0.2,-0.7578947368421053,0.24210526315789474,-0.8736842105263158
0.0,0.0,0.19072164948453607,-0.04639175257731959,0.36082474226804123,-0.14948453608247422,0.5051546391752577,-0.20618556701030927,0.6185567010309279,-0.25773195876288657,0.3402061855670103,-0.42783505154639173,0.4948453608247423,-0.5051546391752577,0.5670103092783505,-0.4175257731958763,0.5979381443298969,-0.32989690721649484,0.26804123711340205,-0.4896907216494845,0.36597938144329895,-0.711340206185567,0.4536082474226804,-0.8505154639175257,0.5154639175257731,-0.9742268041237113,0.17010309278350516,-0.4948453608247423,0.211340206185567,-0.7216494845360825,0.25773195876288657,-0.865979381443299,0.29896907216494845,-1.0,0.07216494845360824,-0.4484536082474227,0.06701030927835051,-0.6288659793814433,0.07216494845360824,-0.7577319587628866,0.08247422680412371,-0.8711340206185567
0.0,0.0,0.18274111675126903,-0.050761421319796954,0.34517766497461927,-0.16243654822335024,0.48223350253807107,-0.233502538071066,0.5939086294416244,-0.2893401015228426,0.3248730964467005,-0.43147208121827413,0.48223350253807107,-0.5228426395939086,0.5532994923857868,-0.4416243654822335,0.5888324873096447,-0.350253807106599,0.24873096446700507,-0.49238578680203043,0.350253807106599,-0.7055837563451777,0.4416243654822335,-0.8375634517766497,0.5076142131979695,-0.9644670050761421,0.15228426395939088,-0.49746192893401014,0.19796954314720813,-0.7208121827411168,0.24873096446700507,-0.868020304568528,0.2893401015228426,-1.0,0.050761421319796954,-0.4517766497461929,0.04568527918781726,-0.6345177664974619,0.04568527918781726,-0.7614213197969543,0.050761421319796954,-0.883248730964467
0.0,0.0,0.1791044776119403,-0.06467661691542288,0.3383084577114428,-0.1791044776119403,0.4626865671641791,-0.2537313432835821,0.5771144278606966,-0.3034825870646766,0.2935323383084577,-0.4427860696517413,0.4527363184079602,-0.5373134328358209,0.527363184079602,-0.4577114427860697,0.5572139303482587,-0.36318407960199006,0.21393034825870647,-0.5024875621890548,0.30845771144278605,-0.7164179104477612,0.39800995024875624,-0.845771144278607,0.4577114427860697,-0.9601990049751243,0.11940298507462686,-0.4975124378109453,0.15920398009950248,-0.7213930348258707,0.20398009950248755,-0.8656716417910447,0.24378109452736318,-1.0,0.014925373134328358,-0.44776119402985076,-0.009950248756218905,-0.6218905472636815,-0.014925373134328358,-0.7512437810945274,-0.009950248756218905,-0.8706467661691543
0.0,0.0,0.18316831683168316,-0.06930693069306931,0.3316831683168317,-0.19801980198019803,0.4504950495049505,-0.27722772277227725,0.5643564356435643,-0.3415841584158416,0.28217821782178215,-0.4504950495049505,0.42574257425742573,-0.5544554455445545,0.504950495049505,-0.4752475247524752,0.5396039603960396,-0.3811881188118812,0.19801980198019803,-0.5099009900990099,0.26732673267326734,-0.7277227722772277,0.3465346534653465,-0.8514851485148515,0.40594059405940597,-0.9653465346534653,0.09405940594059406,-0.504950495049505,0.1188118811881188,-0.7227722772277227,0.15841584158415842,-0.8663366336633663,0.19801980198019803,-1.0,-0.0049504950495049506,-0.4504950495049505,-0.039603960396039604,-0.6188118811881188,-0.04950495049504951,-0.7425742574257426,-0.04950495049504951,-0.8663366336633663
0.0,0.0,0.17475728155339806,-0.08737864077669903,0.3155339805825243,-0.21844660194174756,0.4320388349514563,-0.3058252427184466,0.5388349514563107,-0.3737864077669903,0.2524271844660194,-0.470873786407767,0.3883495145631068,-0.5776699029126213,0.470873786407767,-0.5,0.5048543689320388,-0.41262135922330095,0.16019417475728157,-0.5242718446601942,0.22330097087378642,-0.7378640776699029,0.30097087378640774,-0.8640776699029126,0.35436893203883496,-0.9757281553398058,0.06310679611650485,-0.5097087378640777,0.07281553398058252,-0.7281553398058253,0.10679611650485436,-0.8689320388349514,0.1407766990291262,-1.0,-0.03398058252427184,-0.4563106796116505,-0.06310679611650485,-0.6213592233009708,-0.07766990291262135,-0.7427184466019418,-0.0825242718446602,-0.8592233009708737
0.0,0.0,0.17391304347826086,-0.08695652173913043,0.30917874396135264,-0.22705314009661837,0.42028985507246375,-0.3140096618357488,0.5265700483091788,-0.38164251207729466,0.23671497584541062,-0.47342995169082125,0.3719806763285024,-0.5845410628019324,0.4492753623188406,-0.5120772946859904,0.48792270531400966,-0.42028985507246375,0.1497584541062802,-0.5217391304347826,0.20772946859903382,-0.7439613526570048,0.2753623188405797,-0.8695652173913043,0.32367149758454106,-0.9806763285024155,0.04830917874396135,-0.5120772946859904,0.057971014492753624,-0.7294685990338164,0.08695652173913043,-0.8695652173913043,0.1111111111111111,-1.0,-0.043478260869565216,-0.45410628019323673,-0.07729468599033816,-0.6183574879227053,-0.0966183574879227,-0.7342995169082126,-0.1111111111111111,-0.8454106280193237
0.0,0.0,0.16908212560386474,-0.10144927536231885,0.30434782608695654,-0.24154589371980675,0.4057971014492754,-0.33816425120772947,0.4975845410628019,-0.4251207729468599,0.20772946859903382,-0.48792270531400966,0.3333333333333333,-0.6038647342995169,0.41545893719806765,-0.5410628019323671,0.45410628019323673,-0.45410628019323673,0.12077294685990338,-0.5362318840579711,0.15458937198067632,-0.7632850241545893,0.21256038647342995,-0.8888888888888888,0.2560386473429952,-0.9951690821256038,0.024154589371980676,-0.5217391304347826,0.01932367149758454,-0.7342995169082126,0.043478260869565216,-0.8743961352657005,0.06763285024154589,-1.0,-0.06763285024154589,-0.45893719806763283,-0.10144927536231885,-0.6183574879227053,-0.12077294685990338,-0.7342995169082126,-0.13526570048309178,-0.8454106280193237
0.0,0.0,0.16585365853658537,-0.1024390243902439,0.2975609756097561,-0.25365853658536586,0.4,-0.35609756097560974,0.4682926829268293,-0.4585365853658537,0.17560975609756097,-0.4975609756097561,0.2926829268292683,-0.6341463414634146,0.375609756097561,-0.5756097560975609,0.4195121951219512,-0.4926829268292683,0.08780487804878048,-0.5414634146341464,0.1073170731707317,-0.7658536585365854,0.16585365853658537,-0.8926829268292683,0.2097560975609756,-1.0,-0.004878048780487805,-0.5219512195121951,-0.01951219512195122,-0.7365853658536585,0.00975609756097561,-0.8731707317073171,0.03902439024390244,-0.9902439024390244,-0.08292682926829269,-0.4634146341463415,-0.12682926829268293,-0.624390243902439,-0.14634146341463414,-0.7414634146341463,-0.16585365853658537,-0.8536585365853658
0.0,0.0,0.1509433962264151,-0.10849056603773585,0.2641509433962264,-0.25943396226415094,0.35377358490566035,-0.3632075471698113,0.419811320754717,-0.45754716981132076,0.13679245283018868,-0.5,0.25471698113207547,-0.6179245283018868,0.3443396226415094,-0.5566037735849056,0.3915094339622642,-0.4716981132075472,0.04716981132075472,-0.5377358490566038,0.04716981132075472,-0.75,0.08490566037735849,-0.8820754716981132,0.10849056603773585,-1.0,-0.0330188679245283,-0.5141509433962265,-0.08018867924528301,-0.7122641509433962,-0.08490566037735849,-0.8490566037735849,-0.08962264150943396,-0.9716981132075472,-0.10849056603773585,-0.44339622641509435,-0.1650943396226415,-0.5943396226415094,-0.19811320754716982,-0.7028301886792453,-0.23113207547169812,-0.8066037735849056
0.0,0.0,0.1523809523809524,-0.12380952380952381,0.2523809523809524,-0.28095238095238095,0.3333333333333333,-0.3952380952380952,0.3952380952380952,-0.5047619047619047,0.10952380952380952,-0.5047619047619047,0.21904761904761905,-0.6428571428571429,0.3047619047619048,-0.5952380952380952,0.3523809523809524,-0.5142857142857142,0.01904761904761905,-0.5428571428571428,0.02857142857142857,-0.7619047619047619,0.0761904761904762,-0.8904761904761904,0.10952380952380952,-1.0,-0.07142857142857142,-0.5142857142857142,-0.11428571428571428,-0.7142857142857143,-0.11428571428571428,-0.8523809523809524,-0.10952380952380952,-0.9761904761904762,-0.14285714285714285,-0.4380952380952381,-0.21904761904761905,-0.5857142857142857,-0.2571428571428571,-0.6952380952380952,-0.29523809523809524,-0.8
0.0,0.0,0.15789473684210525,-0.13875598086124402,0.2631578947368421,-0.3014354066985646,0.3444976076555024,-0.42105263157894735,0.37799043062200954,-0.5358851674641149,0.09569377990430622,-0.5215311004784688,0.20095693779904306,-0.6507177033492823,0.291866028708134,-0.5933014354066986,0.3397129186602871,-0.5119617224880383,0.0,-0.5502392344497608,-0.004784688995215311,-0.7607655502392344,0.04784688995215311,-0.8899521531100478,0.0861244019138756,-1.0,-0.09090909090909091,-0.5119617224880383,-0.1339712918660287,-0.7081339712918661,-0.12440191387559808,-0.8421052631578947,-0.11004784688995216,-0.9617224880382775,-0.15789473684210525,-0.430622009569378,-0.22488038277511962,-0.5741626794258373,-0.2679425837320574,-0.6842105263157895,-0.3014354066985646,-0.7894736842105263
0.0,0.0,0.16748768472906403,-0.12315270935960591,0.2857142857142857,-0.27586206896551724,0.37438423645320196,-0.3891625615763547,0.43349753694581283,-0.5024630541871922,0.14285714285714285,-0.5123152709359606,0.2561576354679803,-0.6551724137931034,0.3399014778325123,-0.6009852216748769,0.3842364532019704,-0.5123152709359606,0.04433497536945813,-0.5517241379310345,0.06403940886699508,-0.7684729064039408,0.1330049261083744,-0.896551724137931,0.1921182266009852,-1.0,-0.04926108374384237,-0.5270935960591133,-0.07881773399014778,-0.7339901477832512,-0.04433497536945813,-0.8669950738916257,0.0,-0.9802955665024631,-0.1330049261083744,-0.458128078817734,-0.18226600985221675,-0.6157635467980296,-0.20689655172413793,-0.7339901477832512,-0.21674876847290642,-0.8423645320197044
0.0,0.0,0.18974358974358974,-0.09230769230769231,0.3384615384615385,-0.24102564102564103,0.4461538461538462,-0.3487179487179487,0.5230769230769231,-0.4512820512820513,0.24615384615384617,-0.49743589743589745,0.37435897435897436,-0.6307692307692307,0.4461538461538462,-0.5641025641025641,0.47692307692307695,-0.4666666666666667,0.14871794871794872,-0.558974358974359,0.20512820512820512,-0.7794871794871795,0.28717948717948716,-0.8923076923076924,0.358974358974359,-0.9846153846153847,0.041025641025641026,-0.5538461538461539,0.05641025641025641,-0.7692307692307693,0.1076923076923077,-0.8923076923076924,0.16923076923076924,-1.0,-0.06666666666666667,-0.5076923076923077,-0.08205128205128205,-0.6717948717948717,-0.09230769230769231,-0.7897435897435897,-0.09230769230769231,-0.9025641025641026
0.0,0.0,0.18041237113402062,-0.0979381443298969,0.31443298969072164,-0.25773195876288657,0.4072164948453608,-0.38144329896907214,0.4639175257731959,-0.4896907216494845,0.20103092783505155,-0.5154639175257731,0.31958762886597936,-0.6494845360824743,0.39690721649484534,-0.5927835051546392,0.4381443298969072,-0.5051546391752577,0.0979381443298969,-0.5618556701030928,0.14432989690721648,-0.7783505154639175,0.20618556701030927,-0.9020618556701031,0.26288659793814434,-1.0,-0.010309278350515464,-0.5515463917525774,-0.015463917525773196,-0.7577319587628866,0.015463917525773196,-0.8865979381443299,0.05670103092783505,-1.0,-0.1134020618556701,-0.4896907216494845,-0.14432989690721648,-0.6494845360824743,-0.16494845360824742,-0.7628865979381443,-0.17525773195876287,-0.8711340206185567
0.0,0.0,0.16748768472906403,-0.12315270935960591,0.27586206896551724,-0.2857142857142857,0.3497536945812808,-0.4088669950738916,0.3842364532019704,-0.5270935960591133,0.1330049261083744,-0.5221674876847291,0.23645320197044334,-0.6699507389162561,0.31527093596059114,-0.6206896551724138,0.35467980295566504,-0.5369458128078818,0.029556650246305417,-0.5566502463054187,0.04926108374384237,-0.7733990147783252,0.10344827586206896,-0.9014778325123153,0.1477832512315271,-1.0,-0.06896551724137931,-0.5320197044334976,-0.09359605911330049,-0.729064039408867,-0.07389162561576355,-0.8571428571428571,-0.04433497536945813,-0.9704433497536946,-0.15270935960591134,-0.458128078817734,-0.20689655172413793,-0.6059113300492611,-0.2413793103448276,-0.7142857142857143,-0.2660098522167488,-0.8177339901477833
0.0,0.0,0.14354066985645933,-0.13875598086124402,0.22966507177033493,-0.3062200956937799,0.2966507177033493,-0.4354066985645933,0.32057416267942584,-0.5502392344497608,0.06220095693779904,-0.5263157894736842,0.14354066985645933,-0.6746411483253588,0.22966507177033493,-0.6411483253588517,0.2822966507177033,-0.5741626794258373,-0.03827751196172249,-0.5454545454545454,-0.0430622009569378,-0.7559808612440191,-0.004784688995215311,-0.8851674641148325,0.023923444976076555,-1.0,-0.1291866028708134,-0.507177033492823,-0.17703349282296652,-0.6985645933014354,-0.18181818181818182,-0.8325358851674641,-0.1722488038277512,-0.9521531100478469,-0.20095693779904306,-0.4258373205741627,-0.27751196172248804,-0.5598086124401914,-0.3253588516746411,-0.6650717703349283,-0.36363636363636365,-0.7703349282296651
0.0,0.0,0.13106796116504854,-0.1553398058252427,0.20388349514563106,-0.3300970873786408,0.2621359223300971,-0.46601941747572817,0.2669902912621359,-0.5825242718446602,0.0048543689320388345,-0.5242718446601942,0.07766990291262135,-0.6747572815533981,0.16019417475728157,-0.6553398058252428,0.21844660194174756,-0.6019417475728155,-0.09223300970873786,-0.5388349514563107,-0.11650485436893204,-0.7524271844660194,-0.08737864077669903,-0.8883495145631068,-0.06796116504854369,-1.0,-0.1796116504854369,-0.49514563106796117,-0.24757281553398058,-0.6893203883495146,-0.2621359223300971,-0.8203883495145631,-0.2621359223300971,-0.941747572815534,-0.24271844660194175,-0.41262135922330095,-0.3300970873786408,-0.5436893203883495,-0.3883495145631068,-0.6456310679611651,-0.4320388349514563,-0.7378640776699029
0.0,0.0,0.11940298507462686,-0.1691542288557214,0.18407960199004975,-0.3582089552238806,0.23383084577114427,-0.5024875621890548,0.22388059701492538,-0.6218905472636815,-0.03482587064676617,-0.527363184079602,0.01990049751243781,-0.6865671641791045,0.1044776119402985,-0.6865671641791045,0.17412935323383086,-0.6368159203980099,-0.13432835820895522,-0.5323383084577115,-0.17412935323383086,-0.7412935323383084,-0.15920398009950248,-0.8805970149253731,-0.14427860696517414,-1.0,-0.21393034825870647,-0.48756218905472637,-0.29850746268656714,-0.6766169154228856,-0.31840796019900497,-0.8059701492537313,-0.3283582089552239,-0.9253731343283582,-0.27860696517412936,-0.39800995024875624,-0.373134328358209,-0.527363184079602,-0.43781094527363185,-0.6218905472636815,-0.48756218905472637,-0.7164179104477612
0.0,0.0,0.11282051282051282,-0.18461538461538463,0.1641025641025641,-0.37435897435897436,0.20512820512820512,-0.5230769230769231,0.18461538461538463,-0.6461538461538462,-0.07692307692307693,-0.5282051282051282,-0.035897435897435895,-0.6974358974358974,0.05641025641025641,-0.6871794871794872,0.1282051282051282,-0.6307692307692307,-0.1794871794871795,-0.5333333333333333,-0.2358974358974359,-0.7384615384615385,-0.23076923076923078,-0.882051282051282,-0.2205128205128205,-1.0,-0.26153846153846155,-0.47692307692307695,-0.35384615384615387,-0.6666666666666666,-0.37948717948717947,-0.8,-0.38974358974358975,-0.9230769230769231,-0.31794871794871793,-0.38461538461538464,-0.4256410256410256,-0.5128205128205128,-0.49230769230769234,-0.6051282051282051,-0.5435897435897435,-0.6974358974358974
0.0,0.0,0.10052910052910052,-0.19047619047619047,0.13227513227513227,-0.4074074074074074,0.15343915343915343,-0.5714285714285714,0.14814814814814814,-0.7037037037037037,-0.1164021164021164,-0.5396825396825397,-0.09523809523809523,-0.7142857142857143,-0.010582010582010581,-0.7566137566137566,0.07407407407407407,-0.7566137566137566,-0.2222222222222222,-0.5343915343915344,-0.31216931216931215,-0.7354497354497355,-0.31216931216931215,-0.8783068783068783,-0.30687830687830686,-1.0,-0.30687830687830686,-0.4708994708994709,-0.42328042328042326,-0.6507936507936508,-0.4603174603174603,-0.783068783068783,-0.48148148148148145,-0.8941798941798942,-0.35978835978835977,-0.38095238095238093,-0.48677248677248675,-0.5026455026455027,-0.5714285714285714,-0.5873015873015873,-0.6402116402116402,-0.671957671957672
0.0,0.0,0.10471204188481675,-0.18848167539267016,0.13612565445026178,-0.4083769633507853,0.16230366492146597,-0.5759162303664922,0.15706806282722513,-0.7068062827225131,-0.10471204188481675,-0.5392670157068062,-0.08376963350785341,-0.7120418848167539,0.005235602094240838,-0.7696335078534031,0.08900523560209424,-0.774869109947644,-0.21465968586387435,-0.5340314136125655,-0.3036649214659686,-0.7277486910994765,-0.3036649214659686,-0.8743455497382199,-0.2879581151832461,-1.0,-0.2879581151832461,-0.4816753926701571,-0.4083769633507853,-0.6492146596858639,-0.4397905759162304,-0.7801047120418848,-0.450261780104712,-0.900523560209424,-0.33507853403141363,-0.39790575916230364,-0.4607329842931937,-0.5130890052356021,-0.5497382198952879,-0.5968586387434555,-0.6178010471204188,-0.680628272251309
0.0,0.0,0.10052910052910052,-0.20105820105820105,0.13227513227513227,-0.4126984126984127,0.15873015873015872,-0.582010582010582,0.13756613756613756,-0.7142857142857143,-0.1111111111111111,-0.544973544973545,-0.08465608465608465,-0.7248677248677249,0.005291005291005291,-0.7566137566137566,0.08994708994708994,-0.7354497354497355,-0.2222222222222222,-0.5396825396825397,-0.31216931216931215,-0.7354497354497355,-0.31216931216931215,-0.8783068783068783,-0.30687830687830686,-1.0,-0.2962962962962963,-0.48677248677248675,-0.41798941798941797,-0.656084656084656,-0.4603174603174603,-0.783068783068783,-0.47619047619047616,-0.9047619047619048,-0.3386243386243386,-0.3968253968253968,-0.4708994708994709,-0.5079365079365079,-0.5608465608465608,-0.5925925925925926,-0.6349206349206349,-0.671957671957672
0.0,0.0,0.10106382978723404,-0.20212765957446807,0.13297872340425532,-0.425531914893617,0.1595744680851064,-0.601063829787234,0.13829787234042554,-0.7393617021276596,-0.11702127659574468,-0.5425531914893617,-0.10106382978723404,-0.723404255319149,-0.02127659574468085,-0.7819148936170213,0.05851063829787234,-0.776595744680851,-0.22872340425531915,-0.5372340425531915,-0.32978723404255317,-0.7340425531914894,-0.3404255319148936,-0.8776595744680851,-0.3351063829787234,-1.0,-0.30319148936170215,-0.48404255319148937,-0.4308510638297872,-0.648936170212766,-0.4734042553191489,-0.7819148936170213,-0.4946808510638298,-0.898936170212766,-0.35106382978723405,-0.39893617021276595,-0.4787234042553192,-0.5053191489361702,-0.574468085106383,-0.5851063829787234,-0.648936170212766,-0.6648936170212766
0.0,0.0,0.10638297872340426,-0.20212765957446807,0.13829787234042554,-0.42021276595744683,0.16489361702127658,-0.601063829787234,0.13829787234042554,-0.7393617021276596,-0.11170212765957446,-0.5425531914893617,-0.10638297872340426,-0.7180851063829787,-0.03723404255319149,-0.7819148936170213,0.05319148936170213,-0.7978723404255319,-0.21808510638297873,-0.5319148936170213,-0.3191489361702128,-0.723404255319149,-0.3351063829787234,-0.8670212765957447,-0.3404255319148936,-1.0,-0.2978723404255319,-0.4787234042553192,-0.42021276595744683,-0.6382978723404256,-0.46808510638297873,-0.7712765957446809,-0.48936170212765956,-0.8936170212765957,-0.34574468085106386,-0.3882978723404255,-0.4787234042553192,-0.48936170212765956,-0.5797872340425532,-0.574468085106383,-0.6542553191489362,-0.6542553191489362
0.0,0.0,0.08287292817679558,-0.2154696132596685,0.08839779005524862,-0.44751381215469616,0.09392265193370165,-0.6353591160220995,0.06077348066298342,-0.7790055248618785,-0.1712707182320442,-0.5524861878453039,-0.17679558011049723,-0.7403314917127072,-0.09944751381215469,-0.8066298342541437,-0.0055248618784530384,-0.8232044198895028,-0.281767955801105,-0.5303867403314917,-0.4088397790055249,-0.7182320441988951,-0.43646408839779005,-0.8674033149171271,-0.4530386740331492,-1.0,-0.35359116022099446,-0.46408839779005523,-0.5027624309392266,-0.6187845303867403,-0.5580110497237569,-0.7513812154696132,-0.5911602209944752,-0.8729281767955801,-0.39779005524861877,-0.36464088397790057,-0.5524861878453039,-0.46408839779005523,-0.6629834254143646,-0.5414364640883977,-0.7458563535911602,-0.6187845303867403
0.0,0.0,0.07909604519774012,-0.23728813559322035,0.07909604519774012,-0.4689265536723164,0.07344632768361582,-0.655367231638418,0.01694915254237288,-0.8022598870056498,-0.1977401129943503,-0.559322033898305,-0.22033898305084745,-0.7457627118644068,-0.13559322033898305,-0.8192090395480226,-0.04519774011299435,-0.8418079096045198,-0.3107344632768362,-0.536723163841808,-0.4406779661016949,-0.7175141242937854,-0.4689265536723164,-0.8700564971751412,-0.480225988700565,-1.0,-0.384180790960452,-0.4689265536723164,-0.536723163841808,-0.615819209039548,-0.5988700564971752,-0.751412429378531,-0.632768361581921,-0.8757062146892656,-0.423728813559322,-0.3672316384180791,-0.5875706214689266,-0.4632768361581921,-0.7005649717514124,-0.5423728813559322,-0.7909604519774012,-0.615819209039548
0.0,0.0,0.08620689655172414,-0.22413793103448276,0.09195402298850575,-0.46551724137931033,0.09770114942528736,-0.6609195402298851,0.04597701149425287,-0.8045977011494253,-0.1839080459770115,-0.5689655172413793,-0.1781609195402299,-0.7471264367816092,-0.10344827586206896,-0.8103448275862069,-0.011494252873563218,-0.8160919540229885,-0.3045977011494253,-0.5459770114942529,-0.4367816091954023,-0.735632183908046,-0.47701149425287354,-0.8735632183908046,-0.5229885057471264,-1.0,-0.3850574712643678,-0.47701149425287354,-0.5459770114942529,-0.632183908045977,-0.632183908045977,-0.7586206896551724,-0.7011494252873564,-0.867816091954023,-0.43103448275862066,-0.3793103448275862,-0.603448275862069,-0.45977011494252873,-0.7241379310344828,-0.5287356321839081,-0.8218390804597702,-0.5977011494252874
0.0,0.0,0.09944751381215469,-0.19889502762430938,0.12154696132596685,-0.43646408839779005,0.13812154696132597,-0.6243093922651933,0.10497237569060773,-0.7624309392265194,-0.1270718232044199,-0.56353591160221,-0.11602209944751381,-0.7458563535911602,-0.03314917127071823,-0.7845303867403315,0.055248618784530384,-0.7679558011049724,-0.2541436464088398,-0.5469613259668509,-0.36464088397790057,-0.7403314917127072,-0.39779005524861877,-0.8784530386740331,-0.4419889502762431,-1.0,-0.3370165745856354,-0.4861878453038674,-0.4861878453038674,-0.6353591160220995,-0.569060773480663,-0.7569060773480663,-0.6353591160220995,-0.861878453038674,-0.3812154696132597,-0.39226519337016574,-0.5414364640883977,-0.47513812154696133,-0.6519337016574586,-0.5414364640883977,-0.7458563535911602,-0.6077348066298343
0.0,0.0,0.1016949152542373,-0.20903954802259886,0.13559322033898305,-0.4463276836158192,0.15254237288135594,-0.6384180790960452,0.12994350282485875,-0.7853107344632768,-0.14124293785310735,-0.5706214689265536,-0.13559322033898305,-0.7401129943502824,-0.062146892655367235,-0.7966101694915254,0.03389830508474576,-0.7966101694915254,-0.2655367231638418,-0.5480225988700564,-0.4011299435028249,-0.7401129943502824,-0.4406779661016949,-0.8757062146892656,-0.4858757062146893,-1.0,-0.3502824858757062,-0.4858757062146893,-0.5084745762711864,-0.6384180790960452,-0.5875706214689266,-0.7627118644067796,-0.6440677966101694,-0.8757062146892656,-0.4011299435028249,-0.3898305084745763,-0.5706214689265536,-0.4745762711864407,-0.6779661016949152,-0.5480225988700564,-0.7796610169491526,-0.615819209039548
0.0,0.0,0.14,-0.13,0.235,-0.305,0.32,-0.44,0.385,-0.56,0.06,-0.52,0.14,-0.665,0.24,-0.665,0.325,-0.625,-0.04,-0.545,-0.095,-0.745,-0.075,-0.885,-0.06,-1.0,-0.12,-0.51,-0.21,-0.695,-0.23,-0.83,-0.24,-0.95,-0.18,-0.435,-0.285,-0.565,-0.355,-0.665,-0.41,-0.755
0.0,0.0,0.14925373134328357,-0.11940298507462686,0.26865671641791045,-0.2835820895522388,0.3681592039800995,-0.40298507462686567,0.44776119402985076,-0.5024875621890548,0.11940298507462686,-0.5124378109452736,0.21393034825870647,-0.6467661691542289,0.31343283582089554,-0.6218905472636815,0.3880597014925373,-0.5671641791044776,0.01990049751243781,-0.5373134328358209,-0.009950248756218905,-0.746268656716418,0.014925373134328358,-0.8805970149253731,0.03482587064676617,-1.0,-0.06965174129353234,-0.5124378109452736,-0.12437810945273632,-0.7064676616915423,-0.11940298507462686,-0.8407960199004975,-0.11442786069651742,-0.9601990049751243,-0.14427860696517414,-0.4427860696517413,-0.23383084577114427,-0.5870646766169154,-0.2885572139303483,-0.6915422885572139,-0.3283582089552239,-0.7910447761194029
0.0,0.0,0.17,-0.08,0.325,-0.23,0.455,-0.325,0.575,-0.38,0.205,-0.49,0.325,-0.61,0.42,-0.58,0.495,-0.515,0.11,-0.53,0.11,-0.75,0.145,-0.885,0.175,-1.0,0.015,-0.51,0.0,-0.715,0.02,-0.85,0.045,-0.965,-0.07,-0.45,-0.13,-0.605,-0.17,-0.72,-0.2,-0.825
0.0,0.0,0.18181818181818182,-0.08080808080808081,0.3434343434343434,-0.18181818181818182,0.46464646464646464,-0.2474747474747475,0.5606060606060606,-0.30808080808080807,0.25757575757575757,-0.47474747474747475,0.40404040404040403,-0.5808080808080808,0.494949494949495,-0.5050505050505051,0.5454545454545454,-0.41414141414141414,0.16666666666666666,-0.5202020202020202,0.18686868686868688,-0.7474747474747475,0.24242424242424243,-0.8838383838383839,0.2828282828282828,-1.0,0.0707070707070707,-0.5050505050505051,0.07575757575757576,-0.7171717171717171,0.1111111111111111,-0.8484848484848485,0.15151515151515152,-0.9696969696969697,-0.020202020202020204,-0.4393939393939394,-0.0707070707070707,-0.601010101010101,-0.09595959595959595,-0.7222222222222222,-0.10606060606060606,-0.8333333333333334
0.0,0.0,0.1945945945945946,-0.06486486486486487,0.3837837837837838,-0.16756756756756758,0.5081081081081081,-0.23783783783783785,0.6,-0.31351351351351353,0.31891891891891894,-0.4756756756756757,0.4702702702702703,-0.572972972972973,0.5513513513513514,-0.5027027027027027,0.5891891891891892,-0.4,0.23243243243243245,-0.5405405405405406,0.2756756756756757,-0.7783783783783784,0.3567567567567568,-0.8972972972972973,0.43243243243243246,-0.9891891891891892,0.12972972972972974,-0.5405405405405406,0.15135135135135136,-0.7675675675675676,0.21621621621621623,-0.8972972972972973,0.2864864864864865,-1.0,0.03783783783783784,-0.4918918918918919,0.005405405405405406,-0.6594594594594595,-0.010810810810810811,-0.7891891891891892,-0.010810810810810811,-0.9027027027027027
0.0,0.0,0.1978021978021978,-0.054945054945054944,0.38461538461538464,-0.14285714285714285,0.510989010989011,-0.21428571428571427,0.5934065934065934,-0.29120879120879123,0.32967032967032966,-0.4725274725274725,0.4835164835164835,-0.5714285714285714,0.5659340659340659,-0.5,0.5989010989010989,-0.4010989010989011,0.23626373626373626,-0.5384615384615384,0.2857142857142857,-0.7802197802197802,0.37362637362637363,-0.8901098901098901,0.45604395604395603,-0.9725274725274725,0.13736263736263737,-0.5384615384615384,0.15934065934065933,-0.7692307692307693,0.22527472527472528,-0.8956043956043956,0.2967032967032967,-1.0,0.04395604395604396,-0.489010989010989,0.016483516483516484,-0.6648351648351648,0.005494505494505495,-0.7912087912087912,0.0,-0.9065934065934066
0.0,0.0,0.2011173184357542,-0.061452513966480445,0.39664804469273746,-0.1564245810055866,0.5195530726256983,-0.21787709497206703,0.6033519553072626,-0.29608938547486036,0.33519553072625696,-0.48044692737430167,0.49162011173184356,-0.5754189944134078,0.5754189944134078,-0.49162011173184356,0.6145251396648045,-0.39106145251396646,0.24581005586592178,-0.547486033519553,0.2905027932960894,-0.7932960893854749,0.3743016759776536,-0.9050279329608939,0.4581005586592179,-0.9832402234636871,0.1452513966480447,-0.547486033519553,0.16759776536312848,-0.7821229050279329,0.2346368715083799,-0.8994413407821229,0.31843575418994413,-1.0,0.0446927374301676,-0.5027932960893855,0.0223463687150838,-0.6759776536312849,0.00558659217877095,-0.8044692737430168,0.00558659217877095,-0.9217877094972067
0.0,0.0,0.20224719101123595,-0.056179775280898875,0.398876404494382,-0.14606741573033707,0.5337078651685393,-0.20786516853932585,0.6348314606741573,-0.2808988764044944,0.3539325842696629,-0.46629213483146065,0.5168539325842697,-0.5617977528089888,0.601123595505618,-0.46629213483146065,0.6404494382022472,-0.3651685393258427,0.2696629213483146,-0.5393258426966292,0.33707865168539325,-0.7808988764044944,0.4438202247191011,-0.8876404494382022,0.5393258426966292,-0.9719101123595506,0.16853932584269662,-0.5449438202247191,0.20224719101123595,-0.7808988764044944,0.28651685393258425,-0.9044943820224719,0.37640449438202245,-1.0,0.06741573033707865,-0.5056179775280899,0.05056179775280899,-0.6797752808988764,0.03932584269662921,-0.8146067415730337,0.0449438202247191,-0.9325842696629213
0.0,0.0,0.21468926553672316,-0.03389830508474576,0.4124293785310734,-0.10734463276836158,0.5536723163841808,-0.15254237288135594,0.655367231638418,-0.21468926553672316,0.3898305084745763,-0.4293785310734463,0.5706214689265536,-0.5028248587570622,0.6440677966101694,-0.4011299435028249,0.672316384180791,-0.2937853107344633,0.3163841807909605,-0.5084745762711864,0.423728813559322,-0.7344632768361582,0.536723163841808,-0.847457627118644,0.6214689265536724,-0.9548022598870056,0.21468926553672316,-0.5254237288135594,0.2711864406779661,-0.7570621468926554,0.3502824858757062,-0.8870056497175142,0.4293785310734463,-1.0,0.10734463276836158,-0.4858757062146893,0.0903954802259887,-0.6666666666666666,0.0903954802259887,-0.7966101694915254,0.1016949152542373,-0.9152542372881356
0.0,0.0,0.21264367816091953,-0.028735632183908046,0.41379310344827586,-0.09195402298850575,0.5632183908045977,-0.12643678160919541,0.6609195402298851,-0.1781609195402299,0.40229885057471265,-0.40804597701149425,0.5747126436781609,-0.46551724137931033,0.6436781609195402,-0.3505747126436782,0.6666666666666666,-0.23563218390804597,0.3333333333333333,-0.4942528735632184,0.45977011494252873,-0.7241379310344828,0.5919540229885057,-0.8218390804597702,0.7011494252873564,-0.9080459770114943,0.22988505747126436,-0.5114942528735632,0.29310344827586204,-0.7528735632183908,0.3735632183908046,-0.8850574712643678,0.45977011494252873,-1.0,0.11494252873563218,-0.47701149425287354,0.10344827586206896,-0.6666666666666666,0.10919540229885058,-0.8045977011494253,0.12643678160919541,-0.9252873563218391
0.0,0.0,0.22093023255813954,-0.011627906976744186,0.43023255813953487,-0.0755813953488372,0.5930232558139535,-0.11046511627906977,0.6976744186046512,-0.1511627906976744,0.4418604651162791,-0.38953488372093026,0.627906976744186,-0.436046511627907,0.686046511627907,-0.32558139534883723,0.6918604651162791,-0.21511627906976744,0.38372093023255816,-0.47093023255813954,0.5465116279069767,-0.6802325581395349,0.686046511627907,-0.7674418604651163,0.7965116279069767,-0.8488372093023255,0.28488372093023256,-0.5,0.38953488372093026,-0.7325581395348837,0.47674418604651164,-0.877906976744186,0.5581395348837209,-1.0,0.1686046511627907,-0.47674418604651164,0.18023255813953487,-0.6627906976744186,0.19186046511627908,-0.8023255813953488,0.20930232558139536,-0.9302325581395349
0.0,0.0,0.2532467532467532,-0.012987012987012988,0.487012987012987,-0.05844155844155844,0.6558441558441559,-0.07792207792207792,0.7857142857142857,-0.11688311688311688,0.525974025974026,-0.38311688311688313,0.7337662337662337,-0.42207792207792205,0.7922077922077922,-0.2987012987012987,0.8051948051948052,-0.17532467532467533,0.4675324675324675,-0.4675324675324675,0.6558441558441559,-0.6753246753246753,0.8246753246753247,-0.7727272727272727,0.9675324675324676,-0.8571428571428571,0.35714285714285715,-0.5,0.5064935064935064,-0.7402597402597403,0.6233766233766234,-0.8831168831168831,0.7402597402597403,-1.0,0.22077922077922077,-0.4805194805194805,0.2532467532467532,-0.6948051948051948,0.2857142857142857,-0.8376623376623377,0.33116883116883117,-0.974025974025974
0.0,0.0,0.24050632911392406,0.006329113924050633,0.47468354430379744,-0.03164556962025317,0.6392405063291139,-0.0379746835443038,0.7658227848101266,-0.06962025316455696,0.5379746835443038,-0.34177215189873417,0.740506329113924,-0.3670886075949367,0.7848101265822784,-0.24050632911392406,0.7784810126582279,-0.11392405063291139,0.4810126582278481,-0.43037974683544306,0.6835443037974683,-0.6075949367088608,0.8544303797468354,-0.6835443037974683,1.0,-0.7468354430379747,0.379746835443038,-0.46835443037974683,0.5379746835443038,-0.6835443037974683,0.6708860759493671,-0.7974683544303798,0.7974683544303798,-0.8924050632911392,0.2468354430379747,-0.4620253164556962,0.3037974683544304,-0.6518987341772152,0.34810126582278483,-0.7911392405063291,0.4050632911392405,-0.9113924050632911
0.0,0.0,0.2360248447204969,0.0,0.453416149068323,-0.024844720496894408,0.6149068322981367,-0.018633540372670808,0.7453416149068323,-0.037267080745341616,0.5341614906832298,-0.32919254658385094,0.7329192546583851,-0.34782608695652173,0.7763975155279503,-0.20496894409937888,0.7701863354037267,-0.07453416149068323,0.4782608695652174,-0.40993788819875776,0.6708074534161491,-0.6024844720496895,0.84472049689441,-0.6708074534161491,1.0,-0.7329192546583851,0.37888198757763975,-0.43478260869565216,0.5279503105590062,-0.6645962732919255,0.6583850931677019,-0.7763975155279503,0.782608695652174,-0.8695652173913043,0.2546583850931677,-0.4161490683229814,0.30434782608695654,-0.6086956521739131,0.34782608695652173,-0.7453416149068323,0.40993788819875776,-0.8695652173913043
0.0,0.0,0.1952662721893491,0.05325443786982249,0.39644970414201186,0.09467455621301775,0.5443786982248521,0.1242603550295858,0.6449704142011834,0.08875739644970414,0.5088757396449705,-0.20710059171597633,0.7159763313609467,-0.17159763313609466,0.7100591715976331,-0.04142011834319527,0.6568047337278107,0.0650887573964497,0.47337278106508873,-0.3136094674556213,0.6982248520710059,-0.4319526627218935,0.8579881656804734,-0.46745562130177515,1.0,-0.4970414201183432,0.38461538461538464,-0.38461538461538464,0.5562130177514792,-0.5680473372781065,0.6804733727810651,-0.6568047337278107,0.7988165680473372,-0.7337278106508875,0.25443786982248523,-0.41420118343195267,0.31952662721893493,-0.591715976331361,0.3727810650887574,-0.7159763313609467,0.4378698224852071,-0.8224852071005917
0.0,0.0,0.17613636363636365,0.07954545454545454,0.35795454545454547,0.13636363636363635,0.4943181818181818,0.17045454545454544,0.5909090909090909,0.14772727272727273,0.5056818181818182,-0.13636363636363635,0.6988636363636364,-0.09090909090909091,0.6761363636363636,0.022727272727272728,0.625,0.11363636363636363,0.48863636363636365,-0.24431818181818182,0.7159090909090909,-0.32954545454545453,0.8693181818181818,-0.36363636363636365,1.0,-0.3977272727272727,0.4090909090909091,-0.32386363636363635,0.5965909090909091,-0.4772727272727273,0.7272727272727273,-0.5568181818181818,0.8465909090909091,-0.6193181818181818,0.29545454545454547,-0.375,0.38636363636363635,-0.5340909090909091,0.45454545454545453,-0.6420454545454546,0.5227272727272727,-0.7272727272727273
0.0,0.0,0.17415730337078653,0.08426966292134831,0.3595505617977528,0.12359550561797752,0.5,0.14606741573033707,0.6067415730337079,0.11235955056179775,0.5112359550561798,-0.12359550561797752,0.6966292134831461,-0.11797752808988764,0.702247191011236,-0.016853932584269662,0.6741573033707865,0.06741573033707865,0.4943820224719101,-0.2303370786516854,0.7191011235955056,-0.3089887640449438,0.8707865168539326,-0.33707865168539325,1.0,-0.3651685393258427,0.42696629213483145,-0.3146067415730337,0.6123595505617978,-0.4438202247191011,0.7359550561797753,-0.5112359550561798,0.848314606741573,-0.5617977528089888,0.3258426966292135,-0.3651685393258427,0.42134831460674155,-0.5112359550561798,0.4943820224719101,-0.6067415730337079,0.5674157303370787,-0.6853932584269663
0.0,0.0,0.17318435754189945,0.08379888268156424,0.3575418994413408,0.1452513966480447,0.5027932960893855,0.18435754189944134,0.6201117318435754,0.18435754189944134,0.5139664804469274,-0.10614525139664804,0.6703910614525139,-0.0670391061452514,0.6759776536312849,0.0335195530726257,0.6536312849162011,0.11731843575418995,0.5083798882681564,-0.20670391061452514,0.7318435754189944,-0.2849162011173184,0.8770949720670391,-0.30726256983240224,1.0,-0.329608938547486,0.441340782122905,-0.2905027932960894,0.6312849162011173,-0.41899441340782123,0.7597765363128491,-0.48044692737430167,0.88268156424581,-0.5251396648044693,0.3407821229050279,-0.35195530726256985,0.44692737430167595,-0.49162011173184356,0.5251396648044693,-0.5865921787709497,0.6089385474860335,-0.659217877094972
0.0,0.0,0.2046783625730994,0.05847953216374269,0.39766081871345027,0.08771929824561403,0.543859649122807,0.11695906432748537,0.6666666666666666,0.13450292397660818,0.5263157894736842,-0.19298245614035087,0.7076023391812866,-0.15789473684210525,0.7251461988304093,-0.03508771929824561,0.695906432748538,0.07017543859649122,0.5029239766081871,-0.29239766081871343,0.7134502923976608,-0.4152046783625731,0.8713450292397661,-0.4502923976608187,1.0,-0.47368421052631576,0.4269005847953216,-0.3567251461988304,0.5906432748538012,-0.52046783625731,0.7192982456140351,-0.5964912280701754,0.8421052631578947,-0.6491228070175439,0.30994152046783624,-0.38596491228070173,0.40350877192982454,-0.543859649122807,0.47953216374269003,-0.6432748538011696,0.5614035087719298,-0.7309941520467836
0.0,0.0,0.21212121212121213,0.06060606060606061,0.4121212121212121,0.07878787878787878,0.5636363636363636,0.11515151515151516,0.6848484848484848,0.14545454545454545,0.5333333333333333,-0.21212121212121213,0.7151515151515152,-0.1696969696969697,0.7333333333333333,-0.03636363636363636,0.7090909090909091,0.07272727272727272,0.509090909090909,-0.30303030303030304,0.7212121212121212,-0.44242424242424244,0.8727272727272727,-0.5151515151515151,1.0,-0.5878787878787879,0.42424242424242425,-0.3575757575757576,0.5878787878787879,-0.5454545454545454,0.7090909090909091,-0.6484848484848484,0.8242424242424242,-0.7333333333333333,0.3090909090909091,-0.37575757575757573,0.4,-0.5454545454545454,0.47878787878787876,-0.6545454545454545,0.5515151515151515,-0.7515151515151515
0.0,0.0,0.21084337349397592,0.04216867469879518,0.4036144578313253,0.05421686746987952,0.5481927710843374,0.0963855421686747,0.6807228915662651,0.13253012048192772,0.5240963855421686,-0.22289156626506024,0.7108433734939759,-0.16265060240963855,0.7349397590361446,-0.024096385542168676,0.7168674698795181,0.0963855421686747,0.5,-0.30120481927710846,0.7168674698795181,-0.45180722891566266,0.8734939759036144,-0.536144578313253,1.0,-0.6144578313253012,0.41566265060240964,-0.3433734939759036,0.572289156626506,-0.536144578313253,0.6987951807228916,-0.6445783132530121,0.8132530120481928,-0.7349397590361446,0.30120481927710846,-0.3493975903614458,0.39759036144578314,-0.5180722891566265,0.4759036144578313,-0.6325301204819277,0.5481927710843374,-0.7289156626506024
0.0,0.0,0.193717277486911,0.06806282722513089,0.3612565445026178,0.09424083769633508,0.4816753926701571,0.1518324607329843,0.5968586387434555,0.21465968586387435,0.5130890052356021,-0.10471204188481675,0.6596858638743456,-0.041884816753926704,0.6596858638743456,0.08376963350785341,0.6335078534031413,0.193717277486911,0.5026178010471204,-0.16753926701570682,0.7172774869109948,-0.28272251308900526,0.8691099476439791,-0.3089005235602094,1.0,-0.3298429319371728,0.4293193717277487,-0.20418848167539266,0.5968586387434555,-0.3612565445026178,0.7225130890052356,-0.4293193717277487,0.837696335078534,-0.4869109947643979,0.3298429319371728,-0.2094240837696335,0.418848167539267,-0.36649214659685864,0.4973821989528796,-0.46596858638743455,0.5759162303664922,-0.5445026178010471
0.0,0.0,0.19576719576719576,0.0582010582010582,0.37037037037037035,0.08994708994708994,0.5026455026455027,0.13756613756613756,0.6243386243386243,0.19047619047619047,0.5185185185185185,-0.12169312169312169,0.6772486772486772,-0.06878306878306878,0.6825396825396826,0.05291005291005291,0.656084656084656,0.15873015873015872,0.5026455026455027,-0.19576719576719576,0.7195767195767195,-0.30687830687830686,0.873015873015873,-0.3439153439153439,1.0,-0.37566137566137564,0.42857142857142855,-0.23809523809523808,0.6031746031746031,-0.3862433862433862,0.7301587301587301,-0.4603174603174603,0.8518518518518519,-0.5185185185185185,0.31746031746031744,-0.24867724867724866,0.41798941798941797,-0.4021164021164021,0.5026455026455027,-0.4973544973544973,0.5767195767195767,-0.582010582010582
0.0,0.0,0.21264367816091953,0.04597701149425287,0.40229885057471265,0.06321839080459771,0.5517241379310345,0.10919540229885058,0.6724137931034483,0.15517241379310345,0.5229885057471264,-0.20114942528735633,0.7011494252873564,-0.14367816091954022,0.7183908045977011,-0.011494252873563218,0.6954022988505747,0.10344827586206896,0.4942528735632184,-0.28735632183908044,0.7068965517241379,-0.42528735632183906,0.867816091954023,-0.47126436781609193,1.0,-0.5172413793103449,0.41379310344827586,-0.3333333333333333,0.5804597701149425,-0.5114942528735632,0.7068965517241379,-0.5919540229885057,0.8275862068965517,-0.6551724137931034,0.3045977011494253,-0.3448275862068966,0.39655172413793105,-0.5114942528735632,0.47126436781609193,-0.6206896551724138,0.5402298850574713,-0.7126436781609196
0.0,0.0,0.23870967741935484,0.025806451612903226,0.45806451612903226,0.0,0.6258064516129033,0.0,0.7612903225806451,-0.025806451612903226,0.5419354838709678,-0.3225806451612903,0.7548387096774194,-0.33548387096774196,0.7870967741935484,-0.2,0.7741935483870968,-0.07741935483870968,0.49032258064516127,-0.4258064516129032,0.6903225806451613,-0.6129032258064516,0.8580645161290322,-0.6709677419354839,1.0,-0.7161290322580646,0.3935483870967742,-0.47096774193548385,0.5419354838709678,-0.6774193548387096,0.6774193548387096,-0.7677419354838709,0.8,-0.8387096774193549,0.2709677419354839,-0.4645161290322581,0.34838709677419355,-0.6451612903225806,0.41935483870967744,-0.7677419354838709,0.49032258064516127,-0.8709677419354839
0.0,0.0,0.25675675675675674,0.013513513513513514,0.5,-0.033783783783783786,0.6756756756756757,-0.0472972972972973,0.8040540540540541,-0.07432432432432433,0.5540540540540541,-0.3783783783783784,0.777027027027027,-0.40540540540540543,0.8175675675675675,-0.2635135135135135,0.8108108108108109,-0.13513513513513514,0.49324324324324326,-0.4797297297297297,0.6891891891891891,-0.6824324324324325,0.8581081081081081,-0.75,1.0,-0.8108108108108109,0.38513513513513514,-0.527027027027027,0.527027027027027,-0.75,0.668918918918919,-0.8513513513513513,0.7972972972972973,-0.9324324324324325,0.25675675675675674,-0.5202702702702703,0.3310810810810811,-0.722972972972973,0.3918918918918919,-0.8513513513513513,0.4594594594594595,-0.9594594594594594
0.0,0.0,0.21818181818181817,-0.01818181818181818,0.42424242424242425,-0.07272727272727272,0.5757575757575758,-0.10303030303030303,0.6848484848484848,-0.14545454545454545,0.4303030303030303,-0.38181818181818183,0.6303030303030303,-0.4303030303030303,0.6787878787878788,-0.3090909090909091,0.6787878787878788,-0.18787878787878787,0.36363636363636365,-0.4666666666666667,0.5272727272727272,-0.6727272727272727,0.6606060606060606,-0.7878787878787878,0.7636363636363637,-0.8909090909090909,0.26666666666666666,-0.49696969696969695,0.3515151515151515,-0.7333333333333333,0.43636363636363634,-0.8727272727272727,0.509090909090909,-1.0,0.14545454545454545,-0.47878787878787876,0.15757575757575756,-0.6727272727272727,0.17575757575757575,-0.806060606060606,0.2,-0.9272727272727272
0.0,0.0,0.20689655172413793,-0.040229885057471264,0.39080459770114945,-0.12643678160919541,0.5344827586206896,-0.1724137931034483,0.6379310344827587,-0.22413793103448276,0.367816091954023,-0.40804597701149425,0.5402298850574713,-0.47701149425287354,0.6091954022988506,-0.3735632183908046,0.6264367816091954,-0.26436781609195403,0.29310344827586204,-0.47701149425287354,0.40804597701149425,-0.6954022988505747,0.5172413793103449,-0.8045977011494253,0.603448275862069,-0.9080459770114943,0.1896551724137931,-0.4942528735632184,0.2413793103448276,-0.7241379310344828,0.3045977011494253,-0.867816091954023,0.3620689655172414,-1.0,0.07471264367816093,-0.4540229885057471,0.05172413793103448,-0.6379310344827587,0.05172413793103448,-0.7701149425287356,0.06896551724137931,-0.8908045977011494
0.0,0.0,0.20224719101123595,-0.05056179775280899,0.3707865168539326,-0.14606741573033707,0.5056179775280899,-0.20786516853932585,0.6123595505617978,-0.2696629213483146,0.33707865168539325,-0.42696629213483145,0.4943820224719101,-0.5280898876404494,0.5674157303370787,-0.43820224719101125,0.5955056179775281,-0.33707865168539325,0.25280898876404495,-0.5,0.3595505617977528,-0.7134831460674157,0.4606741573033708,-0.8314606741573034,0.5393258426966292,-0.9269662921348315,0.15168539325842698,-0.5112359550561798,0.19101123595505617,-0.7303370786516854,0.24157303370786518,-0.8764044943820225,0.29775280898876405,-1.0,0.0449438202247191,-0.46629213483146065,0.02247191011235955,-0.6404494382022472,0.016853932584269662,-0.7696629213483146,0.02247191011235955,-0.8820224719101124
0.0,0.0,0.1813186813186813,-0.06593406593406594,0.33516483516483514,-0.17032967032967034,0.45604395604395603,-0.23626373626373626,0.5494505494505495,-0.3076923076923077,0.29120879120879123,-0.43956043956043955,0.43956043956043955,-0.5439560439560439,0.510989010989011,-0.46153846153846156,0.532967032967033,-0.3626373626373626,0.2032967032967033,-0.5054945054945055,0.29120879120879123,-0.7252747252747253,0.3791208791208791,-0.8406593406593407,0.45054945054945056,-0.9340659340659341,0.0989010989010989,-0.510989010989011,0.12087912087912088,-0.7362637362637363,0.16483516483516483,-0.8736263736263736,0.2032967032967033,-1.0,-0.005494505494505495,-0.46703296703296704,-0.04395604395604396,-0.6373626373626373,-0.054945054945054944,-0.7527472527472527,-0.06043956043956044,-0.8681318681318682
0.0,0.0,0.17679558011049723,-0.0718232044198895,0.3259668508287293,-0.18232044198895028,0.44751381215469616,-0.2541436464088398,0.5414364640883977,-0.3314917127071823,0.2596685082872928,-0.4585635359116022,0.40331491712707185,-0.569060773480663,0.48066298342541436,-0.4861878453038674,0.5138121546961326,-0.3867403314917127,0.1712707182320442,-0.5138121546961326,0.2541436464088398,-0.7348066298342542,0.3425414364640884,-0.856353591160221,0.4088397790055249,-0.9558011049723757,0.06629834254143646,-0.5193370165745856,0.08287292817679558,-0.7403314917127072,0.13259668508287292,-0.8784530386740331,0.17679558011049723,-1.0,-0.03867403314917127,-0.4696132596685083,-0.0718232044198895,-0.6353591160220995,-0.08839779005524862,-0.7569060773480663,-0.09944751381215469,-0.8729281767955801
0.0,0.0,0.17032967032967034,-0.07692307692307693,0.3241758241758242,-0.1978021978021978,0.44505494505494503,-0.2692307692307692,0.5274725274725275,-0.34615384615384615,0.25274725274725274,-0.46703296703296704,0.4010989010989011,-0.5824175824175825,0.47802197802197804,-0.5054945054945055,0.510989010989011,-0.4065934065934066,0.15934065934065933,-0.5274725274725275,0.23076923076923078,-0.7472527472527473,0.31868131868131866,-0.8681318681318682,0.3901098901098901,-0.967032967032967,0.054945054945054944,-0.521978021978022,0.06593406593406594,-0.7472527472527473,0.10989010989010989,-0.8791208791208791,0.16483516483516483,-1.0,-0.04945054945054945,-0.4725274725274725,-0.08791208791208792,-0.6373626373626373,-0.10989010989010989,-0.7582417582417582,-0.11538461538461539,-0.8681318681318682
0.0,0.0,0.16756756756756758,-0.08648648648648649,0.3081081081081081,-0.20540540540540542,0.42162162162162165,-0.2810810810810811,0.5027027027027027,-0.3567567567567568,0.23243243243243245,-0.4702702702702703,0.3675675675675676,-0.5891891891891892,0.44324324324324327,-0.4972972972972973,0.4756756756756757,-0.40540540540540543,0.14054054054054055,-0.5243243243243243,0.21081081081081082,-0.7351351351351352,0.2972972972972973,-0.8594594594594595,0.3621621621621622,-0.9675675675675676,0.03783783783783784,-0.518918918918919,0.032432432432432434,-0.7351351351351352,0.06486486486486487,-0.8756756756756757,0.10270270270270271,-1.0,-0.06486486486486487,-0.4594594594594595,-0.11891891891891893,-0.6216216216216216,-0.14594594594594595,-0.7405405405405405,-0.16216216216216217,-0.8486486486486486
0.0,0.0,0.15425531914893617,-0.07446808510638298,0.30319148936170215,-0.19148936170212766,0.4148936170212766,-0.26063829787234044,0.48936170212765956,-0.32978723404255317,0.22340425531914893,-0.4627659574468085,0.3670212765957447,-0.5691489361702128,0.44148936170212766,-0.4787234042553192,0.46808510638297873,-0.3829787234042553,0.13297872340425532,-0.5159574468085106,0.19680851063829788,-0.7287234042553191,0.2553191489361702,-0.8617021276595744,0.2925531914893617,-0.9893617021276596,0.031914893617021274,-0.5053191489361702,0.015957446808510637,-0.723404255319149,0.026595744680851064,-0.8670212765957447,0.03723404255319149,-1.0,-0.06914893617021277,-0.44680851063829785,-0.13297872340425532,-0.6063829787234043,-0.1702127659574468,-0.7180851063829787,-0.19680851063829788,-0.8297872340425532
0.0,0.0,0.1518324607329843,-0.06806282722513089,0.2931937172774869,-0.17801047120418848,0.4031413612565445,-0.2513089005235602,0.4712041884816754,-0.3298429319371728,0.225130890052356,-0.450261780104712,0.35602094240837695,-0.5549738219895288,0.42408376963350786,-0.46596858638743455,0.44502617801047123,-0.3769633507853403,0.13612565445026178,-0.5078534031413613,0.193717277486911,-0.7277486910994765,0.24607329842931938,-0.8691099476439791,0.2670157068062827,-1.0,0.03664921465968586,-0.5026178010471204,0.015706806282722512,-0.7172774869109948,0.020942408376963352,-0.8534031413612565,0.02617801047120419,-0.9895287958115183,-0.06282722513089005,-0.44502617801047123,-0.1256544502617801,-0.6073298429319371,-0.16230366492146597,-0.7172774869109948,-0.18848167539267016,-0.8272251308900523
0.0,0.0,0.15789473684210525,-0.07368421052631578,0.3,-0.17894736842105263,0.4105263157894737,-0.24736842105263157,0.4842105263157895,-0.32105263157894737,0.23157894736842105,-0.45789473684210524,0.3631578947368421,-0.5578947368421052,0.43157894736842106,-0.46842105263157896,0.45263157894736844,-0.37894736842105264,0.14210526315789473,-0.5157894736842106,0.2,-0.7368421052631579,0.25263157894736843,-0.8736842105263158,0.28421052631578947,-1.0,0.042105263157894736,-0.5052631578947369,0.02631578947368421,-0.7210526315789474,0.031578947368421054,-0.8631578947368421,0.03684210526315789,-0.9947368421052631,-0.05789473684210526,-0.4473684210526316,-0.11578947368421053,-0.6105263157894737,-0.15263157894736842,-0.7263157894736842,-0.1736842105263158,-0.8315789473684211
0.0,0.0,0.15508021390374332,-0.0855614973262032,0.29411764705882354,-0.21390374331550802,0.40641711229946526,-0.2994652406417112,0.4385026737967914,-0.39572192513368987,0.18716577540106952,-0.48128342245989303,0.31016042780748665,-0.5989304812834224,0.39037433155080214,-0.5187165775401069,0.42245989304812837,-0.42780748663101603,0.09090909090909091,-0.5294117647058824,0.11229946524064172,-0.7486631016042781,0.1711229946524064,-0.8770053475935828,0.20855614973262032,-1.0,-0.0106951871657754,-0.5133689839572193,-0.0427807486631016,-0.7219251336898396,-0.0374331550802139,-0.8609625668449198,-0.03208556149732621,-0.9893048128342246,-0.10160427807486631,-0.44919786096256686,-0.1711229946524064,-0.6042780748663101,-0.20855614973262032,-0.7165775401069518,-0.23529411764705882,-0.8235294117647058
0.0,0.0,0.14213197969543148,-0.08629441624365482,0.26903553299492383,-0.2131979695431472,0.36548223350253806,-0.29949238578680204,0.4010152284263959,-0.39086294416243655,0.16243654822335024,-0.4720812182741117,0.27411167512690354,-0.5888324873096447,0.350253807106599,-0.5076142131979695,0.3756345177664975,-0.41624365482233505,0.06598984771573604,-0.5177664974619289,0.09137055837563451,-0.7309644670050761,0.1218274111675127,-0.868020304568528,0.12690355329949238,-1.0,-0.030456852791878174,-0.49746192893401014,-0.07106598984771574,-0.700507614213198,-0.08629441624365482,-0.8324873096446701,-0.10152284263959391,-0.9593908629441624,-0.1218274111675127,-0.43147208121827413,-0.19796954314720813,-0.5786802030456852,-0.2436548223350254,-0.6802030456852792,-0.27918781725888325,-0.7868020304568528
0.0,0.0,0.13705583756345177,-0.09644670050761421,0.25888324873096447,-0.2233502538071066,0.350253807106599,-0.3197969543147208,0.38578680203045684,-0.4213197969543147,0.13705583756345177,-0.47715736040609136,0.23857868020304568,-0.5989847715736041,0.3147208121827411,-0.5228426395939086,0.350253807106599,-0.4365482233502538,0.04060913705583756,-0.5177664974619289,0.04568527918781726,-0.7309644670050761,0.050761421319796954,-0.8730964467005076,0.03553299492385787,-1.0,-0.050761421319796954,-0.49746192893401014,-0.1116751269035533,-0.6903553299492385,-0.14720812182741116,-0.8223350253807107,-0.18274111675126903,-0.9441624365482234,-0.13705583756345177,-0.4263959390862944,-0.2233502538071066,-0.5685279187817259,-0.27411167512690354,-0.6649746192893401,-0.3197969543147208,-0.766497461928934
0.0,0.0,0.1377551020408163,-0.09693877551020408,0.25510204081632654,-0.22448979591836735,0.3469387755102041,-0.32142857142857145,0.3826530612244898,-0.41836734693877553,0.12755102040816327,-0.47959183673469385,0.22959183673469388,-0.6020408163265306,0.3112244897959184,-0.5306122448979592,0.3469387755102041,-0.4387755102040816,0.025510204081632654,-0.5204081632653061,0.03571428571428571,-0.7346938775510204,0.04591836734693878,-0.8775510204081632,0.03571428571428571,-1.0,-0.0663265306122449,-0.5,-0.12755102040816327,-0.6938775510204082,-0.15816326530612246,-0.826530612244898,-0.19387755102040816,-0.9438775510204082,-0.15306122448979592,-0.42857142857142855,-0.24489795918367346,-0.5663265306122449,-0.3010204081632653,-0.6632653061224489,-0.3469387755102041,-0.7551020408163265
0.0,0.0,0.1377551020408163,-0.10204081632653061,0.25,-0.23979591836734693,0.34183673469387754,-0.34183673469387754,0.3622448979591837,-0.4336734693877551,0.11224489795918367,-0.4846938775510204,0.20918367346938777,-0.6122448979591837,0.29081632653061223,-0.5357142857142857,0.32653061224489793,-0.4489795918367347,0.015306122448979591,-0.5204081632653061,0.015306122448979591,-0.7346938775510204,0.025510204081632654,-0.8724489795918368,0.015306122448979591,-1.0,-0.08163265306122448,-0.5,-0.14285714285714285,-0.6938775510204082,-0.17346938775510204,-0.826530612244898,-0.20918367346938777,-0.9438775510204082,-0.16326530612244897,-0.42346938775510207,-0.25510204081632654,-0.5663265306122449,-0.3112244897959184,-0.6581632653061225,-0.3622448979591837,-0.7551020408163265
0.0,0.0,0.1319796954314721,-0.1065989847715736,0.24873096446700507,-0.25380710659898476,0.3350253807106599,-0.3604060913705584,0.3401015228426396,-0.4619289340101523,0.09137055837563451,-0.49238578680203043,0.18781725888324874,-0.6142131979695431,0.26903553299492383,-0.5482233502538071,0.3096446700507614,-0.4619289340101523,-0.01015228426395939,-0.5228426395939086,-0.025380710659898477,-0.7360406091370558,-0.030456852791878174,-0.8730964467005076,-0.05583756345177665,-1.0,-0.10152284263959391,-0.49238578680203043,-0.16751269035532995,-0.6802030456852792,-0.20812182741116753,-0.8071065989847716,-0.2436548223350254,-0.9238578680203046,-0.18274111675126903,-0.41624365482233505,-0.27411167512690354,-0.5532994923857868,-0.3401015228426396,-0.649746192893401,-0.39593908629441626,-0.7411167512690355
0.0,0.0,0.13333333333333333,-0.11282051282051282,0.2512820512820513,-0.26153846153846155,0.3282051282051282,-0.36923076923076925,0.3384615384615385,-0.4717948717948718,0.08717948717948718,-0.49743589743589745,0.1794871794871795,-0.6205128205128205,0.26153846153846155,-0.558974358974359,0.30256410256410254,-0.47692307692307695,-0.010256410256410256,-0.5282051282051282,-0.03076923076923077,-0.7435897435897436,-0.046153846153846156,-0.882051282051282,-0.08717948717948718,-1.0,-0.10256410256410256,-0.49743589743589745,-0.16923076923076924,-0.6923076923076923,-0.2153846153846154,-0.8153846153846154,-0.26153846153846155,-0.9230769230769231,-0.1794871794871795,-0.4256410256410256,-0.28205128205128205,-0.558974358974359,-0.3487179487179487,-0.6512820512820513,-0.40512820512820513,-0.7384615384615385
0.0,0.0,0.13402061855670103,-0.10824742268041238,0.24742268041237114,-0.25257731958762886,0.32989690721649484,-0.36597938144329895,0.32989690721649484,-0.4639175257731959,0.08247422680412371,-0.4896907216494845,0.17525773195876287,-0.6134020618556701,0.25773195876288657,-0.5515463917525774,0.29381443298969073,-0.4639175257731959,-0.015463917525773196,-0.520618556701031,-0.020618556701030927,-0.7371134020618557,-0.02577319587628866,-0.8762886597938144,-0.04639175257731959,-1.0,-0.10824742268041238,-0.4948453608247423,-0.18041237113402062,-0.6855670103092784,-0.2268041237113402,-0.8092783505154639,-0.26804123711340205,-0.9175257731958762,-0.19072164948453607,-0.422680412371134,-0.29381443298969073,-0.5567010309278351,-0.36597938144329895,-0.6443298969072165,-0.42783505154639173,-0.7268041237113402
0.0,0.0,0.12435233160621761,-0.11398963730569948,0.22797927461139897,-0.26424870466321243,0.30569948186528495,-0.37823834196891193,0.30569948186528495,-0.46632124352331605,0.046632124352331605,-0.49222797927461137,0.13989637305699482,-0.6217616580310881,0.22279792746113988,-0.5647668393782384,0.2694300518134715,-0.48704663212435234,-0.05181347150259067,-0.5181347150259067,-0.06217616580310881,-0.7409326424870466,-0.06735751295336788,-0.8808290155440415,-0.09326424870466321,-1.0,-0.13989637305699482,-0.48704663212435234,-0.22279792746113988,-0.6787564766839378,-0.27461139896373055,-0.8031088082901554,-0.32642487046632124,-0.917098445595855,-0.21761658031088082,-0.40932642487046633,-0.3316062176165803,-0.538860103626943,-0.40932642487046633,-0.616580310880829,-0.48186528497409326,-0.6994818652849741
0.0,0.0,0.12371134020618557,-0.11855670103092783,0.23711340206185566,-0.26804123711340205,0.30927835051546393,-0.38144329896907214,0.29896907216494845,-0.4742268041237113,0.04639175257731959,-0.4948453608247423,0.13402061855670103,-0.6237113402061856,0.21649484536082475,-0.5670103092783505,0.26288659793814434,-0.4845360824742268,-0.05154639175257732,-0.520618556701031,-0.04639175257731959,-0.7371134020618557,-0.04639175257731959,-0.8762886597938144,-0.06701030927835051,-1.0,-0.13917525773195877,-0.4896907216494845,-0.22164948453608246,-0.6752577319587629,-0.27835051546391754,-0.8092783505154639,-0.3247422680412371,-0.9226804123711341,-0.21649484536082475,-0.4072164948453608,-0.33505154639175255,-0.5360824742268041,-0.4175257731958763,-0.6185567010309279,-0.4896907216494845,-0.6958762886597938
0.0,0.0,0.11458333333333333,-0.125,0.21354166666666666,-0.28125,0.28125,-0.3958333333333333,0.2864583333333333,-0.484375,0.010416666666666666,-0.4947916666666667,0.09895833333333333,-0.625,0.1875,-0.5677083333333334,0.234375,-0.4895833333333333,-0.08854166666666667,-0.5208333333333334,-0.109375,-0.734375,-0.125,-0.8802083333333334,-0.15625,-1.0,-0.17708333333333334,-0.484375,-0.28125,-0.6614583333333334,-0.34375,-0.78125,-0.40625,-0.890625,-0.24479166666666666,-0.4010416666666667,-0.375,-0.5104166666666666,-0.46875,-0.578125,-0.546875,-0.6458333333333334
0.0,0.0,0.12041884816753927,-0.1256544502617801,0.225130890052356,-0.28272251308900526,0.2931937172774869,-0.4031413612565445,0.2879581151832461,-0.4973821989528796,0.015706806282722512,-0.49214659685863876,0.10471204188481675,-0.6282722513089005,0.193717277486911,-0.581151832460733,0.24607329842931938,-0.5026178010471204,-0.08376963350785341,-0.518324607329843,-0.10471204188481675,-0.7382198952879581,-0.12041884816753927,-0.8795811518324608,-0.1518324607329843,-1.0,-0.17277486910994763,-0.4816753926701571,-0.2774869109947644,-0.6596858638743456,-0.3403141361256545,-0.7801047120418848,-0.4031413612565445,-0.8900523560209425,-0.24083769633507854,-0.39790575916230364,-0.3769633507853403,-0.5078534031413613,-0.4712041884816754,-0.5759162303664922,-0.5497382198952879,-0.643979057591623
0.0,0.0,0.12105263157894737,-0.13157894736842105,0.21578947368421053,-0.28421052631578947,0.28421052631578947,-0.4,0.2894736842105263,-0.49473684210526314,0.005263157894736842,-0.5,0.1,-0.631578947368421,0.2,-0.6,0.2578947368421053,-0.531578947368421,-0.09473684210526316,-0.5210526315789473,-0.12631578947368421,-0.7368421052631579,-0.13157894736842105,-0.8789473684210526,-0.15263157894736842,-1.0,-0.18421052631578946,-0.4842105263157895,-0.2894736842105263,-0.6631578947368421,-0.35789473684210527,-0.7894736842105263,-0.41578947368421054,-0.8947368421052632,-0.24736842105263157,-0.4,-0.3894736842105263,-0.5,-0.4842105263157895,-0.5736842105263158,-0.5631578947368421,-0.6368421052631579
0.0,0.0,0.1164021164021164,-0.13227513227513227,0.21164021164021163,-0.2857142857142857,0.2857142857142857,-0.4074074074074074,0.2962962962962963,-0.5026455026455027,0.005291005291005291,-0.5026455026455027,0.10052910052910052,-0.6349206349206349,0.19576719576719576,-0.5978835978835979,0.25925925925925924,-0.5343915343915344,-0.09523809523809523,-0.5238095238095238,-0.12169312169312169,-0.7407407407407407,-0.13227513227513227,-0.8835978835978836,-0.164021164021164,-1.0,-0.18518518518518517,-0.48677248677248675,-0.2962962962962963,-0.6613756613756614,-0.37037037037037035,-0.783068783068783,-0.43386243386243384,-0.8888888888888888,-0.24867724867724866,-0.3968253968253968,-0.3915343915343915,-0.49206349206349204,-0.49206349206349204,-0.5608465608465608,-0.5767195767195767,-0.6190476190476191
0.0,0.0,0.1164021164021164,-0.14285714285714285,0.20105820105820105,-0.30687830687830686,0.2698412698412698,-0.43386243386243384,0.26455026455026454,-0.5343915343915344,-0.015873015873015872,-0.5079365079365079,0.07407407407407407,-0.6455026455026455,0.1693121693121693,-0.6190476190476191,0.2328042328042328,-0.5555555555555556,-0.1164021164021164,-0.5238095238095238,-0.164021164021164,-0.7407407407407407,-0.18518518518518517,-0.8783068783068783,-0.2222222222222222,-1.0,-0.20634920634920634,-0.48148148148148145,-0.328042328042328,-0.6507936507936508,-0.4074074074074074,-0.7724867724867724,-0.47619047619047616,-0.873015873015873,-0.26455026455026454,-0.3915343915343915,-0.4126984126984127,-0.48148148148148145,-0.5132275132275133,-0.5396825396825397,-0.6031746031746031,-0.6031746031746031
