0.0,0.0,-0.18781725888324874,-0.05583756345177665,-0.34517766497461927,-0.16243654822335024,-0.467005076142132,-0.2182741116751269,-0.5532994923857868,-0.29441624365482233,-0.26903553299492383,-0.4467005076142132,-0.39086294416243655,-0.5329949238578681,-0.4873096446700508,-0.4619289340101523,-0.5329949238578681,-0.3756345177664975,-0.20304568527918782,-0.5025380710659898,-0.2639593908629442,-0.7309644670050761,-0.3350253807106599,-0.8629441624365483,-0.39086294416243655,-0.9796954314720813,-0.1116751269035533,-0.5076142131979695,-0.15228426395939088,-0.7360406091370558,-0.19796954314720813,-0.8781725888324873,-0.23857868020304568,-1.0,-0.02030456852791878,-0.4619289340101523,-0.025380710659898477,-0.649746192893401,-0.04060913705583756,-0.7766497461928934,-0.06598984771573604,-0.883248730964467
0.0,0.0,-0.19487179487179487,-0.05641025641025641,-0.36923076923076925,-0.15897435897435896,-0.49743589743589745,-0.22564102564102564,-0.5897435897435898,-0.3128205128205128,-0.27692307692307694,-0.441025641025641,-0.4153846153846154,-0.5128205128205128,-0.5128205128205128,-0.4358974358974359,-0.5538461538461539,-0.35384615384615387,-0.21025641025641026,-0.5025641025641026,-0.2717948717948718,-0.7333333333333333,-0.3384615384615385,-0.8666666666666667,-0.39487179487179486,-0.9794871794871794,-0.12307692307692308,-0.517948717948718,-0.16923076923076924,-0.7487179487179487,-0.22564102564102564,-0.8871794871794871,-0.28205128205128205,-1.0,-0.03076923076923077,-0.48205128205128206,-0.05641025641025641,-0.676923076923077,-0.08205128205128205,-0.8051282051282052,-0.1076923076923077,-0.9128205128205128
0.0,0.0,-0.21468926553672316,-0.02824858757062147,-0.4180790960451977,-0.1016949152542373,-0.559322033898305,-0.12994350282485875,-0.672316384180791,-0.1807909604519774,-0.384180790960452,-0.4519774011299435,-0.5536723163841808,-0.5084745762711864,-0.6384180790960452,-0.4011299435028249,-0.6666666666666666,-0.288135593220339,-0.3163841807909605,-0.519774011299435,-0.4406779661016949,-0.7401129943502824,-0.5706214689265536,-0.8418079096045198,-0.6892655367231638,-0.9152542372881356,-0.21468926553672316,-0.5310734463276836,-0.3107344632768362,-0.768361581920904,-0.4124293785310734,-0.8983050847457628,-0.5141242937853108,-1.0,-0.10734463276836158,-0.4915254237288136,-0.14124293785310735,-0.6892655367231638,-0.1807909604519774,-0.8192090395480226,-0.23163841807909605,-0.9378531073446328
0.0,0.0,-0.23076923076923078,-0.023668639053254437,-0.4437869822485207,-0.10059171597633136,-0.6035502958579881,-0.1301775147928994,-0.7159763313609467,-0.1834319526627219,-0.40236686390532544,-0.4556213017751479,-0.5798816568047337,-0.4911242603550296,-0.6390532544378699,-0.34911242603550297,-0.6331360946745562,-0.21893491124260356,-0.3431952662721893,-0.5325443786982249,-0.46745562130177515,-0.7514792899408284,-0.5976331360946746,-0.863905325443787,-0.7041420118343196,-0.9585798816568047,-0.2485207100591716,-0.5502958579881657,-0.3668639053254438,-0.7810650887573964,-0.48520710059171596,-0.9053254437869822,-0.591715976331361,-1.0,-0.14792899408284024,-0.514792899408284,-0.1952662721893491,-0.7159763313609467,-0.24260355029585798,-0.8520710059171598,-0.2958579881656805,-0.9763313609467456
0.0,0.0,-0.2235294117647059,-0.01764705882352941,-0.4411764705882353,-0.1,-0.5941176470588235,-0.12941176470588237,-0.7058823529411765,-0.17647058823529413,-0.40588235294117647,-0.45294117647058824,-0.5764705882352941,-0.4823529411764706,-0.6294117647058823,-0.3352941176470588,-0.6235294117647059,-0.20588235294117646,-0.34705882352941175,-0.5235294117647059,-0.47058823529411764,-0.7470588235294118,-0.6,-0.8529411764705882,-0.711764705882353,-0.9411764705882353,-0.2529411764705882,-0.5470588235294118,-0.3764705882352941,-0.7823529411764706,-0.49411764705882355,-0.9,-0.6,-1.0,-0.14705882352941177,-0.5117647058823529,-0.2,-0.7176470588235294,-0.24705882352941178,-0.8470588235294118,-0.3,-0.9705882352941176
0.0,0.0,-0.23391812865497075,-0.023391812865497075,-0.43859649122807015,-0.08771929824561403,-0.5847953216374269,-0.11695906432748537,-0.6900584795321637,-0.1871345029239766,-0.42105263157894735,-0.4502923976608187,-0.5964912280701754,-0.49707602339181284,-0.6549707602339181,-0.36257309941520466,-0.6549707602339181,-0.23391812865497075,-0.3567251461988304,-0.5263157894736842,-0.4853801169590643,-0.7543859649122807,-0.6081871345029239,-0.8654970760233918,-0.7134502923976608,-0.9532163742690059,-0.2631578947368421,-0.5497076023391813,-0.38011695906432746,-0.783625730994152,-0.49707602339181284,-0.9064327485380117,-0.6023391812865497,-1.0,-0.15204678362573099,-0.5087719298245614,-0.19883040935672514,-0.7134502923976608,-0.24561403508771928,-0.8421052631578947,-0.2982456140350877,-0.9590643274853801
0.0,0.0,-0.22941176470588234,-0.01764705882352941,-0.4470588235294118,-0.09411764705882353,-0.5941176470588235,-0.12352941176470589,-0.7058823529411765,-0.17058823529411765,-0.4117647058823529,-0.45294117647058824,-0.5882352941176471,-0.5,-0.6529411764705882,-0.3588235294117647,-0.6529411764705882,-0.22941176470588234,-0.34705882352941175,-0.5294117647058824,-0.47058823529411764,-0.7588235294117647,-0.6,-0.8705882352941177,-0.7176470588235294,-0.9647058823529412,-0.24705882352941178,-0.5470588235294118,-0.36470588235294116,-0.7823529411764706,-0.48823529411764705,-0.9,-0.5941176470588235,-1.0,-0.1411764705882353,-0.5058823529411764,-0.19411764705882353,-0.711764705882353,-0.2411764705882353,-0.8411764705882353,-0.29411764705882354,-0.9588235294117647
0.0,0.0,-0.20765027322404372,-0.060109289617486336,-0.39344262295081966,-0.17486338797814208,-0.5300546448087432,-0.2459016393442623,-0.6338797814207651,-0.31693989071038253,-0.29508196721311475,-0.4972677595628415,-0.4426229508196721,-0.5846994535519126,-0.5355191256830601,-0.48633879781420764,-0.5737704918032787,-0.3770491803278688,-0.22404371584699453,-0.5573770491803278,-0.2896174863387978,-0.7814207650273224,-0.3989071038251366,-0.8907103825136612,-0.4972677595628415,-0.9781420765027322,-0.13114754098360656,-0.5573770491803278,-0.1912568306010929,-0.7923497267759563,-0.2896174863387978,-0.907103825136612,-0.3770491803278688,-1.0,-0.04371584699453552,-0.5136612021857924,-0.04918032786885246,-0.7049180327868853,-0.06557377049180328,-0.8306010928961749,-0.09289617486338798,-0.9508196721311475
0.0,0.0,-0.2,-0.07027027027027027,-0.3783783783783784,-0.1891891891891892,-0.5135135135135135,-0.2594594594594595,-0.6162162162162163,-0.34054054054054056,-0.2756756756756757,-0.4972972972972973,-0.40540540540540543,-0.6054054054054054,-0.4864864864864865,-0.5135135135135135,-0.5243243243243243,-0.40540540540540543,-0.20540540540540542,-0.5513513513513514,-0.2702702702702703,-0.7783783783783784,-0.3675675675675676,-0.8918918918918919,-0.4648648648648649,-0.9783783783783784,-0.11351351351351352,-0.5513513513513514,-0.16216216216216217,-0.7837837837837838,-0.25405405405405407,-0.9027027027027027,-0.33513513513513515,-1.0,-0.02702702702702703,-0.5081081081081081,-0.02702702702702703,-0.7027027027027027,-0.043243243243243246,-0.8324324324324325,-0.07027027027027027,-0.9459459459459459
0.0,0.0,-0.2074468085106383,-0.05319148936170213,-0.3829787234042553,-0.16489361702127658,-0.5106382978723404,-0.22340425531914893,-0.6170212765957447,-0.2872340425531915,-0.2925531914893617,-0.46808510638297873,-0.44148936170212766,-0.5531914893617021,-0.5319148936170213,-0.4574468085106383,-0.5638297872340425,-0.35638297872340424,-0.21808510638297873,-0.5319148936170213,-0.2765957446808511,-0.75,-0.3723404255319149,-0.8723404255319149,-0.4574468085106383,-0.973404255319149,-0.1276595744680851,-0.5319148936170213,-0.16489361702127658,-0.7659574468085106,-0.2393617021276596,-0.8936170212765957,-0.30851063829787234,-1.0,-0.0425531914893617,-0.48404255319148937,-0.026595744680851064,-0.6702127659574468,-0.0425531914893617,-0.7978723404255319,-0.06382978723404255,-0.9148936170212766
0.0,0.0,-0.19796954314720813,-0.03553299492385787,-0.3553299492385787,-0.1319796954314721,-0.48223350253807107,-0.17258883248730963,-0.5736040609137056,-0.22842639593908629,-0.2893401015228426,-0.41116751269035534,-0.43147208121827413,-0.47715736040609136,-0.5126903553299492,-0.3756345177664975,-0.5431472081218274,-0.27918781725888325,-0.233502538071066,-0.47715736040609136,-0.3096446700507614,-0.6903553299492385,-0.3756345177664975,-0.8324873096446701,-0.4263959390862944,-0.9543147208121827,-0.15228426395939088,-0.48223350253807107,-0.17258883248730963,-0.7157360406091371,-0.19289340101522842,-0.8629441624365483,-0.2131979695431472,-1.0,-0.06091370558375635,-0.4365482233502538,-0.04568527918781726,-0.6192893401015228,-0.030456852791878174,-0.7461928934010152,-0.025380710659898477,-0.8578680203045685
0.0,0.0,-0.1958762886597938,-0.030927835051546393,-0.3556701030927835,-0.11855670103092783,-0.4793814432989691,-0.16494845360824742,-0.5773195876288659,-0.2268041237113402,-0.31443298969072164,-0.4072164948453608,-0.4536082474226804,-0.4690721649484536,-0.5257731958762887,-0.37628865979381443,-0.5463917525773195,-0.28350515463917525,-0.25257731958762886,-0.4742268041237113,-0.33505154639175255,-0.7061855670103093,-0.39690721649484534,-0.845360824742268,-0.4329896907216495,-0.9690721649484536,-0.15979381443298968,-0.4896907216494845,-0.20103092783505155,-0.7268041237113402,-0.22164948453608246,-0.8762886597938144,-0.25257731958762886,-1.0,-0.05670103092783505,-0.4536082474226804,-0.04639175257731959,-0.6443298969072165,-0.03608247422680412,-0.7680412371134021,-0.02577319587628866,-0.8762886597938144
0.0,0.0,-0.20526315789473684,-0.04736842105263158,-0.3736842105263158,-0.15789473684210525,-0.5052631578947369,-0.21052631578947367,-0.6052631578947368,-0.26842105263157895,-0.2894736842105263,-0.45263157894736844,-0.42105263157894735,-0.5263157894736842,-0.5,-0.41578947368421054,-0.531578947368421,-0.3105263157894737,-0.22105263157894736,-0.5105263157894737,-0.2736842105263158,-0.7315789473684211,-0.3368421052631579,-0.868421052631579,-0.39473684210526316,-0.9789473684210527,-0.1368421052631579,-0.5105263157894737,-0.1631578947368421,-0.7368421052631579,-0.20526315789473684,-0.8842105263157894,-0.25263157894736843,-1.0,-0.05263157894736842,-0.4631578947368421,-0.03684210526315789,-0.6473684210526316,-0.031578947368421054,-0.7736842105263158,-0.03684210526315789,-0.8894736842105263
0.0,0.0,-0.19791666666666666,-0.046875,-0.3645833333333333,-0.16145833333333334,-0.4895833333333333,-0.22395833333333334,-0.5833333333333334,-0.28125,-0.2760416666666667,-0.4427083333333333,-0.4114583333333333,-0.5104166666666666,-0.5104166666666666,-0.4270833333333333,-0.5572916666666666,-0.3333333333333333,-0.203125,-0.5,-0.24479166666666666,-0.7291666666666666,-0.3020833333333333,-0.8697916666666666,-0.3541666666666667,-0.984375,-0.11458333333333333,-0.5,-0.13541666666666666,-0.734375,-0.171875,-0.8802083333333334,-0.21354166666666666,-1.0,-0.036458333333333336,-0.453125,-0.015625,-0.6354166666666666,-0.010416666666666666,-0.7604166666666666,-0.010416666666666666,-0.875
0.0,0.0,-0.20512820512820512,-0.046153846153846156,-0.3641025641025641,-0.15384615384615385,-0.48205128205128206,-0.2205128205128205,-0.5743589743589743,-0.28717948717948716,-0.27692307692307694,-0.4307692307692308,-0.4153846153846154,-0.5128205128205128,-0.5076923076923077,-0.4307692307692308,-0.5487179487179488,-0.3384615384615385,-0.20512820512820512,-0.49230769230769234,-0.2512820512820513,-0.717948717948718,-0.29743589743589743,-0.8666666666666667,-0.3282051282051282,-0.9897435897435898,-0.11794871794871795,-0.49230769230769234,-0.1282051282051282,-0.7282051282051282,-0.14358974358974358,-0.8717948717948718,-0.1641025641025641,-1.0,-0.02564102564102564,-0.4512820512820513,0.0,-0.6358974358974359,0.020512820512820513,-0.7589743589743589,0.035897435897435895,-0.8666666666666667
0.0,0.0,-0.14427860696517414,-0.09950248756218906,-0.2537313432835821,-0.23880597014925373,-0.3582089552238806,-0.3333333333333333,-0.43781094527363185,-0.42786069651741293,-0.10945273631840796,-0.472636815920398,-0.208955223880597,-0.5771144278606966,-0.31343283582089554,-0.5323383084577115,-0.373134328358209,-0.4626865671641791,-0.03980099502487562,-0.5124378109452736,-0.029850746268656716,-0.7313432835820896,-0.04975124378109453,-0.8756218905472637,-0.05970149253731343,-1.0,0.03980099502487562,-0.4975124378109453,0.06965174129353234,-0.7114427860696517,0.07462686567164178,-0.8507462686567164,0.06965174129353234,-0.9701492537313433,0.1044776119402985,-0.43781094527363185,0.1691542288557214,-0.6019900497512438,0.208955223880597,-0.7114427860696517,0.23383084577114427,-0.8109452736318408
0.0,0.0,-0.13756613756613756,-0.12169312169312169,-0.23809523809523808,-0.2804232804232804,-0.328042328042328,-0.4021164021164021,-0.37037037037037035,-0.5291005291005291,-0.042328042328042326,-0.48677248677248675,-0.10582010582010581,-0.6137566137566137,-0.2222222222222222,-0.6084656084656085,-0.2962962962962963,-0.5714285714285714,0.042328042328042326,-0.5132275132275133,0.10052910052910052,-0.7301587301587301,0.1111111111111111,-0.8783068783068783,0.1164021164021164,-1.0,0.12698412698412698,-0.48677248677248675,0.19047619047619047,-0.6984126984126984,0.20634920634920634,-0.8359788359788359,0.21693121693121692,-0.9576719576719577,0.19576719576719576,-0.42328042328042326,0.2751322751322751,-0.582010582010582,0.328042328042328,-0.6931216931216931,0.35978835978835977,-0.7936507936507936
0.0,0.0,-0.13333333333333333,-0.11282051282051282,-0.23076923076923078,-0.26666666666666666,-0.3282051282051282,-0.38461538461538464,-0.38974358974358975,-0.49743589743589745,-0.05641025641025641,-0.48717948717948717,-0.13333333333333333,-0.6051282051282051,-0.24102564102564103,-0.5897435897435898,-0.3128205128205128,-0.5435897435897435,0.02564102564102564,-0.5128205128205128,0.06666666666666667,-0.7282051282051282,0.06153846153846154,-0.8769230769230769,0.06153846153846154,-1.0,0.11282051282051282,-0.48717948717948717,0.16923076923076924,-0.6923076923076923,0.1794871794871795,-0.8307692307692308,0.18461538461538463,-0.9487179487179487,0.1794871794871795,-0.4153846153846154,0.2564102564102564,-0.5692307692307692,0.30256410256410254,-0.676923076923077,0.3333333333333333,-0.7743589743589744
0.0,0.0,-0.13846153846153847,-0.11282051282051282,-0.23076923076923078,-0.2717948717948718,-0.3230769230769231,-0.38461538461538464,-0.37948717948717947,-0.49743589743589745,-0.06153846153846154,-0.47692307692307695,-0.13333333333333333,-0.5948717948717949,-0.24102564102564103,-0.5794871794871795,-0.3128205128205128,-0.5282051282051282,0.02564102564102564,-0.5076923076923077,0.07179487179487179,-0.7282051282051282,0.07692307692307693,-0.8717948717948718,0.07692307692307693,-1.0,0.11282051282051282,-0.48205128205128206,0.1794871794871795,-0.6871794871794872,0.20512820512820512,-0.8256410256410256,0.2153846153846154,-0.9538461538461539,0.1794871794871795,-0.41025641025641024,0.26153846153846155,-0.5641025641025641,0.3128205128205128,-0.6717948717948717,0.358974358974359,-0.764102564102564
0.0,0.0,-0.1282051282051282,-0.12307692307692308,-0.2153846153846154,-0.28205128205128205,-0.3076923076923077,-0.4,-0.3641025641025641,-0.5128205128205128,-0.020512820512820513,-0.48717948717948717,-0.09230769230769231,-0.6102564102564103,-0.20512820512820512,-0.6,-0.27692307692307694,-0.5538461538461539,0.06153846153846154,-0.5128205128205128,0.11282051282051282,-0.7282051282051282,0.11794871794871795,-0.8717948717948718,0.12307692307692308,-1.0,0.13846153846153847,-0.48205128205128206,0.2153846153846154,-0.6820512820512821,0.24615384615384617,-0.8205128205128205,0.26153846153846155,-0.9435897435897436,0.19487179487179487,-0.41025641025641024,0.28205128205128205,-0.558974358974359,0.3435897435897436,-0.6615384615384615,0.38974358974358975,-0.7589743589743589
0.0,0.0,-0.12690355329949238,-0.116751269035533,-0.2182741116751269,-0.27411167512690354,-0.3147208121827411,-0.39086294416243655,-0.38578680203045684,-0.5025380710659898,-0.03553299492385787,-0.47715736040609136,-0.12690355329949238,-0.5888324873096447,-0.2436548223350254,-0.5786802030456852,-0.3248730964467005,-0.5329949238578681,0.03553299492385787,-0.5076142131979695,0.07614213197969544,-0.7208121827411168,0.06091370558375635,-0.868020304568528,0.04568527918781726,-1.0,0.116751269035533,-0.48223350253807107,0.17258883248730963,-0.6903553299492385,0.18274111675126903,-0.8274111675126904,0.17766497461928935,-0.949238578680203,0.17258883248730963,-0.4213197969543147,0.24873096446700507,-0.5736040609137056,0.29441624365482233,-0.6852791878172588,0.3248730964467005,-0.7868020304568528
0.0,0.0,-0.1276595744680851,-0.13297872340425532,-0.21808510638297873,-0.2925531914893617,-0.30319148936170215,-0.4308510638297872,-0.3351063829787234,-0.5691489361702128,-0.015957446808510637,-0.48936170212765956,-0.0851063829787234,-0.6117021276595744,-0.19680851063829788,-0.6117021276595744,-0.28191489361702127,-0.574468085106383,0.06914893617021277,-0.5106382978723404,0.1276595744680851,-0.7180851063829787,0.12234042553191489,-0.8670212765957447,0.11170212765957446,-1.0,0.15425531914893617,-0.48404255319148937,0.21808510638297873,-0.6914893617021277,0.2393617021276596,-0.8297872340425532,0.2393617021276596,-0.9521276595744681,0.21808510638297873,-0.42021276595744683,0.30319148936170215,-0.5797872340425532,0.35106382978723405,-0.6968085106382979,0.3829787234042553,-0.7978723404255319
0.0,0.0,-0.12169312169312169,-0.14285714285714285,-0.20105820105820105,-0.30687830687830686,-0.2804232804232804,-0.4444444444444444,-0.32275132275132273,-0.5767195767195767,0.031746031746031744,-0.49206349206349204,-0.037037037037037035,-0.6243386243386243,-0.15873015873015872,-0.6296296296296297,-0.24338624338624337,-0.5925925925925926,0.1164021164021164,-0.5132275132275133,0.1746031746031746,-0.7195767195767195,0.1693121693121693,-0.8677248677248677,0.14814814814814814,-1.0,0.19576719576719576,-0.47619047619047616,0.2751322751322751,-0.6878306878306878,0.291005291005291,-0.8359788359788359,0.291005291005291,-0.9576719576719577,0.25396825396825395,-0.4126984126984127,0.3544973544973545,-0.5661375661375662,0.4074074074074074,-0.6825396825396826,0.4497354497354497,-0.7883597883597884
0.0,0.0,-0.12834224598930483,-0.13903743315508021,-0.20855614973262032,-0.3155080213903743,-0.28342245989304815,-0.44919786096256686,-0.32085561497326204,-0.5828877005347594,0.026737967914438502,-0.49732620320855614,-0.0374331550802139,-0.6310160427807486,-0.16042780748663102,-0.6363636363636364,-0.24598930481283424,-0.6042780748663101,0.11764705882352941,-0.5133689839572193,0.19786096256684493,-0.7219251336898396,0.2192513368983957,-0.8716577540106952,0.23529411764705882,-1.0,0.19786096256684493,-0.48128342245989303,0.2994652406417112,-0.6844919786096256,0.3422459893048128,-0.8235294117647058,0.37433155080213903,-0.946524064171123,0.24598930481283424,-0.40641711229946526,0.35294117647058826,-0.5561497326203209,0.42780748663101603,-0.6577540106951871,0.48663101604278075,-0.7486631016042781
0.0,0.0,-0.1306532663316583,-0.135678391959799,-0.21105527638190955,-0.3015075376884422,-0.2964824120603015,-0.4271356783919598,-0.36180904522613067,-0.5376884422110553,-0.010050251256281407,-0.5025125628140703,-0.08040201005025126,-0.6381909547738693,-0.20100502512562815,-0.6130653266331658,-0.2814070351758794,-0.5577889447236181,0.07035175879396985,-0.5226130653266332,0.135678391959799,-0.7336683417085427,0.1457286432160804,-0.8743718592964824,0.16080402010050251,-1.0,0.1407035175879397,-0.4824120603015075,0.23115577889447236,-0.6834170854271356,0.2663316582914573,-0.8241206030150754,0.2864321608040201,-0.949748743718593,0.19095477386934673,-0.4120603015075377,0.2864321608040201,-0.5527638190954773,0.35678391959798994,-0.6532663316582915,0.41708542713567837,-0.7487437185929648
0.0,0.0,-0.12060301507537688,-0.135678391959799,-0.20100502512562815,-0.3065326633165829,-0.27638190954773867,-0.4321608040201005,-0.3165829145728643,-0.5577889447236181,0.010050251256281407,-0.507537688442211,-0.05025125628140704,-0.6432160804020101,-0.1658291457286432,-0.628140703517588,-0.24623115577889448,-0.5728643216080402,0.09547738693467336,-0.5226130653266332,0.16080402010050251,-0.7336683417085427,0.17587939698492464,-0.8743718592964824,0.19095477386934673,-1.0,0.1708542713567839,-0.4824120603015075,0.2663316582914573,-0.678391959798995,0.3015075376884422,-0.8241206030150754,0.3316582914572864,-0.9447236180904522,0.21608040201005024,-0.4020100502512563,0.32160804020100503,-0.542713567839196,0.3969849246231156,-0.6432160804020101,0.457286432160804,-0.7386934673366834
0.0,0.0,-0.1256544502617801,-0.1518324607329843,-0.193717277486911,-0.33507853403141363,-0.2617801047120419,-0.47643979057591623,-0.2879581151832461,-0.612565445026178,0.03664921465968586,-0.5078534031413613,-0.015706806282722512,-0.6596858638743456,-0.13089005235602094,-0.6649214659685864,-0.21465968586387435,-0.6178010471204188,0.12041884816753927,-0.5235602094240838,0.193717277486911,-0.7329842931937173,0.20418848167539266,-0.8743455497382199,0.2094240837696335,-1.0,0.193717277486911,-0.4869109947643979,0.2879581151832461,-0.6858638743455497,0.32460732984293195,-0.8272251308900523,0.34554973821989526,-0.9476439790575916,0.2356020942408377,-0.418848167539267,0.34554973821989526,-0.5654450261780105,0.418848167539267,-0.6701570680628273,0.4816753926701571,-0.7643979057591623
0.0,0.0,-0.12154696132596685,-0.15469613259668508,-0.18232044198895028,-0.3425414364640884,-0.24861878453038674,-0.49171270718232046,-0.27071823204419887,-0.6298342541436464,0.06629834254143646,-0.5027624309392266,0.016574585635359115,-0.6685082872928176,-0.10497237569060773,-0.6795580110497238,-0.19889502762430938,-0.6353591160220995,0.16022099447513813,-0.5138121546961326,0.2430939226519337,-0.7292817679558011,0.26519337016574585,-0.8729281767955801,0.281767955801105,-1.0,0.23756906077348067,-0.46408839779005523,0.3701657458563536,-0.6574585635359116,0.43646408839779005,-0.7900552486187845,0.4861878453038674,-0.9116022099447514,0.287292817679558,-0.3867403314917127,0.4143646408839779,-0.5138121546961326,0.5138121546961326,-0.6022099447513812,0.5911602209944752,-0.6795580110497238
0.0,0.0,-0.11235955056179775,-0.16292134831460675,-0.16853932584269662,-0.3595505617977528,-0.2247191011235955,-0.5168539325842697,-0.24157303370786518,-0.6573033707865169,0.09550561797752809,-0.5056179775280899,0.056179775280898875,-0.6741573033707865,-0.06741573033707865,-0.6966292134831461,-0.16853932584269662,-0.6685393258426966,0.19101123595505617,-0.5112359550561798,0.29213483146067415,-0.7247191011235955,0.3202247191011236,-0.8707865168539326,0.34269662921348315,-1.0,0.2640449438202247,-0.46629213483146065,0.398876404494382,-0.651685393258427,0.46629213483146065,-0.7865168539325843,0.5112359550561798,-0.9101123595505618,0.30337078651685395,-0.38764044943820225,0.43820224719101125,-0.5168539325842697,0.5280898876404494,-0.601123595505618,0.6067415730337079,-0.6797752808988764
0.0,0.0,-0.11046511627906977,-0.1686046511627907,-0.1511627906976744,-0.36627906976744184,-0.19767441860465115,-0.5348837209302325,-0.19767441860465115,-0.6802325581395349,0.12790697674418605,-0.5058139534883721,0.09302325581395349,-0.686046511627907,-0.029069767441860465,-0.7151162790697675,-0.12790697674418605,-0.6802325581395349,0.22674418604651161,-0.5058139534883721,0.3546511627906977,-0.7209302325581395,0.4011627906976744,-0.872093023255814,0.43023255813953487,-1.0,0.3023255813953488,-0.45930232558139533,0.45348837209302323,-0.6395348837209303,0.5290697674418605,-0.7732558139534884,0.5813953488372093,-0.8953488372093024,0.3372093023255814,-0.38372093023255816,0.4883720930232558,-0.5,0.5930232558139535,-0.5813953488372093,0.6802325581395349,-0.6511627906976745
0.0,0.0,-0.10778443113772455,-0.17964071856287425,-0.1377245508982036,-0.38922155688622756,-0.17365269461077845,-0.562874251497006,-0.17365269461077845,-0.718562874251497,0.1497005988023952,-0.5089820359281437,0.12574850299401197,-0.6946107784431138,0.005988023952095809,-0.7245508982035929,-0.08982035928143713,-0.6946107784431138,0.25748502994011974,-0.5029940119760479,0.40119760479041916,-0.718562874251497,0.4550898203592814,-0.8682634730538922,0.49101796407185627,-1.0,0.32934131736526945,-0.4550898203592814,0.49700598802395207,-0.6287425149700598,0.5748502994011976,-0.7724550898203593,0.6287425149700598,-0.8922155688622755,0.3652694610778443,-0.3772455089820359,0.5269461077844312,-0.49700598802395207,0.6407185628742516,-0.5748502994011976,0.7305389221556886,-0.6467065868263473
0.0,0.0,-0.10559006211180125,-0.19254658385093168,-0.13043478260869565,-0.40993788819875776,-0.17391304347826086,-0.5900621118012422,-0.18012422360248448,-0.7453416149068323,0.18012422360248448,-0.5217391304347826,0.15527950310559005,-0.7018633540372671,0.031055900621118012,-0.7515527950310559,-0.07453416149068323,-0.7515527950310559,0.2795031055900621,-0.515527950310559,0.4409937888198758,-0.7142857142857143,0.5217391304347826,-0.8633540372670807,0.5838509316770186,-1.0,0.34782608695652173,-0.4658385093167702,0.5341614906832298,-0.6273291925465838,0.639751552795031,-0.7577639751552795,0.7204968944099379,-0.8757763975155279,0.37888198757763975,-0.38509316770186336,0.5527950310559007,-0.4968944099378882,0.6770186335403726,-0.577639751552795,0.7763975155279503,-0.6459627329192547
0.0,0.0,-0.1032258064516129,-0.2064516129032258,-0.11612903225806452,-0.432258064516129,-0.14838709677419354,-0.6193548387096774,-0.15483870967741936,-0.7870967741935484,0.21935483870967742,-0.535483870967742,0.2064516129032258,-0.7354838709677419,0.06451612903225806,-0.7870967741935484,-0.04516129032258064,-0.7677419354838709,0.32903225806451614,-0.5225806451612903,0.5096774193548387,-0.7161290322580646,0.5935483870967742,-0.8709677419354839,0.6645161290322581,-1.0,0.4,-0.45806451612903226,0.6064516129032258,-0.6193548387096774,0.7161290322580646,-0.7419354838709677,0.8,-0.8516129032258064,0.4258064516129032,-0.38064516129032255,0.6129032258064516,-0.4838709677419355,0.7483870967741936,-0.5612903225806452,0.8516129032258064,-0.6258064516129033
0.0,0.0,-0.11046511627906977,-0.1744186046511628,-0.1569767441860465,-0.38372093023255816,-0.21511627906976744,-0.5523255813953488,-0.23255813953488372,-0.6976744186046512,0.12790697674418605,-0.5290697674418605,0.08139534883720931,-0.6918604651162791,-0.046511627906976744,-0.7209302325581395,-0.13953488372093023,-0.6976744186046512,0.23255813953488372,-0.5290697674418605,0.37790697674418605,-0.7325581395348837,0.4476744186046512,-0.877906976744186,0.5,-1.0,0.3023255813953488,-0.47674418604651164,0.47093023255813954,-0.6453488372093024,0.563953488372093,-0.7674418604651163,0.627906976744186,-0.877906976744186,0.32558139534883723,-0.3953488372093023,0.4883720930232558,-0.4941860465116279,0.6046511627906976,-0.563953488372093,0.6976744186046512,-0.6337209302325582
0.0,0.0,-0.10989010989010989,-0.17032967032967034,-0.16483516483516483,-0.3626373626373626,-0.21978021978021978,-0.521978021978022,-0.23076923076923078,-0.6593406593406593,0.0989010989010989,-0.5274725274725275,0.054945054945054944,-0.6978021978021978,-0.06593406593406594,-0.7087912087912088,-0.15934065934065933,-0.6703296703296703,0.2032967032967033,-0.521978021978022,0.34065934065934067,-0.7307692307692307,0.3901098901098901,-0.8736263736263736,0.4340659340659341,-1.0,0.27472527472527475,-0.46703296703296704,0.44505494505494503,-0.6263736263736264,0.5274725274725275,-0.7527472527472527,0.5879120879120879,-0.8626373626373627,0.3021978021978022,-0.37362637362637363,0.46153846153846156,-0.46153846153846156,0.5769230769230769,-0.532967032967033,0.6703296703296703,-0.5934065934065934
0.0,0.0,-0.10989010989010989,-0.17032967032967034,-0.16483516483516483,-0.3626373626373626,-0.21978021978021978,-0.510989010989011,-0.24725274725274726,-0.6483516483516484,0.08791208791208792,-0.521978021978022,0.054945054945054944,-0.6813186813186813,-0.04945054945054945,-0.6868131868131868,-0.12637362637362637,-0.6538461538461539,0.19230769230769232,-0.5164835164835165,0.3076923076923077,-0.7197802197802198,0.34615384615384615,-0.8681318681318682,0.3791208791208791,-1.0,0.26373626373626374,-0.46153846153846156,0.4065934065934066,-0.6373626373626373,0.46153846153846156,-0.7692307692307693,0.5,-0.8956043956043956,0.3021978021978022,-0.36813186813186816,0.45604395604395603,-0.46703296703296704,0.5659340659340659,-0.5439560439560439,0.6538461538461539,-0.6153846153846154
0.0,0.0,-0.10982658959537572,-0.17341040462427745,-0.16184971098265896,-0.37572254335260113,-0.21965317919075145,-0.5317919075144508,-0.24855491329479767,-0.6705202312138728,0.11560693641618497,-0.5317919075144508,0.057803468208092484,-0.6878612716763006,-0.06936416184971098,-0.7109826589595376,-0.16184971098265896,-0.6936416184971098,0.21965317919075145,-0.5317919075144508,0.36416184971098264,-0.7341040462427746,0.4393063583815029,-0.8786127167630058,0.5086705202312138,-1.0,0.2947976878612717,-0.4682080924855491,0.47398843930635837,-0.630057803468208,0.5722543352601156,-0.7572254335260116,0.6416184971098265,-0.8670520231213873,0.3236994219653179,-0.37572254335260113,0.4913294797687861,-0.4624277456647399,0.6069364161849711,-0.5317919075144508,0.7109826589595376,-0.5895953757225434
0.0,0.0,-0.11494252873563218,-0.16666666666666666,-0.1724137931034483,-0.3735632183908046,-0.23563218390804597,-0.5287356321839081,-0.27011494252873564,-0.6666666666666666,0.11494252873563218,-0.5287356321839081,0.05747126436781609,-0.6781609195402298,-0.07471264367816093,-0.6896551724137931,-0.1724137931034483,-0.6724137931034483,0.21839080459770116,-0.5229885057471264,0.3563218390804598,-0.7298850574712644,0.42528735632183906,-0.8793103448275862,0.4885057471264368,-1.0,0.28735632183908044,-0.46551724137931033,0.45977011494252873,-0.632183908045977,0.5517241379310345,-0.7586206896551724,0.6264367816091954,-0.867816091954023,0.3160919540229885,-0.3735632183908046,0.4827586206896552,-0.47126436781609193,0.5977011494252874,-0.5402298850574713,0.6954022988505747,-0.5977011494252874
0.0,0.0,-0.10828025477707007,-0.20382165605095542,-0.12738853503184713,-0.43312101910828027,-0.16560509554140126,-0.6178343949044586,-0.17834394904458598,-0.7707006369426752,0.21019108280254778,-0.5414012738853503,0.19745222929936307,-0.732484076433121,0.06369426751592357,-0.7643312101910829,-0.044585987261146494,-0.7388535031847133,0.3248407643312102,-0.5286624203821656,0.5031847133757962,-0.7261146496815286,0.5923566878980892,-0.8726114649681529,0.6687898089171974,-1.0,0.39490445859872614,-0.46496815286624205,0.5987261146496815,-0.6178343949044586,0.7133757961783439,-0.7388535031847133,0.802547770700637,-0.8471337579617835,0.4140127388535032,-0.37579617834394907,0.6114649681528662,-0.45222929936305734,0.7388535031847133,-0.5159235668789809,0.8535031847133758,-0.5732484076433121
0.0,0.0,-0.1038961038961039,-0.21428571428571427,-0.1038961038961039,-0.45454545454545453,-0.12987012987012986,-0.6558441558441559,-0.14285714285714285,-0.8181818181818182,0.24025974025974026,-0.551948051948052,0.24025974025974026,-0.7402597402597403,0.1038961038961039,-0.7922077922077922,-0.006493506493506494,-0.7857142857142857,0.35714285714285715,-0.5324675324675324,0.551948051948052,-0.7142857142857143,0.6428571428571429,-0.8701298701298701,0.7207792207792207,-1.0,0.42857142857142855,-0.461038961038961,0.6363636363636364,-0.6103896103896104,0.7597402597402597,-0.7272727272727273,0.8506493506493507,-0.8311688311688312,0.45454545454545453,-0.36363636363636365,0.6558441558441559,-0.44155844155844154,0.7987012987012987,-0.5,0.9155844155844156,-0.551948051948052
0.0,0.0,-0.22699386503067484,0.012269938650306749,-0.43558282208588955,-0.018404907975460124,-0.5828220858895705,-0.012269938650306749,-0.7055214723926381,-0.006134969325153374,-0.44171779141104295,-0.3558282208588957,-0.6073619631901841,-0.3496932515337423,-0.656441717791411,-0.20245398773006135,-0.656441717791411,-0.0736196319018405,-0.39263803680981596,-0.44171779141104295,-0.5398773006134969,-0.656441717791411,-0.6503067484662577,-0.7914110429447853,-0.7423312883435583,-0.9079754601226994,-0.3067484662576687,-0.4662576687116564,-0.38650306748466257,-0.7116564417177914,-0.4539877300613497,-0.8711656441717791,-0.5153374233128835,-1.0,-0.2085889570552147,-0.4294478527607362,-0.22085889570552147,-0.6319018404907976,-0.2331288343558282,-0.7730061349693251,-0.24539877300613497,-0.8895705521472392
0.0,0.0,-0.2229299363057325,0.025477707006369428,-0.4394904458598726,0.0,-0.5923566878980892,0.01910828025477707,-0.7133757961783439,0.03184713375796178,-0.445859872611465,-0.3630573248407643,-0.6114649681528662,-0.3248407643312102,-0.6624203821656051,-0.16560509554140126,-0.6687898089171974,-0.03821656050955414,-0.4012738853503185,-0.45222929936305734,-0.554140127388535,-0.6751592356687898,-0.6878980891719745,-0.8089171974522293,-0.7898089171974523,-0.9171974522292994,-0.31210191082802546,-0.47770700636942676,-0.42038216560509556,-0.7197452229299363,-0.5095541401273885,-0.8726114649681529,-0.5923566878980892,-1.0,-0.20382165605095542,-0.4394904458598726,-0.2356687898089172,-0.6496815286624203,-0.25477707006369427,-0.7898089171974523,-0.2802547770700637,-0.910828025477707
0.0,0.0,-0.2331288343558282,0.0,-0.44171779141104295,-0.049079754601226995,-0.5950920245398773,-0.049079754601226995,-0.7177914110429447,-0.06748466257668712,-0.44171779141104295,-0.38650306748466257,-0.6073619631901841,-0.3803680981595092,-0.6625766871165644,-0.2331288343558282,-0.6748466257668712,-0.09815950920245399,-0.39263803680981596,-0.4539877300613497,-0.5214723926380368,-0.6932515337423313,-0.6380368098159509,-0.8343558282208589,-0.7423312883435583,-0.9447852760736196,-0.3128834355828221,-0.4723926380368098,-0.3987730061349693,-0.7239263803680982,-0.4723926380368098,-0.8773006134969326,-0.5460122699386503,-1.0,-0.22085889570552147,-0.4294478527607362,-0.22699386503067484,-0.6380368098159509,-0.2392638036809816,-0.7791411042944786,-0.24539877300613497,-0.8957055214723927
0.0,0.0,-0.2275449101796407,0.0,-0.4311377245508982,-0.0658682634730539,-0.5868263473053892,-0.07784431137724551,-0.7065868263473054,-0.08383233532934131,-0.4251497005988024,-0.38922155688622756,-0.5808383233532934,-0.38922155688622756,-0.6586826347305389,-0.2634730538922156,-0.688622754491018,-0.1497005988023952,-0.3712574850299401,-0.46107784431137727,-0.49101796407185627,-0.6946107784431138,-0.5988023952095808,-0.8383233532934131,-0.688622754491018,-0.9520958083832335,-0.2874251497005988,-0.47305389221556887,-0.3652694610778443,-0.7245508982035929,-0.437125748502994,-0.8682634730538922,-0.5089820359281437,-1.0,-0.19161676646706588,-0.437125748502994,-0.19760479041916168,-0.6407185628742516,-0.19760479041916168,-0.7784431137724551,-0.20359281437125748,-0.8982035928143712
0.0,0.0,-0.23270440251572327,0.012578616352201259,-0.4528301886792453,-0.031446540880503145,-0.6226415094339622,-0.025157232704402517,-0.7547169811320755,-0.012578616352201259,-0.4716981132075472,-0.37735849056603776,-0.6352201257861635,-0.36477987421383645,-0.6855345911949685,-0.2138364779874214,-0.7044025157232704,-0.08176100628930817,-0.4276729559748428,-0.44654088050314467,-0.5849056603773585,-0.6792452830188679,-0.7169811320754716,-0.8176100628930818,-0.8238993710691824,-0.9371069182389937,-0.33962264150943394,-0.4591194968553459,-0.4528301886792453,-0.7044025157232704,-0.5408805031446541,-0.8679245283018868,-0.6163522012578616,-1.0,-0.2389937106918239,-0.41509433962264153,-0.27672955974842767,-0.6289308176100629,-0.29559748427672955,-0.7735849056603774,-0.31446540880503143,-0.8930817610062893
0.0,0.0,-0.2375,0.00625,-0.45,-0.0375,-0.6125,-0.03125,-0.75,-0.025,-0.4625,-0.38125,-0.625,-0.35625,-0.69375,-0.2125,-0.725,-0.08125,-0.41875,-0.44375,-0.575,-0.68125,-0.70625,-0.825,-0.8125,-0.9375,-0.3375,-0.45625,-0.44375,-0.7125,-0.53125,-0.86875,-0.6125,-1.0,-0.2375,-0.41875,-0.26875,-0.63125,-0.28125,-0.775,-0.3,-0.89375
0.0,0.0,-0.22413793103448276,-0.017241379310344827,-0.42528735632183906,-0.08620689655172414,-0.5804597701149425,-0.09770114942528736,-0.7068965517241379,-0.11494252873563218,-0.3793103448275862,-0.40804597701149425,-0.5344827586206896,-0.40804597701149425,-0.6091954022988506,-0.27586206896551724,-0.6436781609195402,-0.14942528735632185,-0.3275862068965517,-0.46551724137931033,-0.4482758620689655,-0.6954022988505747,-0.5517241379310345,-0.8390804597701149,-0.6436781609195402,-0.9482758620689655,-0.2471264367816092,-0.47126436781609193,-0.3390804597701149,-0.7183908045977011,-0.40229885057471265,-0.8735632183908046,-0.45977011494252873,-1.0,-0.16091954022988506,-0.43103448275862066,-0.1724137931034483,-0.632183908045977,-0.1724137931034483,-0.764367816091954,-0.1839080459770115,-0.8850574712643678
0.0,0.0,-0.2033898305084746,-0.022598870056497175,-0.3954802259887006,-0.11299435028248588,-0.536723163841808,-0.14124293785310735,-0.6610169491525424,-0.14689265536723164,-0.3446327683615819,-0.4180790960451977,-0.4915254237288136,-0.4406779661016949,-0.5819209039548022,-0.3163841807909605,-0.6384180790960452,-0.20903954802259886,-0.288135593220339,-0.4745762711864407,-0.384180790960452,-0.711864406779661,-0.4858757062146893,-0.8531073446327684,-0.576271186440678,-0.9661016949152542,-0.20903954802259886,-0.4745762711864407,-0.2711864406779661,-0.7175141242937854,-0.3220338983050847,-0.8700564971751412,-0.3785310734463277,-1.0,-0.12429378531073447,-0.423728813559322,-0.12994350282485875,-0.6214689265536724,-0.12429378531073447,-0.7570621468926554,-0.12994350282485875,-0.8700564971751412
0.0,0.0,-0.20652173913043478,-0.043478260869565216,-0.3858695652173913,-0.14673913043478262,-0.5271739130434783,-0.18478260869565216,-0.6467391304347826,-0.21195652173913043,-0.32065217391304346,-0.42934782608695654,-0.4782608695652174,-0.45652173913043476,-0.5869565217391305,-0.3532608695652174,-0.657608695652174,-0.2554347826086957,-0.266304347826087,-0.483695652173913,-0.3423913043478261,-0.7228260869565217,-0.42934782608695654,-0.875,-0.5054347826086957,-0.9945652173913043,-0.1956521739130435,-0.4782608695652174,-0.2391304347826087,-0.7282608695652174,-0.2826086956521739,-0.875,-0.33152173913043476,-1.0,-0.11956521739130435,-0.42934782608695654,-0.11413043478260869,-0.6195652173913043,-0.10326086956521739,-0.7445652173913043,-0.10326086956521739,-0.8478260869565217
0.0,0.0,-0.19680851063829788,-0.06382978723404255,-0.35106382978723405,-0.18085106382978725,-0.48404255319148937,-0.2393617021276596,-0.5851063829787234,-0.2925531914893617,-0.2553191489361702,-0.46808510638297873,-0.39893617021276595,-0.5212765957446809,-0.5,-0.425531914893617,-0.5531914893617021,-0.32978723404255317,-0.19148936170212766,-0.5106382978723404,-0.24468085106382978,-0.7393617021276596,-0.31382978723404253,-0.8776595744680851,-0.3829787234042553,-0.9946808510638298,-0.10638297872340426,-0.5,-0.1276595744680851,-0.7340425531914894,-0.1702127659574468,-0.8776595744680851,-0.21808510638297873,-1.0,-0.026595744680851064,-0.44680851063829785,-0.005319148936170213,-0.6276595744680851,0.005319148936170213,-0.75,0.005319148936170213,-0.8670212765957447
0.0,0.0,-0.17989417989417988,-0.0582010582010582,-0.3386243386243386,-0.18518518518518517,-0.4656084656084656,-0.25396825396825395,-0.582010582010582,-0.2962962962962963,-0.2328042328042328,-0.455026455026455,-0.36507936507936506,-0.5291005291005291,-0.4603174603174603,-0.4444444444444444,-0.5238095238095238,-0.35978835978835977,-0.164021164021164,-0.5026455026455027,-0.21693121693121692,-0.7354497354497355,-0.2804232804232804,-0.873015873015873,-0.3439153439153439,-1.0,-0.07407407407407407,-0.48677248677248675,-0.10582010582010581,-0.7142857142857143,-0.14814814814814814,-0.8624338624338624,-0.19047619047619047,-0.9894179894179894,0.005291005291005291,-0.43386243386243384,0.026455026455026454,-0.6190476190476191,0.042328042328042326,-0.7407407407407407,0.042328042328042326,-0.8571428571428571
0.0,0.0,-0.1693121693121693,-0.06878306878306878,-0.31746031746031744,-0.19576719576719576,-0.43386243386243384,-0.2804232804232804,-0.544973544973545,-0.3492063492063492,-0.21164021164021163,-0.455026455026455,-0.3333333333333333,-0.5396825396825397,-0.43915343915343913,-0.49206349206349204,-0.5079365079365079,-0.42857142857142855,-0.13756613756613756,-0.5132275132275133,-0.1693121693121693,-0.7407407407407407,-0.2275132275132275,-0.8835978835978836,-0.2751322751322751,-1.0,-0.047619047619047616,-0.5079365079365079,-0.0582010582010582,-0.7354497354497355,-0.10052910052910052,-0.8783068783068783,-0.13756613756613756,-0.9947089947089947,0.042328042328042326,-0.4656084656084656,0.06878306878306878,-0.6402116402116402,0.08465608465608465,-0.7619047619047619,0.08994708994708994,-0.8677248677248677
0.0,0.0,-0.25,0.02631578947368421,-0.48026315789473684,-0.02631578947368421,-0.6513157894736842,-0.006578947368421052,-0.7697368421052632,0.019736842105263157,-0.5263157894736842,-0.3815789473684211,-0.6907894736842105,-0.3618421052631579,-0.756578947368421,-0.2236842105263158,-0.7697368421052632,-0.09210526315789473,-0.48026315789473684,-0.45394736842105265,-0.6513157894736842,-0.6973684210526315,-0.7894736842105263,-0.8355263157894737,-0.9078947368421053,-0.9407894736842105,-0.3881578947368421,-0.46710526315789475,-0.5263157894736842,-0.7302631578947368,-0.6381578947368421,-0.875,-0.7368421052631579,-1.0,-0.26973684210526316,-0.4276315789473684,-0.3157894736842105,-0.6447368421052632,-0.35526315789473684,-0.7894736842105263,-0.3881578947368421,-0.9144736842105263
0.0,0.0,-0.273972602739726,0.0273972602739726,-0.5273972602739726,-0.00684931506849315,-0.7123287671232876,0.02054794520547945,-0.8424657534246576,0.0684931506849315,-0.5753424657534246,-0.3561643835616438,-0.7602739726027398,-0.3424657534246575,-0.8082191780821918,-0.1643835616438356,-0.815068493150685,-0.00684931506849315,-0.5205479452054794,-0.4315068493150685,-0.7123287671232876,-0.678082191780822,-0.8698630136986302,-0.821917808219178,-1.0,-0.9452054794520548,-0.4315068493150685,-0.4383561643835616,-0.5684931506849316,-0.7054794520547946,-0.6986301369863014,-0.8561643835616438,-0.8082191780821918,-0.9794520547945206,-0.3150684931506849,-0.3972602739726027,-0.363013698630137,-0.6095890410958904,-0.410958904109589,-0.7602739726027398,-0.4520547945205479,-0.8904109589041096
0.0,0.0,-0.2,0.005714285714285714,-0.4057142857142857,-0.03428571428571429,-0.5542857142857143,-0.02857142857142857,-0.6685714285714286,-0.011428571428571429,-0.3942857142857143,-0.37142857142857144,-0.5371428571428571,-0.3485714285714286,-0.5942857142857143,-0.22857142857142856,-0.6057142857142858,-0.12,-0.3485714285714286,-0.44,-0.49142857142857144,-0.6514285714285715,-0.5771428571428572,-0.8057142857142857,-0.6228571428571429,-0.9428571428571428,-0.26285714285714284,-0.44571428571428573,-0.3028571428571429,-0.6971428571428572,-0.30857142857142855,-0.8628571428571429,-0.30857142857142855,-1.0,-0.15428571428571428,-0.3942857142857143,-0.10857142857142857,-0.5885714285714285,-0.06857142857142857,-0.72,-0.04,-0.84
0.0,0.0,-0.2033898305084746,-0.005649717514124294,-0.4011299435028249,-0.062146892655367235,-0.5536723163841808,-0.05649717514124294,-0.6610169491525424,-0.03389830508474576,-0.3728813559322034,-0.384180790960452,-0.5254237288135594,-0.3615819209039548,-0.5932203389830508,-0.23728813559322035,-0.6045197740112994,-0.14124293785310735,-0.3333333333333333,-0.4463276836158192,-0.4632768361581921,-0.6610169491525424,-0.5310734463276836,-0.8192090395480226,-0.559322033898305,-0.9661016949152542,-0.24858757062146894,-0.4519774011299435,-0.2824858757062147,-0.7005649717514124,-0.2768361581920904,-0.864406779661017,-0.2655367231638418,-1.0,-0.15819209039548024,-0.3954802259887006,-0.12429378531073447,-0.5875706214689266,-0.0847457627118644,-0.7231638418079096,-0.05084745762711865,-0.8418079096045198
0.0,0.0,-0.2033898305084746,0.0,-0.4011299435028249,-0.05084745762711865,-0.5536723163841808,-0.05649717514124294,-0.6610169491525424,-0.03954802259887006,-0.384180790960452,-0.3728813559322034,-0.536723163841808,-0.3333333333333333,-0.6101694915254238,-0.20903954802259886,-0.6214689265536724,-0.10734463276836158,-0.3389830508474576,-0.4406779661016949,-0.4689265536723164,-0.6497175141242938,-0.536723163841808,-0.8135593220338984,-0.5706214689265536,-0.96045197740113,-0.2542372881355932,-0.4463276836158192,-0.2824858757062147,-0.7005649717514124,-0.2768361581920904,-0.8587570621468926,-0.2598870056497175,-1.0,-0.15819209039548024,-0.3954802259887006,-0.10734463276836158,-0.5932203389830508,-0.062146892655367235,-0.7231638418079096,-0.02824858757062147,-0.8361581920903954
0.0,0.0,-0.1881720430107527,-0.026881720430107527,-0.3548387096774194,-0.11827956989247312,-0.478494623655914,-0.16129032258064516,-0.5698924731182796,-0.20967741935483872,-0.2956989247311828,-0.41935483870967744,-0.43010752688172044,-0.45698924731182794,-0.489247311827957,-0.34408602150537637,-0.5,-0.23655913978494625,-0.24193548387096775,-0.4731182795698925,-0.3118279569892473,-0.7043010752688172,-0.34408602150537637,-0.8655913978494624,-0.3387096774193548,-1.0,-0.15591397849462366,-0.4731182795698925,-0.17204301075268819,-0.7204301075268817,-0.16129032258064516,-0.8709677419354839,-0.15053763440860216,-1.0,-0.05913978494623656,-0.43010752688172044,-0.021505376344086023,-0.6182795698924731,0.021505376344086023,-0.7365591397849462,0.05913978494623656,-0.8387096774193549
0.0,0.0,-0.1881720430107527,-0.03225806451612903,-0.34946236559139787,-0.12903225806451613,-0.478494623655914,-0.1827956989247312,-0.5752688172043011,-0.23655913978494625,-0.2903225806451613,-0.41397849462365593,-0.42473118279569894,-0.46236559139784944,-0.5,-0.3709677419354839,-0.5268817204301075,-0.27419354838709675,-0.23655913978494625,-0.4731182795698925,-0.3064516129032258,-0.7043010752688172,-0.34408602150537637,-0.8655913978494624,-0.3548387096774194,-1.0,-0.14516129032258066,-0.4731182795698925,-0.16129032258064516,-0.7150537634408602,-0.16129032258064516,-0.8709677419354839,-0.16129032258064516,-1.0,-0.053763440860215055,-0.43010752688172044,-0.010752688172043012,-0.6182795698924731,0.026881720430107527,-0.7365591397849462,0.053763440860215055,-0.8494623655913979
0.0,0.0,-0.19576719576719576,-0.047619047619047616,-0.3544973544973545,-0.14285714285714285,-0.47619047619047616,-0.19576719576719576,-0.5767195767195767,-0.25396825396825395,-0.2962962962962963,-0.41798941798941797,-0.42328042328042326,-0.4656084656084656,-0.48677248677248675,-0.37037037037037035,-0.5079365079365079,-0.2698412698412698,-0.23809523809523808,-0.47619047619047616,-0.30158730158730157,-0.7037037037037037,-0.3386243386243386,-0.8624338624338624,-0.3492063492063492,-1.0,-0.14814814814814814,-0.47619047619047616,-0.15873015873015872,-0.7142857142857143,-0.15873015873015872,-0.8677248677248677,-0.15343915343915343,-0.9947089947089947,-0.05291005291005291,-0.43386243386243384,-0.005291005291005291,-0.6137566137566137,0.037037037037037035,-0.7354497354497355,0.06878306878306878,-0.8412698412698413
0.0,0.0,-0.18324607329842932,-0.04712041884816754,-0.3403141361256545,-0.1518324607329843,-0.4607329842931937,-0.2094240837696335,-0.5654450261780105,-0.2617801047120419,-0.2617801047120419,-0.4397905759162304,-0.3769633507853403,-0.4869109947643979,-0.43455497382198954,-0.3769633507853403,-0.44502617801047123,-0.27225130890052357,-0.19895287958115182,-0.49214659685863876,-0.2617801047120419,-0.7120418848167539,-0.2931937172774869,-0.8691099476439791,-0.3089005235602094,-1.0,-0.1099476439790576,-0.4869109947643979,-0.11518324607329843,-0.7172774869109948,-0.1099476439790576,-0.8638743455497382,-0.1099476439790576,-0.9895287958115183,-0.020942408376963352,-0.4293193717277487,0.020942408376963352,-0.6020942408376964,0.06282722513089005,-0.7225130890052356,0.09947643979057591,-0.8219895287958116
0.0,0.0,-0.18090452261306533,-0.06030150753768844,-0.33668341708542715,-0.1708542713567839,-0.457286432160804,-0.23115577889447236,-0.5527638190954773,-0.2964824120603015,-0.2562814070351759,-0.4321608040201005,-0.3869346733668342,-0.49246231155778897,-0.4824120603015075,-0.4271356783919598,-0.5226130653266332,-0.35175879396984927,-0.19597989949748743,-0.4824120603015075,-0.24623115577889448,-0.7185929648241206,-0.2814070351758794,-0.8743718592964824,-0.3015075376884422,-1.0,-0.11557788944723618,-0.4824120603015075,-0.11055276381909548,-0.7135678391959799,-0.11055276381909548,-0.8592964824120602,-0.10552763819095477,-0.9899497487437185,-0.035175879396984924,-0.4321608040201005,0.020100502512562814,-0.6030150753768844,0.06532663316582915,-0.7185929648241206,0.10552763819095477,-0.8190954773869347
0.0,0.0,-0.17326732673267325,-0.054455445544554455,-0.32673267326732675,-0.16831683168316833,-0.4504950495049505,-0.2376237623762376,-0.5396039603960396,-0.3118811881188119,-0.24257425742574257,-0.43564356435643564,-0.3712871287128713,-0.5,-0.4752475247524752,-0.4405940594059406,-0.5247524752475248,-0.3613861386138614,-0.18316831683168316,-0.48514851485148514,-0.22277227722772278,-0.7178217821782178,-0.2524752475247525,-0.8663366336633663,-0.2623762376237624,-1.0,-0.10396039603960396,-0.48514851485148514,-0.09405940594059406,-0.7178217821782178,-0.0891089108910891,-0.8663366336633663,-0.08415841584158416,-1.0,-0.01485148514851485,-0.4306930693069307,0.04455445544554455,-0.6089108910891089,0.09405940594059406,-0.7277227722772277,0.13861386138613863,-0.8316831683168316
0.0,0.0,-0.192,-0.036,-0.36,-0.14,-0.492,-0.2,-0.592,-0.268,-0.292,-0.412,-0.436,-0.468,-0.536,-0.4,-0.576,-0.328,-0.236,-0.48,-0.3,-0.692,-0.364,-0.828,-0.408,-0.94,-0.16,-0.496,-0.184,-0.72,-0.22,-0.872,-0.252,-1.0,-0.08,-0.468,-0.06,-0.656,-0.044,-0.792,-0.032,-0.908
0.0,0.0,-0.1865079365079365,-0.04365079365079365,-0.35714285714285715,-0.14682539682539683,-0.49603174603174605,-0.20238095238095238,-0.5912698412698413,-0.2698412698412698,-0.27380952380952384,-0.42063492063492064,-0.4246031746031746,-0.4722222222222222,-0.5317460317460317,-0.40476190476190477,-0.5833333333333334,-0.32936507936507936,-0.2222222222222222,-0.4880952380952381,-0.29365079365079366,-0.6984126984126984,-0.3531746031746032,-0.8373015873015873,-0.39285714285714285,-0.9523809523809523,-0.14682539682539683,-0.5,-0.17857142857142858,-0.7222222222222222,-0.20634920634920634,-0.873015873015873,-0.23412698412698413,-1.0,-0.07142857142857142,-0.46825396825396826,-0.04365079365079365,-0.6547619047619048,-0.023809523809523808,-0.7857142857142857,-0.011904761904761904,-0.9007936507936508
0.0,0.0,-0.18875502008032127,-0.04417670682730924,-0.3614457831325301,-0.15261044176706828,-0.4899598393574297,-0.21285140562248997,-0.5783132530120482,-0.2891566265060241,-0.26907630522088355,-0.43373493975903615,-0.40963855421686746,-0.5020080321285141,-0.5140562248995983,-0.43775100401606426,-0.5662650602409639,-0.357429718875502,-0.21686746987951808,-0.4939759036144578,-0.2891566265060241,-0.714859437751004,-0.3534136546184739,-0.8554216867469879,-0.40160642570281124,-0.9718875502008032,-0.14056224899598393,-0.5060240963855421,-0.17269076305220885,-0.7269076305220884,-0.20481927710843373,-0.8714859437751004,-0.23293172690763053,-1.0,-0.05622489959839357,-0.4738955823293173,-0.028112449799196786,-0.6586345381526104,-0.004016064257028112,-0.7911646586345381,0.012048192771084338,-0.9076305220883534
0.0,0.0,-0.19262295081967212,-0.040983606557377046,-0.36885245901639346,-0.14754098360655737,-0.5040983606557377,-0.20901639344262296,-0.5901639344262295,-0.28688524590163933,-0.2827868852459016,-0.430327868852459,-0.4180327868852459,-0.5040983606557377,-0.5245901639344263,-0.4426229508196721,-0.5737704918032787,-0.36885245901639346,-0.22131147540983606,-0.4959016393442623,-0.29098360655737704,-0.7172131147540983,-0.3483606557377049,-0.860655737704918,-0.38934426229508196,-0.9836065573770492,-0.13934426229508196,-0.5081967213114754,-0.1721311475409836,-0.7295081967213115,-0.20081967213114754,-0.8770491803278688,-0.22131147540983606,-1.0,-0.05327868852459016,-0.47540983606557374,-0.020491803278688523,-0.6639344262295082,0.00819672131147541,-0.7950819672131147,0.028688524590163935,-0.9139344262295082
0.0,0.0,-0.1828793774319066,-0.0622568093385214,-0.33852140077821014,-0.1867704280155642,-0.4591439688715953,-0.2607003891050584,-0.5369649805447471,-0.3540856031128405,-0.2178988326848249,-0.4474708171206226,-0.33852140077821014,-0.5369649805447471,-0.4474708171206226,-0.49416342412451364,-0.5058365758754864,-0.4280155642023346,-0.1517509727626459,-0.5019455252918288,-0.19455252918287938,-0.7237354085603113,-0.23346303501945526,-0.8754863813229572,-0.2607003891050584,-1.0,-0.07003891050583658,-0.5058365758754864,-0.07782101167315175,-0.7276264591439688,-0.08949416342412451,-0.8754863813229572,-0.09727626459143969,-1.0,0.011673151750972763,-0.46303501945525294,0.054474708171206226,-0.642023346303502,0.08949416342412451,-0.7665369649805448,0.12062256809338522,-0.8754863813229572
0.0,0.0,-0.16216216216216217,-0.07722007722007722,-0.2857142857142857,-0.22007722007722008,-0.39768339768339767,-0.3204633204633205,-0.4594594594594595,-0.416988416988417,-0.14285714285714285,-0.4671814671814672,-0.25096525096525096,-0.5598455598455598,-0.36293436293436293,-0.5405405405405406,-0.4247104247104247,-0.4942084942084942,-0.07335907335907337,-0.5173745173745173,-0.08108108108108109,-0.7335907335907336,-0.10038610038610038,-0.8803088803088803,-0.10810810810810811,-1.0,0.011583011583011582,-0.5096525096525096,0.04633204633204633,-0.7181467181467182,0.06177606177606178,-0.8532818532818532,0.07722007722007722,-0.9768339768339769,0.0888030888030888,-0.4517374517374517,0.16988416988416988,-0.61003861003861,0.23166023166023167,-0.7181467181467182,0.2857142857142857,-0.8223938223938224
0.0,0.0,-0.15,-0.07692307692307693,-0.2653846153846154,-0.22692307692307692,-0.36923076923076925,-0.33076923076923076,-0.43846153846153846,-0.4269230769230769,-0.11923076923076924,-0.4653846153846154,-0.21923076923076923,-0.5692307692307692,-0.33076923076923076,-0.5538461538461539,-0.39615384615384613,-0.5115384615384615,-0.046153846153846156,-0.5115384615384615,-0.05,-0.7307692307692307,-0.057692307692307696,-0.8769230769230769,-0.05,-1.0,0.038461538461538464,-0.5,0.07692307692307693,-0.7076923076923077,0.10384615384615385,-0.8423076923076923,0.12307692307692308,-0.9615384615384616,0.11538461538461539,-0.43846153846153846,0.19615384615384615,-0.5923076923076923,0.26153846153846155,-0.6961538461538461,0.3153846153846154,-0.7884615384615384
0.0,0.0,-0.1434108527131783,-0.08139534883720931,-0.2596899224806202,-0.22868217054263565,-0.36046511627906974,-0.3333333333333333,-0.42248062015503873,-0.4418604651162791,-0.10465116279069768,-0.46511627906976744,-0.2054263565891473,-0.5775193798449613,-0.32170542635658916,-0.562015503875969,-0.3875968992248062,-0.5232558139534884,-0.027131782945736434,-0.5116279069767442,-0.023255813953488372,-0.7325581395348837,-0.023255813953488372,-0.8798449612403101,-0.011627906976744186,-1.0,0.06201550387596899,-0.5,0.10852713178294573,-0.7054263565891473,0.1434108527131783,-0.8449612403100775,0.17054263565891473,-0.9612403100775194,0.13953488372093023,-0.4418604651162791,0.22868217054263565,-0.5968992248062015,0.3023255813953488,-0.6976744186046512,0.36046511627906974,-0.7945736434108527
0.0,0.0,-0.14559386973180077,-0.08812260536398467,-0.26053639846743293,-0.23754789272030652,-0.36398467432950193,-0.34099616858237547,-0.41762452107279696,-0.4521072796934866,-0.10344827586206896,-0.47126436781609193,-0.19157088122605365,-0.578544061302682,-0.30268199233716475,-0.5670498084291188,-0.3716475095785441,-0.5287356321839081,-0.02681992337164751,-0.5172413793103449,-0.01532567049808429,-0.7318007662835249,-0.01532567049808429,-0.8773946360153256,0.0,-1.0,0.05747126436781609,-0.5019157088122606,0.1111111111111111,-0.7088122605363985,0.14942528735632185,-0.842911877394636,0.18007662835249041,-0.9578544061302682,0.13793103448275862,-0.4444444444444444,0.22988505747126436,-0.6015325670498084,0.3065134099616858,-0.7011494252873564,0.3716475095785441,-0.7931034482758621
0.0,0.0,-0.12681159420289856,-0.10144927536231885,-0.23550724637681159,-0.23550724637681159,-0.32971014492753625,-0.322463768115942,-0.39492753623188404,-0.4057971014492754,-0.05434782608695652,-0.463768115942029,-0.14855072463768115,-0.572463768115942,-0.2608695652173913,-0.5144927536231884,-0.3188405797101449,-0.4420289855072464,0.036231884057971016,-0.4855072463768116,0.08695652173913043,-0.7065217391304348,0.11594202898550725,-0.8623188405797102,0.15942028985507245,-1.0,0.11231884057971014,-0.4492753623188406,0.2246376811594203,-0.6413043478260869,0.29347826086956524,-0.7681159420289855,0.35507246376811596,-0.8804347826086957,0.17391304347826086,-0.36231884057971014,0.31521739130434784,-0.47101449275362317,0.41304347826086957,-0.5434782608695652,0.5,-0.6159420289855072
0.0,0.0,-0.12186379928315412,-0.0967741935483871,-0.2222222222222222,-0.23297491039426524,-0.3118279569892473,-0.3118279569892473,-0.3835125448028674,-0.3870967741935484,-0.05017921146953405,-0.46236559139784944,-0.15770609318996415,-0.5555555555555556,-0.2616487455197133,-0.4874551971326165,-0.31899641577060933,-0.40860215053763443,0.043010752688172046,-0.48028673835125446,0.0931899641577061,-0.6989247311827957,0.12903225806451613,-0.8602150537634409,0.17204301075268819,-1.0,0.11827956989247312,-0.43010752688172044,0.23655913978494625,-0.6236559139784946,0.3118279569892473,-0.7419354838709677,0.3727598566308244,-0.8530465949820788,0.17562724014336917,-0.3333333333333333,0.34408602150537637,-0.40860215053763443,0.4551971326164875,-0.45161290322580644,0.5483870967741935,-0.4982078853046595
0.0,0.0,-0.12,-0.09454545454545454,-0.21818181818181817,-0.2290909090909091,-0.31272727272727274,-0.31272727272727274,-0.38545454545454544,-0.3890909090909091,-0.04363636363636364,-0.4690909090909091,-0.15272727272727274,-0.5636363636363636,-0.26545454545454544,-0.49454545454545457,-0.32,-0.4072727272727273,0.04727272727272727,-0.48363636363636364,0.10181818181818182,-0.7018181818181818,0.14181818181818182,-0.8618181818181818,0.19272727272727272,-1.0,0.12,-0.44,0.24,-0.64,0.31636363636363635,-0.76,0.38545454545454544,-0.8690909090909091,0.1781818181818182,-0.34545454545454546,0.34545454545454546,-0.4254545454545455,0.4581818181818182,-0.4763636363636364,0.5563636363636364,-0.5272727272727272
0.0,0.0,-0.12267657992565056,-0.09293680297397769,-0.21933085501858737,-0.21933085501858737,-0.31226765799256506,-0.29739776951672864,-0.3903345724907063,-0.37174721189591076,-0.05947955390334572,-0.46096654275092935,-0.16728624535315986,-0.5576208178438662,-0.275092936802974,-0.49070631970260226,-0.3308550185873606,-0.40892193308550184,0.02973977695167286,-0.4795539033457249,0.07806691449814127,-0.7137546468401487,0.12639405204460966,-0.8698884758364313,0.1895910780669145,-1.0,0.10037174721189591,-0.42379182156133827,0.2527881040892193,-0.6022304832713755,0.35315985130111527,-0.6988847583643123,0.4423791821561338,-0.7955390334572491,0.14869888475836432,-0.3159851301115242,0.31226765799256506,-0.3680297397769517,0.4275092936802974,-0.40148698884758366,0.5278810408921933,-0.4349442379182156
0.0,0.0,-0.1259259259259259,-0.1,-0.22592592592592592,-0.22592592592592592,-0.31851851851851853,-0.3074074074074074,-0.3925925925925926,-0.3851851851851852,-0.05925925925925926,-0.4666666666666667,-0.17037037037037037,-0.5666666666666667,-0.2777777777777778,-0.4925925925925926,-0.3333333333333333,-0.4074074074074074,0.02962962962962963,-0.48148148148148145,0.08148148148148149,-0.7185185185185186,0.12222222222222222,-0.8703703703703703,0.18518518518518517,-1.0,0.1037037037037037,-0.4222222222222222,0.2518518518518518,-0.6037037037037037,0.35185185185185186,-0.7,0.44074074074074077,-0.7962962962962963,0.15185185185185185,-0.3111111111111111,0.3148148148148148,-0.36666666666666664,0.42592592592592593,-0.3962962962962963,0.5222222222222223,-0.43333333333333335
0.0,0.0,-0.12962962962962962,-0.1,-0.22592592592592592,-0.22962962962962963,-0.31851851851851853,-0.3074074074074074,-0.3962962962962963,-0.3814814814814815,-0.07037037037037037,-0.46296296296296297,-0.17777777777777778,-0.5666666666666667,-0.2851851851851852,-0.5,-0.34074074074074073,-0.4148148148148148,0.022222222222222223,-0.48148148148148145,0.07037037037037037,-0.7185185185185186,0.11481481481481481,-0.8703703703703703,0.17777777777777778,-1.0,0.09259259259259259,-0.42592592592592593,0.24074074074074073,-0.6074074074074074,0.34444444444444444,-0.7037037037037037,0.42962962962962964,-0.8,0.14444444444444443,-0.31851851851851853,0.3074074074074074,-0.37037037037037035,0.4185185185185185,-0.4,0.5185185185185185,-0.43703703703703706
0.0,0.0,-0.12639405204460966,-0.09665427509293681,-0.22676579925650558,-0.23048327137546468,-0.31970260223048325,-0.3048327137546468,-0.3940520446096654,-0.37174721189591076,-0.06319702602230483,-0.4646840148698885,-0.17100371747211895,-0.5650557620817844,-0.2788104089219331,-0.4944237918215613,-0.3345724907063197,-0.4052044609665427,0.026022304832713755,-0.4795539033457249,0.08178438661710037,-0.7211895910780669,0.12639405204460966,-0.8736059479553904,0.1895910780669145,-1.0,0.10037174721189591,-0.42379182156133827,0.24535315985130113,-0.6133828996282528,0.34572490706319703,-0.7137546468401487,0.4349442379182156,-0.8066914498141264,0.14869888475836432,-0.31970260223048325,0.31226765799256506,-0.37174721189591076,0.4200743494423792,-0.4052044609665427,0.5204460966542751,-0.43866171003717475
0.0,0.0,-0.12546125461254612,-0.0996309963099631,-0.22140221402214022,-0.22878228782287824,-0.31365313653136534,-0.3062730627306273,-0.3874538745387454,-0.3726937269372694,-0.06273062730627306,-0.46863468634686345,-0.17712177121771217,-0.5682656826568265,-0.28044280442804426,-0.4981549815498155,-0.33210332103321033,-0.4132841328413284,0.02214022140221402,-0.4797047970479705,0.07380073800738007,-0.7158671586715867,0.11808118081180811,-0.8745387453874539,0.18450184501845018,-1.0,0.08856088560885608,-0.42435424354243545,0.22878228782287824,-0.6125461254612546,0.3247232472324723,-0.7158671586715867,0.4095940959409594,-0.8118081180811808,0.13653136531365315,-0.3173431734317343,0.2952029520295203,-0.3800738007380074,0.4022140221402214,-0.4132841328413284,0.5018450184501845,-0.45018450184501846
0.0,0.0,-0.12177121771217712,-0.0959409594095941,-0.22140221402214022,-0.22509225092250923,-0.31365313653136534,-0.3025830258302583,-0.3874538745387454,-0.3726937269372694,-0.06273062730627306,-0.46494464944649444,-0.17343173431734318,-0.5608856088560885,-0.28044280442804426,-0.4870848708487085,-0.33579335793357934,-0.4022140221402214,0.02214022140221402,-0.4797047970479705,0.07749077490774908,-0.7158671586715867,0.12546125461254612,-0.8708487084870848,0.1918819188191882,-1.0,0.0959409594095941,-0.42435424354243545,0.23616236162361623,-0.6088560885608856,0.33210332103321033,-0.7084870848708487,0.41697416974169743,-0.8081180811808119,0.14391143911439114,-0.3210332103321033,0.3062730627306273,-0.3763837638376384,0.41697416974169743,-0.4095940959409594,0.5129151291512916,-0.44649446494464945
0.0,0.0,-0.12177121771217712,-0.0996309963099631,-0.22140221402214022,-0.22140221402214022,-0.31365313653136534,-0.3025830258302583,-0.3874538745387454,-0.3726937269372694,-0.05904059040590406,-0.46494464944649444,-0.17343173431734318,-0.5571955719557196,-0.28044280442804426,-0.4870848708487085,-0.33210332103321033,-0.4022140221402214,0.025830258302583026,-0.47601476014760147,0.07011070110701106,-0.7158671586715867,0.11808118081180811,-0.8745387453874539,0.18450184501845018,-1.0,0.0959409594095941,-0.42435424354243545,0.23616236162361623,-0.6088560885608856,0.33210332103321033,-0.7121771217712177,0.4132841328413284,-0.8081180811808119,0.14760147601476015,-0.3210332103321033,0.30996309963099633,-0.3763837638376384,0.41697416974169743,-0.4132841328413284,0.5129151291512916,-0.45018450184501846
0.0,0.0,-0.12267657992565056,-0.09665427509293681,-0.22304832713754646,-0.22304832713754646,-0.3159851301115242,-0.3048327137546468,-0.3903345724907063,-0.379182156133829,-0.06319702602230483,-0.4721189591078067,-0.17472118959107807,-0.5687732342007435,-0.2825278810408922,-0.49814126394052044,-0.3345724907063197,-0.41263940520446096,0.026022304832713755,-0.483271375464684,0.07063197026022305,-0.7174721189591078,0.11524163568773234,-0.8736059479553904,0.1821561338289963,-1.0,0.09665427509293681,-0.4312267657992565,0.23048327137546468,-0.6245353159851301,0.3271375464684015,-0.7286245353159851,0.41263940520446096,-0.8215613382899628,0.14869888475836432,-0.32342007434944237,0.3048327137546468,-0.38661710037174724,0.41263940520446096,-0.42379182156133827,0.5130111524163569,-0.4646840148698885
0.0,0.0,-0.12177121771217712,-0.0959409594095941,-0.22140221402214022,-0.22509225092250923,-0.3173431734317343,-0.3062730627306273,-0.39114391143911437,-0.3763837638376384,-0.05904059040590406,-0.47601476014760147,-0.18081180811808117,-0.5682656826568265,-0.2878228782287823,-0.4944649446494465,-0.33948339483394835,-0.4095940959409594,0.025830258302583026,-0.4870848708487085,0.07011070110701106,-0.7195571955719557,0.11439114391143912,-0.8745387453874539,0.17712177121771217,-1.0,0.0959409594095941,-0.4317343173431734,0.23247232472324722,-0.6236162361623616,0.3247232472324723,-0.7269372693726938,0.4059040590405904,-0.8228782287822878,0.14760147601476015,-0.3284132841328413,0.3062730627306273,-0.3874538745387454,0.4132841328413284,-0.42435424354243545,0.5092250922509225,-0.46494464944649444
0.0,0.0,-0.1213235294117647,-0.09558823529411764,-0.22426470588235295,-0.22426470588235295,-0.31985294117647056,-0.30514705882352944,-0.39338235294117646,-0.3786764705882353,-0.0661764705882353,-0.46691176470588236,-0.1801470588235294,-0.5625,-0.28308823529411764,-0.49264705882352944,-0.33455882352941174,-0.4117647058823529,0.01838235294117647,-0.48161764705882354,0.0661764705882353,-0.7132352941176471,0.10661764705882353,-0.8713235294117647,0.16544117647058823,-1.0,0.09191176470588236,-0.43014705882352944,0.22426470588235295,-0.6213235294117647,0.3161764705882353,-0.7279411764705882,0.39338235294117646,-0.8272058823529411,0.13970588235294118,-0.3272058823529412,0.3014705882352941,-0.3897058823529412,0.40808823529411764,-0.4264705882352941,0.5,-0.46691176470588236
0.0,0.0,-0.1213235294117647,-0.09191176470588236,-0.22426470588235295,-0.22058823529411764,-0.3161764705882353,-0.3014705882352941,-0.3897058823529412,-0.38235294117647056,-0.0661764705882353,-0.46691176470588236,-0.17647058823529413,-0.5625,-0.27941176470588236,-0.49264705882352944,-0.33455882352941174,-0.40808823529411764,0.022058823529411766,-0.48161764705882354,0.0625,-0.7132352941176471,0.09926470588235294,-0.8676470588235294,0.15441176470588236,-1.0,0.09558823529411764,-0.43014705882352944,0.22426470588235295,-0.6213235294117647,0.3125,-0.7316176470588235,0.3897058823529412,-0.8345588235294118,0.15073529411764705,-0.3272058823529412,0.3088235294117647,-0.39338235294117646,0.41544117647058826,-0.4338235294117647,0.5073529411764706,-0.47794117647058826
0.0,0.0,-0.14855072463768115,-0.07971014492753623,-0.2717391304347826,-0.19202898550724637,-0.3804347826086957,-0.2536231884057971,-0.4673913043478261,-0.2898550724637681,-0.15217391304347827,-0.44565217391304346,-0.27898550724637683,-0.5181159420289855,-0.37318840579710144,-0.4311594202898551,-0.42028985507246375,-0.34057971014492755,-0.08695652173913043,-0.4746376811594203,-0.09782608695652174,-0.7028985507246377,-0.09420289855072464,-0.8623188405797102,-0.07246376811594203,-1.0,-0.014492753623188406,-0.4384057971014493,0.06159420289855073,-0.6521739130434783,0.12318840579710146,-0.7789855072463768,0.17391304347826086,-0.8913043478260869,0.04710144927536232,-0.35507246376811596,0.18840579710144928,-0.463768115942029,0.2826086956521739,-0.5289855072463768,0.36594202898550726,-0.5942028985507246
0.0,0.0,-0.17735849056603772,-0.045283018867924525,-0.3433962264150943,-0.13584905660377358,-0.4716981132075472,-0.16981132075471697,-0.569811320754717,-0.17735849056603772,-0.2792452830188679,-0.41132075471698115,-0.4377358490566038,-0.4377358490566038,-0.5094339622641509,-0.3169811320754717,-0.5283018867924528,-0.20754716981132076,-0.21509433962264152,-0.46037735849056605,-0.28679245283018867,-0.690566037735849,-0.33962264150943394,-0.8566037735849057,-0.3660377358490566,-1.0,-0.1320754716981132,-0.44150943396226416,-0.09433962264150944,-0.6792452830188679,-0.06792452830188679,-0.8226415094339623,-0.045283018867924525,-0.9547169811320755,-0.04905660377358491,-0.36981132075471695,0.08679245283018867,-0.5056603773584906,0.17358490566037735,-0.5962264150943396,0.24150943396226415,-0.6830188679245283
0.0,0.0,-0.19246861924686193,-0.008368200836820083,-0.38493723849372385,-0.04602510460251046,-0.5355648535564853,-0.04184100418410042,-0.6401673640167364,-0.02510460251046025,-0.39330543933054396,-0.3514644351464435,-0.5648535564853556,-0.3305439330543933,-0.606694560669456,-0.1799163179916318,-0.602510460251046,-0.04602510460251046,-0.3305439330543933,-0.41841004184100417,-0.4895397489539749,-0.6443514644351465,-0.5899581589958159,-0.8075313807531381,-0.6485355648535565,-0.9539748953974896,-0.2301255230125523,-0.41422594142259417,-0.2384937238493724,-0.6778242677824268,-0.24267782426778242,-0.8451882845188284,-0.2594142259414226,-1.0,-0.11297071129707113,-0.3472803347280335,0.0041841004184100415,-0.5104602510460251,0.07531380753138076,-0.6276150627615062,0.1297071129707113,-0.7447698744769874
0.0,0.0,-0.1956521739130435,0.004347826086956522,-0.39565217391304347,-0.017391304347826087,-0.5478260869565217,0.02608695652173913,-0.6608695652173913,0.06956521739130435,-0.44782608695652176,-0.3347826086956522,-0.6130434782608696,-0.28695652173913044,-0.6521739130434783,-0.13478260869565217,-0.6391304347826087,-0.008695652173913044,-0.41304347826086957,-0.4043478260869565,-0.6043478260869565,-0.5956521739130435,-0.7434782608695653,-0.7391304347826086,-0.8434782608695652,-0.8695652173913043,-0.3217391304347826,-0.41739130434782606,-0.4043478260869565,-0.691304347826087,-0.44782608695652176,-0.8521739130434782,-0.49130434782608695,-1.0,-0.20434782608695654,-0.3782608695652174,-0.1565217391304348,-0.5956521739130435,-0.11739130434782609,-0.7391304347826086,-0.09565217391304348,-0.8739130434782608
0.0,0.0,-0.1935483870967742,0.041474654377880185,-0.4147465437788018,0.05069124423963134,-0.576036866359447,0.09216589861751152,-0.6451612903225806,0.14285714285714285,-0.511520737327189,-0.2995391705069124,-0.6866359447004609,-0.21658986175115208,-0.6820276497695853,-0.059907834101382486,-0.6175115207373272,0.07373271889400922,-0.4608294930875576,-0.4009216589861751,-0.6774193548387096,-0.5668202764976958,-0.8294930875576036,-0.7004608294930875,-0.9400921658986175,-0.8248847926267281,-0.35023041474654376,-0.4377880184331797,-0.4700460829493088,-0.7050691244239631,-0.5391705069124424,-0.8571428571428571,-0.6129032258064516,-1.0,-0.20276497695852536,-0.423963133640553,-0.15668202764976957,-0.6543778801843319,-0.11981566820276497,-0.815668202764977,-0.10599078341013825,-0.9585253456221198
0.0,0.0,-0.1848341232227488,0.052132701421800945,-0.3933649289099526,0.07109004739336493,-0.5497630331753555,0.12322274881516587,-0.6492890995260664,0.16587677725118483,-0.5213270142180095,-0.27014218009478674,-0.6919431279620853,-0.1895734597156398,-0.6824644549763034,-0.023696682464454975,-0.6255924170616114,0.10426540284360189,-0.47393364928909953,-0.38388625592417064,-0.6966824644549763,-0.5450236966824644,-0.8578199052132701,-0.6729857819905213,-0.985781990521327,-0.7867298578199052,-0.36018957345971564,-0.43601895734597157,-0.4976303317535545,-0.7014218009478673,-0.5687203791469194,-0.8625592417061612,-0.6445497630331753,-1.0,-0.20853080568720378,-0.4265402843601896,-0.17535545023696683,-0.6587677725118484,-0.15165876777251186,-0.8199052132701422,-0.14218009478672985,-0.9620853080568721
0.0,0.0,-0.18468468468468469,0.04954954954954955,-0.38288288288288286,0.09009009009009009,-0.509009009009009,0.16216216216216217,-0.5900900900900901,0.2072072072072072,-0.5135135135135135,-0.21621621621621623,-0.6621621621621622,-0.11261261261261261,-0.6216216216216216,0.06756756756756757,-0.5495495495495496,0.2072072072072072,-0.481981981981982,-0.3063063063063063,-0.6981981981981982,-0.45495495495495497,-0.8603603603603603,-0.5720720720720721,-1.0,-0.6846846846846847,-0.3783783783783784,-0.35585585585585583,-0.5180180180180181,-0.5990990990990991,-0.6126126126126126,-0.7432432432432432,-0.7072072072072072,-0.8603603603603603,-0.22972972972972974,-0.34684684684684686,-0.21171171171171171,-0.5765765765765766,-0.1981981981981982,-0.7207207207207207,-0.20270270270270271,-0.8513513513513513
0.0,0.0,-0.19444444444444445,0.046296296296296294,-0.4027777777777778,0.07407407407407407,-0.5324074074074074,0.16203703703703703,-0.6203703703703703,0.21296296296296297,-0.5324074074074074,-0.2361111111111111,-0.6944444444444444,-0.12037037037037036,-0.6712962962962963,0.06018518518518518,-0.6018518518518519,0.20833333333333334,-0.49074074074074076,-0.32407407407407407,-0.7129629629629629,-0.48148148148148145,-0.8703703703703703,-0.6064814814814815,-1.0,-0.7175925925925926,-0.38425925925925924,-0.35648148148148145,-0.5324074074074074,-0.6064814814814815,-0.625,-0.7546296296296297,-0.7222222222222222,-0.8842592592592593,-0.24074074074074073,-0.3425925925925926,-0.22685185185185186,-0.5694444444444444,-0.21296296296296297,-0.7175925925925926,-0.21296296296296297,-0.8518518518518519
0.0,0.0,-0.19534883720930232,0.023255813953488372,-0.4,0.018604651162790697,-0.5581395348837209,0.06046511627906977,-0.6511627906976745,0.09767441860465116,-0.4604651162790698,-0.32558139534883723,-0.6325581395348837,-0.26046511627906976,-0.6558139534883721,-0.11162790697674418,-0.627906976744186,0.013953488372093023,-0.40930232558139534,-0.413953488372093,-0.6232558139534884,-0.5906976744186047,-0.7581395348837209,-0.7302325581395349,-0.8511627906976744,-0.8511627906976744,-0.30697674418604654,-0.4372093023255814,-0.42790697674418604,-0.6976744186046512,-0.48372093023255813,-0.8558139534883721,-0.5441860465116279,-1.0,-0.17209302325581396,-0.413953488372093,-0.13488372093023257,-0.627906976744186,-0.11162790697674418,-0.7767441860465116,-0.10697674418604651,-0.9162790697674419
0.0,0.0,-0.1935483870967742,0.02304147465437788,-0.39631336405529954,0.013824884792626729,-0.543778801843318,0.055299539170506916,-0.631336405529954,0.08294930875576037,-0.4470046082949309,-0.3317972350230415,-0.6221198156682027,-0.271889400921659,-0.6451612903225806,-0.12442396313364056,-0.6175115207373272,0.004608294930875576,-0.4009216589861751,-0.41935483870967744,-0.6082949308755761,-0.5944700460829493,-0.7373271889400922,-0.7327188940092166,-0.8294930875576036,-0.8571428571428571,-0.2995391705069124,-0.4470046082949309,-0.41013824884792627,-0.695852534562212,-0.46543778801843316,-0.8571428571428571,-0.5253456221198156,-1.0,-0.17050691244239632,-0.41935483870967744,-0.12903225806451613,-0.6267281105990783,-0.0967741935483871,-0.7741935483870968,-0.08755760368663594,-0.9078341013824884
0.0,0.0,-0.19369369369369369,0.013513513513513514,-0.3918918918918919,0.0,-0.5495495495495496,0.02702702702702703,-0.6306306306306306,0.04504504504504504,-0.43243243243243246,-0.34684684684684686,-0.5945945945945946,-0.28378378378378377,-0.6171171171171171,-0.13063063063063063,-0.581081081081081,-0.0045045045045045045,-0.3783783783783784,-0.42342342342342343,-0.5720720720720721,-0.5945945945945946,-0.6936936936936937,-0.7342342342342343,-0.7747747747747747,-0.8648648648648649,-0.2702702702702703,-0.44144144144144143,-0.3738738738738739,-0.6936936936936937,-0.42342342342342343,-0.8558558558558559,-0.4774774774774775,-1.0,-0.13513513513513514,-0.40540540540540543,-0.08558558558558559,-0.6126126126126126,-0.05405405405405406,-0.7567567567567568,-0.04504504504504504,-0.8963963963963963
0.0,0.0,-0.1906779661016949,-0.012711864406779662,-0.3771186440677966,-0.05508474576271186,-0.5169491525423728,-0.05084745762711865,-0.6186440677966102,-0.0423728813559322,-0.3813559322033898,-0.3771186440677966,-0.538135593220339,-0.3432203389830508,-0.5847457627118644,-0.2076271186440678,-0.5805084745762712,-0.09745762711864407,-0.3220338983050847,-0.4449152542372881,-0.4872881355932203,-0.6271186440677966,-0.5889830508474576,-0.7754237288135594,-0.6567796610169492,-0.9152542372881356,-0.22033898305084745,-0.4533898305084746,-0.2838983050847458,-0.6949152542372882,-0.3177966101694915,-0.8559322033898306,-0.3516949152542373,-1.0,-0.09745762711864407,-0.4067796610169492,-0.038135593220338986,-0.597457627118644,0.00423728813559322,-0.7372881355932204,0.029661016949152543,-0.8686440677966102
0.0,0.0,-0.17479674796747968,-0.028455284552845527,-0.34552845528455284,-0.1016260162601626,-0.4796747967479675,-0.12601626016260162,-0.5894308943089431,-0.14227642276422764,-0.3048780487804878,-0.4024390243902439,-0.4634146341463415,-0.4146341463414634,-0.532520325203252,-0.2967479674796748,-0.540650406504065,-0.1910569105691057,-0.24390243902439024,-0.46747967479674796,-0.3617886178861789,-0.6707317073170732,-0.4349593495934959,-0.8211382113821138,-0.4796747967479675,-0.959349593495935,-0.14634146341463414,-0.4715447154471545,-0.17479674796747968,-0.7113821138211383,-0.18699186991869918,-0.8658536585365854,-0.1951219512195122,-1.0,-0.036585365853658534,-0.42276422764227645,0.04878048780487805,-0.5975609756097561,0.10569105691056911,-0.7235772357723578,0.15447154471544716,-0.8414634146341463
0.0,0.0,-0.1700404858299595,-0.032388663967611336,-0.3360323886639676,-0.10526315789473684,-0.47368421052631576,-0.12955465587044535,-0.5789473684210527,-0.14979757085020243,-0.291497975708502,-0.4089068825910931,-0.44534412955465585,-0.4251012145748988,-0.5222672064777328,-0.3117408906882591,-0.5344129554655871,-0.21052631578947367,-0.23076923076923078,-0.46963562753036436,-0.3481781376518219,-0.6720647773279352,-0.41700404858299595,-0.8218623481781376,-0.4574898785425101,-0.9554655870445344,-0.13765182186234817,-0.47368421052631576,-0.16194331983805668,-0.7125506072874493,-0.1659919028340081,-0.8623481781376519,-0.17408906882591094,-1.0,-0.032388663967611336,-0.41700404858299595,0.044534412955465584,-0.5951417004048583,0.10931174089068826,-0.7165991902834008,0.15384615384615385,-0.8299595141700404
