0.0,0.0,0.31543624161073824,-0.1476510067114094,0.5973154362416108,-0.4161073825503356,0.7449664429530202,-0.6845637583892618,0.6442953020134228,-0.8859060402684564,0.436241610738255,-0.7651006711409396,0.5771812080536913,-0.9463087248322147,0.5436241610738255,-0.6711409395973155,0.46308724832214765,-0.5369127516778524,0.26174496644295303,-0.8053691275167785,0.42953020134228187,-0.9932885906040269,0.3825503355704698,-0.6577181208053692,0.28187919463087246,-0.5704697986577181,0.0738255033557047,-0.8053691275167785,0.22818791946308725,-1.0,0.21476510067114093,-0.6845637583892618,0.12080536912751678,-0.5906040268456376,-0.14093959731543623,-0.7718120805369127,0.026845637583892617,-0.9463087248322147,0.04697986577181208,-0.7248322147651006,-0.020134228187919462,-0.6174496644295302
0.0,0.0,0.4166666666666667,-0.05303030303030303,0.7727272727272727,-0.22727272727272727,1.0,-0.4696969696969697,0.9924242424242424,-0.7348484848484849,0.6818181818181818,-0.6439393939393939,0.8863636363636364,-0.8181818181818182,0.7803030303030303,-0.5303030303030303,0.6515151515151515,-0.3939393939393939,0.5227272727272727,-0.7348484848484849,0.7575757575757576,-0.9015151515151515,0.6060606060606061,-0.5606060606060606,0.4621212121212121,-0.4772727272727273,0.3333333333333333,-0.7954545454545454,0.5757575757575758,-0.9696969696969697,0.44696969696969696,-0.6363636363636364,0.3106060606060606,-0.553030303030303,0.09848484848484848,-0.8409090909090909,0.3484848484848485,-0.9848484848484849,0.30303030303030304,-0.7424242424242424,0.18181818181818182,-0.6515151515151515
0.0,0.0,0.3103448275862069,-0.14482758620689656,0.5793103448275863,-0.42758620689655175,0.6896551724137931,-0.7034482758620689,0.5655172413793104,-0.8827586206896552,0.3724137931034483,-0.8275862068965517,0.496551724137931,-1.0,0.4689655172413793,-0.7103448275862069,0.3931034482758621,-0.6275862068965518,0.15862068965517243,-0.8413793103448276,0.296551724137931,-0.9862068965517241,0.2896551724137931,-0.6551724137931034,0.21379310344827587,-0.6206896551724138,-0.041379310344827586,-0.8,0.07586206896551724,-0.9517241379310345,0.1103448275862069,-0.6482758620689655,0.041379310344827586,-0.6137931034482759,-0.2482758620689655,-0.7310344827586207,-0.1103448275862069,-0.8482758620689655,-0.05517241379310345,-0.6482758620689655,-0.11724137931034483,-0.5862068965517241
0.0,0.0,0.29559748427672955,-0.16352201257861634,0.5283018867924528,-0.46540880503144655,0.610062893081761,-0.7547169811320755,0.46540880503144655,-0.9182389937106918,0.3333333333333333,-0.7735849056603774,0.3836477987421384,-1.0,0.389937106918239,-0.7232704402515723,0.34591194968553457,-0.6352201257861635,0.13836477987421383,-0.7672955974842768,0.1949685534591195,-0.9748427672955975,0.23270440251572327,-0.660377358490566,0.1761006289308176,-0.610062893081761,-0.050314465408805034,-0.7169811320754716,0.0,-0.9245283018867925,0.06918238993710692,-0.6352201257861635,0.018867924528301886,-0.5723270440251572,-0.25157232704402516,-0.6352201257861635,-0.16981132075471697,-0.7987421383647799,-0.10062893081761007,-0.6163522012578616,-0.1320754716981132,-0.5471698113207547
0.0,0.0,0.2787878787878788,-0.15151515151515152,0.5151515151515151,-0.4666666666666667,0.5636363636363636,-0.7757575757575758,0.3939393939393939,-0.9454545454545454,0.3212121212121212,-0.7696969696969697,0.34545454545454546,-1.0,0.34545454545454546,-0.7212121212121212,0.3212121212121212,-0.6060606060606061,0.12727272727272726,-0.7757575757575758,0.16363636363636364,-1.0,0.19393939393939394,-0.6727272727272727,0.15757575757575756,-0.593939393939394,-0.06060606060606061,-0.7454545454545455,-0.048484848484848485,-0.9696969696969697,0.024242424242424242,-0.6606060606060606,0.012121212121212121,-0.5575757575757576,-0.26666666666666666,-0.6787878787878788,-0.23030303030303031,-0.8606060606060606,-0.14545454545454545,-0.6606060606060606,-0.12121212121212122,-0.5515151515151515
0.0,0.0,0.2571428571428571,-0.21714285714285714,0.4342857142857143,-0.5257142857142857,0.4857142857142857,-0.7942857142857143,0.33714285714285713,-0.9371428571428572,0.17714285714285713,-0.7942857142857143,0.2742857142857143,-1.0,0.32,-0.7371428571428571,0.26285714285714284,-0.6457142857142857,0.017142857142857144,-0.7714285714285715,0.13142857142857142,-0.9714285714285714,0.18857142857142858,-0.6571428571428571,0.10857142857142857,-0.5885714285714285,-0.14857142857142858,-0.7142857142857143,-0.05142857142857143,-0.9257142857142857,0.02857142857142857,-0.6228571428571429,-0.04,-0.5314285714285715,-0.34285714285714286,-0.6171428571428571,-0.21142857142857144,-0.8,-0.12571428571428572,-0.6,-0.17714285714285713,-0.5028571428571429
0.0,0.0,0.28823529411764703,-0.15294117647058825,0.5235294117647059,-0.43529411764705883,0.5941176470588235,-0.7235294117647059,0.4294117647058823,-0.888235294117647,0.3941176470588235,-0.7470588235294118,0.4411764705882353,-0.9705882352941176,0.4176470588235294,-0.7176470588235294,0.38235294117647056,-0.6,0.21764705882352942,-0.7705882352941177,0.2647058823529412,-0.9882352941176471,0.2647058823529412,-0.6764705882352942,0.2235294117647059,-0.5941176470588235,0.029411764705882353,-0.7529411764705882,0.07058823529411765,-1.0,0.10588235294117647,-0.6882352941176471,0.07647058823529412,-0.5705882352941176,-0.17647058823529413,-0.7176470588235294,-0.12352941176470589,-0.9058823529411765,-0.052941176470588235,-0.7,-0.052941176470588235,-0.5823529411764706
0.0,0.0,0.30409356725146197,-0.1695906432748538,0.5321637426900585,-0.43859649122807015,0.6140350877192983,-0.7309941520467836,0.4853801169590643,-0.935672514619883,0.38011695906432746,-0.7251461988304093,0.45614035087719296,-0.9590643274853801,0.4327485380116959,-0.7076023391812866,0.36257309941520466,-0.5614035087719298,0.2222222222222222,-0.7543859649122807,0.30409356725146197,-0.9941520467836257,0.29239766081871343,-0.6842105263157895,0.2222222222222222,-0.5614035087719298,0.04678362573099415,-0.7485380116959064,0.12280701754385964,-1.0,0.14619883040935672,-0.695906432748538,0.09941520467836257,-0.5497076023391813,-0.15789473684210525,-0.7076023391812866,-0.06432748538011696,-0.9181286549707602,-0.005847953216374269,-0.7192982456140351,-0.017543859649122806,-0.5847953216374269
0.0,0.0,0.3401360544217687,-0.10884353741496598,0.7210884353741497,-0.3129251700680272,0.8435374149659864,-0.5918367346938775,0.6530612244897959,-0.7551020408163265,0.564625850340136,-0.8095238095238095,0.7482993197278912,-0.9659863945578231,0.6598639455782312,-0.6666666666666666,0.5714285714285714,-0.6462585034013606,0.3333333333333333,-0.8571428571428571,0.4965986394557823,-0.9863945578231292,0.4421768707482993,-0.6122448979591837,0.3673469387755102,-0.6530612244897959,0.10204081632653061,-0.8571428571428571,0.23809523809523808,-1.0,0.22448979591836735,-0.6598639455782312,0.16326530612244897,-0.6530612244897959,-0.14965986394557823,-0.8367346938775511,0.0,-0.9387755102040817,0.027210884353741496,-0.7074829931972789,-0.027210884353741496,-0.6598639455782312
0.0,0.0,0.3546099290780142,-0.05673758865248227,0.7375886524822695,-0.19858156028368795,0.8936170212765957,-0.40425531914893614,0.7021276595744681,-0.524822695035461,0.624113475177305,-0.9078014184397163,0.7943262411347518,-0.8014184397163121,0.6666666666666666,-0.524822695035461,0.5602836879432624,-0.524822695035461,0.3546099290780142,-1.0,0.5106382978723404,-0.8085106382978723,0.41843971631205673,-0.475177304964539,0.3404255319148936,-0.5460992907801419,0.09219858156028368,-0.9645390070921985,0.24822695035460993,-0.8226950354609929,0.20567375886524822,-0.5106382978723404,0.1347517730496454,-0.5531914893617021,-0.15602836879432624,-0.8865248226950354,-0.0070921985815602835,-0.8085106382978723,0.014184397163120567,-0.5815602836879432,-0.02127659574468085,-0.5673758865248227
0.0,0.0,0.3972602739726027,-0.14383561643835616,0.678082191780822,-0.4178082191780822,0.7602739726027398,-0.726027397260274,0.6164383561643836,-0.9178082191780822,0.4657534246575342,-0.6643835616438356,0.5547945205479452,-0.8972602739726028,0.541095890410959,-0.678082191780822,0.4589041095890411,-0.5068493150684932,0.3013698630136986,-0.7191780821917808,0.410958904109589,-0.9657534246575342,0.3835616438356164,-0.6712328767123288,0.2945205479452055,-0.4931506849315068,0.11643835616438356,-0.7397260273972602,0.22602739726027396,-1.0,0.2328767123287671,-0.7054794520547946,0.15753424657534246,-0.5205479452054794,-0.1095890410958904,-0.726027397260274,0.03424657534246575,-0.952054794520548,0.07534246575342465,-0.7465753424657534,0.03424657534246575,-0.5958904109589042
0.0,0.0,0.17365269461077845,-0.30538922155688625,0.20958083832335328,-0.6107784431137725,0.18562874251497005,-0.8562874251497006,0.017964071856287425,-0.9640718562874252,-0.11976047904191617,-0.7544910179640718,-0.08383233532934131,-1.0,0.041916167664670656,-0.7904191616766467,0.023952095808383235,-0.6227544910179641,-0.25149700598802394,-0.7065868263473054,-0.20359281437125748,-0.9700598802395209,-0.05389221556886228,-0.7065868263473054,-0.10179640718562874,-0.5389221556886228,-0.39520958083832336,-0.6287425149700598,-0.3473053892215569,-0.9101796407185628,-0.17964071856287425,-0.6526946107784432,-0.20958083832335328,-0.49700598802395207,-0.5568862275449101,-0.5089820359281437,-0.46706586826347307,-0.7784431137724551,-0.32335329341317365,-0.6287425149700598,-0.33532934131736525,-0.48502994011976047
0.0,0.0,0.17682926829268292,-0.34146341463414637,0.18902439024390244,-0.6341463414634146,0.16463414634146342,-0.8658536585365854,0.018292682926829267,-1.0,-0.10975609756097561,-0.75,-0.07317073170731707,-1.0,0.03048780487804878,-0.8048780487804879,0.012195121951219513,-0.6341463414634146,-0.23170731707317074,-0.7134146341463414,-0.18902439024390244,-0.9939024390243902,-0.04878048780487805,-0.7378048780487805,-0.09146341463414634,-0.5548780487804879,-0.3719512195121951,-0.6524390243902439,-0.32926829268292684,-0.9573170731707317,-0.16463414634146342,-0.6951219512195121,-0.1951219512195122,-0.5182926829268293,-0.5365853658536586,-0.5487804878048781,-0.4573170731707317,-0.8292682926829268,-0.31097560975609756,-0.6707317073170732,-0.3231707317073171,-0.5182926829268293
0.0,0.0,0.2215909090909091,-0.26136363636363635,0.32954545454545453,-0.5965909090909091,0.3068181818181818,-0.8579545454545454,0.11931818181818182,-0.9431818181818182,0.011363636363636364,-0.7784090909090909,0.03977272727272727,-1.0,0.13636363636363635,-0.7613636363636364,0.11931818181818182,-0.625,-0.14204545454545456,-0.7386363636363636,-0.09090909090909091,-0.9659090909090909,0.017045454545454544,-0.6818181818181818,-0.03409090909090909,-0.5568181818181818,-0.30113636363636365,-0.6647727272727273,-0.26704545454545453,-0.9034090909090909,-0.13068181818181818,-0.6306818181818182,-0.16477272727272727,-0.5056818181818182,-0.48295454545454547,-0.5397727272727273,-0.42613636363636365,-0.7727272727272727,-0.30113636363636365,-0.6079545454545454,-0.30113636363636365,-0.48863636363636365
0.0,0.0,0.18232044198895028,-0.2265193370165746,0.292817679558011,-0.574585635359116,0.2596685082872928,-0.8287292817679558,0.06629834254143646,-0.8784530386740331,-0.055248618784530384,-0.8121546961325967,-0.03314917127071823,-1.0,0.0718232044198895,-0.7569060773480663,0.049723756906077346,-0.6685082872928176,-0.23756906077348067,-0.7348066298342542,-0.19889502762430938,-0.9005524861878453,-0.04419889502762431,-0.6243093922651933,-0.10497237569060773,-0.580110497237569,-0.39779005524861877,-0.6132596685082873,-0.3867403314917127,-0.7845303867403315,-0.20994475138121546,-0.5524861878453039,-0.2541436464088398,-0.5027624309392266,-0.5524861878453039,-0.46408839779005523,-0.5138121546961326,-0.6022099447513812,-0.36464088397790057,-0.4696132596685083,-0.3701657458563536,-0.4088397790055249
0.0,0.0,0.26143790849673204,-0.27450980392156865,0.3790849673202614,-0.5882352941176471,0.35947712418300654,-0.869281045751634,0.17647058823529413,-0.9934640522875817,0.058823529411764705,-0.7712418300653595,0.1111111111111111,-0.9869281045751634,0.1830065359477124,-0.7777777777777778,0.1568627450980392,-0.6078431372549019,-0.09803921568627451,-0.7581699346405228,-0.0392156862745098,-1.0,0.05228758169934641,-0.7189542483660131,0.0,-0.5424836601307189,-0.27450980392156865,-0.7058823529411765,-0.22875816993464052,-0.9869281045751634,-0.10457516339869281,-0.7058823529411765,-0.13071895424836602,-0.5294117647058824,-0.48366013071895425,-0.6143790849673203,-0.40522875816993464,-0.8823529411764706,-0.27450980392156865,-0.7124183006535948,-0.2679738562091503,-0.5555555555555556
0.0,0.0,0.45985401459854014,-0.029197080291970802,0.8175182481751825,-0.21897810218978103,1.0,-0.49635036496350365,0.9343065693430657,-0.7299270072992701,0.6861313868613139,-0.5328467153284672,0.8321167883211679,-0.7737226277372263,0.7591240875912408,-0.5620437956204379,0.6496350364963503,-0.40145985401459855,0.5182481751824818,-0.635036496350365,0.6861313868613139,-0.8832116788321168,0.583941605839416,-0.6058394160583942,0.45255474452554745,-0.44525547445255476,0.3357664233576642,-0.708029197080292,0.5182481751824818,-0.9781021897810219,0.44525547445255476,-0.6861313868613139,0.3284671532846715,-0.5182481751824818,0.10948905109489052,-0.7664233576642335,0.31386861313868614,-0.9635036496350365,0.29927007299270075,-0.7518248175182481,0.21897810218978103,-0.6058394160583942
0.0,0.0,0.2631578947368421,-0.10526315789473684,0.556390977443609,-0.39849624060150374,0.518796992481203,-0.6691729323308271,0.2631578947368421,-0.6992481203007519,0.2556390977443609,-0.9849624060150376,0.23308270676691728,-0.8872180451127819,0.2706766917293233,-0.631578947368421,0.2556390977443609,-0.6090225563909775,-0.022556390977443608,-1.0,-0.03759398496240601,-0.7969924812030075,0.06015037593984962,-0.48872180451127817,0.05263157894736842,-0.556390977443609,-0.2631578947368421,-0.8947368421052632,-0.2932330827067669,-0.7142857142857143,-0.15789473684210525,-0.45864661654135336,-0.13533834586466165,-0.518796992481203,-0.48120300751879697,-0.7518796992481203,-0.48120300751879697,-0.6090225563909775,-0.3609022556390977,-0.44360902255639095,-0.3157894736842105,-0.48120300751879697
0.0,0.0,0.2624113475177305,-0.1702127659574468,0.45390070921985815,-0.5319148936170213,0.3475177304964539,-0.8439716312056738,0.06382978723404255,-0.900709219858156,0.14184397163120568,-1.0,0.03546099290780142,-0.9929078014184397,0.14184397163120568,-0.7446808510638298,0.19148936170212766,-0.7163120567375887,-0.11347517730496454,-0.9574468085106383,-0.2127659574468085,-0.900709219858156,-0.0425531914893617,-0.6028368794326241,0.014184397163120567,-0.6666666666666666,-0.3191489361702128,-0.8368794326241135,-0.4326241134751773,-0.8156028368794326,-0.24822695035460993,-0.5673758865248227,-0.1773049645390071,-0.5957446808510638,-0.5106382978723404,-0.6950354609929078,-0.5815602836879432,-0.6879432624113475,-0.44680851063829785,-0.5390070921985816,-0.36879432624113473,-0.5460992907801419
0.0,0.0,0.21764705882352942,-0.1588235294117647,0.40588235294117647,-0.49411764705882355,0.37058823529411766,-0.7823529411764706,0.15294117647058825,-0.8705882352941177,0.2,-0.8,0.17058823529411765,-1.0,0.20588235294117646,-0.7352941176470589,0.21176470588235294,-0.6529411764705882,0.0058823529411764705,-0.7647058823529411,-0.023529411764705882,-0.9294117647058824,0.058823529411764705,-0.6411764705882353,0.058823529411764705,-0.6235294117647059,-0.17058823529411765,-0.7,-0.21176470588235294,-0.8647058823529412,-0.10588235294117647,-0.6058823529411764,-0.08823529411764706,-0.5764705882352941,-0.34705882352941175,-0.6176470588235294,-0.3588235294117647,-0.7411764705882353,-0.2647058823529412,-0.5764705882352941,-0.22941176470588234,-0.5294117647058824
0.0,0.0,0.272,-0.2,0.504,-0.472,0.544,-0.76,0.376,-0.88,0.352,-0.768,0.376,-1.0,0.352,-0.752,0.328,-0.656,0.144,-0.776,0.176,-0.976,0.184,-0.688,0.16,-0.632,-0.048,-0.744,-0.032,-0.976,0.016,-0.688,0.008,-0.6,-0.248,-0.688,-0.224,-0.872,-0.144,-0.688,-0.136,-0.592
0.0,0.0,0.24806201550387597,-0.1937984496124031,0.4418604651162791,-0.49612403100775193,0.46511627906976744,-0.7829457364341085,0.2868217054263566,-0.8914728682170543,0.2868217054263566,-0.8062015503875969,0.26356589147286824,-1.0,0.26356589147286824,-0.7441860465116279,0.27906976744186046,-0.6744186046511628,0.09302325581395349,-0.7906976744186046,0.06976744186046512,-0.9612403100775194,0.10852713178294573,-0.6744186046511628,0.10852713178294573,-0.6434108527131783,-0.09302325581395349,-0.7441860465116279,-0.11627906976744186,-0.9302325581395349,-0.05426356589147287,-0.6589147286821705,-0.03875968992248062,-0.5891472868217055,-0.2713178294573643,-0.6744186046511628,-0.27906976744186046,-0.8217054263565892,-0.20930232558139536,-0.6511627906976745,-0.18604651162790697,-0.5736434108527132
0.0,0.0,0.2265625,-0.1796875,0.4140625,-0.5,0.3984375,-0.796875,0.1953125,-0.9140625,0.296875,-0.78125,0.234375,-1.0,0.234375,-0.75,0.265625,-0.65625,0.1015625,-0.78125,0.03125,-0.9609375,0.078125,-0.6640625,0.109375,-0.609375,-0.0703125,-0.7421875,-0.15625,-0.921875,-0.0859375,-0.640625,-0.0390625,-0.5703125,-0.25,-0.6796875,-0.2890625,-0.8125,-0.2265625,-0.625,-0.1796875,-0.5546875
0.0,0.0,0.2777777777777778,-0.1746031746031746,0.5158730158730159,-0.46825396825396826,0.5634920634920635,-0.7619047619047619,0.373015873015873,-0.873015873015873,0.3492063492063492,-0.7619047619047619,0.3968253968253968,-1.0,0.373015873015873,-0.7301587301587301,0.3412698412698413,-0.6349206349206349,0.14285714285714285,-0.7698412698412699,0.19047619047619047,-0.9682539682539683,0.1984126984126984,-0.6666666666666666,0.15873015873015872,-0.6190476190476191,-0.047619047619047616,-0.7380952380952381,-0.015873015873015872,-0.9523809523809523,0.031746031746031744,-0.6666666666666666,0.007936507936507936,-0.5873015873015873,-0.2619047619047619,-0.6825396825396826,-0.1984126984126984,-0.8571428571428571,-0.1349206349206349,-0.6666666666666666,-0.14285714285714285,-0.5793650793650794
0.0,0.0,0.25757575757575757,-0.25,0.44696969696969696,-0.5303030303030303,0.5227272727272727,-0.7727272727272727,0.3712121212121212,-0.8712121212121212,0.18181818181818182,-0.8181818181818182,0.30303030303030304,-1.0,0.32575757575757575,-0.7424242424242424,0.25757575757575757,-0.6742424242424242,0.015151515151515152,-0.7954545454545454,0.15151515151515152,-0.9545454545454546,0.1893939393939394,-0.6666666666666666,0.10606060606060606,-0.6212121212121212,-0.1590909090909091,-0.7272727272727273,-0.03787878787878788,-0.9015151515151515,0.03787878787878788,-0.6439393939393939,-0.030303030303030304,-0.5757575757575758,-0.3560606060606061,-0.6363636363636364,-0.2196969696969697,-0.7954545454545454,-0.12121212121212122,-0.6287878787878788,-0.1590909090909091,-0.5378787878787878
0.0,0.0,0.2605042016806723,-0.2184873949579832,0.5042016806722689,-0.5378151260504201,0.5630252100840336,-0.7899159663865546,0.3865546218487395,-0.8067226890756303,0.1092436974789916,-0.9495798319327731,0.3445378151260504,-1.0,0.3445378151260504,-0.7142857142857143,0.23529411764705882,-0.680672268907563,-0.1092436974789916,-0.9243697478991597,0.14285714285714285,-0.8991596638655462,0.17647058823529413,-0.6050420168067226,0.058823529411764705,-0.6050420168067226,-0.29411764705882354,-0.8151260504201681,-0.06722689075630252,-0.8151260504201681,0.0,-0.5546218487394958,-0.09243697478991597,-0.5294117647058824,-0.46218487394957986,-0.6722689075630253,-0.2605042016806723,-0.6974789915966386,-0.16806722689075632,-0.5210084033613446,-0.226890756302521,-0.4789915966386555
0.0,0.0,0.272,-0.248,0.496,-0.544,0.576,-0.784,0.424,-0.816,0.064,-0.936,0.336,-1.0,0.368,-0.728,0.264,-0.672,-0.12,-0.904,0.2,-0.896,0.232,-0.624,0.112,-0.6,-0.272,-0.808,0.024,-0.816,0.08,-0.568,-0.016,-0.52,-0.408,-0.672,-0.136,-0.72,-0.056,-0.544,-0.12,-0.48
0.0,0.0,0.2892561983471074,-0.24793388429752067,0.5206611570247934,-0.5454545454545454,0.6033057851239669,-0.7851239669421488,0.48760330578512395,-0.7933884297520661,0.049586776859504134,-0.9752066115702479,0.38016528925619836,-1.0,0.4049586776859504,-0.743801652892562,0.2892561983471074,-0.6859504132231405,-0.1487603305785124,-0.9256198347107438,0.2396694214876033,-0.8677685950413223,0.2644628099173554,-0.6033057851239669,0.1322314049586777,-0.5867768595041323,-0.30578512396694213,-0.8016528925619835,0.05785123966942149,-0.7768595041322314,0.10743801652892562,-0.5289256198347108,0.0,-0.49586776859504134,-0.4132231404958678,-0.6446280991735537,-0.1322314049586777,-0.6694214876033058,-0.049586776859504134,-0.512396694214876,-0.09917355371900827,-0.45454545454545453
0.0,0.0,0.3008849557522124,-0.20353982300884957,0.5929203539823009,-0.504424778761062,0.672566371681416,-0.7699115044247787,0.4778761061946903,-0.7964601769911505,0.22123893805309736,-0.9734513274336283,0.45132743362831856,-1.0,0.4247787610619469,-0.7079646017699115,0.3185840707964602,-0.6902654867256637,0.0,-0.9557522123893806,0.23893805309734514,-0.9292035398230089,0.24778761061946902,-0.6194690265486725,0.13274336283185842,-0.6283185840707964,-0.19469026548672566,-0.8584070796460177,0.017699115044247787,-0.8584070796460177,0.061946902654867256,-0.5752212389380531,-0.035398230088495575,-0.5575221238938053,-0.3805309734513274,-0.7345132743362832,-0.19469026548672566,-0.7610619469026548,-0.12389380530973451,-0.5663716814159292,-0.17699115044247787,-0.5221238938053098
0.0,0.0,0.2857142857142857,-0.14285714285714285,0.5555555555555556,-0.4444444444444444,0.5634920634920635,-0.753968253968254,0.3492063492063492,-0.8492063492063492,0.3888888888888889,-0.7857142857142857,0.3888888888888889,-1.0,0.373015873015873,-0.7301587301587301,0.373015873015873,-0.6666666666666666,0.1746031746031746,-0.7936507936507936,0.15873015873015872,-0.9603174603174603,0.1746031746031746,-0.6507936507936508,0.18253968253968253,-0.6428571428571429,-0.023809523809523808,-0.7619047619047619,-0.047619047619047616,-0.9285714285714286,0.0,-0.6507936507936508,0.015873015873015872,-0.626984126984127,-0.23015873015873015,-0.7222222222222222,-0.23015873015873015,-0.8333333333333334,-0.1746031746031746,-0.6507936507936508,-0.15873015873015872,-0.6111111111111112
0.0,0.0,0.30158730158730157,-0.15079365079365079,0.5714285714285714,-0.4523809523809524,0.5873015873015873,-0.7777777777777778,0.3888888888888889,-0.8968253968253969,0.42063492063492064,-0.7857142857142857,0.42857142857142855,-1.0,0.3968253968253968,-0.7301587301587301,0.3968253968253968,-0.6507936507936508,0.20634920634920634,-0.7936507936507936,0.20634920634920634,-0.9841269841269841,0.21428571428571427,-0.6746031746031746,0.21428571428571427,-0.6428571428571429,0.007936507936507936,-0.7777777777777778,-0.007936507936507936,-0.9841269841269841,0.031746031746031744,-0.6825396825396826,0.03968253968253968,-0.626984126984127,-0.1984126984126984,-0.746031746031746,-0.18253968253968253,-0.8968253968253969,-0.1349206349206349,-0.6984126984126984,-0.12698412698412698,-0.6349206349206349
0.0,0.0,0.2809917355371901,-0.1487603305785124,0.5537190082644629,-0.4628099173553719,0.5537190082644629,-0.8016528925619835,0.3305785123966942,-0.9421487603305785,0.48760330578512395,-0.768595041322314,0.48760330578512395,-1.0,0.4380165289256198,-0.7355371900826446,0.4462809917355372,-0.628099173553719,0.2809917355371901,-0.8016528925619835,0.256198347107438,-1.0,0.24793388429752067,-0.6942148760330579,0.2644628099173554,-0.628099173553719,0.08264462809917356,-0.7933884297520661,0.049586776859504134,-1.0,0.0743801652892562,-0.6942148760330579,0.09090909090909091,-0.6033057851239669,-0.12396694214876033,-0.768595041322314,-0.11570247933884298,-0.9338842975206612,-0.09090909090909091,-0.7355371900826446,-0.0743801652892562,-0.6528925619834711
0.0,0.0,0.25806451612903225,-0.14516129032258066,0.5161290322580645,-0.4274193548387097,0.4435483870967742,-0.7338709677419355,0.1774193548387097,-0.8225806451612904,0.4274193548387097,-0.7741935483870968,0.4112903225806452,-1.0,0.3790322580645161,-0.7096774193548387,0.3870967741935484,-0.6370967741935484,0.22580645161290322,-0.7903225806451613,0.1935483870967742,-0.9758064516129032,0.1935483870967742,-0.6532258064516129,0.21774193548387097,-0.6290322580645161,0.024193548387096774,-0.782258064516129,-0.03225806451612903,-0.9516129032258065,0.016129032258064516,-0.6532258064516129,0.04838709677419355,-0.6129032258064516,-0.18548387096774194,-0.7661290322580645,-0.1935483870967742,-0.8951612903225806,-0.14516129032258066,-0.7016129032258065,-0.12903225806451613,-0.6370967741935484
0.0,0.0,0.27419354838709675,-0.16129032258064516,0.5241935483870968,-0.45161290322580644,0.4435483870967742,-0.7419354838709677,0.18548387096774194,-0.8306451612903226,0.4274193548387097,-0.7903225806451613,0.3951612903225806,-1.0,0.3629032258064516,-0.7338709677419355,0.3790322580645161,-0.6612903225806451,0.22580645161290322,-0.8064516129032258,0.16129032258064516,-0.9838709677419355,0.18548387096774194,-0.6854838709677419,0.20967741935483872,-0.6532258064516129,0.03225806451612903,-0.7983870967741935,-0.056451612903225805,-0.967741935483871,0.0,-0.6854838709677419,0.04838709677419355,-0.6370967741935484,-0.1693548387096774,-0.7741935483870968,-0.20967741935483872,-0.9032258064516129,-0.1532258064516129,-0.717741935483871,-0.12903225806451613,-0.6612903225806451
0.0,0.0,0.3130434782608696,-0.1391304347826087,0.5826086956521739,-0.40869565217391307,0.4608695652173913,-0.7130434782608696,0.1565217391304348,-0.7565217391304347,0.41739130434782606,-0.808695652173913,0.391304347826087,-0.9826086956521739,0.3391304347826087,-0.7391304347826086,0.3391304347826087,-0.6347826086956522,0.2,-0.8434782608695652,0.11304347826086956,-1.0,0.13043478260869565,-0.6956521739130435,0.16521739130434782,-0.6173913043478261,-0.008695652173913044,-0.8260869565217391,-0.12173913043478261,-0.9130434782608695,-0.06956521739130435,-0.6260869565217392,-0.008695652173913044,-0.5652173913043478,-0.22608695652173913,-0.782608695652174,-0.28695652173913044,-0.8434782608695652,-0.22608695652173913,-0.6521739130434783,-0.16521739130434782,-0.591304347826087
0.0,0.0,0.2909090909090909,-0.12727272727272726,0.6181818181818182,-0.41818181818181815,0.5636363636363636,-0.7181818181818181,0.2818181818181818,-0.7636363636363637,0.38181818181818183,-0.9545454545454546,0.35454545454545455,-0.9727272727272728,0.35454545454545455,-0.6818181818181818,0.35454545454545455,-0.6363636363636364,0.12727272727272726,-1.0,0.08181818181818182,-0.9181818181818182,0.13636363636363635,-0.6,0.15454545454545454,-0.6363636363636364,-0.1,-0.9272727272727272,-0.15454545454545454,-0.8363636363636363,-0.06363636363636363,-0.5727272727272728,-0.03636363636363636,-0.6090909090909091,-0.32727272727272727,-0.8272727272727273,-0.33636363636363636,-0.7636363636363637,-0.2636363636363636,-0.5818181818181818,-0.22727272727272727,-0.6
0.0,0.0,0.2882882882882883,-0.13513513513513514,0.5855855855855856,-0.4594594594594595,0.5945945945945946,-0.7297297297297297,0.36036036036036034,-0.7027027027027027,0.26126126126126126,-1.0,0.3963963963963964,-0.954954954954955,0.3783783783783784,-0.6756756756756757,0.2972972972972973,-0.6666666666666666,0.0,-1.0,0.14414414414414414,-0.8828828828828829,0.18018018018018017,-0.5765765765765766,0.10810810810810811,-0.6126126126126126,-0.21621621621621623,-0.8918918918918919,-0.0990990990990991,-0.8018018018018018,-0.018018018018018018,-0.5315315315315315,-0.06306306306306306,-0.5405405405405406,-0.42342342342342343,-0.7567567567567568,-0.3153153153153153,-0.7207207207207207,-0.22522522522522523,-0.5315315315315315,-0.22522522522522523,-0.5225225225225225
0.0,0.0,0.3008849557522124,-0.168141592920354,0.5929203539823009,-0.48672566371681414,0.6814159292035398,-0.7610619469026548,0.48672566371681414,-0.7876106194690266,0.23008849557522124,-0.9911504424778761,0.4778761061946903,-1.0,0.45132743362831856,-0.7079646017699115,0.336283185840708,-0.672566371681416,0.0,-0.9823008849557522,0.26548672566371684,-0.9203539823008849,0.2743362831858407,-0.6106194690265486,0.1592920353982301,-0.6106194690265486,-0.20353982300884957,-0.8849557522123894,0.04424778761061947,-0.8230088495575221,0.08849557522123894,-0.5398230088495575,-0.008849557522123894,-0.5309734513274337,-0.3805309734513274,-0.7522123893805309,-0.1592920353982301,-0.6991150442477876,-0.07964601769911504,-0.5132743362831859,-0.13274336283185842,-0.48672566371681414
0.0,0.0,0.3474576271186441,-0.2033898305084746,0.6271186440677966,-0.4745762711864407,0.7372881355932204,-0.7033898305084746,0.6101694915254238,-0.6864406779661016,0.23728813559322035,-1.0,0.5084745762711864,-0.923728813559322,0.5,-0.6694915254237288,0.4067796610169492,-0.6271186440677966,0.00847457627118644,-0.9576271186440678,0.3305084745762712,-0.7711864406779662,0.3305084745762712,-0.5254237288135594,0.2288135593220339,-0.5169491525423728,-0.1694915254237288,-0.8305084745762712,0.13559322033898305,-0.6440677966101694,0.16101694915254236,-0.4406779661016949,0.06779661016949153,-0.4491525423728814,-0.3050847457627119,-0.6694915254237288,-0.0423728813559322,-0.5169491525423728,0.01694915254237288,-0.3813559322033898,-0.05084745762711865,-0.3813559322033898
0.0,0.0,0.3389830508474576,-0.22033898305084745,0.6271186440677966,-0.4915254237288136,0.7457627118644068,-0.7288135593220338,0.6186440677966102,-0.7203389830508474,0.19491525423728814,-1.0,0.5169491525423728,-0.940677966101695,0.5,-0.6864406779661016,0.3983050847457627,-0.635593220338983,-0.01694915254237288,-0.9661016949152542,0.3644067796610169,-0.7966101694915254,0.3474576271186441,-0.5338983050847458,0.2288135593220339,-0.5254237288135594,-0.1864406779661017,-0.8389830508474576,0.1694915254237288,-0.6779661016949152,0.17796610169491525,-0.4491525423728814,0.07627118644067797,-0.4406779661016949,-0.3135593220338983,-0.6694915254237288,-0.00847457627118644,-0.559322033898305,0.0423728813559322,-0.4067796610169492,-0.00847457627118644,-0.3813559322033898
0.0,0.0,0.3305084745762712,-0.2288135593220339,0.5932203389830508,-0.5,0.711864406779661,-0.711864406779661,0.5932203389830508,-0.7372881355932204,0.13559322033898305,-1.0,0.5,-0.9576271186440678,0.4830508474576271,-0.7033898305084746,0.3728813559322034,-0.652542372881356,-0.05084745762711865,-0.9576271186440678,0.3728813559322034,-0.8220338983050848,0.3474576271186441,-0.5677966101694916,0.23728813559322035,-0.5423728813559322,-0.19491525423728814,-0.8305084745762712,0.2033898305084746,-0.7033898305084746,0.2033898305084746,-0.4745762711864407,0.11016949152542373,-0.4491525423728814,-0.2966101694915254,-0.6610169491525424,0.025423728813559324,-0.5847457627118644,0.06779661016949153,-0.423728813559322,0.0,-0.3898305084745763
0.0,0.0,0.3162393162393162,-0.23931623931623933,0.5811965811965812,-0.5128205128205128,0.6837606837606838,-0.7435897435897436,0.5470085470085471,-0.7777777777777778,0.11965811965811966,-1.0,0.46153846153846156,-0.9829059829059829,0.452991452991453,-0.7094017094017094,0.3333333333333333,-0.6666666666666666,-0.07692307692307693,-0.9658119658119658,0.3247863247863248,-0.8547008547008547,0.3162393162393162,-0.5726495726495726,0.19658119658119658,-0.5555555555555556,-0.23076923076923078,-0.8461538461538461,0.15384615384615385,-0.7521367521367521,0.17094017094017094,-0.49572649572649574,0.05982905982905983,-0.4700854700854701,-0.3333333333333333,-0.6752136752136753,-0.017094017094017096,-0.6410256410256411,0.02564102564102564,-0.46153846153846156,-0.05128205128205128,-0.4188034188034188
0.0,0.0,0.3,-0.21666666666666667,0.5833333333333334,-0.5083333333333333,0.675,-0.7666666666666667,0.5083333333333333,-0.7833333333333333,0.175,-0.9916666666666667,0.45,-1.0,0.45,-0.725,0.325,-0.6833333333333333,-0.03333333333333333,-0.9666666666666667,0.26666666666666666,-0.8916666666666667,0.2833333333333333,-0.6,0.15833333333333333,-0.6083333333333333,-0.21666666666666667,-0.8583333333333333,0.075,-0.7833333333333333,0.11666666666666667,-0.5333333333333333,0.0,-0.525,-0.35833333333333334,-0.7166666666666667,-0.10833333333333334,-0.6666666666666666,-0.041666666666666664,-0.5,-0.11666666666666667,-0.4666666666666667
0.0,0.0,0.2868217054263566,-0.16279069767441862,0.5581395348837209,-0.4573643410852713,0.5813953488372093,-0.7364341085271318,0.37209302325581395,-0.7984496124031008,0.34108527131782945,-0.8062015503875969,0.40310077519379844,-1.0,0.40310077519379844,-0.7209302325581395,0.35658914728682173,-0.6666666666666666,0.13178294573643412,-0.7829457364341085,0.18604651162790697,-0.9457364341085271,0.2248062015503876,-0.6434108527131783,0.17829457364341086,-0.627906976744186,-0.06201550387596899,-0.7209302325581395,-0.023255813953488372,-0.8837209302325582,0.046511627906976744,-0.6124031007751938,0.023255813953488372,-0.5736434108527132,-0.26356589147286824,-0.6511627906976745,-0.20930232558139536,-0.7829457364341085,-0.13178294573643412,-0.6046511627906976,-0.13953488372093023,-0.5503875968992248
0.0,0.0,0.2556390977443609,-0.15789473684210525,0.48120300751879697,-0.46616541353383456,0.47368421052631576,-0.7669172932330827,0.2556390977443609,-0.8796992481203008,0.3308270676691729,-0.7819548872180451,0.3157894736842105,-1.0,0.3157894736842105,-0.7293233082706767,0.3157894736842105,-0.6541353383458647,0.13533834586466165,-0.7669172932330827,0.10526315789473684,-0.9473684210526315,0.14285714285714285,-0.6466165413533834,0.15789473684210525,-0.631578947368421,-0.045112781954887216,-0.7293233082706767,-0.09774436090225563,-0.9022556390977443,-0.03007518796992481,-0.6240601503759399,0.0,-0.5864661654135338,-0.24060150375939848,-0.6766917293233082,-0.2556390977443609,-0.7819548872180451,-0.18796992481203006,-0.6015037593984962,-0.15037593984962405,-0.556390977443609
0.0,0.0,0.25,-0.17424242424242425,0.4696969696969697,-0.4696969696969697,0.45454545454545453,-0.7575757575757576,0.24242424242424243,-0.8712121212121212,0.38636363636363635,-0.7878787878787878,0.3560606060606061,-1.0,0.3333333333333333,-0.7272727272727273,0.3560606060606061,-0.6590909090909091,0.1893939393939394,-0.7878787878787878,0.14393939393939395,-0.9621212121212122,0.16666666666666666,-0.6590909090909091,0.1893939393939394,-0.6363636363636364,0.007575757575757576,-0.75,-0.05303030303030303,-0.9318181818181818,0.0,-0.6515151515151515,0.03787878787878788,-0.6060606060606061,-0.18181818181818182,-0.7121212121212122,-0.20454545454545456,-0.8257575757575758,-0.15151515151515152,-0.6515151515151515,-0.12121212121212122,-0.5984848484848485
0.0,0.0,0.24031007751937986,-0.15503875968992248,0.46511627906976744,-0.4728682170542636,0.3798449612403101,-0.7906976744186046,0.13953488372093023,-0.9069767441860465,0.43410852713178294,-0.7596899224806202,0.3798449612403101,-0.9922480620155039,0.3333333333333333,-0.7364341085271318,0.35658914728682173,-0.6511627906976745,0.24806201550387597,-0.7906976744186046,0.17054263565891473,-1.0,0.17054263565891473,-0.6976744186046512,0.21705426356589147,-0.6434108527131783,0.06201550387596899,-0.7906976744186046,-0.031007751937984496,-0.9612403100775194,0.015503875968992248,-0.6821705426356589,0.06976744186046512,-0.6201550387596899,-0.13178294573643412,-0.7596899224806202,-0.16279069767441862,-0.875968992248062,-0.11627906976744186,-0.6976744186046512,-0.08527131782945736,-0.6356589147286822
0.0,0.0,0.2540983606557377,-0.13114754098360656,0.4918032786885246,-0.4344262295081967,0.4180327868852459,-0.7540983606557377,0.1885245901639344,-0.8934426229508197,0.5655737704918032,-0.7295081967213115,0.5081967213114754,-0.9508196721311475,0.4180327868852459,-0.7049180327868853,0.45901639344262296,-0.6311475409836066,0.36885245901639346,-0.8114754098360656,0.2786885245901639,-1.0,0.22950819672131148,-0.7049180327868853,0.29508196721311475,-0.6475409836065574,0.1721311475409836,-0.8360655737704918,0.05737704918032787,-1.0,0.05737704918032787,-0.7213114754098361,0.13114754098360656,-0.6557377049180327,-0.02459016393442623,-0.8278688524590164,-0.08196721311475409,-0.9426229508196722,-0.08196721311475409,-0.7622950819672131,-0.040983606557377046,-0.6885245901639344
0.0,0.0,0.28703703703703703,-0.14814814814814814,0.5740740740740741,-0.4444444444444444,0.4722222222222222,-0.7407407407407407,0.17592592592592593,-0.8333333333333334,0.4537037037037037,-0.8888888888888888,0.3611111111111111,-1.0,0.3425925925925926,-0.7222222222222222,0.37962962962962965,-0.6851851851851852,0.23148148148148148,-0.9259259259259259,0.09259259259259259,-0.9814814814814815,0.14814814814814814,-0.6574074074074074,0.2037037037037037,-0.6759259259259259,0.009259259259259259,-0.8888888888888888,-0.1388888888888889,-0.9259259259259259,-0.05555555555555555,-0.6388888888888888,0.018518518518518517,-0.6481481481481481,-0.21296296296296297,-0.8425925925925926,-0.2962962962962963,-0.8518518518518519,-0.23148148148148148,-0.6666666666666666,-0.16666666666666666,-0.6574074074074074
0.0,0.0,0.2830188679245283,-0.1320754716981132,0.5849056603773585,-0.4056603773584906,0.6226415094339622,-0.6509433962264151,0.4056603773584906,-0.660377358490566,0.27358490566037735,-1.0,0.4056603773584906,-0.8962264150943396,0.39622641509433965,-0.6320754716981132,0.32075471698113206,-0.6132075471698113,0.018867924528301886,-1.0,0.16037735849056603,-0.7924528301886793,0.19811320754716982,-0.5,0.1320754716981132,-0.5471698113207547,-0.20754716981132076,-0.8962264150943396,-0.0660377358490566,-0.6792452830188679,0.009433962264150943,-0.44339622641509435,-0.02830188679245283,-0.4811320754716981,-0.4056603773584906,-0.7641509433962265,-0.2641509433962264,-0.5754716981132075,-0.1792452830188679,-0.39622641509433965,-0.18867924528301888,-0.41509433962264153
