0.0,0.0,0.17777777777777778,-0.13777777777777778,0.23555555555555555,-0.36444444444444446,0.21777777777777776,-0.5466666666666666,0.2222222222222222,-0.6888888888888889,0.08444444444444445,-0.56,0.07555555555555556,-0.7511111111111111,0.06666666666666667,-0.8622222222222222,0.05333333333333334,-0.9555555555555556,-0.017777777777777778,-0.56,-0.02666666666666667,-0.7688888888888888,-0.035555555555555556,-0.8977777777777778,-0.044444444444444446,-1.0,-0.1111111111111111,-0.5244444444444445,-0.12444444444444444,-0.7244444444444444,-0.12444444444444444,-0.8488888888888889,-0.12,-0.9555555555555556,-0.2,-0.4533333333333333,-0.21777777777777776,-0.6133333333333333,-0.21333333333333335,-0.72,-0.2,-0.8222222222222222
0.0,0.0,0.1826086956521739,-0.12173913043478261,0.27391304347826084,-0.32608695652173914,0.26521739130434785,-0.508695652173913,0.2608695652173913,-0.6521739130434783,0.13478260869565217,-0.5478260869565217,0.14782608695652175,-0.7391304347826086,0.15217391304347827,-0.8565217391304348,0.15217391304347827,-0.9565217391304348,0.034782608695652174,-0.5521739130434783,0.04782608695652174,-0.7652173913043478,0.05217391304347826,-0.8956521739130435,0.05217391304347826,-1.0,-0.06086956521739131,-0.5217391304347826,-0.05652173913043478,-0.7260869565217392,-0.043478260869565216,-0.8478260869565217,-0.02608695652173913,-0.9565217391304348,-0.1565217391304348,-0.45652173913043476,-0.1608695652173913,-0.6173913043478261,-0.14782608695652175,-0.717391304347826,-0.12173913043478261,-0.8217391304347826
0.0,0.0,0.17903930131004367,-0.12663755458515283,0.27074235807860264,-0.32751091703056767,0.2663755458515284,-0.5065502183406113,0.25327510917030566,-0.6550218340611353,0.12663755458515283,-0.537117903930131,0.13537117903930132,-0.7379912663755459,0.13100436681222707,-0.851528384279476,0.12663755458515283,-0.9606986899563319,0.021834061135371178,-0.5414847161572053,0.03056768558951965,-0.7554585152838428,0.034934497816593885,-0.8908296943231441,0.034934497816593885,-1.0,-0.07423580786026202,-0.5065502183406113,-0.06986899563318777,-0.7117903930131004,-0.056768558951965066,-0.8384279475982532,-0.039301310043668124,-0.9519650655021834,-0.1703056768558952,-0.4366812227074236,-0.17467248908296942,-0.5982532751091703,-0.16593886462882096,-0.7030567685589519,-0.14410480349344978,-0.8078602620087336
0.0,0.0,0.16597510373443983,-0.11203319502074689,0.24481327800829875,-0.2987551867219917,0.24481327800829875,-0.47717842323651455,0.23651452282157676,-0.6182572614107884,0.12863070539419086,-0.5145228215767634,0.13692946058091288,-0.7095435684647303,0.13692946058091288,-0.8298755186721992,0.13278008298755187,-0.9377593360995851,0.024896265560165973,-0.5228215767634855,0.03734439834024896,-0.7385892116182573,0.04564315352697095,-0.8796680497925311,0.04979253112033195,-1.0,-0.07053941908713693,-0.4896265560165975,-0.06639004149377593,-0.6929460580912863,-0.05394190871369295,-0.8257261410788381,-0.03734439834024896,-0.941908713692946,-0.16597510373443983,-0.42323651452282157,-0.17427385892116182,-0.5809128630705395,-0.16182572614107885,-0.6846473029045643,-0.14107883817427386,-0.7925311203319502
0.0,0.0,0.17916666666666667,-0.1,0.2833333333333333,-0.2791666666666667,0.29583333333333334,-0.45,0.2875,-0.5916666666666667,0.175,-0.5,0.20833333333333334,-0.6958333333333333,0.21666666666666667,-0.8166666666666667,0.225,-0.9291666666666667,0.07083333333333333,-0.5166666666666667,0.10416666666666667,-0.7333333333333333,0.125,-0.875,0.14166666666666666,-1.0,-0.029166666666666667,-0.4875,-0.008333333333333333,-0.6916666666666667,0.020833333333333332,-0.825,0.05,-0.9416666666666667,-0.12916666666666668,-0.42916666666666664,-0.125,-0.5875,-0.1,-0.6916666666666667,-0.07083333333333333,-0.7916666666666666
0.0,0.0,0.18143459915611815,-0.0970464135021097,0.2911392405063291,-0.25316455696202533,0.3080168776371308,-0.41350210970464135,0.3037974683544304,-0.5527426160337553,0.18565400843881857,-0.4810126582278481,0.22362869198312235,-0.6835443037974683,0.23628691983122363,-0.8143459915611815,0.24472573839662448,-0.9282700421940928,0.08016877637130802,-0.4978902953586498,0.12236286919831224,-0.7257383966244726,0.14345991561181434,-0.8734177215189873,0.16455696202531644,-1.0,-0.029535864978902954,-0.46835443037974683,0.0,-0.679324894514768,0.03375527426160337,-0.8185654008438819,0.06751054852320675,-0.9367088607594937,-0.13924050632911392,-0.4092827004219409,-0.12236286919831224,-0.569620253164557,-0.0970464135021097,-0.679324894514768,-0.06329113924050633,-0.7805907172995781
0.0,0.0,0.18421052631578946,-0.08333333333333333,0.31140350877192985,-0.2236842105263158,0.32894736842105265,-0.3684210526315789,0.32456140350877194,-0.5087719298245614,0.19298245614035087,-0.4605263157894737,0.2324561403508772,-0.6666666666666666,0.25,-0.793859649122807,0.25877192982456143,-0.9166666666666666,0.07456140350877193,-0.4780701754385965,0.12280701754385964,-0.7105263157894737,0.14912280701754385,-0.8640350877192983,0.17543859649122806,-1.0,-0.039473684210526314,-0.45614035087719296,-0.008771929824561403,-0.6710526315789473,0.02631578947368421,-0.8114035087719298,0.06140350877192982,-0.9298245614035088,-0.15350877192982457,-0.39473684210526316,-0.13596491228070176,-0.5614035087719298,-0.10964912280701754,-0.6710526315789473,-0.07456140350877193,-0.7719298245614035
0.0,0.0,0.1963470319634703,-0.0776255707762557,0.3378995433789954,-0.2054794520547945,0.3744292237442922,-0.3515981735159817,0.3835616438356164,-0.4885844748858447,0.2374429223744292,-0.4474885844748858,0.2968036529680365,-0.6484018264840182,0.3287671232876712,-0.7808219178082192,0.3561643835616438,-0.9041095890410958,0.1141552511415525,-0.4794520547945205,0.182648401826484,-0.7077625570776256,0.228310502283105,-0.863013698630137,0.2694063926940639,-1.0,-0.0091324200913242,-0.4611872146118721,0.0410958904109589,-0.6757990867579908,0.091324200913242,-0.8127853881278538,0.136986301369863,-0.9360730593607306,-0.1324200913242009,-0.4063926940639269,-0.1050228310502283,-0.5707762557077626,-0.0639269406392694,-0.680365296803653,-0.0228310502283105,-0.7808219178082192
0.0,0.0,0.1590909090909091,-0.10909090909090909,0.2409090909090909,-0.2772727272727273,0.2,-0.42727272727272725,0.1409090909090909,-0.5545454545454546,0.031818181818181815,-0.4818181818181818,-0.00909090909090909,-0.6772727272727272,-0.05,-0.8090909090909091,-0.09090909090909091,-0.9318181818181818,-0.09090909090909091,-0.4636363636363636,-0.14545454545454545,-0.6954545454545454,-0.18181818181818182,-0.8545454545454545,-0.21363636363636362,-1.0,-0.19090909090909092,-0.40454545454545454,-0.2545454545454545,-0.6136363636363636,-0.2863636363636364,-0.759090909090909,-0.30454545454545456,-0.8909090909090909,-0.2818181818181818,-0.3090909090909091,-0.3409090909090909,-0.4636363636363636,-0.36363636363636365,-0.5818181818181818,-0.37727272727272726,-0.6909090909090909
0.0,0.0,0.18487394957983194,-0.08823529411764706,0.31092436974789917,-0.24789915966386555,0.3403361344537815,-0.4117647058823529,0.3487394957983193,-0.5504201680672269,0.226890756302521,-0.4831932773109244,0.2773109243697479,-0.6848739495798319,0.3025210084033613,-0.8067226890756303,0.31932773109243695,-0.9201680672268907,0.11764705882352941,-0.5042016806722689,0.18067226890756302,-0.7310924369747899,0.21428571428571427,-0.8781512605042017,0.23949579831932774,-1.0,0.012605042016806723,-0.4831932773109244,0.0546218487394958,-0.6974789915966386,0.09663865546218488,-0.8361344537815126,0.13865546218487396,-0.9537815126050421,-0.10504201680672269,-0.42857142857142855,-0.07563025210084033,-0.592436974789916,-0.04201680672268908,-0.7016806722689075,-0.004201680672268907,-0.8067226890756303
0.0,0.0,0.18672199170124482,-0.0912863070539419,0.3070539419087137,-0.26556016597510373,0.34024896265560167,-0.43568464730290457,0.34439834024896265,-0.5767634854771784,0.21991701244813278,-0.5020746887966805,0.2697095435684647,-0.7053941908713693,0.2946058091286307,-0.8298755186721992,0.3070539419087137,-0.9377593360995851,0.12033195020746888,-0.5228215767634855,0.17842323651452283,-0.7427385892116183,0.2074688796680498,-0.8838174273858921,0.23236514522821577,-1.0,0.016597510373443983,-0.5020746887966805,0.06224066390041494,-0.7095435684647303,0.1037344398340249,-0.8423236514522822,0.14522821576763487,-0.9585062240663901,-0.0954356846473029,-0.44813278008298757,-0.06639004149377593,-0.6099585062240664,-0.03319502074688797,-0.7178423236514523,0.008298755186721992,-0.8174273858921162
0.0,0.0,0.1680327868852459,-0.11065573770491803,0.2581967213114754,-0.30327868852459017,0.2540983606557377,-0.47950819672131145,0.25,-0.6188524590163934,0.13934426229508196,-0.5204918032786885,0.15163934426229508,-0.7172131147540983,0.15163934426229508,-0.8360655737704918,0.14754098360655737,-0.9426229508196722,0.040983606557377046,-0.5286885245901639,0.05737704918032787,-0.75,0.06147540983606557,-0.8852459016393442,0.06557377049180328,-1.0,-0.05737704918032787,-0.5,-0.04918032786885246,-0.7049180327868853,-0.036885245901639344,-0.8319672131147541,-0.020491803278688523,-0.9467213114754098,-0.15163934426229508,-0.4344262295081967,-0.1557377049180328,-0.5942622950819673,-0.14344262295081966,-0.7008196721311475,-0.12704918032786885,-0.8032786885245902
0.0,0.0,0.15966386554621848,-0.13445378151260504,0.22268907563025211,-0.3403361344537815,0.19327731092436976,-0.5210084033613446,0.1722689075630252,-0.6596638655462185,0.07563025210084033,-0.5462184873949579,0.058823529411764705,-0.7394957983193278,0.046218487394957986,-0.8571428571428571,0.029411764705882353,-0.9621848739495799,-0.029411764705882353,-0.542016806722689,-0.04201680672268908,-0.7521008403361344,-0.0546218487394958,-0.8865546218487395,-0.06302521008403361,-1.0,-0.12184873949579832,-0.5,-0.13865546218487396,-0.7016806722689075,-0.13865546218487396,-0.8277310924369747,-0.13445378151260504,-0.9411764705882353,-0.21008403361344538,-0.42436974789915966,-0.23529411764705882,-0.5840336134453782,-0.23529411764705882,-0.6848739495798319,-0.226890756302521,-0.7899159663865546
0.0,0.0,0.1630901287553648,-0.15021459227467812,0.2145922746781116,-0.36909871244635195,0.18454935622317598,-0.5450643776824035,0.1630901287553648,-0.6824034334763949,0.06437768240343347,-0.5622317596566524,0.04291845493562232,-0.7553648068669528,0.02145922746781116,-0.871244635193133,0.0,-0.9699570815450643,-0.04291845493562232,-0.5536480686695279,-0.060085836909871244,-0.7639484978540773,-0.07725321888412018,-0.8927038626609443,-0.08583690987124463,-1.0,-0.13304721030042918,-0.5150214592274678,-0.15879828326180256,-0.7167381974248928,-0.15879828326180256,-0.8369098712446352,-0.15879828326180256,-0.944206008583691,-0.22317596566523606,-0.44206008583690987,-0.24892703862660945,-0.5965665236051502,-0.24892703862660945,-0.6995708154506438,-0.2446351931330472,-0.7982832618025751
0.0,0.0,0.19282511210762332,-0.12556053811659193,0.26905829596412556,-0.34080717488789236,0.2645739910313901,-0.5246636771300448,0.2645739910313901,-0.6636771300448431,0.13901345291479822,-0.5515695067264574,0.15246636771300448,-0.7488789237668162,0.14798206278026907,-0.8609865470852018,0.13901345291479822,-0.9596412556053812,0.03587443946188341,-0.5650224215246636,0.04932735426008968,-0.7757847533632287,0.05829596412556054,-0.9013452914798207,0.05829596412556054,-1.0,-0.06278026905829596,-0.5426008968609866,-0.05829596412556054,-0.7399103139013453,-0.04484304932735426,-0.8565022421524664,-0.026905829596412557,-0.9551569506726457,-0.16591928251121077,-0.484304932735426,-0.16591928251121077,-0.6412556053811659,-0.15246636771300448,-0.7354260089686099,-0.13452914798206278,-0.8340807174887892
0.0,0.0,0.2119815668202765,-0.1152073732718894,0.31797235023041476,-0.3225806451612903,0.3271889400921659,-0.5069124423963134,0.3271889400921659,-0.6359447004608295,0.20276497695852536,-0.543778801843318,0.2350230414746544,-0.7373271889400922,0.24423963133640553,-0.847926267281106,0.23963133640552994,-0.9447004608294931,0.0967741935483871,-0.5668202764976958,0.1336405529953917,-0.7741935483870968,0.15207373271889402,-0.8986175115207373,0.16129032258064516,-1.0,-0.004608294930875576,-0.5576036866359447,0.02304147465437788,-0.7511520737327189,0.04608294930875576,-0.8663594470046083,0.07373271889400922,-0.9631336405529954,-0.1152073732718894,-0.511520737327189,-0.0967741935483871,-0.6682027649769585,-0.07373271889400922,-0.7649769585253456,-0.05069124423963134,-0.8525345622119815
0.0,0.0,0.21256038647342995,-0.1111111111111111,0.3188405797101449,-0.32367149758454106,0.3285024154589372,-0.5120772946859904,0.3333333333333333,-0.6473429951690821,0.20772946859903382,-0.5555555555555556,0.2463768115942029,-0.748792270531401,0.25120772946859904,-0.855072463768116,0.25120772946859904,-0.9468599033816425,0.10144927536231885,-0.5797101449275363,0.14009661835748793,-0.7874396135265701,0.15942028985507245,-0.9033816425120773,0.17391304347826086,-1.0,-0.004830917874396135,-0.5700483091787439,0.024154589371980676,-0.7632850241545893,0.05314009661835749,-0.8743961352657005,0.0821256038647343,-0.9710144927536232,-0.11594202898550725,-0.5314009661835749,-0.10144927536231885,-0.6859903381642513,-0.07729468599033816,-0.7777777777777778,-0.04830917874396135,-0.8695652173913043
0.0,0.0,0.24271844660194175,-0.0825242718446602,0.3932038834951456,-0.2766990291262136,0.441747572815534,-0.46116504854368934,0.46601941747572817,-0.5970873786407767,0.3155339805825243,-0.5242718446601942,0.38349514563106796,-0.7184466019417476,0.41262135922330095,-0.8349514563106796,0.4320388349514563,-0.9320388349514563,0.21359223300970873,-0.5679611650485437,0.28640776699029125,-0.7766990291262136,0.3300970873786408,-0.9029126213592233,0.3640776699029126,-1.0,0.10679611650485436,-0.5728155339805825,0.17475728155339806,-0.7718446601941747,0.22330097087378642,-0.8883495145631068,0.27184466019417475,-0.9805825242718447,-0.014563106796116505,-0.5436893203883495,0.03398058252427184,-0.7038834951456311,0.07766990291262135,-0.8009708737864077,0.1262135922330097,-0.8883495145631068
0.0,0.0,0.17209302325581396,-0.15813953488372093,0.21395348837209302,-0.3813953488372093,0.1813953488372093,-0.5581395348837209,0.15813953488372093,-0.6883720930232559,0.05116279069767442,-0.5720930232558139,0.03255813953488372,-0.7627906976744186,0.013953488372093023,-0.8697674418604651,-0.004651162790697674,-0.9720930232558139,-0.05116279069767442,-0.5674418604651162,-0.07441860465116279,-0.772093023255814,-0.08837209302325581,-0.8976744186046511,-0.09767441860465116,-1.0,-0.14883720930232558,-0.5302325581395348,-0.17209302325581396,-0.7255813953488373,-0.17674418604651163,-0.8418604651162791,-0.17209302325581396,-0.9441860465116279,-0.2372093023255814,-0.4604651162790698,-0.2651162790697674,-0.6139534883720931,-0.2651162790697674,-0.7162790697674418,-0.26046511627906976,-0.813953488372093
0.0,0.0,0.14354066985645933,-0.17703349282296652,0.15789473684210525,-0.41148325358851673,0.10526315789473684,-0.5933014354066986,0.05741626794258373,-0.7272727272727273,-0.028708133971291867,-0.583732057416268,-0.07177033492822966,-0.7703349282296651,-0.10526315789473684,-0.8755980861244019,-0.13875598086124402,-0.9712918660287081,-0.1339712918660287,-0.569377990430622,-0.18181818181818182,-0.7751196172248804,-0.21052631578947367,-0.8947368421052632,-0.23923444976076555,-1.0,-0.22488038277511962,-0.5215311004784688,-0.2727272727272727,-0.7177033492822966,-0.2966507177033493,-0.8373205741626795,-0.31100478468899523,-0.9425837320574163,-0.31100478468899523,-0.4449760765550239,-0.35406698564593303,-0.5980861244019139,-0.37320574162679426,-0.6985645933014354,-0.3875598086124402,-0.7942583732057417
0.0,0.0,0.15810276679841898,-0.10276679841897234,0.23715415019762845,-0.2845849802371542,0.25296442687747034,-0.45454545454545453,0.24110671936758893,-0.5968379446640316,0.11462450592885376,-0.5098814229249012,0.13043478260869565,-0.7114624505928854,0.12648221343873517,-0.83399209486166,0.1225296442687747,-0.9446640316205533,0.011857707509881422,-0.5217391304347826,0.02766798418972332,-0.7430830039525692,0.03557312252964427,-0.8814229249011858,0.039525691699604744,-1.0,-0.07905138339920949,-0.48616600790513836,-0.07905138339920949,-0.691699604743083,-0.06719367588932806,-0.8221343873517787,-0.05138339920948617,-0.932806324110672,-0.17391304347826086,-0.4189723320158103,-0.18181818181818182,-0.5770750988142292,-0.16996047430830039,-0.6798418972332015,-0.14624505928853754,-0.7786561264822134
0.0,0.0,0.15810276679841898,-0.10276679841897234,0.2450592885375494,-0.2845849802371542,0.2608695652173913,-0.45849802371541504,0.24110671936758893,-0.5889328063241107,0.1225296442687747,-0.5177865612648221,0.13438735177865613,-0.7154150197628458,0.1383399209486166,-0.83399209486166,0.13438735177865613,-0.9407114624505929,0.019762845849802372,-0.5296442687747036,0.03557312252964427,-0.7509881422924901,0.043478260869565216,-0.8853754940711462,0.05533596837944664,-1.0,-0.07509881422924901,-0.5019762845849802,-0.07509881422924901,-0.7035573122529645,-0.06324110671936758,-0.83399209486166,-0.043478260869565216,-0.9407114624505929,-0.16996047430830039,-0.43873517786561267,-0.17786561264822134,-0.6007905138339921,-0.16600790513833993,-0.7035573122529645,-0.14624505928853754,-0.7984189723320159
0.0,0.0,0.15748031496062992,-0.1062992125984252,0.23622047244094488,-0.28346456692913385,0.25196850393700787,-0.452755905511811,0.2204724409448819,-0.5905511811023622,0.11023622047244094,-0.515748031496063,0.1141732283464567,-0.7165354330708661,0.11023622047244094,-0.8346456692913385,0.1062992125984252,-0.9448818897637795,0.007874015748031496,-0.5236220472440944,0.015748031496062992,-0.7480314960629921,0.01968503937007874,-0.8858267716535433,0.027559055118110236,-1.0,-0.09055118110236221,-0.4921259842519685,-0.09448818897637795,-0.6968503937007874,-0.08267716535433071,-0.8307086614173228,-0.06692913385826772,-0.9409448818897638,-0.18110236220472442,-0.4251968503937008,-0.1968503937007874,-0.5826771653543307,-0.1889763779527559,-0.6889763779527559,-0.16929133858267717,-0.7874015748031497
0.0,0.0,0.15354330708661418,-0.11023622047244094,0.2283464566929134,-0.2874015748031496,0.2204724409448819,-0.4566929133858268,0.20078740157480315,-0.6023622047244095,0.07874015748031496,-0.5118110236220472,0.07086614173228346,-0.7125984251968503,0.05905511811023622,-0.8346456692913385,0.03937007874015748,-0.9448818897637795,-0.027559055118110236,-0.5118110236220472,-0.03543307086614173,-0.7362204724409449,-0.04330708661417323,-0.8779527559055118,-0.051181102362204724,-1.0,-0.1220472440944882,-0.47244094488188976,-0.1377952755905512,-0.6771653543307087,-0.14566929133858267,-0.8110236220472441,-0.14173228346456693,-0.9251968503937008,-0.20866141732283464,-0.39763779527559057,-0.23622047244094488,-0.5551181102362205,-0.23622047244094488,-0.65748031496063,-0.2283464566929134,-0.7598425196850394
0.0,0.0,0.15748031496062992,-0.11023622047244094,0.2283464566929134,-0.2952755905511811,0.2204724409448819,-0.4645669291338583,0.1968503937007874,-0.6023622047244095,0.08661417322834646,-0.5196850393700787,0.08267716535433071,-0.7204724409448819,0.07086614173228346,-0.84251968503937,0.051181102362204724,-0.9448818897637795,-0.01968503937007874,-0.5236220472440944,-0.023622047244094488,-0.7480314960629921,-0.027559055118110236,-0.8858267716535433,-0.031496062992125984,-1.0,-0.11811023622047244,-0.484251968503937,-0.13385826771653545,-0.6929133858267716,-0.1377952755905512,-0.8228346456692913,-0.12992125984251968,-0.9330708661417323,-0.20866141732283464,-0.41338582677165353,-0.24015748031496062,-0.5708661417322834,-0.24803149606299213,-0.6771653543307087,-0.2440944881889764,-0.7755905511811023
0.0,0.0,0.15748031496062992,-0.11023622047244094,0.23228346456692914,-0.2952755905511811,0.2283464566929134,-0.4645669291338583,0.20078740157480315,-0.5984251968503937,0.09055118110236221,-0.5196850393700787,0.09055118110236221,-0.7204724409448819,0.07874015748031496,-0.8385826771653543,0.06299212598425197,-0.9488188976377953,-0.015748031496062992,-0.5196850393700787,-0.01968503937007874,-0.7440944881889764,-0.023622047244094488,-0.8818897637795275,-0.023622047244094488,-1.0,-0.11023622047244094,-0.484251968503937,-0.12992125984251968,-0.6889763779527559,-0.12992125984251968,-0.8188976377952756,-0.1220472440944882,-0.9291338582677166,-0.20078740157480315,-0.4094488188976378,-0.2283464566929134,-0.5669291338582677,-0.2283464566929134,-0.6732283464566929,-0.2204724409448819,-0.7755905511811023
0.0,0.0,0.1568627450980392,-0.11372549019607843,0.23137254901960785,-0.29411764705882354,0.22745098039215686,-0.4588235294117647,0.20392156862745098,-0.6,0.09019607843137255,-0.5215686274509804,0.09019607843137255,-0.7176470588235294,0.0784313725490196,-0.8392156862745098,0.06274509803921569,-0.9450980392156862,-0.01568627450980392,-0.5254901960784314,-0.01568627450980392,-0.7450980392156863,-0.0196078431372549,-0.8823529411764706,-0.023529411764705882,-1.0,-0.10980392156862745,-0.48627450980392156,-0.12549019607843137,-0.6901960784313725,-0.12549019607843137,-0.8196078431372549,-0.11764705882352941,-0.9333333333333333,-0.2,-0.4117647058823529,-0.2235294117647059,-0.5686274509803921,-0.2235294117647059,-0.6705882352941176,-0.20784313725490197,-0.7725490196078432
0.0,0.0,0.1541501976284585,-0.11067193675889328,0.233201581027668,-0.2924901185770751,0.22924901185770752,-0.4624505928853755,0.20553359683794467,-0.5968379446640316,0.09486166007905138,-0.5217391304347826,0.09486166007905138,-0.7193675889328063,0.08695652173913043,-0.8379446640316206,0.07509881422924901,-0.9446640316205533,-0.007905138339920948,-0.525691699604743,-0.007905138339920948,-0.7470355731225297,-0.007905138339920948,-0.8853754940711462,-0.007905138339920948,-1.0,-0.10276679841897234,-0.48616600790513836,-0.11857707509881422,-0.691699604743083,-0.11462450592885376,-0.8221343873517787,-0.10276679841897234,-0.932806324110672,-0.1976284584980237,-0.4189723320158103,-0.2134387351778656,-0.5731225296442688,-0.20948616600790515,-0.6798418972332015,-0.19367588932806323,-0.7786561264822134
0.0,0.0,0.15873015873015872,-0.10714285714285714,0.24206349206349206,-0.2857142857142857,0.24603174603174602,-0.4523809523809524,0.2222222222222222,-0.5912698412698413,0.10714285714285714,-0.5198412698412699,0.11507936507936507,-0.7182539682539683,0.10714285714285714,-0.8373015873015873,0.09523809523809523,-0.9444444444444444,0.003968253968253968,-0.5238095238095238,0.011904761904761904,-0.75,0.011904761904761904,-0.8888888888888888,0.011904761904761904,-1.0,-0.09523809523809523,-0.49206349206349204,-0.0992063492063492,-0.6984126984126984,-0.09523809523809523,-0.8253968253968254,-0.08333333333333333,-0.9365079365079365,-0.1865079365079365,-0.42063492063492064,-0.20238095238095238,-0.5833333333333334,-0.1984126984126984,-0.6865079365079365,-0.18253968253968253,-0.7857142857142857
0.0,0.0,0.1607843137254902,-0.10588235294117647,0.25098039215686274,-0.2823529411764706,0.2627450980392157,-0.4470588235294118,0.24705882352941178,-0.5882352941176471,0.12941176470588237,-0.5137254901960784,0.1450980392156863,-0.7137254901960784,0.1450980392156863,-0.8313725490196079,0.13725490196078433,-0.9372549019607843,0.023529411764705882,-0.5215686274509804,0.043137254901960784,-0.7490196078431373,0.047058823529411764,-0.8862745098039215,0.050980392156862744,-1.0,-0.07058823529411765,-0.49019607843137253,-0.07058823529411765,-0.6980392156862745,-0.058823529411764705,-0.8274509803921568,-0.043137254901960784,-0.9372549019607843,-0.16862745098039217,-0.42745098039215684,-0.17647058823529413,-0.5843137254901961,-0.16470588235294117,-0.6901960784313725,-0.1411764705882353,-0.7843137254901961
0.0,0.0,0.1626984126984127,-0.10317460317460317,0.25,-0.27380952380952384,0.2619047619047619,-0.44047619047619047,0.24603174603174602,-0.5833333333333334,0.12698412698412698,-0.5119047619047619,0.14285714285714285,-0.7103174603174603,0.1388888888888889,-0.8333333333333334,0.1349206349206349,-0.9404761904761905,0.027777777777777776,-0.5238095238095238,0.04365079365079365,-0.746031746031746,0.047619047619047616,-0.8849206349206349,0.05555555555555555,-1.0,-0.07142857142857142,-0.49206349206349204,-0.06746031746031746,-0.6984126984126984,-0.05952380952380952,-0.8293650793650794,-0.04365079365079365,-0.9365079365079365,-0.16666666666666666,-0.42857142857142855,-0.1746031746031746,-0.5912698412698413,-0.16666666666666666,-0.6944444444444444,-0.14285714285714285,-0.7896825396825397
0.0,0.0,0.17131474103585656,-0.08764940239043825,0.27091633466135456,-0.2549800796812749,0.30278884462151395,-0.41832669322709165,0.29880478087649404,-0.5577689243027888,0.17928286852589642,-0.49800796812749004,0.2151394422310757,-0.6972111553784861,0.22310756972111553,-0.8207171314741036,0.22310756972111553,-0.9322709163346613,0.07569721115537849,-0.5219123505976095,0.11553784860557768,-0.7450199203187251,0.13147410358565736,-0.8844621513944223,0.14342629482071714,-1.0,-0.02390438247011952,-0.50199203187251,0.0,-0.7091633466135459,0.02390438247011952,-0.8366533864541833,0.04780876494023904,-0.9442231075697212,-0.12749003984063745,-0.44621513944223107,-0.11553784860557768,-0.6055776892430279,-0.09561752988047809,-0.7091633466135459,-0.06374501992031872,-0.8047808764940239
0.0,0.0,0.1752988047808765,-0.08366533864541832,0.28286852589641437,-0.24302788844621515,0.3187250996015936,-0.4103585657370518,0.30677290836653387,-0.5537848605577689,0.1952191235059761,-0.49800796812749004,0.23904382470119523,-0.6972111553784861,0.250996015936255,-0.8167330677290837,0.2549800796812749,-0.9282868525896414,0.09163346613545817,-0.5219123505976095,0.13545816733067728,-0.749003984063745,0.1593625498007968,-0.8844621513944223,0.17928286852589642,-1.0,-0.01195219123505976,-0.50199203187251,0.01593625498007968,-0.7131474103585658,0.04780876494023904,-0.8446215139442231,0.07569721115537849,-0.952191235059761,-0.11952191235059761,-0.4541832669322709,-0.10358565737051793,-0.6175298804780877,-0.0796812749003984,-0.7211155378486056,-0.043824701195219126,-0.8127490039840638
0.0,0.0,0.1865079365079365,-0.07539682539682539,0.30158730158730157,-0.23412698412698413,0.34523809523809523,-0.3968253968253968,0.34523809523809523,-0.5396825396825397,0.2261904761904762,-0.49206349206349204,0.2777777777777778,-0.6904761904761905,0.2976190476190476,-0.8134920634920635,0.30952380952380953,-0.9285714285714286,0.11904761904761904,-0.5198412698412699,0.17857142857142858,-0.746031746031746,0.21031746031746032,-0.8849206349206349,0.23412698412698413,-1.0,0.015873015873015872,-0.5119047619047619,0.05555555555555555,-0.7182539682539683,0.09523809523809523,-0.8492063492063492,0.1349206349206349,-0.9563492063492064,-0.09126984126984126,-0.4642857142857143,-0.06746031746031746,-0.626984126984127,-0.03571428571428571,-0.7301587301587301,0.003968253968253968,-0.8253968253968254
0.0,0.0,0.188,-0.068,0.316,-0.224,0.368,-0.388,0.38,-0.532,0.252,-0.492,0.32,-0.692,0.348,-0.816,0.372,-0.928,0.152,-0.528,0.224,-0.752,0.264,-0.888,0.304,-1.0,0.048,-0.52,0.104,-0.732,0.152,-0.856,0.196,-0.96,-0.06,-0.48,-0.028,-0.644,0.008,-0.748,0.056,-0.84
0.0,0.0,0.17054263565891473,-0.08527131782945736,0.28294573643410853,-0.2441860465116279,0.31007751937984496,-0.4069767441860465,0.31007751937984496,-0.5503875968992248,0.18604651162790697,-0.5038759689922481,0.2248062015503876,-0.7015503875968992,0.24031007751937986,-0.8255813953488372,0.2558139534883721,-0.937984496124031,0.08527131782945736,-0.5271317829457365,0.12403100775193798,-0.7441860465116279,0.1511627906976744,-0.8837209302325582,0.17829457364341086,-1.0,-0.015503875968992248,-0.5077519379844961,0.011627906976744186,-0.7131782945736435,0.04263565891472868,-0.8449612403100775,0.07751937984496124,-0.9534883720930233,-0.11627906976744186,-0.4496124031007752,-0.10465116279069768,-0.6124031007751938,-0.07751937984496124,-0.7170542635658915,-0.046511627906976744,-0.813953488372093
0.0,0.0,0.1596958174904943,-0.09125475285171103,0.25475285171102663,-0.25475285171102663,0.25475285171102663,-0.4220532319391635,0.22813688212927757,-0.5627376425855514,0.13307984790874525,-0.5019011406844106,0.14068441064638784,-0.7072243346007605,0.13688212927756654,-0.8326996197718631,0.13307984790874525,-0.9467680608365019,0.022813688212927757,-0.5133079847908745,0.034220532319391636,-0.7414448669201521,0.04182509505703422,-0.8821292775665399,0.053231939163498096,-1.0,-0.07604562737642585,-0.4828897338403042,-0.07604562737642585,-0.6958174904942965,-0.06463878326996197,-0.8288973384030418,-0.045627376425855515,-0.935361216730038,-0.17490494296577946,-0.41825095057034223,-0.18631178707224336,-0.5817490494296578,-0.17110266159695817,-0.688212927756654,-0.1482889733840304,-0.7870722433460076
0.0,0.0,0.15185185185185185,-0.0962962962962963,0.23703703703703705,-0.25925925925925924,0.23703703703703705,-0.42592592592592593,0.2111111111111111,-0.562962962962963,0.1111111111111111,-0.4962962962962963,0.11481481481481481,-0.7,0.1037037037037037,-0.825925925925926,0.0962962962962963,-0.9407407407407408,0.003703703703703704,-0.5037037037037037,0.007407407407407408,-0.7333333333333333,0.007407407407407408,-0.8777777777777778,0.011111111111111112,-1.0,-0.09259259259259259,-0.4666666666666667,-0.1037037037037037,-0.6777777777777778,-0.0962962962962963,-0.8148148148148148,-0.08518518518518518,-0.9259259259259259,-0.18518518518518517,-0.4,-0.2,-0.5555555555555556,-0.1925925925925926,-0.662962962962963,-0.17777777777777778,-0.762962962962963
0.0,0.0,0.15441176470588236,-0.09558823529411764,0.2426470588235294,-0.2610294117647059,0.23897058823529413,-0.4227941176470588,0.21323529411764705,-0.5625,0.11397058823529412,-0.4889705882352941,0.1213235294117647,-0.6911764705882353,0.11029411764705882,-0.8198529411764706,0.09926470588235294,-0.9338235294117647,0.007352941176470588,-0.4963235294117647,0.011029411764705883,-0.7316176470588235,0.011029411764705883,-0.8786764705882353,0.011029411764705883,-1.0,-0.09191176470588236,-0.46691176470588236,-0.09926470588235294,-0.6801470588235294,-0.09558823529411764,-0.8161764705882353,-0.08455882352941177,-0.9264705882352942,-0.18382352941176472,-0.39705882352941174,-0.20220588235294118,-0.5588235294117647,-0.1948529411764706,-0.6654411764705882,-0.1801470588235294,-0.7647058823529411
0.0,0.0,0.15808823529411764,-0.09191176470588236,0.2426470588235294,-0.2536764705882353,0.24632352941176472,-0.41544117647058826,0.22058823529411764,-0.5551470588235294,0.11764705882352941,-0.48161764705882354,0.12867647058823528,-0.6875,0.125,-0.8161764705882353,0.11764705882352941,-0.9338235294117647,0.011029411764705883,-0.49264705882352944,0.025735294117647058,-0.7279411764705882,0.029411764705882353,-0.875,0.029411764705882353,-1.0,-0.08455882352941177,-0.45955882352941174,-0.08823529411764706,-0.6764705882352942,-0.08088235294117647,-0.8125,-0.0661764705882353,-0.9264705882352942,-0.17647058823529413,-0.39338235294117646,-0.19117647058823528,-0.5514705882352942,-0.1801470588235294,-0.6580882352941176,-0.16176470588235295,-0.7573529411764706
0.0,0.0,0.16117216117216118,-0.09157509157509157,0.2600732600732601,-0.2454212454212454,0.26373626373626374,-0.40293040293040294,0.2454212454212454,-0.5421245421245421,0.13553113553113552,-0.4725274725274725,0.1575091575091575,-0.6776556776556777,0.1575091575091575,-0.8095238095238095,0.15384615384615385,-0.9267399267399268,0.029304029304029304,-0.4835164835164835,0.05128205128205128,-0.7216117216117216,0.05860805860805861,-0.8717948717948718,0.06593406593406594,-1.0,-0.06593406593406594,-0.4542124542124542,-0.06227106227106227,-0.6703296703296703,-0.05128205128205128,-0.8095238095238095,-0.03296703296703297,-0.9267399267399268,-0.16117216117216118,-0.3882783882783883,-0.17216117216117216,-0.5494505494505495,-0.1575091575091575,-0.6593406593406593,-0.13186813186813187,-0.7582417582417582
0.0,0.0,0.16791044776119404,-0.07835820895522388,0.26865671641791045,-0.22761194029850745,0.2798507462686567,-0.3880597014925373,0.27238805970149255,-0.5335820895522388,0.15298507462686567,-0.4701492537313433,0.1791044776119403,-0.6753731343283582,0.1865671641791045,-0.8097014925373134,0.19029850746268656,-0.9253731343283582,0.04477611940298507,-0.48507462686567165,0.07462686567164178,-0.7201492537313433,0.08955223880597014,-0.8731343283582089,0.1044776119402985,-1.0,-0.05223880597014925,-0.4552238805970149,-0.041044776119402986,-0.6716417910447762,-0.026119402985074626,-0.8097014925373134,0.0,-0.9253731343283582,-0.14925373134328357,-0.3880597014925373,-0.15298507462686567,-0.5485074626865671,-0.13805970149253732,-0.6604477611940298,-0.11194029850746269,-0.7611940298507462
0.0,0.0,0.17037037037037037,-0.07777777777777778,0.2814814814814815,-0.22592592592592592,0.29259259259259257,-0.3851851851851852,0.2814814814814815,-0.5259259259259259,0.15555555555555556,-0.46296296296296297,0.18518518518518517,-0.6666666666666666,0.1962962962962963,-0.8037037037037037,0.2037037037037037,-0.9222222222222223,0.04814814814814815,-0.4777777777777778,0.08148148148148149,-0.7148148148148148,0.1,-0.8666666666666667,0.11851851851851852,-1.0,-0.04814814814814815,-0.45555555555555555,-0.03333333333333333,-0.6703703703703704,-0.014814814814814815,-0.8111111111111111,0.011111111111111112,-0.9296296296296296,-0.14444444444444443,-0.3925925925925926,-0.13703703703703704,-0.5518518518518518,-0.12222222222222222,-0.662962962962963,-0.0962962962962963,-0.762962962962963
0.0,0.0,0.18248175182481752,-0.07664233576642336,0.291970802919708,-0.21897810218978103,0.31386861313868614,-0.3759124087591241,0.29927007299270075,-0.5182481751824818,0.17883211678832117,-0.45985401459854014,0.2116788321167883,-0.6642335766423357,0.22262773722627738,-0.7992700729927007,0.22992700729927007,-0.927007299270073,0.06934306569343066,-0.48175182481751827,0.10218978102189781,-0.708029197080292,0.12043795620437957,-0.864963503649635,0.1386861313868613,-1.0,-0.032846715328467155,-0.4562043795620438,-0.01824817518248175,-0.6642335766423357,0.0072992700729927005,-0.8065693430656934,0.0364963503649635,-0.9306569343065694,-0.13503649635036497,-0.39416058394160586,-0.12773722627737227,-0.5547445255474452,-0.10583941605839416,-0.6678832116788321,-0.08029197080291971,-0.7700729927007299
0.0,0.0,0.17883211678832117,-0.06934306569343066,0.2956204379562044,-0.20802919708029197,0.32116788321167883,-0.3686131386861314,0.31386861313868614,-0.5145985401459854,0.19343065693430658,-0.4562043795620438,0.22627737226277372,-0.6678832116788321,0.23357664233576642,-0.8029197080291971,0.24452554744525548,-0.9306569343065694,0.08029197080291971,-0.4781021897810219,0.11678832116788321,-0.708029197080292,0.13503649635036497,-0.864963503649635,0.15693430656934307,-1.0,-0.021897810218978103,-0.4562043795620438,-0.0072992700729927005,-0.6678832116788321,0.021897810218978103,-0.8102189781021898,0.051094890510948905,-0.9306569343065694,-0.12408759124087591,-0.3978102189781022,-0.12043795620437957,-0.5583941605839416,-0.0948905109489051,-0.6678832116788321,-0.06569343065693431,-0.7700729927007299
0.0,0.0,0.17625899280575538,-0.07553956834532374,0.29136690647482016,-0.21942446043165467,0.30935251798561153,-0.3776978417266187,0.302158273381295,-0.5179856115107914,0.18345323741007194,-0.46402877697841727,0.21223021582733814,-0.6726618705035972,0.21942446043165467,-0.8057553956834532,0.22661870503597123,-0.9316546762589928,0.07194244604316546,-0.48201438848920863,0.10431654676258993,-0.7122302158273381,0.1223021582733813,-0.8669064748201439,0.14388489208633093,-1.0,-0.02877697841726619,-0.4568345323741007,-0.014388489208633094,-0.6726618705035972,0.01079136690647482,-0.8129496402877698,0.039568345323741004,-0.9316546762589928,-0.12949640287769784,-0.39928057553956836,-0.12589928057553956,-0.5611510791366906,-0.1079136690647482,-0.6726618705035972,-0.07913669064748201,-0.7733812949640287
0.0,0.0,0.17562724014336917,-0.07168458781362007,0.2867383512544803,-0.2114695340501792,0.30824372759856633,-0.3727598566308244,0.3046594982078853,-0.5161290322580645,0.17562724014336917,-0.46236559139784944,0.20430107526881722,-0.6702508960573477,0.21505376344086022,-0.8064516129032258,0.21863799283154123,-0.9283154121863799,0.06810035842293907,-0.48028673835125446,0.0967741935483871,-0.7096774193548387,0.11469534050179211,-0.8637992831541219,0.13620071684587814,-1.0,-0.03225806451612903,-0.4551971326164875,-0.017921146953405017,-0.6666666666666666,0.0035842293906810036,-0.8064516129032258,0.03225806451612903,-0.9247311827956989,-0.13261648745519714,-0.3978494623655914,-0.12903225806451613,-0.5555555555555556,-0.10752688172043011,-0.6666666666666666,-0.07885304659498207,-0.7670250896057348
0.0,0.0,0.16433566433566432,-0.0944055944055944,0.25524475524475526,-0.24825174825174826,0.26223776223776224,-0.40559440559440557,0.2517482517482518,-0.5454545454545454,0.13986013986013987,-0.486013986013986,0.16083916083916083,-0.6888111888111889,0.16433566433566432,-0.8181818181818182,0.16783216783216784,-0.9335664335664335,0.03496503496503497,-0.5,0.055944055944055944,-0.7307692307692307,0.06993006993006994,-0.8776223776223776,0.08391608391608392,-1.0,-0.06293706293706294,-0.4755244755244755,-0.055944055944055944,-0.6888111888111889,-0.038461538461538464,-0.8251748251748252,-0.017482517482517484,-0.9370629370629371,-0.16083916083916083,-0.4160839160839161,-0.16083916083916083,-0.5804195804195804,-0.14335664335664336,-0.6853146853146853,-0.11888111888111888,-0.7832167832167832
0.0,0.0,0.16608996539792387,-0.08996539792387544,0.2629757785467128,-0.2629757785467128,0.2768166089965398,-0.43944636678200694,0.25259515570934254,-0.5847750865051903,0.14186851211072665,-0.5121107266435986,0.15570934256055363,-0.7162629757785467,0.15570934256055363,-0.8373702422145328,0.15570934256055363,-0.9446366782006921,0.03460207612456748,-0.5259515570934256,0.04844290657439446,-0.7508650519031141,0.05536332179930796,-0.889273356401384,0.0657439446366782,-1.0,-0.06228373702422145,-0.4982698961937716,-0.05536332179930796,-0.7093425605536332,-0.03806228373702422,-0.8408304498269896,-0.01730103806228374,-0.9515570934256056,-0.15916955017301038,-0.4359861591695502,-0.16262975778546712,-0.5986159169550173,-0.14878892733564014,-0.7024221453287197,-0.12802768166089964,-0.8027681660899654
0.0,0.0,0.16151202749140894,-0.08934707903780069,0.2611683848797251,-0.2611683848797251,0.27491408934707906,-0.436426116838488,0.25773195876288657,-0.5807560137457045,0.140893470790378,-0.5051546391752577,0.15807560137457044,-0.7079037800687286,0.16151202749140894,-0.8350515463917526,0.16151202749140894,-0.9415807560137457,0.037800687285223365,-0.5223367697594502,0.054982817869415807,-0.7491408934707904,0.06529209621993128,-0.8865979381443299,0.07560137457044673,-1.0,-0.058419243986254296,-0.4948453608247423,-0.05154639175257732,-0.7079037800687286,-0.030927835051546393,-0.8384879725085911,-0.006872852233676976,-0.9450171821305842,-0.15463917525773196,-0.436426116838488,-0.15807560137457044,-0.5979381443298969,-0.140893470790378,-0.7010309278350515,-0.12027491408934708,-0.7972508591065293
0.0,0.0,0.1701388888888889,-0.08333333333333333,0.28125,-0.23958333333333334,0.3055555555555556,-0.40625,0.2951388888888889,-0.5555555555555556,0.1736111111111111,-0.4861111111111111,0.2048611111111111,-0.6944444444444444,0.2152777777777778,-0.8194444444444444,0.21875,-0.9305555555555556,0.06597222222222222,-0.5069444444444444,0.09722222222222222,-0.7395833333333334,0.11458333333333333,-0.8819444444444444,0.13194444444444445,-1.0,-0.034722222222222224,-0.4861111111111111,-0.017361111111111112,-0.7013888888888888,0.010416666666666666,-0.8368055555555556,0.041666666666666664,-0.9479166666666666,-0.13541666666666666,-0.4305555555555556,-0.13194444444444445,-0.59375,-0.1076388888888889,-0.7013888888888888,-0.0798611111111111,-0.7986111111111112
0.0,0.0,0.1827956989247312,-0.06810035842293907,0.3154121863799283,-0.2078853046594982,0.3655913978494624,-0.36917562724014336,0.36917562724014336,-0.5161290322580645,0.23655913978494625,-0.4731182795698925,0.3010752688172043,-0.6774193548387096,0.32616487455197135,-0.8028673835125448,0.34767025089605735,-0.9175627240143369,0.13620071684587814,-0.5089605734767025,0.20430107526881722,-0.7383512544802867,0.24372759856630824,-0.8817204301075269,0.27598566308243727,-1.0,0.03225806451612903,-0.5017921146953405,0.07885304659498207,-0.7132616487455197,0.12186379928315412,-0.8458781362007168,0.16845878136200718,-0.956989247311828,-0.07885304659498207,-0.46236559139784944,-0.053763440860215055,-0.6236559139784946,-0.014336917562724014,-0.7311827956989247,0.02867383512544803,-0.8243727598566308
0.0,0.0,0.19202898550724637,-0.06521739130434782,0.3333333333333333,-0.19927536231884058,0.39492753623188404,-0.358695652173913,0.39855072463768115,-0.5036231884057971,0.2753623188405797,-0.4782608695652174,0.3442028985507246,-0.6811594202898551,0.3804347826086957,-0.8079710144927537,0.4057971014492754,-0.9202898550724637,0.17391304347826086,-0.5181159420289855,0.25,-0.7463768115942029,0.2971014492753623,-0.8840579710144928,0.34057971014492755,-1.0,0.06521739130434782,-0.5144927536231884,0.12681159420289856,-0.7282608695652174,0.17753623188405798,-0.8586956521739131,0.22826086956521738,-0.967391304347826,-0.050724637681159424,-0.4782608695652174,-0.010869565217391304,-0.6413043478260869,0.028985507246376812,-0.7463768115942029,0.07971014492753623,-0.8405797101449275
0.0,0.0,0.1890909090909091,-0.05818181818181818,0.33454545454545453,-0.19636363636363635,0.4,-0.3563636363636364,0.4036363636363636,-0.5018181818181818,0.28,-0.4763636363636364,0.3527272727272727,-0.68,0.3890909090909091,-0.8036363636363636,0.4218181818181818,-0.92,0.1781818181818182,-0.5163636363636364,0.2545454545454545,-0.7418181818181818,0.3054545454545455,-0.88,0.3527272727272727,-1.0,0.07272727272727272,-0.5127272727272727,0.13090909090909092,-0.7272727272727273,0.18181818181818182,-0.8545454545454545,0.23636363636363636,-0.9636363636363636,-0.04,-0.4763636363636364,-0.0036363636363636364,-0.64,0.04,-0.7454545454545455,0.09090909090909091,-0.84
0.0,0.0,0.18345323741007194,-0.0683453237410072,0.31654676258992803,-0.20863309352517986,0.36330935251798563,-0.37050359712230213,0.36330935251798563,-0.5179856115107914,0.23741007194244604,-0.48201438848920863,0.2949640287769784,-0.6870503597122302,0.32014388489208634,-0.8165467625899281,0.34172661870503596,-0.9316546762589928,0.1366906474820144,-0.5143884892086331,0.2014388489208633,-0.7446043165467626,0.2446043165467626,-0.8848920863309353,0.2805755395683453,-1.0,0.03597122302158273,-0.5071942446043165,0.08273381294964029,-0.7230215827338129,0.1223021582733813,-0.8525179856115108,0.16546762589928057,-0.960431654676259,-0.07194244604316546,-0.4676258992805755,-0.046762589928057555,-0.6294964028776978,-0.014388489208633094,-0.7338129496402878,0.02158273381294964,-0.8273381294964028
0.0,0.0,0.1773049645390071,-0.07446808510638298,0.3049645390070922,-0.2198581560283688,0.3404255319148936,-0.3829787234042553,0.32978723404255317,-0.5283687943262412,0.2198581560283688,-0.4787234042553192,0.26595744680851063,-0.6879432624113475,0.28368794326241137,-0.8156028368794326,0.2978723404255319,-0.9326241134751773,0.12056737588652482,-0.5106382978723404,0.1702127659574468,-0.7375886524822695,0.20567375886524822,-0.8829787234042553,0.23404255319148937,-1.0,0.01773049645390071,-0.5,0.05319148936170213,-0.7127659574468085,0.08865248226950355,-0.8439716312056738,0.12411347517730496,-0.9539007092198581,-0.08865248226950355,-0.45390070921985815,-0.07446808510638298,-0.6205673758865248,-0.04609929078014184,-0.7269503546099291,-0.014184397163120567,-0.8191489361702128
0.0,0.0,0.16549295774647887,-0.08098591549295775,0.2711267605633803,-0.23591549295774647,0.2852112676056338,-0.40492957746478875,0.2711267605633803,-0.5492957746478874,0.15492957746478872,-0.4894366197183099,0.1795774647887324,-0.6971830985915493,0.18661971830985916,-0.823943661971831,0.1936619718309859,-0.9401408450704225,0.0528169014084507,-0.5070422535211268,0.07394366197183098,-0.7359154929577465,0.09507042253521127,-0.8802816901408451,0.11267605633802817,-1.0,-0.045774647887323945,-0.4859154929577465,-0.035211267605633804,-0.6971830985915493,-0.01056338028169014,-0.8309859154929577,0.017605633802816902,-0.9436619718309859,-0.1443661971830986,-0.4295774647887324,-0.1443661971830986,-0.5915492957746479,-0.13028169014084506,-0.6971830985915493,-0.1056338028169014,-0.795774647887324
0.0,0.0,0.1619718309859155,-0.09507042253521127,0.2535211267605634,-0.25704225352112675,0.25,-0.4225352112676056,0.22535211267605634,-0.5598591549295775,0.11267605633802817,-0.5,0.11267605633802817,-0.704225352112676,0.10915492957746478,-0.8309859154929577,0.1056338028169014,-0.9436619718309859,0.007042253521126761,-0.5105633802816901,0.007042253521126761,-0.7323943661971831,0.007042253521126761,-0.8802816901408451,0.017605633802816902,-1.0,-0.08450704225352113,-0.4823943661971831,-0.09507042253521127,-0.6901408450704225,-0.08450704225352113,-0.8204225352112676,-0.06690140845070422,-0.9295774647887324,-0.176056338028169,-0.41901408450704225,-0.1936619718309859,-0.573943661971831,-0.18309859154929578,-0.676056338028169,-0.16901408450704225,-0.7746478873239436
0.0,0.0,0.1601423487544484,-0.099644128113879,0.24555160142348753,-0.2669039145907473,0.2313167259786477,-0.4377224199288256,0.18861209964412812,-0.5765124555160143,0.08540925266903915,-0.501779359430605,0.0711743772241993,-0.7046263345195729,0.05693950177935943,-0.8362989323843416,0.03914590747330961,-0.9501779359430605,-0.02491103202846975,-0.501779359430605,-0.03914590747330961,-0.7295373665480427,-0.046263345195729534,-0.8790035587188612,-0.0498220640569395,-1.0,-0.11743772241992882,-0.46619217081850534,-0.1423487544483986,-0.6761565836298933,-0.14590747330960854,-0.8113879003558719,-0.1387900355871886,-0.9252669039145908,-0.20640569395017794,-0.39501779359430605,-0.23487544483985764,-0.5480427046263345,-0.23487544483985764,-0.6548042704626335,-0.22419928825622776,-0.7508896797153025
0.0,0.0,0.15845070422535212,-0.09859154929577464,0.24295774647887325,-0.2640845070422535,0.22535211267605634,-0.4295774647887324,0.18309859154929578,-0.573943661971831,0.07746478873239436,-0.5,0.06338028169014084,-0.7007042253521126,0.045774647887323945,-0.8309859154929577,0.028169014084507043,-0.9471830985915493,-0.03169014084507042,-0.5,-0.045774647887323945,-0.7253521126760564,-0.05985915492957746,-0.8767605633802817,-0.06338028169014084,-1.0,-0.1267605633802817,-0.4612676056338028,-0.15140845070422534,-0.6690140845070423,-0.15492957746478872,-0.8063380281690141,-0.14788732394366197,-0.9190140845070423,-0.2112676056338028,-0.3873239436619718,-0.23943661971830985,-0.5422535211267606,-0.23943661971830985,-0.647887323943662,-0.2323943661971831,-0.75
0.0,0.0,0.15789473684210525,-0.10175438596491228,0.23508771929824562,-0.2736842105263158,0.22105263157894736,-0.4456140350877193,0.1824561403508772,-0.5894736842105263,0.07368421052631578,-0.5017543859649123,0.056140350877192984,-0.7087719298245614,0.03508771929824561,-0.8421052631578947,0.017543859649122806,-0.9578947368421052,-0.03508771929824561,-0.5052631578947369,-0.056140350877192984,-0.7298245614035088,-0.07017543859649122,-0.8771929824561403,-0.07368421052631578,-1.0,-0.12982456140350876,-0.4666666666666667,-0.15789473684210525,-0.6771929824561403,-0.16140350877192983,-0.8105263157894737,-0.1543859649122807,-0.9263157894736842,-0.21403508771929824,-0.3929824561403509,-0.24561403508771928,-0.5508771929824562,-0.24912280701754386,-0.6526315789473685,-0.24210526315789474,-0.7508771929824561
0.0,0.0,0.15602836879432624,-0.09574468085106383,0.2375886524822695,-0.2624113475177305,0.21631205673758866,-0.4326241134751773,0.17375886524822695,-0.5780141843971631,0.0673758865248227,-0.5,0.04964539007092199,-0.7021276595744681,0.028368794326241134,-0.8333333333333334,0.010638297872340425,-0.950354609929078,-0.0425531914893617,-0.5,-0.06382978723404255,-0.7269503546099291,-0.07801418439716312,-0.875886524822695,-0.0851063829787234,-1.0,-0.1347517730496454,-0.46099290780141844,-0.16666666666666666,-0.6702127659574468,-0.1702127659574468,-0.8049645390070922,-0.16666666666666666,-0.9184397163120568,-0.2198581560283688,-0.38652482269503546,-0.25177304964539005,-0.5425531914893617,-0.2553191489361702,-0.648936170212766,-0.25177304964539005,-0.7446808510638298
0.0,0.0,0.15384615384615385,-0.0944055944055944,0.24125874125874125,-0.25524475524475526,0.2202797202797203,-0.4160839160839161,0.17832167832167833,-0.5559440559440559,0.06643356643356643,-0.486013986013986,0.055944055944055944,-0.6923076923076923,0.038461538461538464,-0.8251748251748252,0.02097902097902098,-0.9440559440559441,-0.04195804195804196,-0.48951048951048953,-0.055944055944055944,-0.7202797202797203,-0.06643356643356643,-0.8706293706293706,-0.07342657342657342,-1.0,-0.13286713286713286,-0.45104895104895104,-0.16083916083916083,-0.6608391608391608,-0.16433566433566432,-0.8006993006993007,-0.16083916083916083,-0.916083916083916,-0.21328671328671328,-0.3811188811188811,-0.24125874125874125,-0.5384615384615384,-0.24475524475524477,-0.6433566433566433,-0.23776223776223776,-0.7412587412587412
0.0,0.0,0.15734265734265734,-0.08391608391608392,0.25524475524475526,-0.23076923076923078,0.24475524475524477,-0.3881118881118881,0.2097902097902098,-0.5314685314685315,0.0944055944055944,-0.46853146853146854,0.0944055944055944,-0.6748251748251748,0.08391608391608392,-0.8111888111888111,0.07342657342657342,-0.9335664335664335,-0.017482517482517484,-0.4755244755244755,-0.017482517482517484,-0.7097902097902098,-0.02097902097902098,-0.8671328671328671,-0.02097902097902098,-1.0,-0.11188811188811189,-0.44405594405594406,-0.12937062937062938,-0.6538461538461539,-0.12937062937062938,-0.7937062937062938,-0.11888111888111888,-0.916083916083916,-0.1993006993006993,-0.3741258741258741,-0.2202797202797203,-0.527972027972028,-0.2202797202797203,-0.6328671328671329,-0.21328671328671328,-0.7342657342657343
0.0,0.0,0.15845070422535212,-0.08098591549295775,0.2605633802816901,-0.22535211267605634,0.2605633802816901,-0.38028169014084506,0.2323943661971831,-0.5246478873239436,0.11971830985915492,-0.4647887323943662,0.1267605633802817,-0.6725352112676056,0.11619718309859155,-0.8098591549295775,0.1056338028169014,-0.9295774647887324,0.007042253521126761,-0.4753521126760563,0.01056338028169014,-0.7112676056338029,0.01056338028169014,-0.8661971830985915,0.014084507042253521,-1.0,-0.0880281690140845,-0.44366197183098594,-0.10211267605633803,-0.6549295774647887,-0.09507042253521127,-0.795774647887324,-0.08098591549295775,-0.9154929577464789,-0.1795774647887324,-0.3767605633802817,-0.19718309859154928,-0.5352112676056338,-0.1936619718309859,-0.6443661971830986,-0.1795774647887324,-0.7464788732394366
0.0,0.0,0.16370106761565836,-0.07473309608540925,0.2704626334519573,-0.21708185053380782,0.2669039145907473,-0.3736654804270463,0.23843416370106763,-0.5160142348754448,0.12811387900355872,-0.4626334519572954,0.1387900355871886,-0.6725978647686833,0.13167259786476868,-0.8078291814946619,0.12455516014234876,-0.9323843416370107,0.014234875444839857,-0.47686832740213525,0.017793594306049824,-0.708185053380783,0.021352313167259787,-0.8647686832740213,0.028469750889679714,-1.0,-0.08540925266903915,-0.44483985765124556,-0.09608540925266904,-0.6583629893238434,-0.08540925266903915,-0.797153024911032,-0.0711743772241993,-0.9181494661921709,-0.17793594306049823,-0.3807829181494662,-0.19217081850533807,-0.5373665480427047,-0.18505338078291814,-0.6441281138790036,-0.1708185053380783,-0.7473309608540926
0.0,0.0,0.16370106761565836,-0.07829181494661921,0.2704626334519573,-0.2206405693950178,0.2704626334519573,-0.37722419928825623,0.2491103202846975,-0.5195729537366548,0.13167259786476868,-0.4626334519572954,0.14590747330960854,-0.6725978647686833,0.1423487544483986,-0.8078291814946619,0.13523131672597866,-0.9323843416370107,0.017793594306049824,-0.47330960854092524,0.028469750889679714,-0.7117437722419929,0.03202846975088968,-0.8683274021352313,0.03914590747330961,-1.0,-0.08185053380782918,-0.44483985765124556,-0.08896797153024912,-0.6619217081850534,-0.07473309608540925,-0.800711743772242,-0.060498220640569395,-0.9217081850533808,-0.17793594306049823,-0.3807829181494662,-0.18861209964412812,-0.5373665480427047,-0.17793594306049823,-0.6441281138790036,-0.16370106761565836,-0.7437722419928826
0.0,0.0,0.1625441696113074,-0.0706713780918728,0.2756183745583039,-0.2226148409893993,0.28975265017667845,-0.392226148409894,0.26855123674911663,-0.5371024734982333,0.1696113074204947,-0.47703180212014135,0.1872791519434629,-0.6819787985865724,0.1872791519434629,-0.8127208480565371,0.18374558303886926,-0.9328621908127208,0.06007067137809187,-0.49823321554770317,0.08480565371024736,-0.7279151943462897,0.09540636042402827,-0.8763250883392226,0.10954063604240283,-1.0,-0.04240282685512368,-0.47703180212014135,-0.03180212014134275,-0.6855123674911661,-0.014134275618374558,-0.823321554770318,0.007067137809187279,-0.9363957597173145,-0.14487632508833923,-0.4169611307420495,-0.1413427561837456,-0.5759717314487632,-0.127208480565371,-0.6819787985865724,-0.10600706713780919,-0.7809187279151943
0.0,0.0,0.16725978647686832,-0.07473309608540925,0.2775800711743772,-0.2313167259786477,0.29537366548042704,-0.398576512455516,0.2669039145907473,-0.5409252669039146,0.1708185053380783,-0.49110320284697506,0.18505338078291814,-0.693950177935943,0.18861209964412812,-0.8220640569395018,0.18505338078291814,-0.9359430604982206,0.060498220640569395,-0.5088967971530249,0.08185053380782918,-0.7402135231316725,0.099644128113879,-0.8825622775800712,0.11387900355871886,-1.0,-0.042704626334519574,-0.4875444839857651,-0.028469750889679714,-0.701067615658363,-0.010676156583629894,-0.8327402135231317,0.014234875444839857,-0.9430604982206405,-0.1423487544483986,-0.4306049822064057,-0.1423487544483986,-0.5907473309608541,-0.12455516014234876,-0.697508896797153,-0.10320284697508897,-0.7900355871886121
0.0,0.0,0.17328519855595667,-0.07942238267148015,0.2779783393501805,-0.24548736462093862,0.296028880866426,-0.4151624548736462,0.27075812274368233,-0.555956678700361,0.16606498194945848,-0.5018050541516246,0.18411552346570398,-0.7075812274368231,0.18411552346570398,-0.8303249097472925,0.18050541516245489,-0.9350180505415162,0.05776173285198556,-0.51985559566787,0.08303249097472924,-0.7472924187725631,0.09747292418772563,-0.8880866425992779,0.11191335740072202,-1.0,-0.04332129963898917,-0.4981949458483754,-0.02888086642599278,-0.7111913357400722,-0.007220216606498195,-0.8411552346570397,0.01444043321299639,-0.9494584837545126,-0.1444043321299639,-0.4368231046931408,-0.1407942238267148,-0.5992779783393501,-0.12274368231046931,-0.703971119133574,-0.10108303249097472,-0.8014440433212996
0.0,0.0,0.17228464419475656,-0.08614232209737828,0.2808988764044944,-0.2546816479400749,0.3146067415730337,-0.4232209737827715,0.27340823970037453,-0.5580524344569289,0.1647940074906367,-0.5131086142322098,0.18352059925093633,-0.7153558052434457,0.18726591760299627,-0.8352059925093633,0.19101123595505617,-0.9438202247191011,0.056179775280898875,-0.5318352059925093,0.08239700374531835,-0.7528089887640449,0.09737827715355805,-0.8876404494382022,0.10861423220973783,-1.0,-0.0449438202247191,-0.5093632958801498,-0.0299625468164794,-0.7153558052434457,-0.00749063670411985,-0.8426966292134831,0.011235955056179775,-0.951310861423221,-0.14606741573033707,-0.449438202247191,-0.14232209737827714,-0.6104868913857678,-0.12734082397003746,-0.7153558052434457,-0.10486891385767791,-0.8127340823970037
0.0,0.0,0.17293233082706766,-0.08270676691729323,0.2781954887218045,-0.2518796992481203,0.29699248120300753,-0.424812030075188,0.24436090225563908,-0.5488721804511278,0.16165413533834586,-0.5037593984962406,0.18796992481203006,-0.706766917293233,0.19548872180451127,-0.8270676691729323,0.19548872180451127,-0.9323308270676691,0.06015037593984962,-0.5263157894736842,0.09022556390977443,-0.7518796992481203,0.10902255639097744,-0.8872180451127819,0.12406015037593984,-1.0,-0.041353383458646614,-0.5037593984962406,-0.022556390977443608,-0.7105263157894737,0.0,-0.8383458646616542,0.02631578947368421,-0.943609022556391,-0.14285714285714285,-0.4473684210526316,-0.13533834586466165,-0.6052631578947368,-0.11654135338345864,-0.7105263157894737,-0.09022556390977443,-0.8007518796992481
0.0,0.0,0.17938931297709923,-0.08015267175572519,0.2824427480916031,-0.2595419847328244,0.2900763358778626,-0.4389312977099237,0.3015267175572519,-0.5877862595419847,0.15648854961832062,-0.5190839694656488,0.17938931297709923,-0.7175572519083969,0.183206106870229,-0.8396946564885496,0.18702290076335878,-0.9427480916030534,0.04961832061068702,-0.5305343511450382,0.07251908396946564,-0.7557251908396947,0.08778625954198473,-0.8893129770992366,0.10687022900763359,-1.0,-0.04961832061068702,-0.5038167938931297,-0.03816793893129771,-0.7137404580152672,-0.015267175572519083,-0.8396946564885496,0.015267175572519083,-0.9465648854961832,-0.15267175572519084,-0.44656488549618323,-0.15267175572519084,-0.6068702290076335,-0.13358778625954199,-0.7099236641221374,-0.10305343511450382,-0.8091603053435115
0.0,0.0,0.18007662835249041,-0.08045977011494253,0.28735632183908044,-0.25287356321839083,0.2988505747126437,-0.4329501915708812,0.2988505747126437,-0.578544061302682,0.16475095785440613,-0.5134099616858238,0.1839080459770115,-0.7164750957854407,0.19157088122605365,-0.8352490421455939,0.19540229885057472,-0.9386973180076629,0.05747126436781609,-0.5287356321839081,0.08045977011494253,-0.7509578544061303,0.09578544061302682,-0.8888888888888888,0.11494252873563218,-1.0,-0.0421455938697318,-0.5057471264367817,-0.02681992337164751,-0.7126436781609196,-0.0038314176245210726,-0.8390804597701149,0.022988505747126436,-0.946360153256705,-0.14559386973180077,-0.4444444444444444,-0.1417624521072797,-0.6053639846743295,-0.12643678160919541,-0.7088122605363985,-0.09961685823754789,-0.8045977011494253
0.0,0.0,0.17938931297709923,-0.08396946564885496,0.2824427480916031,-0.2595419847328244,0.29389312977099236,-0.4389312977099237,0.3053435114503817,-0.5877862595419847,0.16030534351145037,-0.5152671755725191,0.17938931297709923,-0.7175572519083969,0.18702290076335878,-0.8396946564885496,0.18702290076335878,-0.9427480916030534,0.05343511450381679,-0.5267175572519084,0.08015267175572519,-0.7519083969465649,0.09541984732824428,-0.8893129770992366,0.11068702290076336,-1.0,-0.04580152671755725,-0.5038167938931297,-0.030534351145038167,-0.7099236641221374,-0.007633587786259542,-0.8358778625954199,0.019083969465648856,-0.9427480916030534,-0.1450381679389313,-0.44274809160305345,-0.1450381679389313,-0.6030534351145038,-0.1297709923664122,-0.7061068702290076,-0.10305343511450382,-0.8053435114503816
0.0,0.0,0.18007662835249041,-0.0842911877394636,0.29118773946360155,-0.26053639846743293,0.30268199233716475,-0.44061302681992337,0.3103448275862069,-0.5862068965517241,0.16475095785440613,-0.5172413793103449,0.1839080459770115,-0.7203065134099617,0.18773946360153257,-0.8390804597701149,0.18773946360153257,-0.9425287356321839,0.05363984674329502,-0.5287356321839081,0.08045977011494253,-0.7509578544061303,0.09578544061302682,-0.8888888888888888,0.1111111111111111,-1.0,-0.04597701149425287,-0.5019157088122606,-0.03065134099616858,-0.7126436781609196,-0.007662835249042145,-0.8390804597701149,0.019157088122605363,-0.946360153256705,-0.14942528735632185,-0.4444444444444444,-0.14559386973180077,-0.6053639846743295,-0.13026819923371646,-0.7088122605363985,-0.10344827586206896,-0.8084291187739464
0.0,0.0,0.18461538461538463,-0.08076923076923077,0.2923076923076923,-0.25769230769230766,0.3,-0.43846153846153846,0.3076923076923077,-0.5846153846153846,0.16538461538461538,-0.5115384615384615,0.18461538461538463,-0.7153846153846154,0.19230769230769232,-0.8384615384615385,0.19230769230769232,-0.9423076923076923,0.05384615384615385,-0.5230769230769231,0.08076923076923077,-0.75,0.09615384615384616,-0.8884615384615384,0.11538461538461539,-1.0,-0.046153846153846156,-0.5,-0.03076923076923077,-0.7076923076923077,-0.007692307692307693,-0.8384615384615385,0.023076923076923078,-0.9423076923076923,-0.15,-0.4423076923076923,-0.14615384615384616,-0.6038461538461538,-0.13076923076923078,-0.7076923076923077,-0.10384615384615385,-0.8076923076923077
0.0,0.0,0.18846153846153846,-0.08076923076923077,0.3,-0.26153846153846155,0.31153846153846154,-0.43846153846153846,0.3192307692307692,-0.5769230769230769,0.16923076923076924,-0.5076923076923077,0.18846153846153846,-0.7115384615384616,0.19615384615384615,-0.8346153846153846,0.2,-0.9384615384615385,0.06153846153846154,-0.5230769230769231,0.08461538461538462,-0.7461538461538462,0.10384615384615385,-0.8846153846153846,0.12307692307692308,-1.0,-0.038461538461538464,-0.5,-0.026923076923076925,-0.7115384615384616,-0.0038461538461538464,-0.8423076923076923,0.026923076923076925,-0.95,-0.1423076923076923,-0.4423076923076923,-0.1423076923076923,-0.6038461538461538,-0.12307692307692308,-0.7115384615384616,-0.09615384615384616,-0.8115384615384615
0.0,0.0,0.18076923076923077,-0.08461538461538462,0.2923076923076923,-0.2653846153846154,0.3076923076923077,-0.43846153846153846,0.31153846153846154,-0.5807692307692308,0.16923076923076924,-0.5115384615384615,0.18846153846153846,-0.7153846153846154,0.19615384615384615,-0.8346153846153846,0.2,-0.9384615384615385,0.06153846153846154,-0.5269230769230769,0.08846153846153847,-0.75,0.1076923076923077,-0.8884615384615384,0.12692307692307692,-1.0,-0.04230769230769231,-0.5,-0.023076923076923078,-0.7115384615384616,0.0,-0.8423076923076923,0.026923076923076925,-0.9461538461538461,-0.14615384615384616,-0.4423076923076923,-0.13846153846153847,-0.6076923076923076,-0.11923076923076924,-0.7115384615384616,-0.09230769230769231,-0.8076923076923077
0.0,0.0,0.18604651162790697,-0.08139534883720931,0.3062015503875969,-0.26356589147286824,0.3178294573643411,-0.44573643410852715,0.3062015503875969,-0.5852713178294574,0.17054263565891473,-0.5116279069767442,0.18992248062015504,-0.7170542635658915,0.19767441860465115,-0.8372093023255814,0.19767441860465115,-0.9418604651162791,0.06201550387596899,-0.5232558139534884,0.08527131782945736,-0.748062015503876,0.10465116279069768,-0.8875968992248062,0.12015503875968993,-1.0,-0.03875968992248062,-0.5,-0.023255813953488372,-0.7131782945736435,0.0,-0.8410852713178295,0.027131782945736434,-0.9496124031007752,-0.1434108527131783,-0.4418604651162791,-0.13953488372093023,-0.6046511627906976,-0.12015503875968993,-0.7093023255813954,-0.08914728682170543,-0.8062015503875969
0.0,0.0,0.1867704280155642,-0.07782101167315175,0.3035019455252918,-0.25680933852140075,0.3151750972762646,-0.4357976653696498,0.30739299610894943,-0.5797665369649806,0.17509727626459143,-0.5136186770428015,0.19455252918287938,-0.7159533073929961,0.20233463035019456,-0.8404669260700389,0.20233463035019456,-0.9455252918287937,0.06614785992217899,-0.5252918287937743,0.0933852140077821,-0.7470817120622568,0.10894941634241245,-0.8871595330739299,0.1245136186770428,-1.0,-0.03501945525291829,-0.5019455252918288,-0.019455252918287938,-0.7120622568093385,0.0038910505836575876,-0.8404669260700389,0.03501945525291829,-0.9494163424124513,-0.14007782101167315,-0.44357976653696496,-0.13618677042801555,-0.6070038910505836,-0.11673151750972763,-0.708171206225681,-0.08949416342412451,-0.8093385214007782
0.0,0.0,0.18604651162790697,-0.08139534883720931,0.3023255813953488,-0.26356589147286824,0.3178294573643411,-0.43410852713178294,0.32170542635658916,-0.5697674418604651,0.1744186046511628,-0.5116279069767442,0.1937984496124031,-0.7170542635658915,0.19767441860465115,-0.8410852713178295,0.19767441860465115,-0.9457364341085271,0.06201550387596899,-0.5271317829457365,0.08914728682170543,-0.748062015503876,0.10465116279069768,-0.8875968992248062,0.12403100775193798,-1.0,-0.03875968992248062,-0.5,-0.01937984496124031,-0.7131782945736435,0.003875968992248062,-0.8410852713178295,0.031007751937984496,-0.9496124031007752,-0.13953488372093023,-0.4418604651162791,-0.13565891472868216,-0.6046511627906976,-0.11627906976744186,-0.7093023255813954,-0.08914728682170543,-0.8062015503875969
0.0,0.0,0.18532818532818532,-0.07722007722007722,0.305019305019305,-0.2625482625482625,0.3204633204633205,-0.43243243243243246,0.3204633204633205,-0.5637065637065637,0.17374517374517376,-0.5096525096525096,0.1891891891891892,-0.7104247104247104,0.1969111969111969,-0.833976833976834,0.1969111969111969,-0.9420849420849421,0.06177606177606178,-0.5212355212355212,0.08494208494208494,-0.7451737451737451,0.10424710424710425,-0.888030888030888,0.12355212355212356,-1.0,-0.03861003861003861,-0.4980694980694981,-0.023166023166023165,-0.7065637065637066,-0.003861003861003861,-0.8378378378378378,0.02702702702702703,-0.9459459459459459,-0.14285714285714285,-0.44015444015444016,-0.13513513513513514,-0.6023166023166023,-0.11969111969111969,-0.7065637065637066,-0.09266409266409266,-0.803088803088803
0.0,0.0,0.18604651162790697,-0.08139534883720931,0.29844961240310075,-0.26356589147286824,0.313953488372093,-0.43410852713178294,0.32558139534883723,-0.5658914728682171,0.17054263565891473,-0.5116279069767442,0.18992248062015504,-0.7170542635658915,0.1937984496124031,-0.8410852713178295,0.1937984496124031,-0.9418604651162791,0.06201550387596899,-0.5232558139534884,0.08527131782945736,-0.748062015503876,0.10077519379844961,-0.8875968992248062,0.11627906976744186,-1.0,-0.03875968992248062,-0.5,-0.023255813953488372,-0.7131782945736435,-0.003875968992248062,-0.8410852713178295,0.023255813953488372,-0.9457364341085271,-0.1434108527131783,-0.44573643410852715,-0.13953488372093023,-0.6085271317829457,-0.12015503875968993,-0.7093023255813954,-0.09302325581395349,-0.8062015503875969
0.0,0.0,0.19066147859922178,-0.07782101167315175,0.3035019455252918,-0.26459143968871596,0.311284046692607,-0.44357976653696496,0.3151750972762646,-0.5758754863813229,0.17898832684824903,-0.5136186770428015,0.19455252918287938,-0.7198443579766537,0.20233463035019456,-0.8404669260700389,0.20233463035019456,-0.9455252918287937,0.06614785992217899,-0.5252918287937743,0.0933852140077821,-0.7509727626459144,0.10894941634241245,-0.8910505836575876,0.1245136186770428,-1.0,-0.03501945525291829,-0.5058365758754864,-0.01556420233463035,-0.7159533073929961,0.007782101167315175,-0.8443579766536965,0.03501945525291829,-0.953307392996109,-0.13618677042801555,-0.4474708171206226,-0.13229571984435798,-0.6108949416342413,-0.11284046692607004,-0.7159533073929961,-0.08560311284046693,-0.8093385214007782
0.0,0.0,0.1828793774319066,-0.07782101167315175,0.29571984435797666,-0.2607003891050584,0.311284046692607,-0.4357976653696498,0.3151750972762646,-0.5719844357976653,0.17120622568093385,-0.5136186770428015,0.19066147859922178,-0.7159533073929961,0.19455252918287938,-0.8404669260700389,0.19844357976653695,-0.9416342412451362,0.0622568093385214,-0.5252918287937743,0.08560311284046693,-0.7509727626459144,0.10116731517509728,-0.8871595330739299,0.12062256809338522,-1.0,-0.038910505836575876,-0.5058365758754864,-0.023346303501945526,-0.7159533073929961,-0.0038910505836575876,-0.8443579766536965,0.027237354085603113,-0.9494163424124513,-0.14007782101167315,-0.4474708171206226,-0.13618677042801555,-0.6108949416342413,-0.12062256809338522,-0.7159533073929961,-0.0933852140077821,-0.8093385214007782
0.0,0.0,0.1821705426356589,-0.07364341085271318,0.29844961240310075,-0.24806201550387597,0.31007751937984496,-0.4186046511627907,0.3333333333333333,-0.5542635658914729,0.17054263565891473,-0.5116279069767442,0.18992248062015504,-0.7131782945736435,0.19767441860465115,-0.8333333333333334,0.20155038759689922,-0.937984496124031,0.06201550387596899,-0.5232558139534884,0.08914728682170543,-0.748062015503876,0.10465116279069768,-0.8875968992248062,0.12790697674418605,-1.0,-0.03875968992248062,-0.5038759689922481,-0.023255813953488372,-0.7131782945736435,0.003875968992248062,-0.8410852713178295,0.031007751937984496,-0.9457364341085271,-0.13953488372093023,-0.44573643410852715,-0.13565891472868216,-0.6046511627906976,-0.11627906976744186,-0.7093023255813954,-0.08914728682170543,-0.8062015503875969
0.0,0.0,0.1867704280155642,-0.07003891050583658,0.29961089494163423,-0.2490272373540856,0.311284046692607,-0.42023346303501946,0.3346303501945525,-0.556420233463035,0.17509727626459143,-0.5058365758754864,0.19844357976653695,-0.7120622568093385,0.20622568093385213,-0.8326848249027238,0.21011673151750973,-0.9377431906614786,0.06614785992217899,-0.5214007782101168,0.09727626459143969,-0.7509727626459144,0.11673151750972763,-0.8910505836575876,0.13618677042801555,-1.0,-0.03501945525291829,-0.5019455252918288,-0.01556420233463035,-0.7159533073929961,0.011673151750972763,-0.8443579766536965,0.038910505836575876,-0.953307392996109,-0.13618677042801555,-0.44357976653696496,-0.13229571984435798,-0.6070038910505836,-0.11284046692607004,-0.7159533073929961,-0.08560311284046693,-0.8132295719844358
0.0,0.0,0.18604651162790697,-0.07364341085271318,0.3023255813953488,-0.25193798449612403,0.31007751937984496,-0.42248062015503873,0.3372093023255814,-0.5542635658914729,0.17829457364341086,-0.5116279069767442,0.20155038759689922,-0.7170542635658915,0.20930232558139536,-0.8372093023255814,0.2131782945736434,-0.937984496124031,0.06976744186046512,-0.5271317829457365,0.09689922480620156,-0.751937984496124,0.12015503875968993,-0.8914728682170543,0.13953488372093023,-1.0,-0.031007751937984496,-0.5038759689922481,-0.015503875968992248,-0.7170542635658915,0.011627906976744186,-0.8449612403100775,0.03875968992248062,-0.9496124031007752,-0.13565891472868216,-0.4496124031007752,-0.13178294573643412,-0.6085271317829457,-0.10852713178294573,-0.7131782945736435,-0.08139534883720931,-0.810077519379845
0.0,0.0,0.18146718146718147,-0.0694980694980695,0.30115830115830117,-0.2471042471042471,0.3166023166023166,-0.42084942084942084,0.3436293436293436,-0.555984555984556,0.18146718146718147,-0.5135135135135135,0.20463320463320464,-0.7181467181467182,0.21235521235521235,-0.8416988416988417,0.21621621621621623,-0.9459459459459459,0.07335907335907337,-0.528957528957529,0.10038610038610038,-0.752895752895753,0.12355212355212356,-0.8918918918918919,0.14285714285714285,-1.0,-0.02702702702702703,-0.5096525096525096,-0.007722007722007722,-0.722007722007722,0.015444015444015444,-0.8494208494208494,0.04633204633204633,-0.9536679536679536,-0.1274131274131274,-0.4517374517374517,-0.12355212355212356,-0.6177606177606177,-0.10424710424710425,-0.722007722007722,-0.07335907335907337,-0.8185328185328186
0.0,0.0,0.18146718146718147,-0.07722007722007722,0.29343629343629346,-0.2548262548262548,0.3204633204633205,-0.42857142857142855,0.3667953667953668,-0.555984555984556,0.18146718146718147,-0.5135135135135135,0.2084942084942085,-0.7142857142857143,0.21621621621621623,-0.833976833976834,0.22393822393822393,-0.9343629343629344,0.07335907335907337,-0.528957528957529,0.10810810810810811,-0.752895752895753,0.1274131274131274,-0.888030888030888,0.15057915057915058,-1.0,-0.023166023166023165,-0.5096525096525096,-0.003861003861003861,-0.7181467181467182,0.023166023166023165,-0.8416988416988417,0.05405405405405406,-0.9459459459459459,-0.1274131274131274,-0.4517374517374517,-0.11969111969111969,-0.6138996138996139,-0.10038610038610038,-0.7142857142857143,-0.0694980694980695,-0.8108108108108109
0.0,0.0,0.1776061776061776,-0.07722007722007722,0.29343629343629346,-0.2471042471042471,0.3166023166023166,-0.42084942084942084,0.3359073359073359,-0.5637065637065637,0.18146718146718147,-0.5057915057915058,0.21235521235521235,-0.7065637065637066,0.22007722007722008,-0.8262548262548263,0.22393822393822393,-0.9305019305019305,0.07722007722007722,-0.5212355212355212,0.11196911196911197,-0.749034749034749,0.13127413127413126,-0.888030888030888,0.15057915057915058,-1.0,-0.023166023166023165,-0.5019305019305019,0.0,-0.7104247104247104,0.02702702702702703,-0.8378378378378378,0.05791505791505792,-0.9459459459459459,-0.12355212355212356,-0.4517374517374517,-0.11583011583011583,-0.61003861003861,-0.09652509652509653,-0.7142857142857143,-0.06563706563706563,-0.806949806949807
0.0,0.0,0.1828793774319066,-0.07782101167315175,0.29961089494163423,-0.24124513618677043,0.32684824902723736,-0.4163424124513619,0.33073929961089493,-0.5642023346303502,0.20233463035019456,-0.5097276264591439,0.23346303501945526,-0.7159533073929961,0.24124513618677043,-0.8326848249027238,0.245136186770428,-0.933852140077821,0.0933852140077821,-0.5330739299610895,0.13229571984435798,-0.7587548638132295,0.1556420233463035,-0.8949416342412452,0.17509727626459143,-1.0,-0.007782101167315175,-0.5136186770428015,0.019455252918287938,-0.7237354085603113,0.04669260700389105,-0.8521400778210116,0.08171206225680934,-0.9571984435797666,-0.11284046692607004,-0.4591439688715953,-0.10505836575875487,-0.622568093385214,-0.07782101167315175,-0.7237354085603113,-0.042801556420233464,-0.8171206225680934
0.0,0.0,0.1821705426356589,-0.07364341085271318,0.29457364341085274,-0.24806201550387597,0.32945736434108525,-0.42248062015503873,0.375968992248062,-0.5581395348837209,0.20155038759689922,-0.5077519379844961,0.2364341085271318,-0.7093023255813954,0.2441860465116279,-0.8294573643410853,0.25193798449612403,-0.9302325581395349,0.09689922480620156,-0.5310077519379846,0.13565891472868216,-0.7558139534883721,0.15891472868217055,-0.8914728682170543,0.1821705426356589,-1.0,-0.003875968992248062,-0.5116279069767442,0.023255813953488372,-0.7248062015503876,0.050387596899224806,-0.8488372093023255,0.08139534883720931,-0.9534883720930233,-0.10465116279069768,-0.46124031007751937,-0.09689922480620156,-0.6201550387596899,-0.07364341085271318,-0.7248062015503876,-0.046511627906976744,-0.8217054263565892
0.0,0.0,0.18823529411764706,-0.06274509803921569,0.3215686274509804,-0.2235294117647059,0.36470588235294116,-0.396078431372549,0.40784313725490196,-0.5372549019607843,0.24705882352941178,-0.49019607843137253,0.2980392156862745,-0.6901960784313725,0.3176470588235294,-0.8117647058823529,0.3333333333333333,-0.9215686274509803,0.1411764705882353,-0.5254901960784314,0.2,-0.7529411764705882,0.23529411764705882,-0.8862745098039215,0.2627450980392157,-1.0,0.03529411764705882,-0.5137254901960784,0.0784313725490196,-0.7254901960784313,0.11764705882352941,-0.8549019607843137,0.1607843137254902,-0.9568627450980393,-0.07058823529411765,-0.4666666666666667,-0.050980392156862744,-0.6352941176470588,-0.01568627450980392,-0.7372549019607844,0.023529411764705882,-0.8352941176470589
0.0,0.0,0.1640625,-0.08203125,0.26953125,-0.25,0.26953125,-0.4296875,0.2890625,-0.578125,0.13671875,-0.5078125,0.14453125,-0.7109375,0.14453125,-0.8359375,0.14453125,-0.9453125,0.02734375,-0.51953125,0.04296875,-0.7421875,0.05078125,-0.88671875,0.0625,-1.0,-0.06640625,-0.48828125,-0.06640625,-0.69921875,-0.05078125,-0.83203125,-0.02734375,-0.94140625,-0.1640625,-0.42578125,-0.17578125,-0.5859375,-0.1640625,-0.69140625,-0.14453125,-0.79296875
0.0,0.0,0.16666666666666666,-0.09302325581395349,0.2558139534883721,-0.26356589147286824,0.2441860465116279,-0.4418604651162791,0.2558139534883721,-0.5891472868217055,0.10852713178294573,-0.5077519379844961,0.10465116279069768,-0.7131782945736435,0.10077519379844961,-0.8372093023255814,0.09689922480620156,-0.9496124031007752,-0.003875968992248062,-0.5155038759689923,-0.003875968992248062,-0.7364341085271318,-0.003875968992248062,-0.8798449612403101,0.003875968992248062,-1.0,-0.09689922480620156,-0.4806201550387597,-0.10852713178294573,-0.689922480620155,-0.10077519379844961,-0.8178294573643411,-0.08139534883720931,-0.9302325581395349,-0.18604651162790697,-0.4108527131782946,-0.2054263565891473,-0.5697674418604651,-0.19767441860465115,-0.6744186046511628,-0.1821705426356589,-0.7751937984496124
0.0,0.0,0.16216216216216217,-0.09652509652509653,0.23552123552123552,-0.2702702702702703,0.22007722007722008,-0.444015444015444,0.23552123552123552,-0.5907335907335908,0.09652509652509653,-0.5057915057915058,0.09266409266409266,-0.7104247104247104,0.08108108108108109,-0.8378378378378378,0.0694980694980695,-0.9498069498069498,-0.011583011583011582,-0.5096525096525096,-0.015444015444015444,-0.7374517374517374,-0.019305019305019305,-0.8803088803088803,-0.019305019305019305,-1.0,-0.10810810810810811,-0.47104247104247104,-0.12355212355212356,-0.6833976833976834,-0.12355212355212356,-0.8185328185328186,-0.11196911196911197,-0.9305019305019305,-0.20077220077220076,-0.4015444015444015,-0.22007722007722008,-0.555984555984556,-0.21621621621621623,-0.6640926640926641,-0.20463320463320464,-0.7644787644787645
0.0,0.0,0.15444015444015444,-0.09266409266409266,0.2277992277992278,-0.26640926640926643,0.21621621621621623,-0.444015444015444,0.23938223938223938,-0.5868725868725869,0.10038610038610038,-0.5057915057915058,0.09266409266409266,-0.7142857142857143,0.08494208494208494,-0.8378378378378378,0.07335907335907337,-0.9459459459459459,-0.007722007722007722,-0.5135135135135135,-0.015444015444015444,-0.7374517374517374,-0.019305019305019305,-0.8841698841698842,-0.019305019305019305,-1.0,-0.10424710424710425,-0.4749034749034749,-0.12355212355212356,-0.6833976833976834,-0.11969111969111969,-0.8185328185328186,-0.10810810810810811,-0.9266409266409267,-0.19305019305019305,-0.40540540540540543,-0.22007722007722008,-0.5598455598455598,-0.21621621621621623,-0.6640926640926641,-0.20077220077220076,-0.7683397683397684
0.0,0.0,0.1583011583011583,-0.09652509652509653,0.2277992277992278,-0.2702702702702703,0.21235521235521235,-0.444015444015444,0.23166023166023167,-0.5907335907335908,0.10038610038610038,-0.5057915057915058,0.09266409266409266,-0.7142857142857143,0.07722007722007722,-0.8378378378378378,0.06177606177606178,-0.9459459459459459,-0.011583011583011582,-0.5096525096525096,-0.019305019305019305,-0.7374517374517374,-0.02702702702702703,-0.8841698841698842,-0.02702702702702703,-1.0,-0.10810810810810811,-0.47104247104247104,-0.1274131274131274,-0.6833976833976834,-0.1274131274131274,-0.8146718146718147,-0.11969111969111969,-0.9266409266409267,-0.1969111969111969,-0.39768339768339767,-0.22393822393822393,-0.555984555984556,-0.22393822393822393,-0.6602316602316602,-0.21235521235521235,-0.7644787644787645
