0.0,0.0,-0.18627450980392157,-0.09803921568627451,-0.28431372549019607,-0.28431372549019607,-0.28431372549019607,-0.45098039215686275,-0.30392156862745096,-0.5980392156862745,-0.1715686274509804,-0.5098039215686274,-0.17647058823529413,-0.7107843137254902,-0.16666666666666666,-0.8284313725490197,-0.15196078431372548,-0.9362745098039216,-0.06862745098039216,-0.5147058823529411,-0.07352941176470588,-0.7450980392156863,-0.06862745098039216,-0.8823529411764706,-0.06372549019607843,-1.0,0.024509803921568627,-0.4803921568627451,0.024509803921568627,-0.696078431372549,0.024509803921568627,-0.8235294117647058,0.0196078431372549,-0.9362745098039216,0.12254901960784313,-0.4068627450980392,0.12254901960784313,-0.5735294117647058,0.11274509803921569,-0.6764705882352942,0.10294117647058823,-0.7696078431372549
0.0,0.0,-0.1813953488372093,-0.11162790697674418,-0.2744186046511628,-0.28837209302325584,-0.27906976744186046,-0.4558139534883721,-0.2744186046511628,-0.6,-0.15813953488372093,-0.5116279069767442,-0.14883720930232558,-0.7069767441860465,-0.13023255813953488,-0.8232558139534883,-0.10697674418604651,-0.9302325581395349,-0.05116279069767442,-0.5162790697674419,-0.037209302325581395,-0.7441860465116279,-0.027906976744186046,-0.8837209302325582,-0.013953488372093023,-1.0,0.046511627906976744,-0.4790697674418605,0.06511627906976744,-0.6883720930232559,0.07441860465116279,-0.8093023255813954,0.08372093023255814,-0.9162790697674419,0.14418604651162792,-0.40930232558139534,0.15348837209302327,-0.5767441860465117,0.14883720930232558,-0.6790697674418604,0.14418604651162792,-0.772093023255814
0.0,0.0,-0.18840579710144928,-0.10144927536231885,-0.28502415458937197,-0.28019323671497587,-0.28019323671497587,-0.45410628019323673,-0.28019323671497587,-0.5990338164251208,-0.15458937198067632,-0.5072463768115942,-0.14492753623188406,-0.7101449275362319,-0.12560386473429952,-0.8260869565217391,-0.0966183574879227,-0.9323671497584541,-0.043478260869565216,-0.5072463768115942,-0.028985507246376812,-0.7439613526570048,-0.00966183574879227,-0.8840579710144928,0.00966183574879227,-1.0,0.04830917874396135,-0.47342995169082125,0.07246376811594203,-0.6859903381642513,0.08695652173913043,-0.8164251207729468,0.10144927536231885,-0.927536231884058,0.14492753623188406,-0.40096618357487923,0.15942028985507245,-0.5652173913043478,0.15942028985507245,-0.6763285024154589,0.15458937198067632,-0.7729468599033816
0.0,0.0,-0.2,-0.07111111111111111,-0.3288888888888889,-0.2222222222222222,-0.3511111111111111,-0.39555555555555555,-0.36444444444444446,-0.5511111111111111,-0.24,-0.4888888888888889,-0.27111111111111114,-0.6888888888888889,-0.27111111111111114,-0.8088888888888889,-0.26222222222222225,-0.9155555555555556,-0.13777777777777778,-0.5155555555555555,-0.1688888888888889,-0.7422222222222222,-0.17333333333333334,-0.8755555555555555,-0.17333333333333334,-1.0,-0.035555555555555556,-0.49333333333333335,-0.06222222222222222,-0.7111111111111111,-0.07555555555555556,-0.84,-0.08,-0.9555555555555556,0.07111111111111111,-0.4444444444444444,0.044444444444444446,-0.6133333333333333,0.03111111111111111,-0.7155555555555555,0.013333333333333334,-0.8133333333333334
0.0,0.0,-0.19823788546255505,-0.07488986784140969,-0.31277533039647576,-0.2290748898678414,-0.33480176211453744,-0.4008810572687225,-0.36123348017621143,-0.5550660792951542,-0.2290748898678414,-0.4845814977973568,-0.2599118942731278,-0.6828193832599119,-0.2599118942731278,-0.801762114537445,-0.2555066079295154,-0.9074889867841409,-0.1277533039647577,-0.5110132158590308,-0.15418502202643172,-0.7400881057268722,-0.16299559471365638,-0.8766519823788547,-0.16740088105726872,-1.0,-0.030837004405286344,-0.4977973568281938,-0.05286343612334802,-0.7048458149779736,-0.06167400881057269,-0.8325991189427313,-0.07488986784140969,-0.947136563876652,0.07048458149779736,-0.44052863436123346,0.05726872246696035,-0.6079295154185022,0.039647577092511016,-0.7092511013215859,0.01762114537444934,-0.801762114537445
0.0,0.0,-0.1889400921658986,-0.08294930875576037,-0.2995391705069124,-0.23963133640552994,-0.31336405529953915,-0.41013824884792627,-0.3225806451612903,-0.5622119815668203,-0.1935483870967742,-0.4930875576036866,-0.2119815668202765,-0.6912442396313364,-0.2073732718894009,-0.8064516129032258,-0.1889400921658986,-0.9170506912442397,-0.08755760368663594,-0.511520737327189,-0.10138248847926268,-0.7419354838709677,-0.0967741935483871,-0.8755760368663594,-0.09216589861751152,-1.0,0.009216589861751152,-0.4838709677419355,0.004608294930875576,-0.7004608294930875,0.004608294930875576,-0.8294930875576036,0.009216589861751152,-0.9493087557603687,0.10599078341013825,-0.41935483870967744,0.10138248847926268,-0.5898617511520737,0.0967741935483871,-0.6912442396313364,0.08294930875576037,-0.7880184331797235
0.0,0.0,-0.18099547511312217,-0.09502262443438914,-0.2850678733031674,-0.2669683257918552,-0.2850678733031674,-0.4298642533936652,-0.2850678733031674,-0.579185520361991,-0.16289592760180996,-0.5113122171945701,-0.167420814479638,-0.7104072398190046,-0.15384615384615385,-0.8235294117647058,-0.13122171945701358,-0.9276018099547512,-0.058823529411764705,-0.5248868778280543,-0.05429864253393665,-0.746606334841629,-0.04524886877828054,-0.8823529411764706,-0.03167420814479638,-1.0,0.03619909502262444,-0.48868778280542985,0.04524886877828054,-0.7013574660633484,0.049773755656108594,-0.8235294117647058,0.05429864253393665,-0.9411764705882353,0.13122171945701358,-0.42081447963800905,0.14027149321266968,-0.579185520361991,0.13574660633484162,-0.6832579185520362,0.12217194570135746,-0.7782805429864253
0.0,0.0,-0.19298245614035087,-0.07894736842105263,-0.32456140350877194,-0.2324561403508772,-0.34649122807017546,-0.40350877192982454,-0.34649122807017546,-0.5614035087719298,-0.19298245614035087,-0.4649122807017544,-0.19736842105263158,-0.6666666666666666,-0.18421052631578946,-0.7894736842105263,-0.15789473684210525,-0.9035087719298246,-0.07456140350877193,-0.4824561403508772,-0.07456140350877193,-0.7192982456140351,-0.06140350877192982,-0.8640350877192983,-0.05263157894736842,-1.0,0.03070175438596491,-0.4517543859649123,0.039473684210526314,-0.6666666666666666,0.04824561403508772,-0.7982456140350878,0.05701754385964912,-0.9166666666666666,0.13157894736842105,-0.38596491228070173,0.14035087719298245,-0.5526315789473685,0.14035087719298245,-0.6622807017543859,0.13596491228070176,-0.7631578947368421
0.0,0.0,-0.19196428571428573,-0.08035714285714286,-0.32142857142857145,-0.23660714285714285,-0.3392857142857143,-0.40625,-0.33482142857142855,-0.5669642857142857,-0.18303571428571427,-0.46875,-0.18303571428571427,-0.6785714285714286,-0.16964285714285715,-0.7991071428571429,-0.15178571428571427,-0.9151785714285714,-0.0625,-0.48660714285714285,-0.05803571428571429,-0.7232142857142857,-0.05357142857142857,-0.8660714285714286,-0.044642857142857144,-1.0,0.04017857142857143,-0.45982142857142855,0.05357142857142857,-0.6741071428571429,0.0625,-0.8035714285714286,0.06696428571428571,-0.9285714285714286,0.13839285714285715,-0.39285714285714285,0.14285714285714285,-0.5580357142857143,0.14285714285714285,-0.6696428571428571,0.13839285714285715,-0.7767857142857143
0.0,0.0,-0.1943127962085308,-0.08056872037914692,-0.3175355450236967,-0.23696682464454977,-0.32701421800947866,-0.41706161137440756,-0.32701421800947866,-0.5734597156398105,-0.18009478672985782,-0.4786729857819905,-0.1895734597156398,-0.6872037914691943,-0.18009478672985782,-0.8104265402843602,-0.16113744075829384,-0.9241706161137441,-0.061611374407582936,-0.4928909952606635,-0.06635071090047394,-0.7298578199052133,-0.061611374407582936,-0.8720379146919431,-0.05687203791469194,-1.0,0.037914691943127965,-0.46445497630331756,0.04265402843601896,-0.6824644549763034,0.04739336492890995,-0.8151658767772512,0.04739336492890995,-0.9383886255924171,0.14218009478672985,-0.4028436018957346,0.14218009478672985,-0.5687203791469194,0.14218009478672985,-0.6777251184834123,0.13744075829383887,-0.7772511848341233
0.0,0.0,-0.20574162679425836,-0.06698564593301436,-0.3349282296650718,-0.22488038277511962,-0.3397129186602871,-0.4019138755980861,-0.33014354066985646,-0.5645933014354066,-0.18660287081339713,-0.4784688995215311,-0.19138755980861244,-0.6889952153110048,-0.18181818181818182,-0.8133971291866029,-0.16267942583732056,-0.9282296650717703,-0.07177033492822966,-0.49760765550239233,-0.07177033492822966,-0.7320574162679426,-0.06698564593301436,-0.8755980861244019,-0.05741626794258373,-1.0,0.028708133971291867,-0.4688995215311005,0.03827751196172249,-0.6842105263157895,0.0430622009569378,-0.8133971291866029,0.04784688995215311,-0.9330143540669856,0.1339712918660287,-0.40669856459330145,0.1339712918660287,-0.5741626794258373,0.1339712918660287,-0.6794258373205742,0.1291866028708134,-0.7751196172248804
0.0,0.0,-0.1778846153846154,-0.10096153846153846,-0.2692307692307692,-0.27403846153846156,-0.24519230769230768,-0.44711538461538464,-0.23076923076923078,-0.6009615384615384,-0.09615384615384616,-0.4855769230769231,-0.0625,-0.6971153846153846,-0.02403846153846154,-0.8173076923076923,0.02403846153846154,-0.9278846153846154,0.019230769230769232,-0.4855769230769231,0.0673076923076923,-0.7259615384615384,0.11057692307692307,-0.8701923076923077,0.14903846153846154,-1.0,0.11538461538461539,-0.4423076923076923,0.17307692307692307,-0.6538461538461539,0.21153846153846154,-0.7884615384615384,0.2403846153846154,-0.9038461538461539,0.20673076923076922,-0.3605769230769231,0.25,-0.5288461538461539,0.27403846153846156,-0.6298076923076923,0.28846153846153844,-0.7307692307692307
0.0,0.0,-0.2019704433497537,-0.04926108374384237,-0.35467980295566504,-0.18226600985221675,-0.39901477832512317,-0.3448275862068966,-0.45320197044334976,-0.4975369458128079,-0.28078817733990147,-0.43842364532019706,-0.3399014778325123,-0.645320197044335,-0.35960591133004927,-0.7783251231527094,-0.3694581280788177,-0.896551724137931,-0.1724137931034483,-0.47783251231527096,-0.2315270935960591,-0.7142857142857143,-0.2561576354679803,-0.8620689655172413,-0.27586206896551724,-1.0,-0.06403940886699508,-0.4729064039408867,-0.11330049261083744,-0.6847290640394089,-0.13793103448275862,-0.8177339901477833,-0.15763546798029557,-0.9458128078817734,0.054187192118226604,-0.42857142857142855,0.014778325123152709,-0.5911330049261084,-0.009852216748768473,-0.6945812807881774,-0.03940886699507389,-0.7931034482758621
0.0,0.0,-0.205,-0.04,-0.365,-0.17,-0.415,-0.335,-0.47,-0.49,-0.3,-0.43,-0.365,-0.635,-0.405,-0.76,-0.43,-0.88,-0.19,-0.475,-0.26,-0.71,-0.295,-0.86,-0.325,-1.0,-0.08,-0.47,-0.14,-0.685,-0.165,-0.82,-0.195,-0.945,0.04,-0.43,-0.01,-0.59,-0.04,-0.695,-0.07,-0.79
0.0,0.0,-0.19047619047619047,-0.12857142857142856,-0.2857142857142857,-0.3238095238095238,-0.28095238095238095,-0.5190476190476191,-0.2857142857142857,-0.6619047619047619,-0.14761904761904762,-0.5571428571428572,-0.14761904761904762,-0.7523809523809524,-0.12857142857142856,-0.861904761904762,-0.10952380952380952,-0.9571428571428572,-0.0380952380952381,-0.5714285714285714,-0.03333333333333333,-0.7857142857142857,-0.023809523809523808,-0.9,-0.014285714285714285,-1.0,0.06190476190476191,-0.5428571428571428,0.06666666666666667,-0.7428571428571429,0.06666666666666667,-0.8476190476190476,0.06666666666666667,-0.9380952380952381,0.1619047619047619,-0.47619047619047616,0.1619047619047619,-0.638095238095238,0.14761904761904762,-0.7333333333333333,0.13333333333333333,-0.8142857142857143
0.0,0.0,-0.18407960199004975,-0.1691542288557214,-0.23880597014925373,-0.38308457711442784,-0.19900497512437812,-0.5771144278606966,-0.1791044776119403,-0.7164179104477612,-0.05472636815920398,-0.5920398009950248,-0.01990049751243781,-0.7810945273631841,0.01990049751243781,-0.8805970149253731,0.05970149253731343,-0.9751243781094527,0.06467661691542288,-0.582089552238806,0.1044776119402985,-0.7910447761194029,0.13930348258706468,-0.9054726368159204,0.17412935323383086,-1.0,0.15422885572139303,-0.5373134328358209,0.19900497512437812,-0.736318407960199,0.21890547263681592,-0.845771144278607,0.23880597014925373,-0.945273631840796,0.24875621890547264,-0.4527363184079602,0.27860696517412936,-0.6218905472636815,0.2885572139303483,-0.7213930348258707,0.2935323383084577,-0.8109452736318408
0.0,0.0,-0.22966507177033493,-0.05741626794258373,-0.37799043062200954,-0.22009569377990432,-0.430622009569378,-0.4019138755980861,-0.49282296650717705,-0.5502392344497608,-0.3397129186602871,-0.49282296650717705,-0.40669856459330145,-0.6889952153110048,-0.4354066985645933,-0.8038277511961722,-0.45454545454545453,-0.9043062200956937,-0.23923444976076555,-0.5454545454545454,-0.3157894736842105,-0.7655502392344498,-0.3492822966507177,-0.8899521531100478,-0.3827751196172249,-1.0,-0.13875598086124402,-0.5454545454545454,-0.21052631578947367,-0.7511961722488039,-0.2535885167464115,-0.8708133971291866,-0.2966507177033493,-0.9760765550239234,-0.019138755980861243,-0.5119617224880383,-0.07655502392344497,-0.6698564593301436,-0.11961722488038277,-0.7655502392344498,-0.16267942583732056,-0.8564593301435407
0.0,0.0,-0.21256038647342995,-0.07729468599033816,-0.3526570048309179,-0.25120772946859904,-0.4057971014492754,-0.4396135265700483,-0.46859903381642515,-0.5797101449275363,-0.2995169082125604,-0.5217391304347826,-0.36231884057971014,-0.7198067632850241,-0.37681159420289856,-0.8309178743961353,-0.3864734299516908,-0.9323671497584541,-0.19806763285024154,-0.5652173913043478,-0.26570048309178745,-0.7777777777777778,-0.2898550724637681,-0.8985507246376812,-0.3140096618357488,-1.0,-0.0966183574879227,-0.5603864734299517,-0.15942028985507245,-0.7584541062801933,-0.1932367149758454,-0.8743961352657005,-0.22705314009661837,-0.966183574879227,0.024154589371980676,-0.5265700483091788,-0.024154589371980676,-0.6859903381642513,-0.06280193236714976,-0.7777777777777778,-0.0966183574879227,-0.855072463768116
0.0,0.0,-0.21395348837209302,-0.08372093023255814,-0.34418604651162793,-0.26046511627906976,-0.3813953488372093,-0.4418604651162791,-0.4325581395348837,-0.586046511627907,-0.27906976744186046,-0.5162790697674419,-0.3302325581395349,-0.7116279069767442,-0.3395348837209302,-0.8232558139534883,-0.33488372093023255,-0.9255813953488372,-0.17674418604651163,-0.5534883720930233,-0.22325581395348837,-0.772093023255814,-0.24186046511627907,-0.8930232558139535,-0.25116279069767444,-1.0,-0.07441860465116279,-0.5488372093023256,-0.12093023255813953,-0.7534883720930232,-0.14883720930232558,-0.8697674418604651,-0.16744186046511628,-0.9674418604651163,0.04186046511627907,-0.5069767441860465,0.004651162790697674,-0.6651162790697674,-0.023255813953488372,-0.7581395348837209,-0.05116279069767442,-0.8418604651162791
0.0,0.0,-0.17475728155339806,-0.14563106796116504,-0.24271844660194175,-0.36893203883495146,-0.21359223300970873,-0.558252427184466,-0.21844660194174756,-0.7038834951456311,-0.07766990291262135,-0.5776699029126213,-0.06310679611650485,-0.7621359223300971,-0.043689320388349516,-0.8592233009708737,-0.019417475728155338,-0.9563106796116505,0.03398058252427184,-0.5776699029126213,0.04854368932038835,-0.7864077669902912,0.06796116504854369,-0.8980582524271845,0.0825242718446602,-1.0,0.1262135922330097,-0.5388349514563107,0.15048543689320387,-0.7330097087378641,0.1553398058252427,-0.8446601941747572,0.16019417475728157,-0.941747572815534,0.22330097087378642,-0.46601941747572817,0.24271844660194175,-0.6262135922330098,0.23786407766990292,-0.7184466019417476,0.23300970873786409,-0.8058252427184466
0.0,0.0,-0.18584070796460178,-0.11061946902654868,-0.3008849557522124,-0.29646017699115046,-0.3274336283185841,-0.4778761061946903,-0.35398230088495575,-0.6238938053097345,-0.21238938053097345,-0.5265486725663717,-0.23893805309734514,-0.7123893805309734,-0.24778761061946902,-0.8230088495575221,-0.24778761061946902,-0.9247787610619469,-0.10619469026548672,-0.5530973451327433,-0.13274336283185842,-0.7610619469026548,-0.1504424778761062,-0.8849557522123894,-0.16371681415929204,-1.0,-0.004424778761061947,-0.5353982300884956,-0.022123893805309734,-0.7433628318584071,-0.035398230088495575,-0.8584070796460177,-0.05309734513274336,-0.9646017699115044,0.10176991150442478,-0.4823008849557522,0.08849557522123894,-0.6415929203539823,0.0752212389380531,-0.7389380530973452,0.05309734513274336,-0.831858407079646
0.0,0.0,-0.18859649122807018,-0.10964912280701754,-0.2982456140350877,-0.29385964912280704,-0.3157894736842105,-0.47368421052631576,-0.34210526315789475,-0.618421052631579,-0.19298245614035087,-0.5263157894736842,-0.2236842105263158,-0.7192982456140351,-0.2324561403508772,-0.8289473684210527,-0.22807017543859648,-0.9298245614035088,-0.08771929824561403,-0.5526315789473685,-0.11403508771929824,-0.7631578947368421,-0.12719298245614036,-0.8859649122807017,-0.14035087719298245,-1.0,0.013157894736842105,-0.5307017543859649,0.0,-0.7368421052631579,-0.013157894736842105,-0.8552631578947368,-0.03070175438596491,-0.9605263157894737,0.11403508771929824,-0.4780701754385965,0.10526315789473684,-0.631578947368421,0.08771929824561403,-0.7324561403508771,0.07017543859649122,-0.8201754385964912
0.0,0.0,-0.1853448275862069,-0.10775862068965517,-0.2974137931034483,-0.29310344827586204,-0.3103448275862069,-0.47413793103448276,-0.33189655172413796,-0.6206896551724138,-0.1853448275862069,-0.5258620689655172,-0.21120689655172414,-0.7155172413793104,-0.21982758620689655,-0.8275862068965517,-0.21120689655172414,-0.9267241379310345,-0.07758620689655173,-0.5474137931034483,-0.09913793103448276,-0.7629310344827587,-0.11637931034482758,-0.8922413793103449,-0.125,-1.0,0.021551724137931036,-0.5301724137931034,0.01293103448275862,-0.7370689655172413,0.0,-0.853448275862069,-0.01293103448275862,-0.9568965517241379,0.125,-0.47413793103448276,0.11637931034482758,-0.6293103448275862,0.10344827586206896,-0.7241379310344828,0.08620689655172414,-0.8103448275862069
0.0,0.0,-0.18487394957983194,-0.12184873949579832,-0.2815126050420168,-0.3067226890756303,-0.2689075630252101,-0.48739495798319327,-0.2773109243697479,-0.634453781512605,-0.14285714285714285,-0.5252100840336135,-0.13865546218487396,-0.726890756302521,-0.12184873949579832,-0.8403361344537815,-0.09663865546218488,-0.9411764705882353,-0.029411764705882353,-0.5378151260504201,-0.01680672268907563,-0.7605042016806722,-0.008403361344537815,-0.8907563025210085,0.0,-1.0,0.06302521008403361,-0.5084033613445378,0.07563025210084033,-0.7142857142857143,0.08403361344537816,-0.8319327731092437,0.08823529411764706,-0.9369747899159664,0.15966386554621848,-0.44537815126050423,0.1722689075630252,-0.6008403361344538,0.16806722689075632,-0.7016806722689075,0.1638655462184874,-0.7857142857142857
0.0,0.0,-0.1825726141078838,-0.1078838174273859,-0.29045643153526973,-0.2863070539419087,-0.29045643153526973,-0.46473029045643155,-0.2863070539419087,-0.6141078838174274,-0.16597510373443983,-0.5269709543568465,-0.17842323651452283,-0.7219917012448133,-0.17427385892116182,-0.8340248962655602,-0.16182572614107885,-0.9336099585062241,-0.058091286307053944,-0.5435684647302904,-0.06639004149377593,-0.7593360995850622,-0.06639004149377593,-0.8879668049792531,-0.06639004149377593,-1.0,0.03734439834024896,-0.5186721991701245,0.03734439834024896,-0.7178423236514523,0.03734439834024896,-0.8381742738589212,0.029045643153526972,-0.941908713692946,0.13278008298755187,-0.45643153526970953,0.13692946058091288,-0.6141078838174274,0.12448132780082988,-0.7095435684647303,0.11203319502074689,-0.7966804979253111
0.0,0.0,-0.18106995884773663,-0.10699588477366255,-0.2962962962962963,-0.27983539094650206,-0.3045267489711934,-0.4567901234567901,-0.30864197530864196,-0.6090534979423868,-0.18518518518518517,-0.522633744855967,-0.20987654320987653,-0.7160493827160493,-0.2139917695473251,-0.831275720164609,-0.205761316872428,-0.9300411522633745,-0.07818930041152264,-0.5432098765432098,-0.09876543209876543,-0.757201646090535,-0.1111111111111111,-0.8847736625514403,-0.11522633744855967,-1.0,0.0205761316872428,-0.5185185185185185,0.012345679012345678,-0.7242798353909465,0.00411522633744856,-0.8436213991769548,-0.00823045267489712,-0.9506172839506173,0.12345679012345678,-0.4609053497942387,0.11522633744855967,-0.6131687242798354,0.102880658436214,-0.7119341563786008,0.08641975308641975,-0.8024691358024691
0.0,0.0,-0.19262295081967212,-0.10655737704918032,-0.3073770491803279,-0.2786885245901639,-0.3155737704918033,-0.45901639344262296,-0.319672131147541,-0.6065573770491803,-0.20081967213114754,-0.5204918032786885,-0.2336065573770492,-0.7131147540983607,-0.24180327868852458,-0.8237704918032787,-0.24180327868852458,-0.9262295081967213,-0.0942622950819672,-0.5409836065573771,-0.12295081967213115,-0.7540983606557377,-0.13934426229508196,-0.8852459016393442,-0.14754098360655737,-1.0,0.004098360655737705,-0.5204918032786885,-0.00819672131147541,-0.7213114754098361,-0.020491803278688523,-0.8442622950819673,-0.036885245901639344,-0.9508196721311475,0.10655737704918032,-0.46311475409836067,0.09836065573770492,-0.6188524590163934,0.08196721311475409,-0.7131147540983607,0.05737704918032787,-0.8073770491803278
0.0,0.0,-0.19433198380566802,-0.09716599190283401,-0.3157894736842105,-0.27125506072874495,-0.3319838056680162,-0.44534412955465585,-0.3441295546558704,-0.5951417004048583,-0.22267206477732793,-0.5141700404858299,-0.27125506072874495,-0.7044534412955465,-0.291497975708502,-0.8178137651821862,-0.29959514170040485,-0.9230769230769231,-0.11336032388663968,-0.5425101214574899,-0.16194331983805668,-0.757085020242915,-0.1902834008097166,-0.8866396761133604,-0.21052631578947367,-1.0,-0.012145748987854251,-0.5263157894736842,-0.032388663967611336,-0.7368421052631579,-0.05668016194331984,-0.8582995951417004,-0.07692307692307693,-0.9676113360323887,0.09716599190283401,-0.47368421052631576,0.08097165991902834,-0.6356275303643725,0.06072874493927125,-0.7327935222672065,0.03643724696356275,-0.8218623481781376
0.0,0.0,-0.1910569105691057,-0.09349593495934959,-0.3170731707317073,-0.26422764227642276,-0.33739837398373984,-0.43902439024390244,-0.34959349593495936,-0.5934959349593496,-0.22357723577235772,-0.516260162601626,-0.27235772357723576,-0.7073170731707317,-0.2926829268292683,-0.8211382113821138,-0.3008130081300813,-0.926829268292683,-0.12195121951219512,-0.5447154471544715,-0.17073170731707318,-0.7601626016260162,-0.1991869918699187,-0.8861788617886179,-0.22357723577235772,-1.0,-0.02032520325203252,-0.5284552845528455,-0.052845528455284556,-0.7398373983739838,-0.07317073170731707,-0.8617886178861789,-0.0975609756097561,-0.9715447154471545,0.08536585365853659,-0.47560975609756095,0.06097560975609756,-0.6382113821138211,0.036585365853658534,-0.7398373983739838,0.0040650406504065045,-0.8333333333333334
0.0,0.0,-0.19672131147540983,-0.07377049180327869,-0.3401639344262295,-0.22950819672131148,-0.3770491803278688,-0.3975409836065574,-0.3770491803278688,-0.5450819672131147,-0.2786885245901639,-0.5,-0.3401639344262295,-0.6926229508196722,-0.36475409836065575,-0.8114754098360656,-0.3729508196721312,-0.9262295081967213,-0.18032786885245902,-0.5327868852459017,-0.2459016393442623,-0.7459016393442623,-0.27459016393442626,-0.8729508196721312,-0.29918032786885246,-1.0,-0.0778688524590164,-0.5204918032786885,-0.12295081967213115,-0.7254098360655737,-0.1557377049180328,-0.8483606557377049,-0.18032786885245902,-0.9631147540983607,0.03278688524590164,-0.47950819672131145,-0.004098360655737705,-0.6434426229508197,-0.036885245901639344,-0.7459016393442623,-0.07377049180327869,-0.8401639344262295
0.0,0.0,-0.19753086419753085,-0.07407407407407407,-0.34156378600823045,-0.23045267489711935,-0.3786008230452675,-0.3991769547325103,-0.37037037037037035,-0.5432098765432098,-0.2757201646090535,-0.49794238683127573,-0.3333333333333333,-0.6954732510288066,-0.35390946502057613,-0.8148148148148148,-0.3662551440329218,-0.9259259259259259,-0.17695473251028807,-0.5308641975308642,-0.2345679012345679,-0.7448559670781894,-0.26337448559670784,-0.8724279835390947,-0.2880658436213992,-1.0,-0.07407407407407407,-0.522633744855967,-0.11522633744855967,-0.7242798353909465,-0.13991769547325103,-0.8477366255144033,-0.16872427983539096,-0.9629629629629629,0.037037037037037035,-0.4773662551440329,0.00411522633744856,-0.6419753086419753,-0.024691358024691357,-0.7448559670781894,-0.053497942386831275,-0.8436213991769548
0.0,0.0,-0.192,-0.08,-0.328,-0.252,-0.352,-0.432,-0.336,-0.572,-0.24,-0.512,-0.28,-0.7,-0.292,-0.816,-0.288,-0.924,-0.136,-0.536,-0.18,-0.748,-0.196,-0.876,-0.208,-1.0,-0.04,-0.52,-0.064,-0.724,-0.08,-0.844,-0.096,-0.956,0.068,-0.468,0.044,-0.628,0.02,-0.728,-0.004,-0.828
0.0,0.0,-0.1865079365079365,-0.09126984126984126,-0.3134920634920635,-0.2698412698412698,-0.3333333333333333,-0.4523809523809524,-0.3253968253968254,-0.5992063492063492,-0.21825396825396826,-0.5079365079365079,-0.25793650793650796,-0.6984126984126984,-0.2698412698412698,-0.8134920634920635,-0.2698412698412698,-0.9206349206349206,-0.11507936507936507,-0.5357142857142857,-0.15079365079365079,-0.746031746031746,-0.17063492063492064,-0.876984126984127,-0.1865079365079365,-1.0,-0.015873015873015872,-0.5198412698412699,-0.03571428571428571,-0.7222222222222222,-0.051587301587301584,-0.8412698412698413,-0.07142857142857142,-0.9523809523809523,0.0873015873015873,-0.4642857142857143,0.07142857142857142,-0.623015873015873,0.051587301587301584,-0.7222222222222222,0.023809523809523808,-0.8174603174603174
0.0,0.0,-0.1828793774319066,-0.10116731517509728,-0.3035019455252918,-0.27626459143968873,-0.3151750972762646,-0.45136186770428016,-0.311284046692607,-0.603112840466926,-0.19066147859922178,-0.5097276264591439,-0.22178988326848248,-0.7042801556420234,-0.22957198443579765,-0.8210116731517509,-0.22568093385214008,-0.9260700389105059,-0.08171206225680934,-0.5291828793774319,-0.10894941634241245,-0.7470817120622568,-0.12062256809338522,-0.8832684824902723,-0.13229571984435798,-1.0,0.01556420233463035,-0.5058365758754864,0.01556420233463035,-0.7159533073929961,0.011673151750972763,-0.8365758754863813,0.0038910505836575876,-0.9455252918287937,0.12062256809338522,-0.45136186770428016,0.11673151750972763,-0.6070038910505836,0.10505836575875487,-0.7042801556420234,0.08949416342412451,-0.7976653696498055
0.0,0.0,-0.199203187250996,-0.09561752988047809,-0.3187250996015936,-0.26693227091633465,-0.32669322709163345,-0.44621513944223107,-0.32669322709163345,-0.5936254980079682,-0.21115537848605578,-0.5099601593625498,-0.2350597609561753,-0.7051792828685259,-0.2350597609561753,-0.8247011952191236,-0.22709163346613545,-0.9322709163346613,-0.10358565737051793,-0.5298804780876494,-0.12350597609561753,-0.7529880478087649,-0.13147410358565736,-0.8844621513944223,-0.1394422310756972,-1.0,-0.00796812749003984,-0.5139442231075697,-0.0199203187250996,-0.7171314741035857,-0.03187250996015936,-0.8406374501992032,-0.043824701195219126,-0.9482071713147411,0.09561752988047809,-0.4581673306772908,0.08764940239043825,-0.6175298804780877,0.07171314741035857,-0.7131474103585658,0.05179282868525897,-0.8007968127490039
0.0,0.0,-0.19123505976095617,-0.099601593625498,-0.30677290836653387,-0.27091633466135456,-0.3187250996015936,-0.4541832669322709,-0.3107569721115538,-0.6055776892430279,-0.199203187250996,-0.5139442231075697,-0.21912350597609562,-0.7131474103585658,-0.21912350597609562,-0.8286852589641435,-0.20717131474103587,-0.9322709163346613,-0.09163346613545817,-0.5338645418326693,-0.10756972111553785,-0.7529880478087649,-0.11553784860557768,-0.8844621513944223,-0.11952191235059761,-1.0,0.00398406374501992,-0.5139442231075697,-0.00398406374501992,-0.7171314741035857,-0.01195219123505976,-0.8366533864541833,-0.0199203187250996,-0.9442231075697212,0.10358565737051793,-0.46215139442231074,0.10358565737051793,-0.6135458167330677,0.09163346613545817,-0.7131474103585658,0.07569721115537849,-0.8007968127490039
0.0,0.0,-0.1951219512195122,-0.08536585365853659,-0.3130081300813008,-0.25609756097560976,-0.3252032520325203,-0.43902439024390244,-0.32926829268292684,-0.5894308943089431,-0.21544715447154472,-0.508130081300813,-0.24390243902439024,-0.7073170731707317,-0.24390243902439024,-0.8252032520325203,-0.23577235772357724,-0.926829268292683,-0.10975609756097561,-0.532520325203252,-0.13414634146341464,-0.7560975609756098,-0.14634146341463414,-0.8861788617886179,-0.15447154471544716,-1.0,-0.02032520325203252,-0.516260162601626,-0.036585365853658534,-0.7195121951219512,-0.04878048780487805,-0.8414634146341463,-0.06097560975609756,-0.9471544715447154,0.08130081300813008,-0.46747967479674796,0.06910569105691057,-0.6219512195121951,0.052845528455284556,-0.7195121951219512,0.032520325203252036,-0.8089430894308943
0.0,0.0,-0.2,-0.09583333333333334,-0.3125,-0.275,-0.31666666666666665,-0.4625,-0.32916666666666666,-0.6125,-0.2,-0.5208333333333334,-0.225,-0.7208333333333333,-0.22083333333333333,-0.8375,-0.20833333333333334,-0.9416666666666667,-0.09583333333333334,-0.5416666666666666,-0.11666666666666667,-0.7583333333333333,-0.12083333333333333,-0.8875,-0.125,-1.0,-0.004166666666666667,-0.5208333333333334,-0.020833333333333332,-0.7208333333333333,-0.029166666666666667,-0.8375,-0.0375,-0.9416666666666667,0.09583333333333334,-0.4666666666666667,0.08333333333333333,-0.6208333333333333,0.06666666666666667,-0.7208333333333333,0.04583333333333333,-0.8041666666666667
0.0,0.0,-0.19834710743801653,-0.09917355371900827,-0.30991735537190085,-0.2727272727272727,-0.32231404958677684,-0.4628099173553719,-0.32231404958677684,-0.6157024793388429,-0.19834710743801653,-0.5206611570247934,-0.21487603305785125,-0.71900826446281,-0.21074380165289255,-0.8347107438016529,-0.2024793388429752,-0.9380165289256198,-0.09090909090909091,-0.5413223140495868,-0.10743801652892562,-0.7603305785123967,-0.11570247933884298,-0.8884297520661157,-0.12396694214876033,-1.0,-0.004132231404958678,-0.5206611570247934,-0.012396694214876033,-0.7231404958677686,-0.024793388429752067,-0.8388429752066116,-0.0371900826446281,-0.9380165289256198,0.09504132231404959,-0.4669421487603306,0.08677685950413223,-0.6198347107438017,0.07024793388429752,-0.7148760330578512,0.05371900826446281,-0.8016528925619835
0.0,0.0,-0.19183673469387755,-0.10612244897959183,-0.3020408163265306,-0.2816326530612245,-0.3142857142857143,-0.46530612244897956,-0.30612244897959184,-0.6163265306122448,-0.17959183673469387,-0.5265306122448979,-0.19183673469387755,-0.726530612244898,-0.1836734693877551,-0.8448979591836735,-0.17142857142857143,-0.9469387755102041,-0.07346938775510205,-0.5469387755102041,-0.08163265306122448,-0.763265306122449,-0.08571428571428572,-0.889795918367347,-0.08979591836734693,-1.0,0.012244897959183673,-0.5224489795918368,0.004081632653061225,-0.7183673469387755,-0.004081632653061225,-0.8367346938775511,-0.00816326530612245,-0.9346938775510204,0.10612244897959183,-0.46530612244897956,0.10204081632653061,-0.6204081632653061,0.08571428571428572,-0.7142857142857143,0.06938775510204082,-0.8
0.0,0.0,-0.19183673469387755,-0.11428571428571428,-0.2938775510204082,-0.2979591836734694,-0.2897959183673469,-0.4897959183673469,-0.2693877551020408,-0.636734693877551,-0.15918367346938775,-0.5346938775510204,-0.15510204081632653,-0.7387755102040816,-0.13877551020408163,-0.8530612244897959,-0.11836734693877551,-0.9510204081632653,-0.04897959183673469,-0.5469387755102041,-0.044897959183673466,-0.7673469387755102,-0.036734693877551024,-0.889795918367347,-0.02857142857142857,-1.0,0.036734693877551024,-0.5183673469387755,0.044897959183673466,-0.7183673469387755,0.044897959183673466,-0.8326530612244898,0.04897959183673469,-0.9346938775510204,0.1346938775510204,-0.45714285714285713,0.1346938775510204,-0.6122448979591837,0.12653061224489795,-0.710204081632653,0.11836734693877551,-0.7959183673469388
0.0,0.0,-0.18775510204081633,-0.11428571428571428,-0.2897959183673469,-0.2979591836734694,-0.2857142857142857,-0.4897959183673469,-0.27346938775510204,-0.6408163265306123,-0.1510204081632653,-0.5306122448979592,-0.1469387755102041,-0.7346938775510204,-0.12653061224489795,-0.8489795918367347,-0.10612244897959183,-0.9469387755102041,-0.04081632653061224,-0.5428571428571428,-0.036734693877551024,-0.763265306122449,-0.02857142857142857,-0.889795918367347,-0.02040816326530612,-1.0,0.044897959183673466,-0.5142857142857142,0.053061224489795916,-0.710204081632653,0.05714285714285714,-0.8285714285714286,0.061224489795918366,-0.926530612244898,0.14285714285714285,-0.4489795918367347,0.1469387755102041,-0.6040816326530613,0.14285714285714285,-0.6979591836734694,0.1346938775510204,-0.7836734693877551
0.0,0.0,-0.1902834008097166,-0.11740890688259109,-0.291497975708502,-0.29959514170040485,-0.2834008097165992,-0.4898785425101215,-0.27530364372469635,-0.6396761133603239,-0.14979757085020243,-0.5344129554655871,-0.14979757085020243,-0.7368421052631579,-0.13360323886639677,-0.8502024291497976,-0.11336032388663968,-0.951417004048583,-0.044534412955465584,-0.5465587044534413,-0.04048582995951417,-0.7651821862348178,-0.032388663967611336,-0.8906882591093117,-0.024291497975708502,-1.0,0.04048582995951417,-0.5141700404858299,0.048582995951417005,-0.7165991902834008,0.05263157894736842,-0.8299595141700404,0.05668016194331984,-0.9311740890688259,0.13360323886639677,-0.4534412955465587,0.13765182186234817,-0.6072874493927125,0.13360323886639677,-0.7004048582995951,0.1214574898785425,-0.7854251012145749
0.0,0.0,-0.1991869918699187,-0.08536585365853659,-0.3170731707317073,-0.25203252032520324,-0.3252032520325203,-0.4349593495934959,-0.33739837398373984,-0.5853658536585366,-0.21138211382113822,-0.508130081300813,-0.23170731707317074,-0.7073170731707317,-0.23170731707317074,-0.8252032520325203,-0.21951219512195122,-0.9308943089430894,-0.10569105691056911,-0.532520325203252,-0.12601626016260162,-0.7520325203252033,-0.13414634146341464,-0.8821138211382114,-0.13821138211382114,-1.0,-0.012195121951219513,-0.516260162601626,-0.028455284552845527,-0.7195121951219512,-0.036585365853658534,-0.8373983739837398,-0.04878048780487805,-0.9471544715447154,0.08943089430894309,-0.46747967479674796,0.07317073170731707,-0.6219512195121951,0.052845528455284556,-0.7195121951219512,0.032520325203252036,-0.8048780487804879
0.0,0.0,-0.20164609053497942,-0.07407407407407407,-0.3374485596707819,-0.2345679012345679,-0.35802469135802467,-0.4074074074074074,-0.37448559670781895,-0.5555555555555556,-0.25102880658436216,-0.5020576131687243,-0.2962962962962963,-0.6995884773662552,-0.31275720164609055,-0.8189300411522634,-0.3168724279835391,-0.9259259259259259,-0.14814814814814814,-0.5349794238683128,-0.1934156378600823,-0.7530864197530864,-0.2222222222222222,-0.8847736625514403,-0.24279835390946503,-1.0,-0.04526748971193416,-0.522633744855967,-0.0823045267489712,-0.7325102880658436,-0.1111111111111111,-0.8559670781893004,-0.13580246913580246,-0.9629629629629629,0.06172839506172839,-0.4773662551440329,0.037037037037037035,-0.6378600823045267,0.012345679012345678,-0.7325102880658436,-0.0205761316872428,-0.823045267489712
0.0,0.0,-0.20164609053497942,-0.06995884773662552,-0.34156378600823045,-0.2222222222222222,-0.37448559670781895,-0.3950617283950617,-0.39094650205761317,-0.5390946502057613,-0.2716049382716049,-0.49794238683127573,-0.3333333333333333,-0.691358024691358,-0.35802469135802467,-0.8065843621399177,-0.37037037037037035,-0.9135802469135802,-0.16872427983539096,-0.5349794238683128,-0.23045267489711935,-0.7530864197530864,-0.2674897119341564,-0.8847736625514403,-0.2962962962962963,-1.0,-0.06584362139917696,-0.5267489711934157,-0.1111111111111111,-0.7366255144032922,-0.1440329218106996,-0.8600823045267489,-0.17695473251028807,-0.9711934156378601,0.04526748971193416,-0.48559670781893005,0.012345679012345678,-0.6460905349794238,-0.0205761316872428,-0.7448559670781894,-0.05761316872427984,-0.831275720164609
0.0,0.0,-0.19834710743801653,-0.07851239669421488,-0.33884297520661155,-0.23553719008264462,-0.36363636363636365,-0.4090909090909091,-0.371900826446281,-0.5619834710743802,-0.256198347107438,-0.5041322314049587,-0.30578512396694213,-0.7024793388429752,-0.32644628099173556,-0.8181818181818182,-0.3305785123966942,-0.9256198347107438,-0.15289256198347106,-0.5371900826446281,-0.2024793388429752,-0.756198347107438,-0.22727272727272727,-0.8842975206611571,-0.24793388429752067,-1.0,-0.049586776859504134,-0.5289256198347108,-0.08264462809917356,-0.731404958677686,-0.1115702479338843,-0.8553719008264463,-0.13636363636363635,-0.9669421487603306,0.06198347107438017,-0.4834710743801653,0.03305785123966942,-0.640495867768595,0.004132231404958678,-0.7396694214876033,-0.028925619834710745,-0.8264462809917356
0.0,0.0,-0.19678714859437751,-0.10040160642570281,-0.3172690763052209,-0.2570281124497992,-0.3333333333333333,-0.42971887550200805,-0.3413654618473896,-0.5783132530120482,-0.20883534136546184,-0.5060240963855421,-0.23293172690763053,-0.6987951807228916,-0.23293172690763053,-0.8152610441767069,-0.2248995983935743,-0.9196787148594378,-0.10441767068273092,-0.5341365461847389,-0.12048192771084337,-0.751004016064257,-0.1285140562248996,-0.8835341365461847,-0.13654618473895583,-1.0,-0.008032128514056224,-0.5140562248995983,-0.020080321285140562,-0.7188755020080321,-0.0321285140562249,-0.8393574297188755,-0.04417670682730924,-0.9518072289156626,0.0963855421686747,-0.46184738955823296,0.08433734939759036,-0.6224899598393574,0.06827309236947791,-0.7188755020080321,0.04819277108433735,-0.8072289156626506
0.0,0.0,-0.19123505976095617,-0.09561752988047809,-0.3187250996015936,-0.2589641434262948,-0.33067729083665337,-0.43824701195219123,-0.32669322709163345,-0.5856573705179283,-0.20717131474103587,-0.5059760956175299,-0.22709163346613545,-0.701195219123506,-0.22709163346613545,-0.8167330677290837,-0.2151394422310757,-0.9243027888446215,-0.099601593625498,-0.5338645418326693,-0.11553784860557768,-0.7529880478087649,-0.12350597609561753,-0.8844621513944223,-0.13147410358565736,-1.0,-0.00398406374501992,-0.5139442231075697,-0.01195219123505976,-0.7171314741035857,-0.02390438247011952,-0.8406374501992032,-0.035856573705179286,-0.9482071713147411,0.09561752988047809,-0.46215139442231074,0.09163346613545817,-0.6175298804780877,0.07569721115537849,-0.7171314741035857,0.055776892430278883,-0.8047808764940239
0.0,0.0,-0.2066420664206642,-0.0959409594095941,-0.3247232472324723,-0.2767527675276753,-0.33948339483394835,-0.4612546125461255,-0.35793357933579334,-0.6051660516605166,-0.2177121771217712,-0.5202952029520295,-0.24354243542435425,-0.7158671586715867,-0.24354243542435425,-0.8265682656826568,-0.23985239852398524,-0.9261992619926199,-0.11070110701107011,-0.5461254612546126,-0.13284132841328414,-0.7638376383763837,-0.14391143911439114,-0.8892988929889298,-0.15498154981549817,-1.0,-0.014760147601476014,-0.5313653136531366,-0.033210332103321034,-0.7343173431734318,-0.04797047970479705,-0.8523985239852399,-0.06642066420664207,-0.955719557195572,0.08856088560885608,-0.4797047970479705,0.07380073800738007,-0.6420664206642066,0.05166051660516605,-0.7416974169741697,0.02952029520295203,-0.8265682656826568
0.0,0.0,-0.19504643962848298,-0.05572755417956656,-0.32507739938080493,-0.22291021671826625,-0.3498452012383901,-0.3931888544891641,-0.37770897832817335,-0.544891640866873,-0.23219814241486067,-0.47678018575851394,-0.25386996904024767,-0.6811145510835913,-0.25386996904024767,-0.804953560371517,-0.24458204334365324,-0.913312693498452,-0.1238390092879257,-0.5046439628482973,-0.14860681114551083,-0.7368421052631579,-0.15479876160990713,-0.8761609907120743,-0.15789473684210525,-1.0,-0.02786377708978328,-0.48606811145510836,-0.043343653250773995,-0.7027863777089783,-0.04953560371517028,-0.8328173374613003,-0.05572755417956656,-0.9504643962848297,0.07739938080495357,-0.43343653250773995,0.06811145510835913,-0.5944272445820433,0.05263157894736842,-0.6996904024767802,0.034055727554179564,-0.7956656346749226
0.0,0.0,-0.19135802469135801,-0.05555555555555555,-0.31790123456790126,-0.2222222222222222,-0.3487654320987654,-0.3888888888888889,-0.3765432098765432,-0.5370370370370371,-0.23148148148148148,-0.4722222222222222,-0.25308641975308643,-0.6728395061728395,-0.25617283950617287,-0.7962962962962963,-0.25,-0.9074074074074074,-0.12654320987654322,-0.5,-0.15123456790123457,-0.7283950617283951,-0.1574074074074074,-0.8703703703703703,-0.16049382716049382,-1.0,-0.027777777777777776,-0.4783950617283951,-0.046296296296296294,-0.6944444444444444,-0.05246913580246913,-0.8240740740740741,-0.05864197530864197,-0.9444444444444444,0.07407407407407407,-0.4228395061728395,0.06481481481481481,-0.5833333333333334,0.04938271604938271,-0.691358024691358,0.030864197530864196,-0.7901234567901234
0.0,0.0,-0.2070063694267516,-0.041401273885350316,-0.35668789808917195,-0.19745222929936307,-0.40445859872611467,-0.3662420382165605,-0.44904458598726116,-0.5127388535031847,-0.30254777070063693,-0.4554140127388535,-0.3503184713375796,-0.6656050955414012,-0.36942675159235666,-0.7898089171974523,-0.37579617834394907,-0.9044585987261147,-0.20063694267515925,-0.49363057324840764,-0.2611464968152866,-0.7261146496815286,-0.28662420382165604,-0.8694267515923567,-0.30254777070063693,-1.0,-0.10191082802547771,-0.4840764331210191,-0.14968152866242038,-0.7006369426751592,-0.1751592356687898,-0.8343949044585988,-0.1942675159235669,-0.9585987261146497,0.012738853503184714,-0.43630573248407645,-0.022292993630573247,-0.6019108280254777,-0.054140127388535034,-0.7101910828025477,-0.08598726114649681,-0.8089171974522293
0.0,0.0,-0.20766773162939298,-0.03194888178913738,-0.36421725239616615,-0.1853035143769968,-0.41533546325878595,-0.3546325878594249,-0.46645367412140576,-0.5047923322683706,-0.31309904153354634,-0.4472843450479233,-0.36741214057507987,-0.6549520766773163,-0.3865814696485623,-0.7827476038338658,-0.3929712460063898,-0.8977635782747604,-0.2108626198083067,-0.48881789137380194,-0.2715654952076677,-0.7220447284345048,-0.2971246006389776,-0.8690095846645367,-0.31629392971246006,-1.0,-0.10862619808306709,-0.4792332268370607,-0.1597444089456869,-0.7028753993610224,-0.18210862619808307,-0.8370607028753994,-0.20447284345047922,-0.9584664536741214,0.009584664536741214,-0.43450479233226835,-0.02875399361022364,-0.6006389776357828,-0.06070287539936102,-0.7124600638977636,-0.09584664536741214,-0.8146964856230032
0.0,0.0,-0.19003115264797507,-0.03426791277258567,-0.32710280373831774,-0.1806853582554517,-0.35514018691588783,-0.34890965732087226,-0.3987538940809969,-0.5015576323987538,-0.2367601246105919,-0.4485981308411215,-0.27102803738317754,-0.6573208722741433,-0.27414330218068533,-0.7850467289719626,-0.2616822429906542,-0.9034267912772586,-0.1277258566978193,-0.48598130841121495,-0.16199376947040497,-0.7227414330218068,-0.17133956386292834,-0.8691588785046729,-0.17445482866043613,-1.0,-0.03115264797507788,-0.470404984423676,-0.04361370716510903,-0.6947040498442367,-0.0529595015576324,-0.8286604361370716,-0.059190031152647975,-0.9470404984423676,0.07476635514018691,-0.4174454828660436,0.06542056074766354,-0.5794392523364486,0.04984423676012461,-0.6884735202492211,0.024922118380062305,-0.7850467289719626
0.0,0.0,-0.18575851393188855,-0.04024767801857585,-0.3126934984520124,-0.1826625386996904,-0.34055727554179566,-0.34674922600619196,-0.38080495356037153,-0.4984520123839009,-0.22291021671826625,-0.44891640866873067,-0.25077399380804954,-0.653250773993808,-0.25696594427244585,-0.7801857585139319,-0.25077399380804954,-0.8947368421052632,-0.11764705882352941,-0.48606811145510836,-0.14241486068111456,-0.7213622291021672,-0.15170278637770898,-0.8668730650154799,-0.15789473684210525,-1.0,-0.021671826625386997,-0.47058823529411764,-0.030959752321981424,-0.6904024767801857,-0.04024767801857585,-0.826625386996904,-0.05263157894736842,-0.9473684210526315,0.08359133126934984,-0.4179566563467492,0.0804953560371517,-0.5820433436532507,0.06811145510835913,-0.6873065015479877,0.04643962848297214,-0.7863777089783281
0.0,0.0,-0.18691588785046728,-0.03426791277258567,-0.3177570093457944,-0.1838006230529595,-0.34890965732087226,-0.34890965732087226,-0.3925233644859813,-0.4984423676012461,-0.2336448598130841,-0.45482866043613707,-0.2616822429906542,-0.6573208722741433,-0.26791277258566976,-0.7819314641744548,-0.2616822429906542,-0.897196261682243,-0.12461059190031153,-0.48909657320872274,-0.1526479750778816,-0.7258566978193146,-0.16510903426791276,-0.8691588785046729,-0.17133956386292834,-1.0,-0.028037383177570093,-0.4735202492211838,-0.04361370716510903,-0.6947040498442367,-0.056074766355140186,-0.8286604361370716,-0.06853582554517133,-0.9501557632398754,0.0778816199376947,-0.4174454828660436,0.07165109034267912,-0.5825545171339563,0.056074766355140186,-0.6884735202492211,0.028037383177570093,-0.7850467289719626
0.0,0.0,-0.1918238993710692,-0.03459119496855346,-0.33647798742138363,-0.18553459119496854,-0.37735849056603776,-0.3522012578616352,-0.4276729559748428,-0.5031446540880503,-0.2610062893081761,-0.4528301886792453,-0.29245283018867924,-0.660377358490566,-0.3018867924528302,-0.7861635220125787,-0.3018867924528302,-0.89937106918239,-0.1540880503144654,-0.49056603773584906,-0.1918238993710692,-0.7264150943396226,-0.20754716981132076,-0.8710691823899371,-0.2138364779874214,-1.0,-0.05660377358490566,-0.4779874213836478,-0.08176100628930817,-0.6981132075471698,-0.09748427672955975,-0.8333333333333334,-0.11006289308176101,-0.9559748427672956,0.05345911949685535,-0.42452830188679247,0.03459119496855346,-0.5880503144654088,0.015723270440251572,-0.6981132075471698,-0.012578616352201259,-0.7987421383647799
0.0,0.0,-0.19148936170212766,-0.03951367781155015,-0.3404255319148936,-0.1884498480243161,-0.3860182370820669,-0.3556231003039514,-0.42249240121580545,-0.5075987841945289,-0.270516717325228,-0.45896656534954405,-0.303951367781155,-0.662613981762918,-0.3161094224924012,-0.7872340425531915,-0.3221884498480243,-0.8996960486322189,-0.1702127659574468,-0.49848024316109424,-0.2127659574468085,-0.729483282674772,-0.23100303951367782,-0.8723404255319149,-0.24316109422492402,-1.0,-0.06990881458966565,-0.48632218844984804,-0.1094224924012158,-0.7051671732522796,-0.12462006079027356,-0.8389057750759878,-0.14285714285714285,-0.9604863221884499,0.0425531914893617,-0.4376899696048632,0.00911854103343465,-0.601823708206687,-0.015197568389057751,-0.7082066869300911,-0.04559270516717325,-0.8085106382978723
0.0,0.0,-0.1951219512195122,-0.036585365853658534,-0.3353658536585366,-0.18902439024390244,-0.375,-0.3567073170731707,-0.42378048780487804,-0.5060975609756098,-0.2621951219512195,-0.4603658536585366,-0.29573170731707316,-0.6646341463414634,-0.3079268292682927,-0.7865853658536586,-0.3079268292682927,-0.899390243902439,-0.15548780487804878,-0.5,-0.1951219512195122,-0.7347560975609756,-0.21341463414634146,-0.875,-0.22560975609756098,-1.0,-0.057926829268292686,-0.49085365853658536,-0.08841463414634146,-0.7134146341463414,-0.10670731707317073,-0.8445121951219512,-0.12195121951219512,-0.9664634146341463,0.051829268292682924,-0.4420731707317073,0.03353658536585366,-0.6036585365853658,0.006097560975609756,-0.7103658536585366,-0.024390243902439025,-0.8079268292682927
0.0,0.0,-0.18292682926829268,-0.03048780487804878,-0.3048780487804878,-0.17378048780487804,-0.32926829268292684,-0.3384146341463415,-0.375,-0.4847560975609756,-0.22560975609756098,-0.4573170731707317,-0.25609756097560976,-0.6615853658536586,-0.2621951219512195,-0.7865853658536586,-0.25609756097560976,-0.8963414634146342,-0.11890243902439024,-0.4969512195121951,-0.14634146341463414,-0.7347560975609756,-0.16158536585365854,-0.875,-0.1676829268292683,-1.0,-0.024390243902439025,-0.4878048780487805,-0.039634146341463415,-0.7103658536585366,-0.051829268292682924,-0.8414634146341463,-0.06707317073170732,-0.9634146341463414,0.07317073170731707,-0.43597560975609756,0.06707317073170732,-0.5945121951219512,0.051829268292682924,-0.698170731707317,0.027439024390243903,-0.7926829268292683
0.0,0.0,-0.17933130699088146,-0.030395136778115502,-0.2978723404255319,-0.1702127659574468,-0.3100303951367781,-0.3373860182370821,-0.3556231003039514,-0.48632218844984804,-0.20364741641337386,-0.45592705167173253,-0.23100303951367782,-0.662613981762918,-0.23404255319148937,-0.7933130699088146,-0.22492401215805471,-0.9057750759878419,-0.10030395136778116,-0.49544072948328266,-0.12158054711246201,-0.7325227963525835,-0.1337386018237082,-0.8753799392097265,-0.13677811550151975,-1.0,-0.00911854103343465,-0.48328267477203646,-0.015197568389057751,-0.7021276595744681,-0.0243161094224924,-0.8328267477203647,-0.03343465045592705,-0.9513677811550152,0.0851063829787234,-0.4316109422492401,0.08206686930091185,-0.5896656534954408,0.06990881458966565,-0.6930091185410334,0.05167173252279635,-0.7872340425531915
0.0,0.0,-0.1921921921921922,-0.04504504504504504,-0.32732732732732733,-0.2012012012012012,-0.3633633633633634,-0.36936936936936937,-0.4024024024024024,-0.5165165165165165,-0.24624624624624625,-0.46846846846846846,-0.2672672672672673,-0.6726726726726727,-0.2672672672672673,-0.7957957957957958,-0.25825825825825827,-0.9069069069069069,-0.13813813813813813,-0.5015015015015015,-0.16216216216216217,-0.7357357357357357,-0.17117117117117117,-0.8768768768768769,-0.17417417417417416,-1.0,-0.036036036036036036,-0.4864864864864865,-0.057057057057057055,-0.7087087087087087,-0.06906906906906907,-0.8408408408408409,-0.07807807807807808,-0.9579579579579579,0.07207207207207207,-0.43543543543543545,0.05105105105105105,-0.6006006006006006,0.036036036036036036,-0.7057057057057057,0.015015015015015015,-0.8018018018018018
0.0,0.0,-0.1901840490797546,-0.03987730061349693,-0.3282208588957055,-0.1901840490797546,-0.3588957055214724,-0.3619631901840491,-0.401840490797546,-0.5122699386503068,-0.24539877300613497,-0.46319018404907975,-0.2668711656441718,-0.6625766871165644,-0.27300613496932513,-0.7883435582822086,-0.2668711656441718,-0.8987730061349694,-0.13496932515337423,-0.5030674846625767,-0.16257668711656442,-0.7331288343558282,-0.17484662576687116,-0.8742331288343558,-0.18098159509202455,-1.0,-0.03680981595092025,-0.49079754601226994,-0.05521472392638037,-0.7116564417177914,-0.06748466257668712,-0.843558282208589,-0.07668711656441718,-0.9662576687116564,0.0736196319018405,-0.44171779141104295,0.05521472392638037,-0.6073619631901841,0.03987730061349693,-0.7116564417177914,0.015337423312883436,-0.8098159509202454
0.0,0.0,-0.19753086419753085,-0.037037037037037035,-0.33641975308641975,-0.19135802469135801,-0.3765432098765432,-0.36419753086419754,-0.4228395061728395,-0.5123456790123457,-0.2654320987654321,-0.4660493827160494,-0.30246913580246915,-0.6666666666666666,-0.3117283950617284,-0.7901234567901234,-0.30864197530864196,-0.9012345679012346,-0.16049382716049382,-0.5061728395061729,-0.19753086419753085,-0.7376543209876543,-0.21604938271604937,-0.8765432098765432,-0.2222222222222222,-1.0,-0.06172839506172839,-0.49691358024691357,-0.09259259259259259,-0.7129629629629629,-0.10802469135802469,-0.845679012345679,-0.12037037037037036,-0.9691358024691358,0.04938271604938271,-0.4506172839506173,0.024691358024691357,-0.6141975308641975,0.0030864197530864196,-0.7191358024691358,-0.021604938271604937,-0.8148148148148148
0.0,0.0,-0.21019108280254778,-0.03184713375796178,-0.37261146496815284,-0.18152866242038215,-0.4299363057324841,-0.34394904458598724,-0.49044585987261147,-0.4872611464968153,-0.3343949044585987,-0.46496815286624205,-0.3980891719745223,-0.6592356687898089,-0.42356687898089174,-0.7802547770700637,-0.43630573248407645,-0.89171974522293,-0.2356687898089172,-0.5127388535031847,-0.3089171974522293,-0.732484076433121,-0.34076433121019106,-0.8726114649681529,-0.36942675159235666,-1.0,-0.1337579617834395,-0.5127388535031847,-0.19745222929936307,-0.7229299363057324,-0.23248407643312102,-0.8535031847133758,-0.267515923566879,-0.9745222929936306,-0.01592356687898089,-0.47770700636942676,-0.06369426751592357,-0.6401273885350318,-0.10509554140127389,-0.7452229299363057,-0.14968152866242038,-0.8439490445859873
0.0,0.0,-0.20689655172413793,-0.03761755485893417,-0.3542319749216301,-0.19122257053291536,-0.4012539184952978,-0.3605015673981191,-0.45141065830721006,-0.5078369905956113,-0.30407523510971785,-0.4702194357366771,-0.3542319749216301,-0.6677115987460815,-0.3730407523510972,-0.7899686520376176,-0.3793103448275862,-0.8996865203761756,-0.2006269592476489,-0.5109717868338558,-0.2601880877742947,-0.7366771159874608,-0.2852664576802508,-0.8746081504702194,-0.30094043887147337,-1.0,-0.09717868338557993,-0.5047021943573667,-0.14733542319749215,-0.7210031347962382,-0.1786833855799373,-0.8495297805642633,-0.20376175548589343,-0.9717868338557993,0.018808777429467086,-0.46394984326018807,-0.018808777429467086,-0.6269592476489029,-0.05329153605015674,-0.7335423197492164,-0.0877742946708464,-0.8369905956112853
0.0,0.0,-0.19692307692307692,-0.046153846153846156,-0.3292307692307692,-0.20307692307692307,-0.36,-0.3723076923076923,-0.4,-0.5169230769230769,-0.25846153846153846,-0.47692307692307695,-0.2923076923076923,-0.676923076923077,-0.3046153846153846,-0.796923076923077,-0.3046153846153846,-0.9046153846153846,-0.15384615384615385,-0.5107692307692308,-0.19692307692307692,-0.7415384615384616,-0.2123076923076923,-0.8769230769230769,-0.2246153846153846,-1.0,-0.055384615384615386,-0.49538461538461537,-0.09230769230769231,-0.7138461538461538,-0.11076923076923077,-0.8430769230769231,-0.12923076923076923,-0.963076923076923,0.055384615384615386,-0.4461538461538462,0.027692307692307693,-0.6092307692307692,0.003076923076923077,-0.7138461538461538,-0.021538461538461538,-0.8123076923076923
0.0,0.0,-0.1903323262839879,-0.06042296072507553,-0.3081570996978852,-0.22356495468277945,-0.31722054380664655,-0.3987915407854985,-0.3413897280966767,-0.5498489425981873,-0.2054380664652568,-0.486404833836858,-0.21450151057401812,-0.6888217522658611,-0.2054380664652568,-0.8126888217522659,-0.1903323262839879,-0.9214501510574018,-0.09667673716012085,-0.5105740181268882,-0.10574018126888217,-0.743202416918429,-0.10574018126888217,-0.8821752265861027,-0.09667673716012085,-1.0,0.0030211480362537764,-0.48942598187311176,-0.0030211480362537764,-0.7099697885196374,-0.0030211480362537764,-0.8398791540785498,0.0,-0.9577039274924471,0.10574018126888217,-0.43202416918429004,0.09969788519637462,-0.5981873111782477,0.09063444108761329,-0.7039274924471299,0.07854984894259819,-0.8006042296072508
0.0,0.0,-0.2,-0.08852459016393442,-0.31475409836065577,-0.26557377049180325,-0.32459016393442625,-0.4426229508196721,-0.3442622950819672,-0.5901639344262295,-0.20327868852459016,-0.5147540983606558,-0.21639344262295082,-0.7114754098360656,-0.20327868852459016,-0.8229508196721311,-0.18360655737704917,-0.921311475409836,-0.09180327868852459,-0.5409836065573771,-0.10491803278688525,-0.7639344262295082,-0.10163934426229508,-0.8918032786885246,-0.09508196721311475,-1.0,0.003278688524590164,-0.5180327868852459,-0.003278688524590164,-0.7278688524590164,-0.006557377049180328,-0.8491803278688524,-0.009836065573770493,-0.9573770491803278,0.10819672131147541,-0.46557377049180326,0.09836065573770492,-0.6262295081967213,0.08524590163934426,-0.7245901639344262,0.07213114754098361,-0.8163934426229508
0.0,0.0,-0.19594594594594594,-0.08783783783783784,-0.31756756756756754,-0.2668918918918919,-0.34121621621621623,-0.44594594594594594,-0.36486486486486486,-0.5912162162162162,-0.21283783783783783,-0.5168918918918919,-0.23310810810810811,-0.706081081081081,-0.22635135135135134,-0.8175675675675675,-0.21621621621621623,-0.9155405405405406,-0.10810810810810811,-0.543918918918919,-0.12837837837837837,-0.7601351351351351,-0.13175675675675674,-0.8885135135135135,-0.13175675675675674,-1.0,-0.013513513513513514,-0.527027027027027,-0.030405405405405407,-0.7364864864864865,-0.037162162162162164,-0.8547297297297297,-0.04391891891891892,-0.9628378378378378,0.08783783783783784,-0.47635135135135137,0.0777027027027027,-0.6385135135135135,0.060810810810810814,-0.7398648648648649,0.04391891891891892,-0.831081081081081
0.0,0.0,-0.19528619528619529,-0.08754208754208755,-0.31313131313131315,-0.2727272727272727,-0.32996632996632996,-0.4511784511784512,-0.3468013468013468,-0.5959595959595959,-0.20202020202020202,-0.5151515151515151,-0.21212121212121213,-0.7037037037037037,-0.2053872053872054,-0.8148148148148148,-0.1919191919191919,-0.9124579124579124,-0.09427609427609428,-0.5420875420875421,-0.10774410774410774,-0.7609427609427609,-0.10774410774410774,-0.8888888888888888,-0.10437710437710437,-1.0,0.0,-0.5218855218855218,-0.010101010101010102,-0.7306397306397306,-0.016835016835016835,-0.8484848484848485,-0.02356902356902357,-0.9562289562289562,0.10101010101010101,-0.4713804713804714,0.09427609427609428,-0.6296296296296297,0.08080808080808081,-0.7306397306397306,0.06397306397306397,-0.8215488215488216
0.0,0.0,-0.19047619047619047,-0.08843537414965986,-0.30952380952380953,-0.272108843537415,-0.32653061224489793,-0.4523809523809524,-0.336734693877551,-0.5986394557823129,-0.19387755102040816,-0.5204081632653061,-0.20408163265306123,-0.7108843537414966,-0.19387755102040816,-0.8197278911564626,-0.17346938775510204,-0.9183673469387755,-0.08503401360544217,-0.54421768707483,-0.09523809523809523,-0.7619047619047619,-0.09523809523809523,-0.891156462585034,-0.08843537414965986,-1.0,0.01020408163265306,-0.5238095238095238,0.003401360544217687,-0.7312925170068028,-0.003401360544217687,-0.8537414965986394,-0.006802721088435374,-0.9625850340136054,0.11224489795918367,-0.46938775510204084,0.1054421768707483,-0.6326530612244898,0.09523809523809523,-0.7346938775510204,0.0782312925170068,-0.8299319727891157
0.0,0.0,-0.1958762886597938,-0.054982817869415807,-0.3436426116838488,-0.23024054982817868,-0.3848797250859107,-0.40893470790378006,-0.41924398625429554,-0.5532646048109966,-0.27835051546391754,-0.4948453608247423,-0.31958762886597936,-0.6907216494845361,-0.32989690721649484,-0.8075601374570447,-0.32646048109965636,-0.9140893470790378,-0.17525773195876287,-0.5292096219931272,-0.21993127147766323,-0.7525773195876289,-0.24054982817869416,-0.8865979381443299,-0.2508591065292096,-1.0,-0.06872852233676977,-0.5223367697594502,-0.10652920962199312,-0.7353951890034365,-0.12714776632302405,-0.8591065292096219,-0.14432989690721648,-0.9690721649484536,0.041237113402061855,-0.48109965635738833,0.006872852233676976,-0.6460481099656358,-0.020618556701030927,-0.7491408934707904,-0.048109965635738834,-0.8419243986254296
0.0,0.0,-0.20701754385964913,-0.0456140350877193,-0.3824561403508772,-0.18596491228070175,-0.45614035087719296,-0.34385964912280703,-0.512280701754386,-0.4842105263157895,-0.3508771929824561,-0.4807017543859649,-0.41403508771929826,-0.6736842105263158,-0.4421052631578947,-0.7929824561403509,-0.45263157894736844,-0.9017543859649123,-0.25263157894736843,-0.5263157894736842,-0.3298245614035088,-0.743859649122807,-0.3649122807017544,-0.8807017543859649,-0.3894736842105263,-1.0,-0.14736842105263157,-0.5298245614035088,-0.21754385964912282,-0.7368421052631579,-0.2596491228070175,-0.8596491228070176,-0.29473684210526313,-0.9719298245614035,-0.028070175438596492,-0.49473684210526314,-0.08421052631578947,-0.6596491228070176,-0.12631578947368421,-0.7578947368421053,-0.16842105263157894,-0.8526315789473684
0.0,0.0,-0.20921985815602837,-0.03546099290780142,-0.38652482269503546,-0.17375886524822695,-0.4574468085106383,-0.33687943262411346,-0.5177304964539007,-0.4716312056737589,-0.35815602836879434,-0.475177304964539,-0.425531914893617,-0.6702127659574468,-0.45390070921985815,-0.7907801418439716,-0.4645390070921986,-0.900709219858156,-0.25886524822695034,-0.524822695035461,-0.3404255319148936,-0.7446808510638298,-0.375886524822695,-0.8794326241134752,-0.40070921985815605,-1.0,-0.1524822695035461,-0.5283687943262412,-0.22695035460992907,-0.7375886524822695,-0.2695035460992908,-0.8617021276595744,-0.30851063829787234,-0.975177304964539,-0.024822695035460994,-0.5,-0.08865248226950355,-0.6631205673758865,-0.13120567375886524,-0.7659574468085106,-0.17375886524822695,-0.8581560283687943
0.0,0.0,-0.21232876712328766,-0.05136986301369863,-0.363013698630137,-0.2089041095890411,-0.410958904109589,-0.386986301369863,-0.4486301369863014,-0.5308219178082192,-0.3047945205479452,-0.4897260273972603,-0.3493150684931507,-0.684931506849315,-0.363013698630137,-0.8013698630136986,-0.3664383561643836,-0.9075342465753424,-0.20205479452054795,-0.5308219178082192,-0.25,-0.7534246575342466,-0.273972602739726,-0.8835616438356164,-0.2876712328767123,-1.0,-0.09931506849315068,-0.5273972602739726,-0.14726027397260275,-0.7363013698630136,-0.1780821917808219,-0.8595890410958904,-0.20205479452054795,-0.9691780821917808,0.017123287671232876,-0.4863013698630137,-0.023972602739726026,-0.6541095890410958,-0.05136986301369863,-0.7534246575342466,-0.0821917808219178,-0.8458904109589042
0.0,0.0,-0.20066889632107024,-0.07357859531772576,-0.3311036789297659,-0.2408026755852843,-0.3612040133779264,-0.41471571906354515,-0.391304347826087,-0.5585284280936454,-0.24414715719063546,-0.5050167224080268,-0.27424749163879597,-0.6989966555183946,-0.2809364548494983,-0.8160535117056856,-0.2809364548494983,-0.9163879598662207,-0.14046822742474915,-0.5384615384615384,-0.1705685618729097,-0.7591973244147158,-0.18394648829431437,-0.8896321070234113,-0.19063545150501673,-1.0,-0.04013377926421405,-0.5217391304347826,-0.07023411371237458,-0.7357859531772575,-0.08695652173913043,-0.8561872909698997,-0.10367892976588629,-0.9665551839464883,0.06688963210702341,-0.47157190635451507,0.04013377926421405,-0.6387959866220736,0.020066889632107024,-0.7391304347826086,0.0,-0.8327759197324415
0.0,0.0,-0.19736842105263158,-0.08881578947368421,-0.3125,-0.2565789473684211,-0.3157894736842105,-0.4342105263157895,-0.32894736842105265,-0.5822368421052632,-0.20394736842105263,-0.5164473684210527,-0.2138157894736842,-0.7072368421052632,-0.20394736842105263,-0.819078947368421,-0.1875,-0.9210526315789473,-0.09539473684210527,-0.5394736842105263,-0.10526315789473684,-0.7598684210526315,-0.10197368421052631,-0.8881578947368421,-0.09539473684210527,-1.0,0.0,-0.5164473684210527,-0.006578947368421052,-0.7236842105263158,-0.009868421052631578,-0.8453947368421053,-0.009868421052631578,-0.9506578947368421,0.09868421052631579,-0.45723684210526316,0.09210526315789473,-0.6217105263157895,0.08223684210526316,-0.7203947368421053,0.06907894736842106,-0.8092105263157895
0.0,0.0,-0.19078947368421054,-0.09868421052631579,-0.28618421052631576,-0.28289473684210525,-0.28289473684210525,-0.45723684210526316,-0.2894736842105263,-0.6052631578947368,-0.15789473684210525,-0.5263157894736842,-0.1611842105263158,-0.7171052631578947,-0.14473684210526316,-0.8256578947368421,-0.12171052631578948,-0.9243421052631579,-0.05263157894736842,-0.5427631578947368,-0.046052631578947366,-0.7631578947368421,-0.03618421052631579,-0.8914473684210527,-0.02631578947368421,-1.0,0.039473684210526314,-0.5131578947368421,0.046052631578947366,-0.7203947368421053,0.049342105263157895,-0.8421052631578947,0.05263157894736842,-0.9506578947368421,0.13815789473684212,-0.4473684210526316,0.13815789473684212,-0.6118421052631579,0.13486842105263158,-0.7105263157894737,0.125,-0.805921052631579
0.0,0.0,-0.1893687707641196,-0.10631229235880399,-0.2857142857142857,-0.28903654485049834,-0.2757475083056478,-0.4684385382059801,-0.2757475083056478,-0.6146179401993356,-0.1461794019933555,-0.53156146179402,-0.13953488372093023,-0.7209302325581395,-0.11960132890365449,-0.8272425249169435,-0.08637873754152824,-0.9235880398671097,-0.036544850498338874,-0.5415282392026578,-0.023255813953488372,-0.7641196013289037,-0.009966777408637873,-0.8903654485049833,0.0033222591362126247,-1.0,0.05647840531561462,-0.5116279069767442,0.06976744186046512,-0.717607973421927,0.07641196013289037,-0.8372093023255814,0.08305647840531562,-0.9435215946843853,0.15282392026578073,-0.4418604651162791,0.15946843853820597,-0.6013289036544851,0.15946843853820597,-0.7009966777408638,0.15614617940199335,-0.7940199335548173
0.0,0.0,-0.18518518518518517,-0.11784511784511785,-0.265993265993266,-0.3063973063973064,-0.24242424242424243,-0.48148148148148145,-0.2356902356902357,-0.6296296296296297,-0.11447811447811448,-0.5420875420875421,-0.09764309764309764,-0.734006734006734,-0.0707070707070707,-0.8383838383838383,-0.037037037037037035,-0.9326599326599326,0.0,-0.5488215488215489,0.02356902356902357,-0.7676767676767676,0.04377104377104377,-0.8922558922558923,0.06734006734006734,-1.0,0.09090909090909091,-0.5117845117845118,0.11784511784511785,-0.7171717171717171,0.12794612794612795,-0.835016835016835,0.1447811447811448,-0.9393939393939394,0.18518518518518517,-0.4377104377104377,0.20202020202020202,-0.5993265993265994,0.2053872053872054,-0.7003367003367004,0.2053872053872054,-0.7912457912457912
0.0,0.0,-0.18543046357615894,-0.11258278145695365,-0.2682119205298013,-0.304635761589404,-0.24503311258278146,-0.4768211920529801,-0.24172185430463577,-0.6225165562913907,-0.12251655629139073,-0.5397350993377483,-0.10264900662251655,-0.7317880794701986,-0.076158940397351,-0.8410596026490066,-0.039735099337748346,-0.9337748344370861,-0.009933774834437087,-0.543046357615894,0.016556291390728478,-0.7682119205298014,0.039735099337748346,-0.890728476821192,0.06291390728476821,-1.0,0.08278145695364239,-0.5066225165562914,0.10596026490066225,-0.7152317880794702,0.12251655629139073,-0.8344370860927153,0.1357615894039735,-0.9403973509933775,0.17549668874172186,-0.4370860927152318,0.19205298013245034,-0.5993377483443708,0.1986754966887417,-0.6986754966887417,0.1986754966887417,-0.7913907284768212
0.0,0.0,-0.18360655737704917,-0.1180327868852459,-0.26557377049180325,-0.3114754098360656,-0.2360655737704918,-0.4852459016393443,-0.2262295081967213,-0.6327868852459017,-0.10819672131147541,-0.5409836065573771,-0.08524590163934426,-0.7344262295081967,-0.05573770491803279,-0.8426229508196721,-0.01639344262295082,-0.9377049180327869,0.003278688524590164,-0.5442622950819672,0.029508196721311476,-0.7672131147540984,0.05573770491803279,-0.8918032786885246,0.08524590163934426,-1.0,0.09180327868852459,-0.5049180327868853,0.12131147540983607,-0.7114754098360656,0.1377049180327869,-0.8360655737704918,0.1540983606557377,-0.940983606557377,0.18688524590163935,-0.42950819672131146,0.20655737704918034,-0.5934426229508196,0.21311475409836064,-0.6950819672131148,0.21311475409836064,-0.7868852459016393
0.0,0.0,-0.1782178217821782,-0.1188118811881188,-0.25412541254125415,-0.31353135313531355,-0.22112211221122113,-0.48514851485148514,-0.21122112211221122,-0.6336633663366337,-0.0924092409240924,-0.5412541254125413,-0.066006600660066,-0.735973597359736,-0.033003300330033,-0.8448844884488449,0.009900990099009901,-0.9372937293729373,0.0231023102310231,-0.5445544554455446,0.052805280528052806,-0.7656765676567657,0.08250825082508251,-0.8910891089108911,0.11221122112211221,-1.0,0.11221122112211221,-0.5016501650165016,0.1419141914191419,-0.7095709570957096,0.1617161716171617,-0.8316831683168316,0.1782178217821782,-0.9405940594059405,0.2079207920792079,-0.42244224422442245,0.22772277227722773,-0.5841584158415841,0.23432343234323433,-0.6864686468646864,0.23432343234323433,-0.7821782178217822
0.0,0.0,-0.19195046439628483,-0.09907120743034056,-0.30340557275541796,-0.2786377708978328,-0.3126934984520124,-0.4551083591331269,-0.3188854489164087,-0.6037151702786377,-0.18885448916408668,-0.5263157894736842,-0.19814241486068113,-0.718266253869969,-0.1826625386996904,-0.826625386996904,-0.15789473684210525,-0.9226006191950464,-0.0804953560371517,-0.5479876160990712,-0.08668730650154799,-0.7647058823529411,-0.07739938080495357,-0.891640866873065,-0.06501547987616099,-1.0,0.015479876160990712,-0.5232198142414861,0.01238390092879257,-0.7275541795665634,0.01238390092879257,-0.8452012383900929,0.01238390092879257,-0.9504643962848297,0.11455108359133127,-0.4613003095975232,0.11145510835913312,-0.6191950464396285,0.1021671826625387,-0.7151702786377709,0.08668730650154799,-0.804953560371517
0.0,0.0,-0.19753086419753085,-0.07407407407407407,-0.3271604938271605,-0.25617283950617287,-0.3549382716049383,-0.4351851851851852,-0.38580246913580246,-0.5771604938271605,-0.24074074074074073,-0.5123456790123457,-0.2716049382716049,-0.7037037037037037,-0.27469135802469136,-0.8148148148148148,-0.2654320987654321,-0.9166666666666666,-0.13271604938271606,-0.5432098765432098,-0.16666666666666666,-0.7592592592592593,-0.17901234567901234,-0.8888888888888888,-0.18518518518518517,-1.0,-0.033950617283950615,-0.5277777777777778,-0.06172839506172839,-0.7345679012345679,-0.08024691358024691,-0.8549382716049383,-0.09567901234567901,-0.9629629629629629,0.07407407407407407,-0.4783950617283951,0.04938271604938271,-0.6419753086419753,0.024691358024691357,-0.7438271604938271,-0.0030864197530864196,-0.8364197530864198
0.0,0.0,-0.19873817034700317,-0.0694006309148265,-0.3438485804416404,-0.23659305993690852,-0.38801261829652994,-0.41324921135646686,-0.4353312302839117,-0.5520504731861199,-0.277602523659306,-0.5078864353312302,-0.3217665615141956,-0.6971608832807571,-0.3312302839116719,-0.8107255520504731,-0.3312302839116719,-0.9148264984227129,-0.17350157728706625,-0.5457413249211357,-0.22082018927444794,-0.7602523659305994,-0.23974763406940064,-0.889589905362776,-0.2555205047318612,-1.0,-0.07255520504731862,-0.5331230283911672,-0.11356466876971609,-0.7413249211356467,-0.14195583596214512,-0.861198738170347,-0.1640378548895899,-0.9684542586750788,0.04416403785488959,-0.4889589905362776,0.0031545741324921135,-0.6529968454258676,-0.028391167192429023,-0.750788643533123,-0.06309148264984227,-0.8422712933753943
0.0,0.0,-0.2064516129032258,-0.05806451612903226,-0.36774193548387096,-0.2129032258064516,-0.41935483870967744,-0.38064516129032255,-0.4645161290322581,-0.5258064516129032,-0.3193548387096774,-0.4967741935483871,-0.3741935483870968,-0.6935483870967742,-0.3935483870967742,-0.8096774193548387,-0.4032258064516129,-0.9193548387096774,-0.22258064516129034,-0.535483870967742,-0.2870967741935484,-0.7483870967741936,-0.3161290322580645,-0.8806451612903226,-0.33548387096774196,-1.0,-0.11612903225806452,-0.5290322580645161,-0.17419354838709677,-0.7387096774193549,-0.2032258064516129,-0.8612903225806452,-0.22903225806451613,-0.9741935483870968,0.0032258064516129032,-0.4935483870967742,-0.04838709677419355,-0.6580645161290323,-0.08709677419354839,-0.7580645161290323,-0.12580645161290321,-0.8516129032258064
0.0,0.0,-0.20462046204620463,-0.0594059405940594,-0.35973597359735976,-0.22112211221122113,-0.40924092409240925,-0.39603960396039606,-0.46204620462046203,-0.5412541254125413,-0.30363036303630364,-0.5016501650165016,-0.36633663366336633,-0.693069306930693,-0.3927392739273927,-0.8118811881188119,-0.40594059405940597,-0.9174917491749175,-0.20132013201320131,-0.5412541254125413,-0.2706270627062706,-0.759075907590759,-0.30363036303630364,-0.8877887788778878,-0.32673267326732675,-1.0,-0.09900990099009901,-0.5379537953795379,-0.15841584158415842,-0.7491749174917491,-0.19471947194719472,-0.8712871287128713,-0.22772277227722773,-0.9801980198019802,0.019801980198019802,-0.5016501650165016,-0.0297029702970297,-0.6666666666666666,-0.07260726072607261,-0.7656765676567657,-0.11221122112211221,-0.858085808580858
0.0,0.0,-0.1942675159235669,-0.09554140127388536,-0.3057324840764331,-0.27388535031847133,-0.3184713375796178,-0.44904458598726116,-0.33121019108280253,-0.5955414012738853,-0.19745222929936307,-0.5127388535031847,-0.21019108280254778,-0.7070063694267515,-0.20063694267515925,-0.821656050955414,-0.18471337579617833,-0.9235668789808917,-0.08917197452229299,-0.535031847133758,-0.10191082802547771,-0.7611464968152867,-0.09872611464968153,-0.8885350318471338,-0.09554140127388536,-1.0,0.006369426751592357,-0.5159235668789809,-0.0031847133757961785,-0.7229299363057324,-0.009554140127388535,-0.8471337579617835,-0.01592356687898089,-0.9522292993630573,0.10828025477707007,-0.4585987261146497,0.10191082802547771,-0.6210191082802548,0.08917197452229299,-0.7229299363057324,0.07006369426751592,-0.8152866242038217
0.0,0.0,-0.19292604501607716,-0.09646302250803858,-0.3022508038585209,-0.2765273311897106,-0.3086816720257235,-0.4565916398713826,-0.3183279742765273,-0.6012861736334405,-0.18006430868167203,-0.5209003215434084,-0.1864951768488746,-0.7106109324758842,-0.17363344051446947,-0.8231511254019293,-0.15434083601286175,-0.9228295819935691,-0.07395498392282958,-0.5401929260450161,-0.07717041800643087,-0.7620578778135049,-0.0707395498392283,-0.887459807073955,-0.06430868167202572,-1.0,0.01929260450160772,-0.5176848874598071,0.01929260450160772,-0.7234726688102894,0.012861736334405145,-0.8456591639871383,0.006430868167202572,-0.9517684887459807,0.1189710610932476,-0.45980707395498394,0.1189710610932476,-0.6205787781350482,0.10932475884244373,-0.7202572347266881,0.0932475884244373,-0.8135048231511254
0.0,0.0,-0.1901639344262295,-0.10163934426229508,-0.28852459016393445,-0.29508196721311475,-0.28524590163934427,-0.47540983606557374,-0.28524590163934427,-0.6163934426229508,-0.1540983606557377,-0.5311475409836065,-0.14426229508196722,-0.7213114754098361,-0.12459016393442623,-0.8327868852459016,-0.09836065573770492,-0.9278688524590164,-0.04590163934426229,-0.5442622950819672,-0.029508196721311476,-0.7639344262295082,-0.01639344262295082,-0.8918032786885246,-0.006557377049180328,-1.0,0.04590163934426229,-0.5180327868852459,0.06229508196721312,-0.7213114754098361,0.06557377049180328,-0.8426229508196721,0.06885245901639345,-0.9475409836065574,0.14098360655737704,-0.4557377049180328,0.15081967213114755,-0.6131147540983607,0.14754098360655737,-0.7114754098360656,0.1377049180327869,-0.8032786885245902
0.0,0.0,-0.19292604501607716,-0.09003215434083602,-0.3054662379421222,-0.2733118971061093,-0.31511254019292606,-0.45016077170418006,-0.3247588424437299,-0.5916398713826366,-0.19292604501607716,-0.5209003215434084,-0.2057877813504823,-0.7138263665594855,-0.19614147909967847,-0.8231511254019293,-0.17684887459807075,-0.9228295819935691,-0.08681672025723473,-0.5434083601286174,-0.09646302250803858,-0.7620578778135049,-0.09646302250803858,-0.8906752411575563,-0.08681672025723473,-1.0,0.006430868167202572,-0.5209003215434084,0.0,-0.7266881028938906,-0.006430868167202572,-0.8488745980707395,-0.012861736334405145,-0.954983922829582,0.11254019292604502,-0.4630225080385852,0.10610932475884244,-0.6270096463022508,0.09003215434083602,-0.7266881028938906,0.0707395498392283,-0.819935691318328
0.0,0.0,-0.19254658385093168,-0.08074534161490683,-0.32919254658385094,-0.2701863354037267,-0.37267080745341613,-0.4472049689440994,-0.40062111801242234,-0.5838509316770186,-0.2391304347826087,-0.515527950310559,-0.2670807453416149,-0.7018633540372671,-0.2701863354037267,-0.8105590062111802,-0.2701863354037267,-0.9099378881987578,-0.13664596273291926,-0.546583850931677,-0.16770186335403728,-0.7608695652173914,-0.18322981366459629,-0.8881987577639752,-0.1956521739130435,-1.0,-0.037267080745341616,-0.5341614906832298,-0.062111801242236024,-0.7391304347826086,-0.08385093167701864,-0.860248447204969,-0.10869565217391304,-0.968944099378882,0.06832298136645963,-0.48757763975155277,0.046583850931677016,-0.6521739130434783,0.018633540372670808,-0.7546583850931677,-0.009316770186335404,-0.8478260869565217
0.0,0.0,-0.19614147909967847,-0.08681672025723473,-0.3279742765273312,-0.2572347266881029,-0.3665594855305466,-0.42765273311897106,-0.37942122186495175,-0.572347266881029,-0.21864951768488747,-0.5209003215434084,-0.2379421221864952,-0.7106109324758842,-0.2379421221864952,-0.8231511254019293,-0.2282958199356913,-0.9196141479099679,-0.1157556270096463,-0.5498392282958199,-0.13504823151125403,-0.7652733118971061,-0.1382636655948553,-0.8938906752411575,-0.1414790996784566,-1.0,-0.01607717041800643,-0.5337620578778135,-0.03215434083601286,-0.7459807073954984,-0.04501607717041801,-0.8617363344051447,-0.05787781350482315,-0.9678456591639871,0.09003215434083602,-0.4855305466237942,0.0707395498392283,-0.6463022508038585,0.05144694533762058,-0.7459807073954984,0.028938906752411574,-0.8360128617363344
0.0,0.0,-0.20569620253164558,-0.08227848101265822,-0.34177215189873417,-0.25316455696202533,-0.3829113924050633,-0.4272151898734177,-0.4050632911392405,-0.5727848101265823,-0.24367088607594936,-0.5221518987341772,-0.26582278481012656,-0.7151898734177216,-0.26582278481012656,-0.8259493670886076,-0.2626582278481013,-0.9240506329113924,-0.13924050632911392,-0.5506329113924051,-0.16455696202531644,-0.7658227848101266,-0.17405063291139242,-0.8924050632911392,-0.18037974683544303,-1.0,-0.04113924050632911,-0.5316455696202531,-0.06645569620253164,-0.740506329113924,-0.08227848101265822,-0.8575949367088608,-0.0949367088607595,-0.9620253164556962,0.06962025316455696,-0.4810126582278481,0.04113924050632911,-0.6487341772151899,0.022151898734177215,-0.7468354430379747,0.0031645569620253164,-0.8386075949367089
0.0,0.0,-0.18711656441717792,-0.07975460122699386,-0.3220858895705521,-0.24539877300613497,-0.3803680981595092,-0.40797546012269936,-0.3895705521472393,-0.558282208588957,-0.2331288343558282,-0.5184049079754601,-0.26380368098159507,-0.7085889570552147,-0.27607361963190186,-0.8190184049079755,-0.27607361963190186,-0.9202453987730062,-0.13496932515337423,-0.5460122699386503,-0.1687116564417178,-0.7607361963190185,-0.18404907975460122,-0.8895705521472392,-0.19631901840490798,-1.0,-0.03680981595092025,-0.5306748466257669,-0.06748466257668712,-0.7392638036809815,-0.08895705521472393,-0.8558282208588958,-0.11042944785276074,-0.9631901840490797,0.0705521472392638,-0.4815950920245399,0.03987730061349693,-0.6441717791411042,0.012269938650306749,-0.7423312883435583,-0.015337423312883436,-0.8343558282208589
0.0,0.0,-0.1901840490797546,-0.0736196319018405,-0.3312883435582822,-0.24233128834355827,-0.38650306748466257,-0.40797546012269936,-0.40797546012269936,-0.5521472392638037,-0.24846625766871167,-0.50920245398773,-0.27607361963190186,-0.7024539877300614,-0.2883435582822086,-0.8159509202453987,-0.2883435582822086,-0.9171779141104295,-0.147239263803681,-0.5398773006134969,-0.17791411042944785,-0.7607361963190185,-0.19631901840490798,-0.8895705521472392,-0.20552147239263804,-1.0,-0.046012269938650305,-0.5276073619631901,-0.07975460122699386,-0.7392638036809815,-0.10429447852760736,-0.8588957055214724,-0.12576687116564417,-0.9693251533742331,0.06134969325153374,-0.4815950920245399,0.03067484662576687,-0.647239263803681,0.003067484662576687,-0.7484662576687117,-0.024539877300613498,-0.843558282208589
0.0,0.0,-0.2006172839506173,-0.07098765432098765,-0.345679012345679,-0.23765432098765432,-0.39814814814814814,-0.4074074074074074,-0.4228395061728395,-0.5555555555555556,-0.2716049382716049,-0.5092592592592593,-0.30864197530864196,-0.7006172839506173,-0.32098765432098764,-0.8148148148148148,-0.3271604938271605,-0.9197530864197531,-0.1697530864197531,-0.5462962962962963,-0.21296296296296297,-0.7623456790123457,-0.2345679012345679,-0.8888888888888888,-0.25308641975308643,-1.0,-0.07407407407407407,-0.5370370370370371,-0.1111111111111111,-0.7469135802469136,-0.1388888888888889,-0.8641975308641975,-0.16666666666666666,-0.9753086419753086,0.037037037037037035,-0.49382716049382713,0.0030864197530864196,-0.6574074074074074,-0.027777777777777776,-0.7592592592592593,-0.06172839506172839,-0.8549382716049383
