0.0,0.0,0.140625,-0.1015625,0.203125,-0.26171875,0.0625,-0.36328125,-0.05859375,-0.390625,0.1484375,-0.51171875,0.15625,-0.72265625,0.15234375,-0.83984375,0.13671875,-0.9453125,0.0390625,-0.515625,0.0546875,-0.75390625,0.0546875,-0.88671875,0.05078125,-1.0,-0.0546875,-0.48046875,-0.05078125,-0.6796875,-0.03125,-0.8046875,-0.0234375,-0.93359375,-0.13671875,-0.3828125,-0.1171875,-0.50390625,-0.0703125,-0.41796875,-0.05078125,-0.3125
0.0,0.0,0.13565891472868216,-0.08914728682170543,0.19767441860465115,-0.24806201550387597,0.05813953488372093,-0.3372093023255814,-0.06589147286821706,-0.3682170542635659,0.14728682170542637,-0.5116279069767442,0.16279069767441862,-0.7209302325581395,0.16279069767441862,-0.8372093023255814,0.1511627906976744,-0.9496124031007752,0.03875968992248062,-0.5193798449612403,0.06201550387596899,-0.7558139534883721,0.06589147286821706,-0.8875968992248062,0.06976744186046512,-1.0,-0.05813953488372093,-0.4806201550387597,-0.050387596899224806,-0.6744186046511628,-0.031007751937984496,-0.7984496124031008,-0.01937984496124031,-0.9263565891472868,-0.13953488372093023,-0.3798449612403101,-0.12015503875968993,-0.4844961240310077,-0.08139534883720931,-0.3992248062015504,-0.06201550387596899,-0.29457364341085274
0.0,0.0,0.1423076923076923,-0.09230769230769231,0.2076923076923077,-0.25,0.07307692307692308,-0.34615384615384615,-0.05,-0.38076923076923075,0.16153846153846155,-0.5115384615384615,0.18461538461538463,-0.7192307692307692,0.18846153846153846,-0.8384615384615385,0.18076923076923077,-0.9423076923076923,0.057692307692307696,-0.5192307692307693,0.08846153846153847,-0.7576923076923077,0.09615384615384616,-0.8884615384615384,0.1,-1.0,-0.04230769230769231,-0.4846153846153846,-0.03076923076923077,-0.676923076923077,-0.0038461538461538464,-0.8038461538461539,0.007692307692307693,-0.9346153846153846,-0.12692307692307692,-0.38461538461538464,-0.08461538461538462,-0.48846153846153845,-0.038461538461538464,-0.4,-0.015384615384615385,-0.3
0.0,0.0,0.13846153846153847,-0.09230769230769231,0.20384615384615384,-0.23846153846153847,0.07307692307692308,-0.3423076923076923,-0.05,-0.38076923076923075,0.16538461538461538,-0.5038461538461538,0.18846153846153846,-0.7192307692307692,0.19230769230769232,-0.8384615384615385,0.18461538461538463,-0.9423076923076923,0.06153846153846154,-0.5153846153846153,0.08846153846153847,-0.7538461538461538,0.09230769230769231,-0.8884615384615384,0.09615384615384616,-1.0,-0.038461538461538464,-0.4807692307692308,-0.026923076923076925,-0.6807692307692308,-0.0038461538461538464,-0.8076923076923077,0.007692307692307693,-0.9384615384615385,-0.12307692307692308,-0.38461538461538464,-0.10384615384615385,-0.49615384615384617,-0.06538461538461539,-0.4153846153846154,-0.05384615384615385,-0.3076923076923077
0.0,0.0,0.14453125,-0.07421875,0.2265625,-0.234375,0.1015625,-0.34375,-0.0234375,-0.390625,0.20703125,-0.5,0.23046875,-0.70703125,0.23828125,-0.828125,0.234375,-0.93359375,0.09765625,-0.51953125,0.1328125,-0.75,0.14453125,-0.88671875,0.15234375,-1.0,-0.0078125,-0.48828125,0.01171875,-0.68359375,0.03515625,-0.81640625,0.05078125,-0.94140625,-0.1015625,-0.41015625,-0.0546875,-0.48046875,-0.0234375,-0.37890625,-0.015625,-0.27734375
0.0,0.0,0.14671814671814673,-0.07722007722007722,0.2277992277992278,-0.23938223938223938,0.10810810810810811,-0.35135135135135137,-0.007722007722007722,-0.39768339768339767,0.21235521235521235,-0.4942084942084942,0.25096525096525096,-0.6988416988416989,0.26640926640926643,-0.8146718146718147,0.26640926640926643,-0.918918918918919,0.10810810810810811,-0.5212355212355212,0.1583011583011583,-0.7451737451737451,0.1776061776061776,-0.8803088803088803,0.1891891891891892,-1.0,0.003861003861003861,-0.4980694980694981,0.02702702702702703,-0.6872586872586872,0.05791505791505792,-0.8223938223938224,0.07722007722007722,-0.9498069498069498,-0.09652509652509653,-0.42084942084942084,-0.03861003861003861,-0.4864864864864865,-0.011583011583011582,-0.3861003861003861,-0.007722007722007722,-0.28185328185328185
0.0,0.0,0.15057915057915058,-0.08108108108108109,0.2277992277992278,-0.2277992277992278,0.10810810810810811,-0.3436293436293436,-0.011583011583011582,-0.38996138996138996,0.21235521235521235,-0.4942084942084942,0.27413127413127414,-0.7027027027027027,0.305019305019305,-0.8185328185328186,0.32432432432432434,-0.9266409266409267,0.10424710424710425,-0.5135135135135135,0.15444015444015444,-0.749034749034749,0.17374517374517376,-0.8841698841698842,0.19305019305019305,-1.0,0.0,-0.49034749034749037,0.023166023166023165,-0.6756756756756757,0.05405405405405406,-0.8108108108108109,0.07722007722007722,-0.9459459459459459,-0.09266409266409266,-0.4015444015444015,-0.05405405405405406,-0.4980694980694981,-0.019305019305019305,-0.41312741312741313,-0.011583011583011582,-0.3088803088803089
0.0,0.0,0.13953488372093023,-0.08139534883720931,0.2131782945736434,-0.23255813953488372,0.08527131782945736,-0.34108527131782945,-0.03875968992248062,-0.3875968992248062,0.22093023255813954,-0.49612403100775193,0.29844961240310075,-0.6976744186046512,0.3372093023255814,-0.813953488372093,0.36046511627906974,-0.9186046511627907,0.10465116279069768,-0.5232558139534884,0.15503875968992248,-0.751937984496124,0.17829457364341086,-0.8914728682170543,0.20155038759689922,-1.0,-0.003875968992248062,-0.49612403100775193,0.015503875968992248,-0.6937984496124031,0.046511627906976744,-0.8294573643410853,0.06589147286821706,-0.9612403100775194,-0.10077519379844961,-0.4108527131782946,-0.07364341085271318,-0.49612403100775193,-0.04263565891472868,-0.41472868217054265,-0.03488372093023256,-0.313953488372093
0.0,0.0,0.140625,-0.078125,0.21875,-0.2265625,0.09375,-0.328125,-0.03125,-0.37890625,0.2265625,-0.4921875,0.30078125,-0.69140625,0.3359375,-0.81640625,0.35546875,-0.92578125,0.10546875,-0.5234375,0.15234375,-0.75,0.17578125,-0.890625,0.1953125,-1.0,-0.0078125,-0.5,0.0078125,-0.6953125,0.03515625,-0.8359375,0.05078125,-0.95703125,-0.109375,-0.42578125,-0.0859375,-0.4921875,-0.05859375,-0.40234375,-0.0546875,-0.3046875
0.0,0.0,0.13178294573643412,-0.08527131782945736,0.1937984496124031,-0.2364341085271318,0.05813953488372093,-0.3333333333333333,-0.06589147286821706,-0.375968992248062,0.20155038759689922,-0.49612403100775193,0.27906976744186046,-0.6976744186046512,0.3178294573643411,-0.8178294573643411,0.3372093023255814,-0.9186046511627907,0.08139534883720931,-0.5232558139534884,0.11627906976744186,-0.751937984496124,0.13565891472868216,-0.8875968992248062,0.1511627906976744,-1.0,-0.027131782945736434,-0.49224806201550386,-0.03875968992248062,-0.689922480620155,-0.027131782945736434,-0.8294573643410853,-0.01937984496124031,-0.9573643410852714,-0.12403100775193798,-0.4069767441860465,-0.10465116279069768,-0.4883720930232558,-0.06976744186046512,-0.4069767441860465,-0.05426356589147287,-0.31007751937984496
0.0,0.0,0.1274131274131274,-0.08494208494208494,0.17374517374517376,-0.24324324324324326,0.023166023166023165,-0.3281853281853282,-0.10810810810810811,-0.36293436293436293,0.138996138996139,-0.5135135135135135,0.18146718146718147,-0.7142857142857143,0.20463320463320464,-0.833976833976834,0.21235521235521235,-0.9420849420849421,0.019305019305019305,-0.5212355212355212,0.019305019305019305,-0.7451737451737451,0.011583011583011582,-0.8841698841698842,0.011583011583011582,-1.0,-0.07722007722007722,-0.47104247104247104,-0.11969111969111969,-0.6640926640926641,-0.138996138996139,-0.7992277992277992,-0.1583011583011583,-0.9266409266409267,-0.15057915057915058,-0.3745173745173745,-0.14285714285714285,-0.4594594594594595,-0.10038610038610038,-0.3783783783783784,-0.0694980694980695,-0.2857142857142857
0.0,0.0,0.11969111969111969,-0.10038610038610038,0.15057915057915058,-0.27413127413127414,0.003861003861003861,-0.3436293436293436,-0.13513513513513514,-0.3667953667953668,0.0888030888030888,-0.5328185328185329,0.10424710424710425,-0.7374517374517374,0.11196911196911197,-0.8571428571428571,0.11196911196911197,-0.9652509652509652,-0.03088803088803089,-0.528957528957529,-0.05405405405405406,-0.752895752895753,-0.0694980694980695,-0.888030888030888,-0.08494208494208494,-1.0,-0.12355212355212356,-0.4671814671814672,-0.19305019305019305,-0.6486486486486487,-0.23552123552123552,-0.7760617760617761,-0.27413127413127414,-0.888030888030888,-0.18532818532818532,-0.36293436293436293,-0.1776061776061776,-0.4362934362934363,-0.12355212355212356,-0.3552123552123552,-0.08494208494208494,-0.26640926640926643
0.0,0.0,0.11067193675889328,-0.11067193675889328,0.13438735177865613,-0.2885375494071146,-0.015810276679841896,-0.34782608695652173,-0.15810276679841898,-0.36363636363636365,0.043478260869565216,-0.549407114624506,0.04743083003952569,-0.7509881422924901,0.04743083003952569,-0.8774703557312253,0.03162055335968379,-0.9841897233201581,-0.07509881422924901,-0.5296442687747036,-0.11857707509881422,-0.7509881422924901,-0.15019762845849802,-0.8893280632411067,-0.17391304347826086,-1.0,-0.15810276679841898,-0.45454545454545453,-0.25296442687747034,-0.6324110671936759,-0.308300395256917,-0.7549407114624506,-0.3675889328063241,-0.8695652173913043,-0.20948616600790515,-0.3359683794466403,-0.19367588932806323,-0.4150197628458498,-0.12648221343873517,-0.3359683794466403,-0.07509881422924901,-0.25296442687747034
0.0,0.0,0.1111111111111111,-0.11507936507936507,0.12301587301587301,-0.29365079365079366,-0.027777777777777776,-0.3492063492063492,-0.17063492063492064,-0.35714285714285715,0.023809523809523808,-0.5515873015873016,0.0,-0.75,-0.011904761904761904,-0.873015873015873,-0.031746031746031744,-0.9801587301587301,-0.09523809523809523,-0.5277777777777778,-0.14682539682539683,-0.753968253968254,-0.18253968253968253,-0.8888888888888888,-0.20634920634920634,-1.0,-0.17857142857142858,-0.4523809523809524,-0.2698412698412698,-0.6309523809523809,-0.3253968253968254,-0.7579365079365079,-0.376984126984127,-0.873015873015873,-0.23015873015873015,-0.3373015873015873,-0.21428571428571427,-0.4126984126984127,-0.14682539682539683,-0.3373015873015873,-0.0992063492063492,-0.25793650793650796
0.0,0.0,0.11155378486055777,-0.11952191235059761,0.12350597609561753,-0.29880478087649404,-0.03187250996015936,-0.3426294820717131,-0.17928286852589642,-0.3426294820717131,0.0199203187250996,-0.5537848605577689,0.00398406374501992,-0.7609561752988048,-0.00398406374501992,-0.8844621513944223,-0.02390438247011952,-0.9920318725099602,-0.10358565737051793,-0.5338645418326693,-0.1553784860557769,-0.7529880478087649,-0.19123505976095617,-0.8884462151394422,-0.21912350597609562,-1.0,-0.18725099601593626,-0.4541832669322709,-0.2868525896414343,-0.6254980079681275,-0.350597609561753,-0.749003984063745,-0.41434262948207173,-0.8605577689243028,-0.22709163346613545,-0.3346613545816733,-0.20717131474103587,-0.4103585657370518,-0.13545816733067728,-0.32669322709163345,-0.08764940239043825,-0.24302788844621515
0.0,0.0,0.10843373493975904,-0.11244979919678715,0.12449799196787148,-0.2891566265060241,-0.024096385542168676,-0.3373493975903614,-0.17670682730923695,-0.3413654618473896,0.012048192771084338,-0.5582329317269076,-0.004016064257028112,-0.7630522088353414,-0.020080321285140562,-0.8875502008032129,-0.040160642570281124,-0.9959839357429718,-0.11244979919678715,-0.5341365461847389,-0.17269076305220885,-0.7550200803212851,-0.20883534136546184,-0.891566265060241,-0.24096385542168675,-1.0,-0.19678714859437751,-0.4538152610441767,-0.30522088353413657,-0.6184738955823293,-0.37349397590361444,-0.7429718875502008,-0.43775100401606426,-0.8514056224899599,-0.23694779116465864,-0.3333333333333333,-0.21686746987951808,-0.39759036144578314,-0.14056224899598393,-0.3172690763052209,-0.09236947791164658,-0.24096385542168675
0.0,0.0,0.11290322580645161,-0.10887096774193548,0.12903225806451613,-0.28225806451612906,-0.028225806451612902,-0.33064516129032256,-0.1774193548387097,-0.3467741935483871,0.024193548387096774,-0.5483870967741935,0.020161290322580645,-0.7580645161290323,0.012096774193548387,-0.8830645161290323,-0.008064516129032258,-0.9959677419354839,-0.10080645161290322,-0.532258064516129,-0.1532258064516129,-0.7540322580645161,-0.18951612903225806,-0.8870967741935484,-0.2217741935483871,-1.0,-0.18548387096774194,-0.45161290322580644,-0.29838709677419356,-0.6209677419354839,-0.3629032258064516,-0.7419354838709677,-0.4274193548387097,-0.8508064516129032,-0.22983870967741934,-0.3346774193548387,-0.20967741935483872,-0.3951612903225806,-0.14112903225806453,-0.3185483870967742,-0.09274193548387097,-0.23790322580645162
0.0,0.0,0.11023622047244094,-0.0984251968503937,0.12598425196850394,-0.2677165354330709,-0.027559055118110236,-0.3228346456692913,-0.17716535433070865,-0.3425196850393701,0.04330708661417323,-0.547244094488189,0.051181102362204724,-0.7559055118110236,0.051181102362204724,-0.8779527559055118,0.04330708661417323,-0.9881889763779528,-0.09055118110236221,-0.5354330708661418,-0.13385826771653545,-0.7559055118110236,-0.16141732283464566,-0.889763779527559,-0.1889763779527559,-1.0,-0.18110236220472442,-0.4645669291338583,-0.29133858267716534,-0.6259842519685039,-0.35826771653543305,-0.7401574803149606,-0.41732283464566927,-0.84251968503937,-0.2283464566929134,-0.3543307086614173,-0.23228346456692914,-0.41338582677165353,-0.1732283464566929,-0.3346456692913386,-0.12992125984251968,-0.25196850393700787
0.0,0.0,0.10441767068273092,-0.10843373493975904,0.11646586345381527,-0.27710843373493976,-0.04819277108433735,-0.3253012048192771,-0.20080321285140562,-0.3413654618473896,0.012048192771084338,-0.5502008032128514,0.004016064257028112,-0.7630522088353414,-0.004016064257028112,-0.8835341365461847,-0.020080321285140562,-1.0,-0.12449799196787148,-0.5301204819277109,-0.1927710843373494,-0.7469879518072289,-0.23694779116465864,-0.8795180722891566,-0.27710843373493976,-0.9919678714859438,-0.20481927710843373,-0.4497991967871486,-0.3293172690763052,-0.6104417670682731,-0.40963855421686746,-0.7228915662650602,-0.4859437751004016,-0.8232931726907631,-0.24096385542168675,-0.3333333333333333,-0.24899598393574296,-0.40160642570281124,-0.18072289156626506,-0.3253012048192771,-0.13253012048192772,-0.24096385542168675
0.0,0.0,0.11627906976744186,-0.10077519379844961,0.13953488372093023,-0.2713178294573643,-0.011627906976744186,-0.3333333333333333,-0.15891472868217055,-0.36046511627906974,0.06201550387596899,-0.5387596899224806,0.06976744186046512,-0.7441860465116279,0.06976744186046512,-0.8682170542635659,0.06201550387596899,-0.9806201550387597,-0.06589147286821706,-0.5310077519379846,-0.09689922480620156,-0.7558139534883721,-0.12015503875968993,-0.8875968992248062,-0.13953488372093023,-1.0,-0.15503875968992248,-0.4689922480620155,-0.24031007751937986,-0.6395348837209303,-0.29069767441860467,-0.7635658914728682,-0.3333333333333333,-0.872093023255814,-0.2054263565891473,-0.3643410852713178,-0.20155038759689922,-0.42248062015503873,-0.1434108527131783,-0.3488372093023256,-0.10077519379844961,-0.2713178294573643
0.0,0.0,0.11764705882352941,-0.10980392156862745,0.1411764705882353,-0.27058823529411763,-0.00784313725490196,-0.33725490196078434,-0.14901960784313725,-0.3568627450980392,0.058823529411764705,-0.5372549019607843,0.06666666666666667,-0.7529411764705882,0.06274509803921569,-0.8745098039215686,0.050980392156862744,-0.984313725490196,-0.06274509803921569,-0.5254901960784314,-0.09411764705882353,-0.7607843137254902,-0.11764705882352941,-0.8941176470588236,-0.13333333333333333,-1.0,-0.15294117647058825,-0.4666666666666667,-0.22745098039215686,-0.6431372549019608,-0.2627450980392157,-0.7725490196078432,-0.2980392156862745,-0.8901960784313725,-0.20784313725490197,-0.3568627450980392,-0.20784313725490197,-0.4470588235294118,-0.1450980392156863,-0.3803921568627451,-0.10196078431372549,-0.2980392156862745
0.0,0.0,0.11764705882352941,-0.10980392156862745,0.1411764705882353,-0.27058823529411763,-0.01568627450980392,-0.3411764705882353,-0.1568627450980392,-0.36470588235294116,0.058823529411764705,-0.5450980392156862,0.047058823529411764,-0.7568627450980392,0.0392156862745098,-0.8784313725490196,0.023529411764705882,-0.984313725490196,-0.06666666666666667,-0.5333333333333333,-0.10588235294117647,-0.7647058823529411,-0.13333333333333333,-0.8941176470588236,-0.15294117647058825,-1.0,-0.1607843137254902,-0.4745098039215686,-0.2235294117647059,-0.6549019607843137,-0.24705882352941178,-0.7803921568627451,-0.27058823529411763,-0.9019607843137255,-0.2235294117647059,-0.3607843137254902,-0.2235294117647059,-0.45098039215686275,-0.16470588235294117,-0.3803921568627451,-0.12156862745098039,-0.29411764705882354
0.0,0.0,0.112,-0.12,0.132,-0.288,-0.028,-0.348,-0.168,-0.364,0.024,-0.556,-0.016,-0.772,-0.052,-0.892,-0.088,-0.996,-0.096,-0.532,-0.152,-0.76,-0.208,-0.888,-0.244,-1.0,-0.184,-0.468,-0.248,-0.652,-0.28,-0.776,-0.316,-0.904,-0.24,-0.348,-0.248,-0.464,-0.188,-0.396,-0.14,-0.304
0.0,0.0,0.108,-0.124,0.124,-0.296,-0.036,-0.356,-0.176,-0.364,0.012,-0.556,-0.052,-0.772,-0.108,-0.884,-0.16,-0.976,-0.104,-0.536,-0.168,-0.768,-0.216,-0.896,-0.256,-1.0,-0.192,-0.472,-0.252,-0.652,-0.28,-0.776,-0.32,-0.896,-0.244,-0.356,-0.252,-0.46,-0.188,-0.4,-0.14,-0.316
0.0,0.0,0.10756972111553785,-0.12350597609561753,0.12749003984063745,-0.30278884462151395,-0.035856573705179286,-0.35856573705179284,-0.17131474103585656,-0.3705179282868526,-0.00796812749003984,-0.5617529880478087,-0.0796812749003984,-0.7649402390438247,-0.12749003984063745,-0.8764940239043825,-0.18326693227091634,-0.9760956175298805,-0.11553784860557768,-0.5298804780876494,-0.18326693227091634,-0.7529880478087649,-0.2350597609561753,-0.8844621513944223,-0.2868525896414343,-1.0,-0.1952191235059761,-0.4541832669322709,-0.24701195219123506,-0.6414342629482072,-0.2868525896414343,-0.7729083665338645,-0.3346613545816733,-0.9043824701195219,-0.23904382470119523,-0.3346613545816733,-0.23107569721115537,-0.42231075697211157,-0.16733067729083664,-0.350597609561753,-0.11952191235059761,-0.26693227091633465
0.0,0.0,0.112,-0.12,0.132,-0.308,-0.032,-0.352,-0.18,-0.352,-0.012,-0.564,-0.092,-0.764,-0.148,-0.88,-0.212,-0.976,-0.124,-0.532,-0.2,-0.756,-0.256,-0.884,-0.312,-1.0,-0.204,-0.456,-0.264,-0.64,-0.308,-0.772,-0.36,-0.896,-0.256,-0.336,-0.224,-0.412,-0.148,-0.332,-0.096,-0.252
0.0,0.0,0.11969111969111969,-0.10810810810810811,0.15057915057915058,-0.28185328185328185,0.003861003861003861,-0.3436293436293436,-0.13127413127413126,-0.3552123552123552,0.03861003861003861,-0.5405405405405406,-0.007722007722007722,-0.752895752895753,-0.04633204633204633,-0.8725868725868726,-0.0888030888030888,-0.972972972972973,-0.0694980694980695,-0.5173745173745173,-0.10810810810810811,-0.752895752895753,-0.15057915057915058,-0.888030888030888,-0.18146718146718147,-1.0,-0.15444015444015444,-0.4517374517374517,-0.1969111969111969,-0.6486486486486487,-0.21621621621621623,-0.7799227799227799,-0.24324324324324326,-0.9073359073359073,-0.21235521235521235,-0.33204633204633205,-0.19305019305019305,-0.42857142857142855,-0.1274131274131274,-0.3590733590733591,-0.08494208494208494,-0.27413127413127414
0.0,0.0,0.12734082397003746,-0.11235955056179775,0.1647940074906367,-0.27340823970037453,0.018726591760299626,-0.35580524344569286,-0.10112359550561797,-0.3707865168539326,0.0749063670411985,-0.5280898876404494,0.0599250936329588,-0.7415730337078652,0.033707865168539325,-0.8576779026217228,0.003745318352059925,-0.9588014981273408,-0.0299625468164794,-0.5205992509363296,-0.04119850187265917,-0.7565543071161048,-0.06367041198501873,-0.8913857677902621,-0.08239700374531835,-1.0,-0.1198501872659176,-0.4681647940074906,-0.13857677902621723,-0.6629213483146067,-0.14232209737827714,-0.7902621722846442,-0.15355805243445692,-0.9213483146067416,-0.18726591760299627,-0.352059925093633,-0.1760299625468165,-0.4681647940074906,-0.11610486891385768,-0.4044943820224719,-0.07865168539325842,-0.31086142322097376
0.0,0.0,0.13703703703703704,-0.10740740740740741,0.2037037037037037,-0.27037037037037037,0.07407407407407407,-0.37037037037037035,-0.044444444444444446,-0.40370370370370373,0.14074074074074075,-0.5148148148148148,0.15555555555555556,-0.7222222222222222,0.15185185185185185,-0.8333333333333334,0.14074074074074075,-0.9333333333333333,0.037037037037037035,-0.5222222222222223,0.05555555555555555,-0.7555555555555555,0.05555555555555555,-0.8888888888888888,0.05185185185185185,-1.0,-0.05925925925925926,-0.48148148148148145,-0.05185185185185185,-0.674074074074074,-0.02962962962962963,-0.8,-0.022222222222222223,-0.9333333333333333,-0.13703703703703704,-0.37777777777777777,-0.09259259259259259,-0.48518518518518516,-0.040740740740740744,-0.4,-0.018518518518518517,-0.2962962962962963
0.0,0.0,0.15151515151515152,-0.10606060606060606,0.22348484848484848,-0.25757575757575757,0.11363636363636363,-0.3712121212121212,-0.003787878787878788,-0.4053030303030303,0.19318181818181818,-0.5037878787878788,0.24621212121212122,-0.7159090909090909,0.26515151515151514,-0.8333333333333334,0.26515151515151514,-0.9393939393939394,0.09090909090909091,-0.5227272727272727,0.14393939393939395,-0.7575757575757576,0.16666666666666666,-0.8863636363636364,0.18181818181818182,-1.0,-0.007575757575757576,-0.49242424242424243,0.01893939393939394,-0.6856060606060606,0.06060606060606061,-0.8106060606060606,0.08333333333333333,-0.9431818181818182,-0.0946969696969697,-0.39015151515151514,-0.03409090909090909,-0.5113636363636364,0.011363636363636364,-0.4431818181818182,0.022727272727272728,-0.3409090909090909
0.0,0.0,0.15384615384615385,-0.10384615384615385,0.23461538461538461,-0.25384615384615383,0.12692307692307692,-0.3730769230769231,0.007692307692307693,-0.4153846153846154,0.22692307692307692,-0.5038461538461538,0.2846153846153846,-0.7115384615384616,0.3076923076923077,-0.8307692307692308,0.3192307692307692,-0.9346153846153846,0.11923076923076924,-0.5307692307692308,0.18076923076923077,-0.7576923076923077,0.21153846153846154,-0.8884615384615384,0.23846153846153847,-1.0,0.019230769230769232,-0.5038461538461538,0.046153846153846156,-0.6961538461538461,0.09230769230769231,-0.823076923076923,0.11923076923076924,-0.9576923076923077,-0.08076923076923077,-0.4115384615384615,-0.007692307692307693,-0.5192307692307693,0.038461538461538464,-0.43846153846153846,0.05,-0.3346153846153846
0.0,0.0,0.16733067729083664,-0.07569721115537849,0.2589641434262948,-0.22709163346613545,0.1553784860557769,-0.3545816733067729,0.035856573705179286,-0.4103585657370518,0.26294820717131473,-0.4940239043824701,0.33067729083665337,-0.6972111553784861,0.36254980079681276,-0.8207171314741036,0.3745019920318725,-0.9282868525896414,0.1593625498007968,-0.5258964143426295,0.2350597609561753,-0.7529880478087649,0.2749003984063745,-0.8884462151394422,0.30677290836653387,-1.0,0.04780876494023904,-0.5059760956175299,0.099601593625498,-0.6972111553784861,0.1553784860557769,-0.8286852589641435,0.1952191235059761,-0.9601593625498008,-0.05976095617529881,-0.4262948207171315,0.02390438247011952,-0.4940239043824701,0.07171314741035857,-0.398406374501992,0.0796812749003984,-0.2948207171314741
0.0,0.0,0.16532258064516128,-0.07258064516129033,0.27419354838709675,-0.22580645161290322,0.17338709677419356,-0.3588709677419355,0.056451612903225805,-0.42338709677419356,0.2903225806451613,-0.49193548387096775,0.36693548387096775,-0.6895161290322581,0.4032258064516129,-0.8104838709677419,0.4274193548387097,-0.9193548387096774,0.18548387096774194,-0.532258064516129,0.2701612903225806,-0.75,0.3185483870967742,-0.8830645161290323,0.3548387096774194,-1.0,0.07258064516129033,-0.5161290322580645,0.13306451612903225,-0.7016129032258065,0.1975806451612903,-0.8346774193548387,0.24193548387096775,-0.9637096774193549,-0.04435483870967742,-0.4475806451612903,0.04838709677419355,-0.4959677419354839,0.08870967741935484,-0.3951612903225806,0.09274193548387097,-0.29435483870967744
0.0,0.0,0.17768595041322313,-0.0743801652892562,0.29338842975206614,-0.21487603305785125,0.2066115702479339,-0.36363636363636365,0.09090909090909091,-0.4297520661157025,0.32644628099173556,-0.4793388429752066,0.41735537190082644,-0.6900826446280992,0.45867768595041325,-0.8140495867768595,0.4834710743801653,-0.9297520661157025,0.2190082644628099,-0.5247933884297521,0.32644628099173556,-0.7479338842975206,0.38016528925619836,-0.8842975206611571,0.41735537190082644,-1.0,0.10330578512396695,-0.512396694214876,0.17768595041322313,-0.7066115702479339,0.25206611570247933,-0.8347107438016529,0.30578512396694213,-0.9628099173553719,-0.02066115702479339,-0.4462809917355372,0.0743801652892562,-0.5165289256198347,0.11983471074380166,-0.4214876033057851,0.12396694214876033,-0.3181818181818182
0.0,0.0,0.17768595041322313,-0.06611570247933884,0.2892561983471074,-0.21487603305785125,0.19834710743801653,-0.35537190082644626,0.08264462809917356,-0.4297520661157025,0.32231404958677684,-0.4834710743801653,0.4049586776859504,-0.6818181818181818,0.45454545454545453,-0.8057851239669421,0.4834710743801653,-0.9173553719008265,0.2190082644628099,-0.5289256198347108,0.3181818181818182,-0.7479338842975206,0.3760330578512397,-0.8842975206611571,0.4214876033057851,-1.0,0.10330578512396695,-0.5206611570247934,0.17355371900826447,-0.7107438016528925,0.24793388429752067,-0.8429752066115702,0.30165289256198347,-0.9710743801652892,-0.02066115702479339,-0.45454545454545453,0.06611570247933884,-0.5041322314049587,0.10330578512396695,-0.39669421487603307,0.10743801652892562,-0.29338842975206614
0.0,0.0,0.16129032258064516,-0.06048387096774194,0.2620967741935484,-0.2056451612903226,0.14919354838709678,-0.3346774193548387,0.03225806451612903,-0.39919354838709675,0.28225806451612906,-0.47580645161290325,0.3709677419354839,-0.6733870967741935,0.41935483870967744,-0.8024193548387096,0.45161290322580644,-0.9112903225806451,0.17338709677419356,-0.5201612903225806,0.25806451612903225,-0.7419354838709677,0.31048387096774194,-0.8830645161290323,0.3548387096774194,-1.0,0.06048387096774194,-0.5040322580645161,0.11290322580645161,-0.7016129032258065,0.17338709677419356,-0.842741935483871,0.2217741935483871,-0.967741935483871,-0.05241935483870968,-0.43548387096774194,0.0,-0.4798387096774194,0.024193548387096774,-0.38306451612903225,0.028225806451612902,-0.2782258064516129
0.0,0.0,0.12878787878787878,-0.07954545454545454,0.1856060606060606,-0.22727272727272727,0.056818181818181816,-0.32196969696969696,-0.07196969696969698,-0.36363636363636365,0.1893939393939394,-0.4962121212121212,0.25,-0.7007575757575758,0.2803030303030303,-0.8257575757575758,0.29545454545454547,-0.9318181818181818,0.07196969696969698,-0.5151515151515151,0.10606060606060606,-0.7424242424242424,0.125,-0.8825757575757576,0.14015151515151514,-1.0,-0.03409090909090909,-0.4810606060606061,-0.03787878787878788,-0.6742424242424242,-0.01893939393939394,-0.8106060606060606,-0.007575757575757576,-0.9393939393939394,-0.125,-0.3939393939393939,-0.10984848484848485,-0.4583333333333333,-0.07575757575757576,-0.3787878787878788,-0.06060606060606061,-0.2916666666666667
0.0,0.0,0.13688212927756654,-0.08365019011406843,0.20532319391634982,-0.24334600760456274,0.07224334600760456,-0.33079847908745247,-0.057034220532319393,-0.376425855513308,0.19011406844106463,-0.5019011406844106,0.24714828897338403,-0.6996197718631179,0.27756653992395436,-0.8250950570342205,0.29277566539923955,-0.935361216730038,0.07224334600760456,-0.5247148288973384,0.11406844106463879,-0.7490494296577946,0.13688212927756654,-0.8859315589353612,0.155893536121673,-1.0,-0.030418250950570342,-0.49049429657794674,-0.030418250950570342,-0.6844106463878327,-0.011406844106463879,-0.8212927756653993,0.0,-0.9505703422053232,-0.11787072243346007,-0.4068441064638783,-0.07604562737642585,-0.46387832699619774,-0.03802281368821293,-0.3688212927756654,-0.026615969581749048,-0.26996197718631176
0.0,0.0,0.15234375,-0.07421875,0.23046875,-0.2265625,0.1015625,-0.33984375,-0.0234375,-0.390625,0.234375,-0.48828125,0.3046875,-0.6953125,0.34375,-0.81640625,0.3671875,-0.92578125,0.1171875,-0.515625,0.17578125,-0.75,0.20703125,-0.890625,0.234375,-1.0,0.0078125,-0.4921875,0.02734375,-0.6875,0.0625,-0.83203125,0.0859375,-0.96484375,-0.09765625,-0.41796875,-0.046875,-0.4765625,-0.01171875,-0.37890625,0.0,-0.2734375
0.0,0.0,0.15354330708661418,-0.07874015748031496,0.2283464566929134,-0.22440944881889763,0.10236220472440945,-0.3425196850393701,-0.01968503937007874,-0.4015748031496063,0.2440944881889764,-0.4881889763779528,0.3346456692913386,-0.6929133858267716,0.3779527559055118,-0.8110236220472441,0.4094488188976378,-0.9173228346456693,0.13385826771653545,-0.5196850393700787,0.2047244094488189,-0.7519685039370079,0.24803149606299213,-0.889763779527559,0.2795275590551181,-1.0,0.027559055118110236,-0.5,0.051181102362204724,-0.6929133858267716,0.09448818897637795,-0.8346456692913385,0.12598425196850394,-0.968503937007874,-0.07480314960629922,-0.41732283464566927,-0.04330708661417323,-0.4881889763779528,-0.011811023622047244,-0.40551181102362205,-0.007874015748031496,-0.30708661417322836
0.0,0.0,0.138996138996139,-0.08494208494208494,0.2084942084942085,-0.23552123552123552,0.08108108108108109,-0.3359073359073359,-0.04247104247104247,-0.3861003861003861,0.21621621621621623,-0.4942084942084942,0.28185328185328185,-0.6988416988416989,0.3166023166023166,-0.8185328185328186,0.3359073359073359,-0.9266409266409267,0.10038610038610038,-0.5212355212355212,0.15444015444015444,-0.749034749034749,0.18146718146718147,-0.888030888030888,0.2084942084942085,-1.0,-0.007722007722007722,-0.4942084942084942,0.007722007722007722,-0.6872586872586872,0.03861003861003861,-0.8262548262548263,0.06177606177606178,-0.9536679536679536,-0.10424710424710425,-0.41312741312741313,-0.07335907335907337,-0.47104247104247104,-0.04247104247104247,-0.38996138996138996,-0.03474903474903475,-0.29343629343629346
0.0,0.0,0.12830188679245283,-0.0830188679245283,0.18490566037735848,-0.24150943396226415,0.04150943396226415,-0.3320754716981132,-0.09056603773584905,-0.37358490566037733,0.1811320754716981,-0.5056603773584906,0.2339622641509434,-0.7056603773584905,0.2641509433962264,-0.8264150943396227,0.2830188679245283,-0.9320754716981132,0.06415094339622641,-0.5245283018867924,0.09056603773584905,-0.7433962264150943,0.10566037735849057,-0.8830188679245283,0.12075471698113208,-1.0,-0.04150943396226415,-0.4867924528301887,-0.05660377358490566,-0.6754716981132075,-0.052830188679245285,-0.8188679245283019,-0.052830188679245285,-0.9433962264150944,-0.1320754716981132,-0.39622641509433965,-0.11320754716981132,-0.4490566037735849,-0.07547169811320754,-0.3660377358490566,-0.05660377358490566,-0.27547169811320754
0.0,0.0,0.12452830188679245,-0.0830188679245283,0.16981132075471697,-0.2339622641509434,0.022641509433962263,-0.3169811320754717,-0.10566037735849057,-0.3622641509433962,0.1509433962264151,-0.5094339622641509,0.2,-0.7132075471698113,0.23018867924528302,-0.8377358490566038,0.2490566037735849,-0.9433962264150944,0.026415094339622643,-0.5169811320754717,0.033962264150943396,-0.7433962264150943,0.03773584905660377,-0.8830188679245283,0.045283018867924525,-1.0,-0.07547169811320754,-0.4716981132075472,-0.1169811320754717,-0.660377358490566,-0.12830188679245283,-0.7962264150943397,-0.14339622641509434,-0.9169811320754717,-0.15471698113207547,-0.36981132075471695,-0.1471698113207547,-0.4339622641509434,-0.1018867924528302,-0.3622641509433962,-0.07169811320754717,-0.2830188679245283
0.0,0.0,0.12260536398467432,-0.0842911877394636,0.1724137931034483,-0.23754789272030652,0.02681992337164751,-0.3218390804597701,-0.11877394636015326,-0.36015325670498083,0.1532567049808429,-0.5095785440613027,0.21455938697318008,-0.7126436781609196,0.24904214559386972,-0.8314176245210728,0.2720306513409962,-0.9425287356321839,0.019157088122605363,-0.524904214559387,0.022988505747126436,-0.7471264367816092,0.019157088122605363,-0.8850574712643678,0.019157088122605363,-1.0,-0.0842911877394636,-0.47509578544061304,-0.14942528735632185,-0.6551724137931034,-0.18773946360153257,-0.7854406130268199,-0.21839080459770116,-0.9042145593869731,-0.16475095785440613,-0.3793103448275862,-0.16091954022988506,-0.421455938697318,-0.11494252873563218,-0.3371647509578544,-0.0842911877394636,-0.24904214559386972
0.0,0.0,0.14396887159533073,-0.07003891050583658,0.22568093385214008,-0.22178988326848248,0.09727626459143969,-0.3229571984435798,-0.042801556420233464,-0.38132295719844356,0.22568093385214008,-0.49416342412451364,0.32684824902723736,-0.6848249027237354,0.38910505836575876,-0.7937743190661478,0.4357976653696498,-0.8910505836575876,0.09727626459143969,-0.5291828793774319,0.14007782101167315,-0.7509727626459144,0.17120622568093385,-0.8910505836575876,0.19455252918287938,-1.0,-0.01556420233463035,-0.49416342412451364,-0.04669260700389105,-0.6926070038910506,-0.05058365758754864,-0.8482490272373541,-0.058365758754863814,-0.980544747081712,-0.10505836575875487,-0.4046692607003891,-0.07392996108949416,-0.45136186770428016,-0.038910505836575876,-0.3540856031128405,-0.019455252918287938,-0.2529182879377432
0.0,0.0,0.152,-0.064,0.244,-0.204,0.128,-0.324,0.0,-0.392,0.272,-0.472,0.396,-0.664,0.464,-0.772,0.516,-0.868,0.152,-0.516,0.24,-0.744,0.296,-0.884,0.34,-0.996,0.036,-0.496,0.036,-0.704,0.056,-0.86,0.076,-1.0,-0.064,-0.412,-0.012,-0.472,0.016,-0.372,0.02,-0.26
0.0,0.0,0.1469387755102041,-0.061224489795918366,0.24081632653061225,-0.2,0.1306122448979592,-0.3224489795918367,-0.004081632653061225,-0.3877551020408163,0.2816326530612245,-0.46938775510204084,0.40816326530612246,-0.6530612244897959,0.47346938775510206,-0.763265306122449,0.5306122448979592,-0.8571428571428571,0.16326530612244897,-0.5183673469387755,0.2571428571428571,-0.7428571428571429,0.3142857142857143,-0.8816326530612245,0.363265306122449,-0.9959183673469387,0.04897959183673469,-0.49387755102040815,0.053061224489795916,-0.7020408163265306,0.07346938775510205,-0.8571428571428571,0.09387755102040816,-1.0,-0.053061224489795916,-0.4122448979591837,-0.00816326530612245,-0.46938775510204084,0.012244897959183673,-0.37142857142857144,0.00816326530612245,-0.2653061224489796
0.0,0.0,0.152,-0.064,0.248,-0.204,0.14,-0.324,0.012,-0.392,0.296,-0.464,0.424,-0.644,0.492,-0.756,0.544,-0.852,0.18,-0.516,0.276,-0.736,0.336,-0.872,0.392,-0.98,0.068,-0.496,0.08,-0.708,0.1,-0.86,0.12,-1.0,-0.036,-0.416,0.0,-0.488,0.008,-0.396,0.0,-0.288
0.0,0.0,0.14682539682539683,-0.07142857142857142,0.2222222222222222,-0.21428571428571427,0.0992063492063492,-0.32142857142857145,-0.027777777777777776,-0.38095238095238093,0.25396825396825395,-0.4880952380952381,0.36904761904761907,-0.6785714285714286,0.42857142857142855,-0.7976190476190477,0.4722222222222222,-0.9047619047619048,0.1349206349206349,-0.5238095238095238,0.1984126984126984,-0.746031746031746,0.23809523809523808,-0.8849206349206349,0.2698412698412698,-1.0,0.023809523809523808,-0.49206349206349204,0.007936507936507936,-0.6904761904761905,0.003968253968253968,-0.8412698412698413,0.003968253968253968,-0.9722222222222222,-0.07142857142857142,-0.4007936507936508,-0.05555555555555555,-0.4642857142857143,-0.03571428571428571,-0.376984126984127,-0.03571428571428571,-0.2777777777777778
0.0,0.0,0.14068441064638784,-0.09125475285171103,0.19011406844106463,-0.23574144486692014,0.045627376425855515,-0.33079847908745247,-0.08365019011406843,-0.3726235741444867,0.19011406844106463,-0.5019011406844106,0.26996197718631176,-0.7034220532319392,0.3155893536121673,-0.8212927756653993,0.34600760456273766,-0.9239543726235742,0.06844106463878327,-0.5171102661596958,0.11026615969581749,-0.7490494296577946,0.13307984790874525,-0.8897338403041825,0.1520912547528517,-1.0,-0.030418250950570342,-0.4790874524714829,-0.06463878326996197,-0.6653992395437263,-0.07604562737642585,-0.8022813688212928,-0.08745247148288973,-0.9277566539923955,-0.11026615969581749,-0.38022813688212925,-0.09505703422053231,-0.4790874524714829,-0.060836501901140684,-0.4068441064638783,-0.045627376425855515,-0.311787072243346
0.0,0.0,0.13157894736842105,-0.10150375939849623,0.16917293233082706,-0.24436090225563908,0.03007518796992481,-0.33458646616541354,-0.09774436090225563,-0.36466165413533835,0.15789473684210525,-0.5150375939849624,0.22180451127819548,-0.7180451127819549,0.2518796992481203,-0.8345864661654135,0.2744360902255639,-0.9398496240601504,0.03383458646616541,-0.5263157894736842,0.05639097744360902,-0.7556390977443609,0.06390977443609022,-0.8909774436090225,0.07142857142857142,-1.0,-0.06390977443609022,-0.48120300751879697,-0.12030075187969924,-0.6616541353383458,-0.13533834586466165,-0.7894736842105263,-0.15413533834586465,-0.9135338345864662,-0.13909774436090225,-0.37218045112781956,-0.13157894736842105,-0.4699248120300752,-0.08646616541353383,-0.40601503759398494,-0.06015037593984962,-0.31954887218045114
0.0,0.0,0.11787072243346007,-0.10266159695817491,0.1482889733840304,-0.2509505703422053,0.0,-0.3269961977186312,-0.13688212927756654,-0.3612167300380228,0.11406844106463879,-0.5209125475285171,0.1634980988593156,-0.7300380228136882,0.18631178707224336,-0.8517110266159695,0.20152091254752852,-0.9581749049429658,-0.011406844106463879,-0.5247148288973384,-0.011406844106463879,-0.7566539923954373,-0.011406844106463879,-0.8897338403041825,-0.011406844106463879,-1.0,-0.11026615969581749,-0.467680608365019,-0.17870722433460076,-0.6501901140684411,-0.20912547528517111,-0.7832699619771863,-0.23954372623574144,-0.9011406844106464,-0.17490494296577946,-0.3574144486692015,-0.17110266159695817,-0.4448669201520912,-0.11406844106463879,-0.376425855513308,-0.07984790874524715,-0.28517110266159695
0.0,0.0,0.1076923076923077,-0.09230769230769231,0.13076923076923078,-0.24615384615384617,-0.023076923076923078,-0.31153846153846154,-0.16923076923076924,-0.34615384615384615,0.06538461538461539,-0.5269230769230769,0.09230769230769231,-0.7384615384615385,0.1,-0.8615384615384616,0.1,-0.9730769230769231,-0.06153846153846154,-0.5230769230769231,-0.08076923076923077,-0.75,-0.1,-0.8846153846153846,-0.11538461538461539,-1.0,-0.15384615384615385,-0.4576923076923077,-0.23461538461538461,-0.6346153846153846,-0.2846153846153846,-0.7615384615384615,-0.33076923076923076,-0.8769230769230769,-0.21153846153846154,-0.3423076923076923,-0.20384615384615384,-0.4076923076923077,-0.15,-0.33076923076923076,-0.11153846153846154,-0.2423076923076923
0.0,0.0,0.10727969348659004,-0.09578544061302682,0.13409961685823754,-0.2567049808429119,-0.01532567049808429,-0.3218390804597701,-0.16091954022988506,-0.3486590038314176,0.06130268199233716,-0.5325670498084292,0.07662835249042145,-0.7432950191570882,0.0842911877394636,-0.8659003831417624,0.08045977011494253,-0.9770114942528736,-0.06896551724137931,-0.524904214559387,-0.09578544061302682,-0.7509578544061303,-0.11494252873563218,-0.8850574712643678,-0.13409961685823754,-1.0,-0.16091954022988506,-0.45977011494252873,-0.24904214559386972,-0.6398467432950191,-0.2988505747126437,-0.7624521072796935,-0.3448275862068966,-0.8697318007662835,-0.2222222222222222,-0.3524904214559387,-0.21455938697318008,-0.42528735632183906,-0.1532567049808429,-0.3486590038314176,-0.10727969348659004,-0.2681992337164751
0.0,0.0,0.10810810810810811,-0.10038610038610038,0.13127413127413126,-0.26640926640926643,-0.015444015444015444,-0.32432432432432434,-0.16988416988416988,-0.3474903474903475,0.04633204633204633,-0.5366795366795367,0.05405405405405406,-0.7451737451737451,0.05791505791505792,-0.8687258687258688,0.05019305019305019,-0.9806949806949807,-0.08494208494208494,-0.528957528957529,-0.11583011583011583,-0.749034749034749,-0.14285714285714285,-0.888030888030888,-0.16602316602316602,-1.0,-0.17374517374517376,-0.4594594594594595,-0.2702702702702703,-0.6293436293436293,-0.33204633204633205,-0.752895752895753,-0.38996138996138996,-0.8648648648648649,-0.22393822393822393,-0.3474903474903475,-0.21235521235521235,-0.40540540540540543,-0.15444015444015444,-0.3204633204633205,-0.10810810810810811,-0.23552123552123552
0.0,0.0,0.10980392156862745,-0.10196078431372549,0.12941176470588237,-0.26666666666666666,-0.03137254901960784,-0.3176470588235294,-0.1843137254901961,-0.33725490196078434,0.023529411764705882,-0.5450980392156862,0.011764705882352941,-0.7568627450980392,0.0,-0.8862745098039215,-0.0196078431372549,-1.0,-0.10980392156862745,-0.5294117647058824,-0.17254901960784313,-0.7529411764705882,-0.21568627450980393,-0.8862745098039215,-0.25098039215686274,-0.996078431372549,-0.19215686274509805,-0.45098039215686275,-0.3058823529411765,-0.6196078431372549,-0.3843137254901961,-0.7450980392156863,-0.4549019607843137,-0.8549019607843137,-0.23529411764705882,-0.3333333333333333,-0.22745098039215686,-0.39215686274509803,-0.1607843137254902,-0.3058823529411765,-0.11372549019607843,-0.2235294117647059
0.0,0.0,0.1141732283464567,-0.10236220472440945,0.1377952755905512,-0.2677165354330709,-0.01968503937007874,-0.3228346456692913,-0.1732283464566929,-0.3425196850393701,0.031496062992125984,-0.547244094488189,0.011811023622047244,-0.7598425196850394,-0.003937007874015748,-0.8858267716535433,-0.027559055118110236,-1.0,-0.10236220472440945,-0.5275590551181102,-0.16535433070866143,-0.7519685039370079,-0.2125984251968504,-0.8858267716535433,-0.24803149606299213,-0.9960629921259843,-0.19291338582677164,-0.452755905511811,-0.2952755905511811,-0.6259842519685039,-0.3700787401574803,-0.7519685039370079,-0.43700787401574803,-0.8661417322834646,-0.23622047244094488,-0.33070866141732286,-0.2283464566929134,-0.3858267716535433,-0.16141732283464566,-0.2992125984251969,-0.1141732283464567,-0.20866141732283464
0.0,0.0,0.11507936507936507,-0.10317460317460317,0.1349206349206349,-0.2777777777777778,-0.01984126984126984,-0.32936507936507936,-0.1746031746031746,-0.34523809523809523,0.01984126984126984,-0.5515873015873016,-0.015873015873015872,-0.7619047619047619,-0.03968253968253968,-0.8888888888888888,-0.06746031746031746,-1.0,-0.1111111111111111,-0.5277777777777778,-0.19444444444444445,-0.75,-0.25,-0.8809523809523809,-0.29365079365079366,-0.9920634920634921,-0.19444444444444445,-0.4523809523809524,-0.3055555555555556,-0.623015873015873,-0.376984126984127,-0.746031746031746,-0.4444444444444444,-0.8571428571428571,-0.24206349206349206,-0.3412698412698413,-0.2261904761904762,-0.39285714285714285,-0.15873015873015872,-0.30952380952380953,-0.10714285714285714,-0.23015873015873015
0.0,0.0,0.11462450592885376,-0.1067193675889328,0.1383399209486166,-0.28063241106719367,-0.019762845849802372,-0.32806324110671936,-0.17786561264822134,-0.3438735177865613,0.019762845849802372,-0.5573122529644269,-0.03162055335968379,-0.758893280632411,-0.06719367588932806,-0.8853754940711462,-0.1067193675889328,-1.0,-0.11067193675889328,-0.5335968379446641,-0.1976284584980237,-0.7509881422924901,-0.25691699604743085,-0.8814229249011858,-0.30434782608695654,-0.9920948616600791,-0.1976284584980237,-0.45849802371541504,-0.30039525691699603,-0.6245059288537549,-0.3794466403162055,-0.7470355731225297,-0.4505928853754941,-0.8616600790513834,-0.2450592885375494,-0.3438735177865613,-0.233201581027668,-0.391304347826087,-0.16600790513833993,-0.30434782608695654,-0.11067193675889328,-0.22529644268774704
0.0,0.0,0.11538461538461539,-0.10384615384615385,0.13846153846153847,-0.27307692307692305,-0.015384615384615385,-0.3346153846153846,-0.16538461538461538,-0.35384615384615387,0.046153846153846156,-0.5423076923076923,0.026923076923076925,-0.7461538461538462,0.011538461538461539,-0.8692307692307693,-0.011538461538461539,-0.9769230769230769,-0.08076923076923077,-0.5269230769230769,-0.12307692307692308,-0.7538461538461538,-0.1576923076923077,-0.8884615384615384,-0.18461538461538463,-1.0,-0.17307692307692307,-0.4576923076923077,-0.2653846153846154,-0.6269230769230769,-0.3269230769230769,-0.7538461538461538,-0.38461538461538464,-0.8653846153846154,-0.22692307692307692,-0.3423076923076923,-0.2153846153846154,-0.40384615384615385,-0.14615384615384616,-0.3230769230769231,-0.09615384615384616,-0.2423076923076923
0.0,0.0,0.11721611721611722,-0.09523809523809523,0.15384615384615385,-0.24175824175824176,0.007326007326007326,-0.2893772893772894,-0.14285714285714285,-0.31135531135531136,0.05860805860805861,-0.5201465201465202,0.054945054945054944,-0.7326007326007326,0.04395604395604396,-0.8608058608058609,0.02564102564102564,-0.978021978021978,-0.06227106227106227,-0.5128205128205128,-0.09157509157509157,-0.7435897435897436,-0.11721611721611722,-0.8827838827838828,-0.1391941391941392,-1.0,-0.15018315018315018,-0.4468864468864469,-0.23443223443223443,-0.6153846153846154,-0.2967032967032967,-0.73992673992674,-0.3553113553113553,-0.8571428571428571,-0.1978021978021978,-0.3333333333333333,-0.18681318681318682,-0.3882783882783883,-0.13553113553113552,-0.304029304029304,-0.09523809523809523,-0.21245421245421245
0.0,0.0,0.12589928057553956,-0.08273381294964029,0.18345323741007194,-0.22302158273381295,0.03597122302158273,-0.2841726618705036,-0.11870503597122302,-0.3129496402877698,0.10431654676258993,-0.5143884892086331,0.1223021582733813,-0.7266187050359713,0.12589928057553956,-0.8525179856115108,0.11870503597122302,-0.9712230215827338,-0.025179856115107913,-0.5143884892086331,-0.03237410071942446,-0.7410071942446043,-0.04316546762589928,-0.8812949640287769,-0.05755395683453238,-1.0,-0.11870503597122302,-0.4568345323741007,-0.1906474820143885,-0.6223021582733813,-0.2446043165467626,-0.7553956834532374,-0.2949640287769784,-0.8776978417266187,-0.17625899280575538,-0.34532374100719426,-0.15827338129496402,-0.3920863309352518,-0.1079136690647482,-0.302158273381295,-0.07194244604316546,-0.20863309352517986
0.0,0.0,0.13028169014084506,-0.08098591549295775,0.19014084507042253,-0.2147887323943662,0.04929577464788732,-0.2746478873239437,-0.09507042253521127,-0.30633802816901406,0.14084507042253522,-0.49295774647887325,0.1795774647887324,-0.704225352112676,0.19718309859154928,-0.8309859154929577,0.20422535211267606,-0.9471830985915493,0.017605633802816902,-0.5035211267605634,0.03169014084507042,-0.7323943661971831,0.028169014084507043,-0.8767605633802817,0.028169014084507043,-1.0,-0.07746478873239436,-0.45422535211267606,-0.1443661971830986,-0.6302816901408451,-0.18661971830985916,-0.7676056338028169,-0.22183098591549297,-0.8943661971830986,-0.1443661971830986,-0.352112676056338,-0.14084507042253522,-0.41901408450704225,-0.09507042253521127,-0.3345070422535211,-0.056338028169014086,-0.23591549295774647
0.0,0.0,0.13523131672597866,-0.07829181494661921,0.19572953736654805,-0.2206405693950178,0.05338078291814947,-0.28113879003558717,-0.09608540925266904,-0.3096085409252669,0.15302491103202848,-0.498220640569395,0.19217081850533807,-0.701067615658363,0.21352313167259787,-0.8291814946619217,0.2206405693950178,-0.9466192170818505,0.028469750889679714,-0.5088967971530249,0.046263345195729534,-0.7330960854092526,0.05338078291814947,-0.8790035587188612,0.05338078291814947,-1.0,-0.06761565836298933,-0.4626334519572954,-0.13167259786476868,-0.6405693950177936,-0.1708185053380783,-0.7758007117437722,-0.20284697508896798,-0.9039145907473309,-0.14590747330960854,-0.3665480427046263,-0.12455516014234876,-0.4234875444839858,-0.08185053380782918,-0.3309608540925267,-0.046263345195729534,-0.23843416370106763
0.0,0.0,0.13829787234042554,-0.07801418439716312,0.20567375886524822,-0.20921985815602837,0.07092198581560284,-0.2765957446808511,-0.07092198581560284,-0.30141843971631205,0.17375886524822695,-0.4929078014184397,0.23404255319148937,-0.6985815602836879,0.26595744680851063,-0.8191489361702128,0.2872340425531915,-0.9326241134751773,0.04964539007092199,-0.5070921985815603,0.07446808510638298,-0.7340425531914894,0.08156028368794327,-0.875886524822695,0.09219858156028368,-1.0,-0.04609929078014184,-0.4574468085106383,-0.09574468085106383,-0.6453900709219859,-0.12411347517730496,-0.7801418439716312,-0.14893617021276595,-0.9113475177304965,-0.1276595744680851,-0.35106382978723405,-0.12056737588652482,-0.4397163120567376,-0.08865248226950355,-0.35815602836879434,-0.05673758865248227,-0.2553191489361702
0.0,0.0,0.15,-0.07142857142857142,0.22857142857142856,-0.19285714285714287,0.11071428571428571,-0.2892857142857143,-0.02142857142857143,-0.33214285714285713,0.2357142857142857,-0.475,0.3357142857142857,-0.6785714285714286,0.3892857142857143,-0.7964285714285714,0.425,-0.9035714285714286,0.10714285714285714,-0.5071428571428571,0.16071428571428573,-0.7357142857142858,0.18214285714285713,-0.8785714285714286,0.20714285714285716,-1.0,0.0035714285714285713,-0.475,-0.017857142857142856,-0.6642857142857143,-0.025,-0.8071428571428572,-0.02142857142857143,-0.9428571428571428,-0.08928571428571429,-0.375,-0.08571428571428572,-0.46785714285714286,-0.060714285714285714,-0.4035714285714286,-0.03571428571428571,-0.30714285714285716
0.0,0.0,0.15053763440860216,-0.07526881720430108,0.21863799283154123,-0.1935483870967742,0.0931899641577061,-0.2867383512544803,-0.03942652329749104,-0.3333333333333333,0.21863799283154123,-0.4767025089605735,0.32616487455197135,-0.6702508960573477,0.3835125448028674,-0.7849462365591398,0.4229390681003584,-0.8924731182795699,0.0967741935483871,-0.5017921146953405,0.14336917562724014,-0.7311827956989247,0.16845878136200718,-0.8781362007168458,0.1935483870967742,-1.0,-0.0035842293906810036,-0.4659498207885305,-0.021505376344086023,-0.6594982078853047,-0.025089605734767026,-0.8064516129032258,-0.017921146953405017,-0.9498207885304659,-0.0931899641577061,-0.36200716845878134,-0.08960573476702509,-0.46236559139784944,-0.06093189964157706,-0.4014336917562724,-0.035842293906810034,-0.3046594982078853
0.0,0.0,0.14074074074074075,-0.08148148148148149,0.2074074074074074,-0.22962962962962963,0.07037037037037037,-0.32222222222222224,-0.05925925925925926,-0.362962962962963,0.2111111111111111,-0.4962962962962963,0.2851851851851852,-0.6888888888888889,0.337037037037037,-0.8111111111111111,0.37407407407407406,-0.9185185185185185,0.08518518518518518,-0.5185185185185185,0.11851851851851852,-0.7407407407407407,0.14074074074074075,-0.8814814814814815,0.16296296296296298,-1.0,-0.022222222222222223,-0.48148148148148145,-0.037037037037037035,-0.6666666666666666,-0.02962962962962963,-0.7962962962962963,-0.018518518518518517,-0.9185185185185185,-0.11481481481481481,-0.3925925925925926,-0.09259259259259259,-0.45555555555555555,-0.05555555555555555,-0.37777777777777777,-0.02962962962962963,-0.29259259259259257
0.0,0.0,0.13553113553113552,-0.08058608058608059,0.20146520146520147,-0.23443223443223443,0.06593406593406594,-0.32967032967032966,-0.06593406593406594,-0.37362637362637363,0.20146520146520147,-0.4981684981684982,0.27472527472527475,-0.6886446886446886,0.32234432234432236,-0.8058608058608059,0.358974358974359,-0.9157509157509157,0.07692307692307693,-0.5201465201465202,0.10622710622710622,-0.73992673992674,0.12454212454212454,-0.8791208791208791,0.14652014652014653,-1.0,-0.029304029304029304,-0.4835164835164835,-0.04395604395604396,-0.6666666666666666,-0.03663003663003663,-0.7985347985347986,-0.03296703296703297,-0.9230769230769231,-0.11721611721611722,-0.3956043956043956,-0.08791208791208792,-0.45787545787545786,-0.05128205128205128,-0.37362637362637363,-0.029304029304029304,-0.2857142857142857
0.0,0.0,0.1444866920152091,-0.07984790874524715,0.21673003802281368,-0.23574144486692014,0.07604562737642585,-0.33460076045627374,-0.06463878326996197,-0.38022813688212925,0.23193916349809887,-0.49809885931558934,0.3231939163498099,-0.6844106463878327,0.38783269961977185,-0.7946768060836502,0.4372623574144487,-0.8935361216730038,0.09885931558935361,-0.5285171102661597,0.13688212927756654,-0.7452471482889734,0.155893536121673,-0.8821292775665399,0.17870722433460076,-1.0,-0.011406844106463879,-0.49049429657794674,-0.03802281368821293,-0.6730038022813688,-0.03802281368821293,-0.8060836501901141,-0.03802281368821293,-0.9315589353612167,-0.10266159695817491,-0.40304182509505704,-0.07224334600760456,-0.45627376425855515,-0.03802281368821293,-0.3726235741444867,-0.019011406844106463,-0.28517110266159695
0.0,0.0,0.14396887159533073,-0.07782101167315175,0.22568093385214008,-0.23735408560311283,0.0933852140077821,-0.3424124513618677,-0.042801556420233464,-0.39299610894941633,0.24124513618677043,-0.5058365758754864,0.3424124513618677,-0.6848249027237354,0.41245136186770426,-0.7898832684824902,0.4708171206225681,-0.8871595330739299,0.10894941634241245,-0.5408560311284046,0.1517509727626459,-0.754863813229572,0.1867704280155642,-0.8871595330739299,0.2178988326848249,-1.0,-0.007782101167315175,-0.5058365758754864,-0.0311284046692607,-0.6848249027237354,-0.027237354085603113,-0.8249027237354085,-0.027237354085603113,-0.9455252918287937,-0.10116731517509728,-0.4163424124513619,-0.0622568093385214,-0.4669260700389105,-0.027237354085603113,-0.3735408560311284,-0.011673151750972763,-0.2840466926070039
0.0,0.0,0.14859437751004015,-0.08433734939759036,0.23293172690763053,-0.24096385542168675,0.10441767068273092,-0.3534136546184739,-0.0321285140562249,-0.40562248995983935,0.24497991967871485,-0.5140562248995983,0.357429718875502,-0.6947791164658634,0.43775100401606426,-0.7991967871485943,0.5020080321285141,-0.891566265060241,0.10843373493975904,-0.5461847389558233,0.1606425702811245,-0.7710843373493976,0.20481927710843373,-0.8955823293172691,0.25301204819277107,-1.0,-0.004016064257028112,-0.5100401606425703,-0.024096385542168676,-0.7028112449799196,-0.012048192771084338,-0.8473895582329317,-0.004016064257028112,-0.9799196787148594,-0.10441767068273092,-0.41365461847389556,-0.07228915662650602,-0.4979919678714859,-0.0321285140562249,-0.40963855421686746,-0.01606425702811245,-0.3092369477911647
0.0,0.0,0.15510204081632653,-0.08571428571428572,0.24081632653061225,-0.23673469387755103,0.11428571428571428,-0.3551020408163265,-0.02040816326530612,-0.40408163265306124,0.24489795918367346,-0.5102040816326531,0.3551020408163265,-0.6938775510204082,0.4326530612244898,-0.7918367346938775,0.49795918367346936,-0.8857142857142857,0.11020408163265306,-0.5428571428571428,0.15918367346938775,-0.7755102040816326,0.20408163265306123,-0.8979591836734694,0.24897959183673468,-1.0,-0.00816326530612245,-0.5061224489795918,-0.024489795918367346,-0.7020408163265306,-0.012244897959183673,-0.8448979591836735,0.0,-0.9795918367346939,-0.10204081632653061,-0.4,-0.061224489795918366,-0.5061224489795918,-0.024489795918367346,-0.42448979591836733,-0.012244897959183673,-0.3224489795918367
0.0,0.0,0.15447154471544716,-0.08536585365853659,0.25609756097560976,-0.24390243902439024,0.14227642276422764,-0.3617886178861789,0.008130081300813009,-0.4146341463414634,0.26422764227642276,-0.508130081300813,0.3902439024390244,-0.6707317073170732,0.47560975609756095,-0.7642276422764228,0.5487804878048781,-0.8536585365853658,0.13414634146341464,-0.5487804878048781,0.1991869918699187,-0.7682926829268293,0.2601626016260163,-0.8902439024390244,0.32113821138211385,-0.991869918699187,0.016260162601626018,-0.5203252032520326,0.012195121951219513,-0.7195121951219512,0.044715447154471545,-0.8658536585365854,0.07317073170731707,-1.0,-0.08536585365853659,-0.4268292682926829,-0.04065040650406504,-0.524390243902439,-0.008130081300813009,-0.43902439024390244,0.008130081300813009,-0.3333333333333333
0.0,0.0,0.1646090534979424,-0.08641975308641975,0.26337448559670784,-0.23868312757201646,0.13580246913580246,-0.36213991769547327,0.0,-0.4156378600823045,0.2839506172839506,-0.5020576131687243,0.411522633744856,-0.6666666666666666,0.49794238683127573,-0.7654320987654321,0.5720164609053497,-0.8559670781893004,0.1522633744855967,-0.5473251028806584,0.23045267489711935,-0.7695473251028807,0.29218106995884774,-0.8930041152263375,0.35802469135802467,-0.9876543209876543,0.03292181069958848,-0.522633744855967,0.02880658436213992,-0.720164609053498,0.06172839506172839,-0.8683127572016461,0.09465020576131687,-1.0,-0.07818930041152264,-0.43209876543209874,-0.02880658436213992,-0.5267489711934157,0.00823045267489712,-0.43621399176954734,0.01646090534979424,-0.32510288065843623
0.0,0.0,0.16393442622950818,-0.08196721311475409,0.26639344262295084,-0.23770491803278687,0.14344262295081966,-0.36065573770491804,0.012295081967213115,-0.42213114754098363,0.29098360655737704,-0.5,0.4180327868852459,-0.6639344262295082,0.5040983606557377,-0.7622950819672131,0.5819672131147541,-0.8524590163934426,0.1598360655737705,-0.5450819672131147,0.24180327868852458,-0.7622950819672131,0.3114754098360656,-0.8811475409836066,0.3770491803278688,-0.9836065573770492,0.040983606557377046,-0.5245901639344263,0.045081967213114756,-0.7213114754098361,0.0778688524590164,-0.8688524590163934,0.10655737704918032,-1.0,-0.06967213114754098,-0.4385245901639344,-0.01639344262295082,-0.5204918032786885,0.012295081967213115,-0.4262295081967213,0.020491803278688523,-0.319672131147541
0.0,0.0,0.16597510373443983,-0.07053941908713693,0.27385892116182575,-0.22821576763485477,0.15352697095435686,-0.36099585062240663,0.02074688796680498,-0.4190871369294606,0.3070539419087137,-0.4854771784232365,0.43983402489626555,-0.6473029045643154,0.5269709543568465,-0.7427385892116183,0.6058091286307054,-0.8298755186721992,0.1825726141078838,-0.5394190871369294,0.2697095435684647,-0.7510373443983402,0.34024896265560167,-0.8713692946058091,0.4107883817427386,-0.966804979253112,0.06224066390041494,-0.5186721991701245,0.07053941908713693,-0.7219917012448133,0.1037344398340249,-0.8672199170124482,0.14107883817427386,-1.0,-0.04979253112033195,-0.43983402489626555,0.0,-0.5269709543568465,0.024896265560165973,-0.4315352697095436,0.03319502074688797,-0.3278008298755187
0.0,0.0,0.1510204081632653,-0.08571428571428572,0.23673469387755103,-0.2530612244897959,0.09795918367346938,-0.3673469387755102,-0.044897959183673466,-0.4163265306122449,0.2530612244897959,-0.5265306122448979,0.3469387755102041,-0.7020408163265306,0.4204081632653061,-0.7959183673469388,0.4816326530612245,-0.8857142857142857,0.12244897959183673,-0.563265306122449,0.17551020408163265,-0.7755102040816326,0.22040816326530613,-0.8979591836734694,0.2693877551020408,-1.0,0.004081632653061225,-0.5306122448979592,-0.02040816326530612,-0.7224489795918367,-0.0163265306122449,-0.8530612244897959,-0.00816326530612245,-0.9714285714285714,-0.09795918367346938,-0.44081632653061226,-0.07346938775510205,-0.5224489795918368,-0.04081632653061224,-0.42857142857142855,-0.02040816326530612,-0.3306122448979592
0.0,0.0,0.13821138211382114,-0.08943089430894309,0.2032520325203252,-0.25609756097560976,0.04878048780487805,-0.3617886178861789,-0.09349593495934959,-0.4065040650406504,0.2073170731707317,-0.516260162601626,0.2886178861788618,-0.6991869918699187,0.34146341463414637,-0.8089430894308943,0.3861788617886179,-0.9105691056910569,0.07723577235772358,-0.5447154471544715,0.11382113821138211,-0.7601626016260162,0.14227642276422764,-0.8861788617886179,0.17073170731707318,-1.0,-0.036585365853658534,-0.508130081300813,-0.07723577235772358,-0.6869918699186992,-0.08536585365853659,-0.8170731707317073,-0.09349593495934959,-0.9349593495934959,-0.12601626016260162,-0.4186991869918699,-0.11382113821138211,-0.4959349593495935,-0.07317073170731707,-0.4186991869918699,-0.04878048780487805,-0.33739837398373984
0.0,0.0,0.136,-0.1,0.18,-0.276,0.02,-0.36,-0.128,-0.388,0.16,-0.536,0.22,-0.72,0.264,-0.832,0.3,-0.94,0.028,-0.556,0.044,-0.764,0.064,-0.888,0.08,-1.0,-0.076,-0.504,-0.144,-0.672,-0.168,-0.796,-0.188,-0.908,-0.156,-0.404,-0.152,-0.472,-0.104,-0.4,-0.072,-0.32
0.0,0.0,0.12301587301587301,-0.10317460317460317,0.16666666666666666,-0.27380952380952384,0.007936507936507936,-0.3492063492063492,-0.14285714285714285,-0.376984126984127,0.11904761904761904,-0.5436507936507936,0.16666666666666666,-0.7341269841269841,0.20634920634920634,-0.8452380952380952,0.23015873015873015,-0.9523809523809523,-0.011904761904761904,-0.5555555555555556,-0.007936507936507936,-0.7658730158730159,0.0,-0.8888888888888888,0.003968253968253968,-1.0,-0.11507936507936507,-0.5,-0.19047619047619047,-0.6626984126984127,-0.2222222222222222,-0.7817460317460317,-0.25396825396825395,-0.8968253968253969,-0.1865079365079365,-0.3968253968253968,-0.1746031746031746,-0.45634920634920634,-0.11507936507936507,-0.376984126984127,-0.07936507936507936,-0.29365079365079366
0.0,0.0,0.11155378486055777,-0.11155378486055777,0.13147410358565736,-0.2788844621513944,-0.03187250996015936,-0.350597609561753,-0.17928286852589642,-0.3784860557768924,0.08366533864541832,-0.549800796812749,0.11155378486055777,-0.749003984063745,0.1394422310756972,-0.8605577689243028,0.15139442231075698,-0.9721115537848606,-0.04780876494023904,-0.549800796812749,-0.06374501992031872,-0.7609561752988048,-0.06772908366533864,-0.8844621513944223,-0.07171314741035857,-1.0,-0.14741035856573706,-0.4860557768924303,-0.22709163346613545,-0.6454183266932271,-0.26693227091633465,-0.7649402390438247,-0.30677290836653387,-0.8764940239043825,-0.20717131474103587,-0.3784860557768924,-0.20318725099601595,-0.44223107569721115,-0.15139442231075698,-0.36254980079681276,-0.11155378486055777,-0.2788844621513944
0.0,0.0,0.10931174089068826,-0.10526315789473684,0.12550607287449392,-0.2834008097165992,-0.04048582995951417,-0.340080971659919,-0.19433198380566802,-0.3562753036437247,0.03643724696356275,-0.5546558704453441,0.044534412955465584,-0.7530364372469636,0.048582995951417005,-0.8785425101214575,0.048582995951417005,-0.9959514170040485,-0.09716599190283401,-0.5425101214574899,-0.145748987854251,-0.7530364372469636,-0.1700404858299595,-0.8825910931174089,-0.19433198380566802,-1.0,-0.1862348178137652,-0.46963562753036436,-0.2834008097165992,-0.6275303643724697,-0.340080971659919,-0.7530364372469636,-0.39271255060728744,-0.8704453441295547,-0.242914979757085,-0.3522267206477733,-0.22672064777327935,-0.4048582995951417,-0.1659919028340081,-0.31983805668016196,-0.1214574898785425,-0.242914979757085
0.0,0.0,0.10975609756097561,-0.10569105691056911,0.13008130081300814,-0.2804878048780488,-0.032520325203252036,-0.33739837398373984,-0.18699186991869918,-0.35365853658536583,0.036585365853658534,-0.556910569105691,0.032520325203252036,-0.7560975609756098,0.032520325203252036,-0.8821138211382114,0.024390243902439025,-1.0,-0.1016260162601626,-0.5447154471544715,-0.15853658536585366,-0.7520325203252033,-0.1910569105691057,-0.8780487804878049,-0.21544715447154472,-0.9959349593495935,-0.1951219512195122,-0.46747967479674796,-0.2967479674796748,-0.6219512195121951,-0.35772357723577236,-0.7439024390243902,-0.4105691056910569,-0.8577235772357723,-0.25203252032520324,-0.35365853658536583,-0.23577235772357724,-0.3983739837398374,-0.16666666666666666,-0.3089430894308943,-0.12195121951219512,-0.23170731707317074
0.0,0.0,0.1067193675889328,-0.1067193675889328,0.1225296442687747,-0.2766798418972332,-0.043478260869565216,-0.33201581027667987,-0.19367588932806323,-0.34782608695652173,0.019762845849802372,-0.5533596837944664,0.007905138339920948,-0.7549407114624506,0.0,-0.8814229249011858,-0.011857707509881422,-1.0,-0.11067193675889328,-0.5335968379446641,-0.17786561264822134,-0.7430830039525692,-0.21739130434782608,-0.8695652173913043,-0.2490118577075099,-0.9841897233201581,-0.1976284584980237,-0.45849802371541504,-0.30039525691699603,-0.6126482213438735,-0.36363636363636365,-0.7272727272727273,-0.42292490118577075,-0.8379446640316206,-0.24110671936758893,-0.3438735177865613,-0.2450592885375494,-0.39920948616600793,-0.18181818181818182,-0.3241106719367589,-0.1383399209486166,-0.2450592885375494
0.0,0.0,0.1067193675889328,-0.11067193675889328,0.1225296442687747,-0.28063241106719367,-0.03557312252964427,-0.3201581027667984,-0.18972332015810275,-0.3241106719367589,-0.003952569169960474,-0.5573122529644269,-0.03162055335968379,-0.7549407114624506,-0.04743083003952569,-0.8814229249011858,-0.06324110671936758,-1.0,-0.1383399209486166,-0.525691699604743,-0.22134387351778656,-0.7233201581027668,-0.26877470355731226,-0.8458498023715415,-0.30434782608695654,-0.9525691699604744,-0.21739130434782608,-0.44664031620553357,-0.32806324110671936,-0.6007905138339921,-0.3952569169960474,-0.7193675889328063,-0.45454545454545453,-0.8260869565217391,-0.25296442687747034,-0.32806324110671936,-0.24110671936758893,-0.3715415019762846,-0.17391304347826086,-0.2964426877470356,-0.1225296442687747,-0.22134387351778656
0.0,0.0,0.09803921568627451,-0.11372549019607843,0.10196078431372549,-0.2784313725490196,-0.058823529411764705,-0.3176470588235294,-0.21568627450980393,-0.3215686274509804,-0.0196078431372549,-0.5490196078431373,-0.058823529411764705,-0.7529411764705882,-0.08627450980392157,-0.8823529411764706,-0.11372549019607843,-1.0,-0.14901960784313725,-0.5176470588235295,-0.23529411764705882,-0.7254901960784313,-0.2901960784313726,-0.8509803921568627,-0.33725490196078434,-0.9529411764705882,-0.22745098039215686,-0.43529411764705883,-0.34509803921568627,-0.5803921568627451,-0.42745098039215684,-0.6980392156862745,-0.4980392156862745,-0.8,-0.25882352941176473,-0.3176470588235294,-0.2549019607843137,-0.35294117647058826,-0.19215686274509805,-0.27450980392156865,-0.1411764705882353,-0.19607843137254902
0.0,0.0,0.10305343511450382,-0.1183206106870229,0.11068702290076336,-0.2900763358778626,-0.04198473282442748,-0.33587786259541985,-0.1946564885496183,-0.3473282442748092,0.015267175572519083,-0.5572519083969466,-0.007633587786259542,-0.7595419847328244,-0.022900763358778626,-0.8854961832061069,-0.03816793893129771,-1.0,-0.11450381679389313,-0.5343511450381679,-0.18702290076335878,-0.7519083969465649,-0.22900763358778625,-0.8816793893129771,-0.2633587786259542,-0.9923664122137404,-0.1984732824427481,-0.4618320610687023,-0.3053435114503817,-0.6221374045801527,-0.37786259541984735,-0.7480916030534351,-0.4389312977099237,-0.8625954198473282,-0.2366412213740458,-0.3473282442748092,-0.23282442748091603,-0.38549618320610685,-0.1717557251908397,-0.29770992366412213,-0.12213740458015267,-0.21374045801526717
0.0,0.0,0.10266159695817491,-0.11406844106463879,0.11026615969581749,-0.2813688212927757,-0.049429657794676805,-0.3269961977186312,-0.20152091254752852,-0.34600760456273766,0.0038022813688212928,-0.5551330798479087,-0.030418250950570342,-0.752851711026616,-0.049429657794676805,-0.8821292775665399,-0.07224334600760456,-1.0,-0.12167300380228137,-0.532319391634981,-0.20152091254752852,-0.7414448669201521,-0.2509505703422053,-0.8669201520912547,-0.2965779467680608,-0.973384030418251,-0.20532319391634982,-0.45627376425855515,-0.3155893536121673,-0.6121673003802282,-0.38783269961977185,-0.7300380228136882,-0.4524714828897338,-0.8365019011406845,-0.24714828897338403,-0.34600760456273766,-0.24334600760456274,-0.376425855513308,-0.17870722433460076,-0.3041825095057034,-0.12927756653992395,-0.23193916349809887
0.0,0.0,0.1076923076923077,-0.11538461538461539,0.11538461538461539,-0.28846153846153844,-0.04230769230769231,-0.3192307692307692,-0.2,-0.3192307692307692,0.0038461538461538464,-0.5538461538461539,-0.03076923076923077,-0.7538461538461538,-0.05384615384615385,-0.8846153846153846,-0.07692307692307693,-1.0,-0.13076923076923078,-0.5307692307692308,-0.21923076923076923,-0.7307692307692307,-0.27692307692307694,-0.8576923076923076,-0.3153846153846154,-0.9692307692307692,-0.21153846153846154,-0.4461538461538462,-0.33076923076923076,-0.6,-0.41923076923076924,-0.7192307692307692,-0.49615384615384617,-0.8269230769230769,-0.25,-0.33076923076923076,-0.23076923076923078,-0.36153846153846153,-0.16538461538461538,-0.27692307692307694,-0.11923076923076924,-0.19615384615384615
0.0,0.0,0.12030075187969924,-0.11654135338345864,0.14661654135338345,-0.2706766917293233,-0.0037593984962406013,-0.33458646616541354,-0.13909774436090225,-0.3458646616541353,0.06766917293233082,-0.5338345864661654,0.041353383458646614,-0.7443609022556391,0.022556390977443608,-0.868421052631579,-0.0037593984962406013,-0.9849624060150376,-0.04887218045112782,-0.5225563909774437,-0.09022556390977443,-0.7443609022556391,-0.12030075187969924,-0.8796992481203008,-0.13909774436090225,-1.0,-0.13909774436090225,-0.46616541353383456,-0.18796992481203006,-0.6428571428571429,-0.19924812030075187,-0.7706766917293233,-0.21428571428571427,-0.9022556390977443,-0.19924812030075187,-0.34962406015037595,-0.19924812030075187,-0.45112781954887216,-0.14285714285714285,-0.39849624060150374,-0.10150375939849623,-0.31954887218045114
0.0,0.0,0.11278195488721804,-0.11278195488721804,0.13157894736842105,-0.2781954887218045,-0.02631578947368421,-0.34210526315789475,-0.15789473684210525,-0.36466165413533835,0.06390977443609022,-0.5413533834586466,0.02631578947368421,-0.7406015037593985,0.0,-0.8646616541353384,-0.03007518796992481,-0.9774436090225563,-0.05263157894736842,-0.5338345864661654,-0.09774436090225563,-0.7443609022556391,-0.13157894736842105,-0.8759398496240601,-0.15789473684210525,-1.0,-0.14285714285714285,-0.48120300751879697,-0.18421052631578946,-0.6616541353383458,-0.19548872180451127,-0.7894736842105263,-0.21428571428571427,-0.9060150375939849,-0.20676691729323307,-0.38345864661654133,-0.19548872180451127,-0.462406015037594,-0.14285714285714285,-0.40225563909774437,-0.10526315789473684,-0.3308270676691729
0.0,0.0,0.10569105691056911,-0.10975609756097561,0.11382113821138211,-0.2926829268292683,-0.056910569105691054,-0.35772357723577236,-0.2032520325203252,-0.3780487804878049,0.028455284552845527,-0.573170731707317,-0.036585365853658534,-0.7682926829268293,-0.07723577235772358,-0.8902439024390244,-0.12195121951219512,-1.0,-0.09349593495934959,-0.5487804878048781,-0.16666666666666666,-0.7520325203252033,-0.21951219512195122,-0.8699186991869918,-0.26422764227642276,-0.9796747967479674,-0.18292682926829268,-0.4796747967479675,-0.25609756097560976,-0.6504065040650406,-0.3048780487804878,-0.7642276422764228,-0.34959349593495936,-0.8780487804878049,-0.23983739837398374,-0.36585365853658536,-0.24796747967479674,-0.4186991869918699,-0.1951219512195122,-0.32926829268292684,-0.15040650406504066,-0.24796747967479674
0.0,0.0,0.10441767068273092,-0.12449799196787148,0.10441767068273092,-0.30522088353413657,-0.06827309236947791,-0.36947791164658633,-0.21285140562248997,-0.39357429718875503,0.024096385542168676,-0.5783132530120482,-0.040160642570281124,-0.7710843373493976,-0.08835341365461848,-0.891566265060241,-0.13253012048192772,-1.0,-0.0963855421686747,-0.5582329317269076,-0.1686746987951807,-0.7590361445783133,-0.22088353413654618,-0.8835341365461847,-0.26104417670682734,-0.9879518072289156,-0.18473895582329317,-0.4899598393574297,-0.26506024096385544,-0.6546184738955824,-0.3132530120481928,-0.7670682730923695,-0.357429718875502,-0.8755020080321285,-0.24096385542168675,-0.3815261044176707,-0.2570281124497992,-0.43373493975903615,-0.20481927710843373,-0.357429718875502,-0.1606425702811245,-0.28112449799196787
0.0,0.0,0.10204081632653061,-0.12653061224489795,0.10204081632653061,-0.30612244897959184,-0.06938775510204082,-0.363265306122449,-0.21224489795918366,-0.3795918367346939,0.004081632653061225,-0.5795918367346938,-0.06938775510204082,-0.7714285714285715,-0.11836734693877551,-0.8857142857142857,-0.1673469387755102,-0.9959183673469387,-0.10612244897959183,-0.5591836734693878,-0.17551020408163265,-0.763265306122449,-0.22448979591836735,-0.8816326530612245,-0.2693877551020408,-1.0,-0.19183673469387755,-0.4897959183673469,-0.24489795918367346,-0.6693877551020408,-0.2816326530612245,-0.7836734693877551,-0.3183673469387755,-0.9102040816326531,-0.24489795918367346,-0.37142857142857144,-0.2612244897959184,-0.44081632653061226,-0.20816326530612245,-0.3673469387755102,-0.16326530612244897,-0.2938775510204082
0.0,0.0,0.10245901639344263,-0.13114754098360656,0.10655737704918032,-0.3073770491803279,-0.06557377049180328,-0.36475409836065575,-0.20081967213114754,-0.3729508196721312,0.00819672131147541,-0.5819672131147541,-0.06557377049180328,-0.7786885245901639,-0.11475409836065574,-0.8934426229508197,-0.1680327868852459,-1.0,-0.10655737704918032,-0.5655737704918032,-0.1680327868852459,-0.7663934426229508,-0.21311475409836064,-0.8852459016393442,-0.2540983606557377,-1.0,-0.19262295081967212,-0.4959016393442623,-0.24180327868852458,-0.6762295081967213,-0.27459016393442626,-0.7909836065573771,-0.3073770491803279,-0.9139344262295082,-0.25,-0.3729508196721312,-0.26639344262295084,-0.45081967213114754,-0.21311475409836064,-0.38524590163934425,-0.16393442622950818,-0.3155737704918033
0.0,0.0,0.10975609756097561,-0.11788617886178862,0.11382113821138211,-0.2967479674796748,-0.056910569105691054,-0.36585365853658536,-0.1951219512195122,-0.3821138211382114,0.04065040650406504,-0.5772357723577236,-0.016260162601626018,-0.7723577235772358,-0.056910569105691054,-0.8943089430894309,-0.1016260162601626,-1.0,-0.07723577235772358,-0.5650406504065041,-0.12195121951219512,-0.7682926829268293,-0.16260162601626016,-0.8861788617886179,-0.1991869918699187,-0.9959349593495935,-0.16260162601626016,-0.5040650406504065,-0.21138211382113822,-0.6829268292682927,-0.23577235772357724,-0.7967479674796748,-0.2682926829268293,-0.9065040650406504,-0.22764227642276422,-0.3943089430894309,-0.23170731707317074,-0.45528455284552843,-0.17886178861788618,-0.3943089430894309,-0.13821138211382114,-0.32926829268292684
0.0,0.0,0.11885245901639344,-0.11885245901639344,0.14344262295081966,-0.3114754098360656,-0.020491803278688523,-0.3770491803278688,-0.1680327868852459,-0.3975409836065574,0.06557377049180328,-0.5860655737704918,0.036885245901639344,-0.7786885245901639,0.020491803278688523,-0.8934426229508197,0.0,-1.0,-0.05737704918032787,-0.5737704918032787,-0.0942622950819672,-0.7704918032786885,-0.11885245901639344,-0.889344262295082,-0.13524590163934427,-1.0,-0.15163934426229508,-0.5081967213114754,-0.1885245901639344,-0.6885245901639344,-0.20901639344262296,-0.8114754098360656,-0.23770491803278687,-0.9344262295081968,-0.21721311475409835,-0.4016393442622951,-0.20081967213114754,-0.45901639344262296,-0.15163934426229508,-0.36885245901639346,-0.12295081967213115,-0.28688524590163933
0.0,0.0,0.11934156378600823,-0.1111111111111111,0.1440329218106996,-0.3045267489711934,-0.02880658436213992,-0.37448559670781895,-0.17695473251028807,-0.3950617283950617,0.08641975308641975,-0.5761316872427984,0.06584362139917696,-0.7695473251028807,0.053497942386831275,-0.8847736625514403,0.037037037037037035,-0.9958847736625515,-0.0411522633744856,-0.5637860082304527,-0.07818930041152264,-0.7695473251028807,-0.09876543209876543,-0.8888888888888888,-0.11522633744855967,-1.0,-0.13991769547325103,-0.5061728395061729,-0.17695473251028807,-0.6872427983539094,-0.1934156378600823,-0.8148148148148148,-0.2139917695473251,-0.9382716049382716,-0.20987654320987653,-0.40329218106995884,-0.18518518518518517,-0.46502057613168724,-0.13991769547325103,-0.37448559670781895,-0.1111111111111111,-0.29218106995884774
0.0,0.0,0.12195121951219512,-0.12195121951219512,0.15040650406504066,-0.3008130081300813,-0.012195121951219513,-0.37398373983739835,-0.15447154471544716,-0.3983739837398374,0.0975609756097561,-0.5691056910569106,0.08943089430894309,-0.7682926829268293,0.07723577235772358,-0.8902439024390244,0.06504065040650407,-1.0,-0.032520325203252036,-0.5650406504065041,-0.06097560975609756,-0.7682926829268293,-0.07723577235772358,-0.8902439024390244,-0.08536585365853659,-1.0,-0.13008130081300814,-0.5040650406504065,-0.17073170731707318,-0.6829268292682927,-0.17886178861788618,-0.8089430894308943,-0.1910569105691057,-0.9308943089430894,-0.1991869918699187,-0.3983739837398374,-0.18292682926829268,-0.4715447154471545,-0.13414634146341464,-0.3943089430894309,-0.1016260162601626,-0.3170731707317073
