0.0,0.0,-0.11392405063291139,-0.08860759493670886,-0.16033755274261605,-0.2616033755274262,-0.0379746835443038,-0.3670886075949367,0.0970464135021097,-0.4008438818565401,-0.16033755274261605,-0.4936708860759494,-0.21940928270042195,-0.6877637130801688,-0.2489451476793249,-0.8059071729957806,-0.27848101265822783,-0.9113924050632911,-0.04219409282700422,-0.510548523206751,-0.046413502109704644,-0.7426160337552743,-0.046413502109704644,-0.8818565400843882,-0.046413502109704644,-1.0,0.05485232067510549,-0.46835443037974683,0.09282700421940929,-0.6582278481012658,0.10548523206751055,-0.7890295358649789,0.11814345991561181,-0.9156118143459916,0.14345991561181434,-0.379746835443038,0.14345991561181434,-0.47257383966244726,0.10548523206751055,-0.4008438818565401,0.0759493670886076,-0.3206751054852321
0.0,0.0,-0.10126582278481013,-0.0970464135021097,-0.1350210970464135,-0.2742616033755274,0.0,-0.3670886075949367,0.1308016877637131,-0.3924050632911392,-0.12658227848101267,-0.510548523206751,-0.17721518987341772,-0.7088607594936709,-0.19831223628691982,-0.8312236286919831,-0.21940928270042195,-0.9409282700421941,-0.008438818565400843,-0.5232067510548524,0.0,-0.7468354430379747,0.008438818565400843,-0.8860759493670886,0.012658227848101266,-1.0,0.08438818565400844,-0.4767932489451477,0.13924050632911392,-0.6582278481012658,0.16455696202531644,-0.7848101265822784,0.18565400843881857,-0.9071729957805907,0.16455696202531644,-0.379746835443038,0.1729957805907173,-0.45569620253164556,0.12658227848101267,-0.38396624472573837,0.08860759493670886,-0.31645569620253167
0.0,0.0,-0.10460251046025104,-0.09623430962343096,-0.13389121338912133,-0.2719665271966527,0.012552301255230125,-0.3598326359832636,0.15481171548117154,-0.38493723849372385,-0.1087866108786611,-0.5146443514644351,-0.1589958158995816,-0.7154811715481172,-0.17573221757322174,-0.8368200836820083,-0.18828451882845187,-0.9414225941422594,0.008368200836820083,-0.5230125523012552,0.03347280334728033,-0.7531380753138075,0.0502092050209205,-0.8870292887029289,0.058577405857740586,-1.0,0.100418410041841,-0.4686192468619247,0.17154811715481172,-0.6527196652719666,0.20502092050209206,-0.7782426778242678,0.2384937238493724,-0.9037656903765691,0.17573221757322174,-0.3682008368200837,0.18828451882845187,-0.4476987447698745,0.13807531380753138,-0.3723849372384937,0.09623430962343096,-0.301255230125523
0.0,0.0,-0.10416666666666667,-0.10416666666666667,-0.1375,-0.2875,0.004166666666666667,-0.37916666666666665,0.14166666666666666,-0.4,-0.11666666666666667,-0.5125,-0.1625,-0.7166666666666667,-0.17916666666666667,-0.8375,-0.19583333333333333,-0.9416666666666667,0.004166666666666667,-0.525,0.025,-0.75,0.041666666666666664,-0.8875,0.05,-1.0,0.09583333333333334,-0.475,0.16666666666666666,-0.6583333333333333,0.19166666666666668,-0.7833333333333333,0.2125,-0.9041666666666667,0.175,-0.37916666666666665,0.175,-0.45416666666666666,0.12083333333333333,-0.38333333333333336,0.075,-0.3125
0.0,0.0,-0.09504132231404959,-0.10743801652892562,-0.10743801652892562,-0.30165289256198347,0.045454545454545456,-0.38016528925619836,0.1859504132231405,-0.38016528925619836,-0.07851239669421488,-0.5247933884297521,-0.11570247933884298,-0.7231404958677686,-0.12396694214876033,-0.8471074380165289,-0.1322314049586777,-0.9504132231404959,0.045454545454545456,-0.5289256198347108,0.08677685950413223,-0.7479338842975206,0.11570247933884298,-0.8842975206611571,0.13636363636363635,-1.0,0.1322314049586777,-0.47107438016528924,0.21487603305785125,-0.6487603305785123,0.2644628099173554,-0.7768595041322314,0.30578512396694213,-0.8966942148760331,0.2024793388429752,-0.371900826446281,0.19008264462809918,-0.4297520661157025,0.1322314049586777,-0.359504132231405,0.08264462809917356,-0.2892561983471074
0.0,0.0,-0.09876543209876543,-0.1111111111111111,-0.11522633744855967,-0.3045267489711934,0.037037037037037035,-0.38271604938271603,0.1728395061728395,-0.37037037037037035,-0.07818930041152264,-0.5267489711934157,-0.11522633744855967,-0.7283950617283951,-0.12345679012345678,-0.8477366255144033,-0.13580246913580246,-0.9547325102880658,0.037037037037037035,-0.5267489711934157,0.07818930041152264,-0.7530864197530864,0.10699588477366255,-0.8888888888888888,0.12757201646090535,-1.0,0.12345679012345678,-0.4732510288065844,0.205761316872428,-0.6419753086419753,0.2551440329218107,-0.7695473251028807,0.3004115226337449,-0.8930041152263375,0.18930041152263374,-0.37448559670781895,0.18518518518518517,-0.448559670781893,0.13168724279835392,-0.37037037037037035,0.09053497942386832,-0.2962962962962963
0.0,0.0,-0.1,-0.1125,-0.10833333333333334,-0.30833333333333335,0.04583333333333333,-0.38333333333333336,0.1875,-0.375,-0.058333333333333334,-0.5333333333333333,-0.0875,-0.7333333333333333,-0.09166666666666666,-0.8541666666666666,-0.1,-0.9583333333333334,0.0625,-0.5333333333333333,0.1125,-0.7541666666666667,0.15,-0.8875,0.17083333333333334,-1.0,0.15,-0.475,0.24166666666666667,-0.65,0.2916666666666667,-0.775,0.3375,-0.8875,0.22083333333333333,-0.37083333333333335,0.21666666666666667,-0.4375,0.15416666666666667,-0.36666666666666664,0.10833333333333334,-0.29583333333333334
0.0,0.0,-0.10975609756097561,-0.0975609756097561,-0.15040650406504066,-0.2764227642276423,-0.012195121951219513,-0.3617886178861789,0.13414634146341464,-0.3699186991869919,-0.11788617886178862,-0.516260162601626,-0.16666666666666666,-0.7154471544715447,-0.18292682926829268,-0.8373983739837398,-0.1991869918699187,-0.943089430894309,0.0,-0.524390243902439,0.02032520325203252,-0.7479674796747967,0.032520325203252036,-0.8861788617886179,0.04878048780487805,-1.0,0.09349593495934959,-0.4715447154471545,0.16260162601626016,-0.6504065040650406,0.1951219512195122,-0.7764227642276422,0.23577235772357724,-0.8983739837398373,0.17073170731707318,-0.37398373983739835,0.15853658536585366,-0.4349593495934959,0.10569105691056911,-0.36585365853658536,0.07317073170731707,-0.2967479674796748
0.0,0.0,-0.10121457489878542,-0.0931174089068826,-0.145748987854251,-0.26720647773279355,-0.016194331983805668,-0.3603238866396761,0.1214574898785425,-0.3765182186234818,-0.15789473684210525,-0.5060728744939271,-0.22672064777327935,-0.7004048582995951,-0.2631578947368421,-0.8137651821862348,-0.29959514170040485,-0.9109311740890689,-0.048582995951417005,-0.5263157894736842,-0.048582995951417005,-0.7530364372469636,-0.048582995951417005,-0.8866396761133604,-0.048582995951417005,-1.0,0.048582995951417005,-0.4817813765182186,0.10121457489878542,-0.6639676113360324,0.1214574898785425,-0.7935222672064778,0.1417004048582996,-0.9190283400809717,0.13765182186234817,-0.39271255060728744,0.13765182186234817,-0.4574898785425101,0.09716599190283401,-0.38866396761133604,0.0728744939271255,-0.31983805668016196
0.0,0.0,-0.10483870967741936,-0.08870967741935484,-0.14919354838709678,-0.25806451612903225,-0.024193548387096774,-0.35080645161290325,0.11290322580645161,-0.3870967741935484,-0.1693548387096774,-0.4959677419354839,-0.24596774193548387,-0.6895161290322581,-0.2862903225806452,-0.8024193548387096,-0.3225806451612903,-0.8991935483870968,-0.06048387096774194,-0.5161290322580645,-0.06854838709677419,-0.7459677419354839,-0.07661290322580645,-0.8830645161290323,-0.08064516129032258,-1.0,0.036290322580645164,-0.47580645161290325,0.08064516129032258,-0.6491935483870968,0.0967741935483871,-0.7862903225806451,0.11290322580645161,-0.9193548387096774,0.12903225806451613,-0.38306451612903225,0.12096774193548387,-0.45564516129032256,0.08064516129032258,-0.3870967741935484,0.056451612903225805,-0.3225806451612903
0.0,0.0,-0.11020408163265306,-0.08979591836734693,-0.1673469387755102,-0.2693877551020408,-0.04897959183673469,-0.3836734693877551,0.08979591836734693,-0.4122448979591837,-0.1836734693877551,-0.4897959183673469,-0.24897959183673468,-0.6857142857142857,-0.27755102040816326,-0.8,-0.31020408163265306,-0.9020408163265307,-0.06938775510204082,-0.5183673469387755,-0.07755102040816327,-0.7428571428571429,-0.08163265306122448,-0.8857142857142857,-0.08979591836734693,-1.0,0.0326530612244898,-0.4816326530612245,0.06938775510204082,-0.6775510204081633,0.07755102040816327,-0.8122448979591836,0.08571428571428572,-0.9387755102040817,0.12653061224489795,-0.40408163265306124,0.11428571428571428,-0.4775510204081633,0.07755102040816327,-0.40816326530612246,0.053061224489795916,-0.3306122448979592
0.0,0.0,-0.11814345991561181,-0.10126582278481013,-0.16877637130801687,-0.2742616033755274,-0.046413502109704644,-0.379746835443038,0.09282700421940929,-0.41350210970464135,-0.16455696202531644,-0.5021097046413502,-0.22362869198312235,-0.70042194092827,-0.24472573839662448,-0.8185654008438819,-0.270042194092827,-0.9240506329113924,-0.046413502109704644,-0.5232067510548524,-0.05063291139240506,-0.7468354430379747,-0.04219409282700422,-0.8818565400843882,-0.04219409282700422,-1.0,0.05485232067510549,-0.4810126582278481,0.10126582278481013,-0.6666666666666666,0.11392405063291139,-0.7974683544303798,0.12658227848101267,-0.919831223628692,0.1518987341772152,-0.39662447257383965,0.14345991561181434,-0.4810126582278481,0.08860759493670886,-0.41350210970464135,0.05063291139240506,-0.33755274261603374
0.0,0.0,-0.11715481171548117,-0.09623430962343096,-0.16317991631799164,-0.2803347280334728,-0.029288702928870293,-0.3807531380753138,0.11715481171548117,-0.39748953974895396,-0.1506276150627615,-0.5062761506276151,-0.20502092050209206,-0.702928870292887,-0.22594142259414227,-0.8200836820083682,-0.24686192468619247,-0.9288702928870293,-0.02510460251046025,-0.5230125523012552,-0.02092050209205021,-0.7447698744769874,-0.008368200836820083,-0.8828451882845189,-0.0041841004184100415,-1.0,0.07531380753138076,-0.4811715481171548,0.12552301255230125,-0.6610878661087866,0.14225941422594143,-0.7907949790794979,0.16317991631799164,-0.9163179916317992,0.16736401673640167,-0.39330543933054396,0.17154811715481172,-0.4686192468619247,0.12552301255230125,-0.39748953974895396,0.08786610878661087,-0.32217573221757323
0.0,0.0,-0.12083333333333333,-0.09166666666666666,-0.16666666666666666,-0.2708333333333333,-0.041666666666666664,-0.37083333333333335,0.09166666666666666,-0.39166666666666666,-0.15,-0.5,-0.20833333333333334,-0.6958333333333333,-0.23333333333333334,-0.8166666666666667,-0.25833333333333336,-0.9208333333333333,-0.03333333333333333,-0.5208333333333334,-0.025,-0.7416666666666667,-0.016666666666666666,-0.8791666666666667,-0.0125,-1.0,0.06666666666666667,-0.475,0.11666666666666667,-0.65,0.1375,-0.7875,0.15416666666666667,-0.9125,0.15416666666666667,-0.39166666666666666,0.14583333333333334,-0.45416666666666666,0.0875,-0.38333333333333336,0.041666666666666664,-0.3125
0.0,0.0,-0.1134453781512605,-0.10084033613445378,-0.15546218487394958,-0.2815126050420168,-0.029411764705882353,-0.37815126050420167,0.10504201680672269,-0.3907563025210084,-0.13025210084033614,-0.5084033613445378,-0.18487394957983194,-0.7016806722689075,-0.20588235294117646,-0.8235294117647058,-0.23109243697478993,-0.9285714285714286,-0.012605042016806723,-0.5210084033613446,-0.008403361344537815,-0.7436974789915967,0.0,-0.8823529411764706,0.008403361344537815,-1.0,0.08403361344537816,-0.4789915966386555,0.13865546218487396,-0.6554621848739496,0.15966386554621848,-0.7899159663865546,0.17647058823529413,-0.9117647058823529,0.1722689075630252,-0.3907563025210084,0.1722689075630252,-0.4579831932773109,0.1134453781512605,-0.38235294117647056,0.07142857142857142,-0.3067226890756303
0.0,0.0,-0.11587982832618025,-0.0944206008583691,-0.16738197424892703,-0.2918454935622318,-0.03862660944206009,-0.39914163090128757,0.1072961373390558,-0.40772532188841204,-0.15021459227467812,-0.5107296137339056,-0.19742489270386265,-0.6952789699570815,-0.21888412017167383,-0.8025751072961373,-0.24034334763948498,-0.9055793991416309,-0.030042918454935622,-0.5278969957081545,-0.017167381974248927,-0.7510729613733905,-0.008583690987124463,-0.8884120171673819,-0.004291845493562232,-1.0,0.07296137339055794,-0.48497854077253216,0.12875536480686695,-0.6738197424892703,0.15021459227467812,-0.8068669527896996,0.17167381974248927,-0.927038626609442,0.1630901287553648,-0.39914163090128757,0.16738197424892703,-0.47639484978540775,0.12017167381974249,-0.39914163090128757,0.09012875536480687,-0.3133047210300429
0.0,0.0,-0.12663755458515283,-0.09170305676855896,-0.17903930131004367,-0.29694323144104806,-0.048034934497816595,-0.4148471615720524,0.09170305676855896,-0.43231441048034935,-0.16593886462882096,-0.5327510917030568,-0.22270742358078602,-0.7205240174672489,-0.2445414847161572,-0.8296943231441049,-0.2794759825327511,-0.9344978165938864,-0.043668122270742356,-0.5502183406113537,-0.039301310043668124,-0.759825327510917,-0.026200873362445413,-0.8864628820960698,-0.026200873362445413,-1.0,0.06550218340611354,-0.5021834061135371,0.11353711790393013,-0.6855895196506551,0.13100436681222707,-0.8165938864628821,0.13973799126637554,-0.9388646288209607,0.1615720524017467,-0.4104803493449782,0.1572052401746725,-0.49344978165938863,0.09606986899563319,-0.4192139737991266,0.039301310043668124,-0.33624454148471616
0.0,0.0,-0.11965811965811966,-0.09401709401709402,-0.17094017094017094,-0.28205128205128205,-0.042735042735042736,-0.39316239316239315,0.09829059829059829,-0.405982905982906,-0.1452991452991453,-0.5256410256410257,-0.20512820512820512,-0.717948717948718,-0.23076923076923078,-0.8290598290598291,-0.2564102564102564,-0.9358974358974359,-0.02564102564102564,-0.5384615384615384,-0.021367521367521368,-0.7564102564102564,-0.008547008547008548,-0.8846153846153846,-0.004273504273504274,-1.0,0.07692307692307693,-0.48717948717948717,0.1282051282051282,-0.6709401709401709,0.1452991452991453,-0.7991452991452992,0.1623931623931624,-0.9230769230769231,0.16666666666666666,-0.39316239316239315,0.16666666666666666,-0.47863247863247865,0.1111111111111111,-0.4017094017094017,0.06837606837606838,-0.32051282051282054
0.0,0.0,-0.11914893617021277,-0.09787234042553192,-0.16595744680851063,-0.2936170212765957,-0.029787234042553193,-0.39574468085106385,0.11063829787234042,-0.4,-0.14042553191489363,-0.5191489361702127,-0.19574468085106383,-0.7148936170212766,-0.225531914893617,-0.8297872340425532,-0.2553191489361702,-0.9404255319148936,-0.02127659574468085,-0.5319148936170213,-0.01276595744680851,-0.7531914893617021,-0.00425531914893617,-0.8851063829787233,0.0,-1.0,0.08085106382978724,-0.48936170212765956,0.13617021276595745,-0.6723404255319149,0.15319148936170213,-0.8042553191489362,0.1702127659574468,-0.9234042553191489,0.1702127659574468,-0.4,0.16170212765957448,-0.4765957446808511,0.10638297872340426,-0.39148936170212767,0.06382978723404255,-0.31063829787234043
0.0,0.0,-0.11522633744855967,-0.09465020576131687,-0.16049382716049382,-0.27983539094650206,-0.024691358024691357,-0.38271604938271603,0.11522633744855967,-0.3868312757201646,-0.11934156378600823,-0.5102880658436214,-0.16872427983539096,-0.7119341563786008,-0.1934156378600823,-0.831275720164609,-0.21810699588477367,-0.9423868312757202,-0.00411522633744856,-0.522633744855967,0.00823045267489712,-0.7448559670781894,0.0205761316872428,-0.8847736625514403,0.02880658436213992,-1.0,0.09465020576131687,-0.4691358024691358,0.15637860082304528,-0.6460905349794238,0.17695473251028807,-0.7777777777777778,0.1934156378600823,-0.9012345679012346,0.17695473251028807,-0.3786008230452675,0.17695473251028807,-0.45267489711934156,0.11522633744855967,-0.3868312757201646,0.05761316872427984,-0.31275720164609055
0.0,0.0,-0.10441767068273092,-0.10441767068273092,-0.13654618473895583,-0.2931726907630522,0.004016064257028112,-0.37349397590361444,0.13654618473895583,-0.36947791164658633,-0.07630522088353414,-0.5140562248995983,-0.12048192771084337,-0.7108433734939759,-0.13654618473895583,-0.8313253012048193,-0.15261044176706828,-0.9397590361445783,0.040160642570281124,-0.5180722891566265,0.06827309236947791,-0.7429718875502008,0.08835341365461848,-0.8795180722891566,0.10040160642570281,-1.0,0.1285140562248996,-0.46184738955823296,0.20080321285140562,-0.6465863453815262,0.23293172690763053,-0.7710843373493976,0.26104417670682734,-0.8995983935742972,0.20481927710843373,-0.3614457831325301,0.21686746987951808,-0.44176706827309237,0.1566265060240964,-0.36947791164658633,0.10441767068273092,-0.2931726907630522
0.0,0.0,-0.099601593625498,-0.10358565737051793,-0.12749003984063745,-0.2948207171314741,0.01195219123505976,-0.36254980079681276,0.14342629482071714,-0.350597609561753,-0.06772908366533864,-0.5139442231075697,-0.10756972111553785,-0.7171314741035857,-0.12350597609561753,-0.8366533864541833,-0.13545816733067728,-0.9482071713147411,0.04780876494023904,-0.5139442231075697,0.0796812749003984,-0.7450199203187251,0.10756972111553785,-0.8844621513944223,0.13147410358565736,-1.0,0.13545816733067728,-0.4541832669322709,0.22310756972111553,-0.6294820717131474,0.27091633466135456,-0.7529880478087649,0.3107569721115538,-0.8725099601593626,0.20717131474103587,-0.3466135458167331,0.2350597609561753,-0.4342629482071713,0.17131474103585656,-0.3705179282868526,0.10756972111553785,-0.30278884462151395
0.0,0.0,-0.1062992125984252,-0.10236220472440945,-0.13385826771653545,-0.2874015748031496,0.0,-0.36220472440944884,0.12992125984251968,-0.35039370078740156,-0.07086614173228346,-0.5196850393700787,-0.07480314960629922,-0.7244094488188977,-0.06299212598425197,-0.8464566929133859,-0.05511811023622047,-0.9566929133858267,0.051181102362204724,-0.5196850393700787,0.09448818897637795,-0.7440944881889764,0.12598425196850394,-0.8818897637795275,0.14566929133858267,-1.0,0.14173228346456693,-0.4645669291338583,0.2204724409448819,-0.6456692913385826,0.25196850393700787,-0.7755905511811023,0.2755905511811024,-0.905511811023622,0.2125984251968504,-0.35826771653543305,0.2283464566929134,-0.4409448818897638,0.16535433070866143,-0.37401574803149606,0.1062992125984252,-0.3031496062992126
0.0,0.0,-0.099601593625498,-0.10358565737051793,-0.12749003984063745,-0.2868525896414343,0.00398406374501992,-0.35856573705179284,0.14741035856573706,-0.3466135458167331,-0.055776892430278883,-0.5219123505976095,-0.04780876494023904,-0.7211155378486056,-0.027888446215139442,-0.8446215139442231,-0.01195219123505976,-0.952191235059761,0.05976095617529881,-0.5179282868525896,0.10358565737051793,-0.7410358565737052,0.13545816733067728,-0.8804780876494024,0.1593625498007968,-1.0,0.15139442231075698,-0.4581673306772908,0.22310756972111553,-0.6414342629482072,0.250996015936255,-0.7768924302788844,0.2749003984063745,-0.9043824701195219,0.22310756972111553,-0.350597609561753,0.23107569721115537,-0.4302788844621514,0.16733067729083664,-0.36254980079681276,0.10756972111553785,-0.2908366533864542
0.0,0.0,-0.10843373493975904,-0.10441767068273092,-0.13654618473895583,-0.28112449799196787,-0.012048192771084338,-0.357429718875502,0.12048192771084337,-0.3614457831325301,-0.060240963855421686,-0.5220883534136547,-0.05220883534136546,-0.7228915662650602,-0.03614457831325301,-0.8433734939759037,-0.01606425702811245,-0.9477911646586346,0.060240963855421686,-0.5180722891566265,0.09236947791164658,-0.7429718875502008,0.12048192771084337,-0.8835341365461847,0.14056224899598393,-1.0,0.14859437751004015,-0.4578313253012048,0.22088353413654618,-0.642570281124498,0.24497991967871485,-0.7751004016064257,0.26506024096385544,-0.9036144578313253,0.22088353413654618,-0.3493975903614458,0.2289156626506024,-0.43373493975903615,0.15261044176706828,-0.37751004016064255,0.08433734939759036,-0.3132530120481928
0.0,0.0,-0.10756972111553785,-0.10756972111553785,-0.14342629482071714,-0.29880478087649404,-0.01593625498007968,-0.3705179282868526,0.11952191235059761,-0.350597609561753,-0.06374501992031872,-0.5258964143426295,-0.055776892430278883,-0.7211155378486056,-0.035856573705179286,-0.8406374501992032,-0.0199203187250996,-0.9482071713147411,0.05179282868525897,-0.5179282868525896,0.09163346613545817,-0.7450199203187251,0.12350597609561753,-0.8844621513944223,0.14342629482071714,-1.0,0.1394422310756972,-0.46215139442231074,0.21115537848605578,-0.6533864541832669,0.23904382470119523,-0.7808764940239044,0.2589641434262948,-0.9083665338645418,0.21115537848605578,-0.35856573705179284,0.21912350597609562,-0.450199203187251,0.1553784860557769,-0.3745019920318725,0.09561752988047809,-0.2908366533864542
0.0,0.0,-0.1141732283464567,-0.09448818897637795,-0.16141732283464566,-0.2755905511811024,-0.03937007874015748,-0.35826771653543305,0.10236220472440945,-0.3464566929133858,-0.09055118110236221,-0.5118110236220472,-0.0984251968503937,-0.7086614173228346,-0.08267716535433071,-0.8267716535433071,-0.07480314960629922,-0.9330708661417323,0.023622047244094488,-0.5118110236220472,0.047244094488188976,-0.7362204724409449,0.06692913385826772,-0.8779527559055118,0.07874015748031496,-1.0,0.1141732283464567,-0.46062992125984253,0.17716535433070865,-0.6456692913385826,0.19291338582677164,-0.7834645669291339,0.2047244094488189,-0.9133858267716536,0.1889763779527559,-0.35826771653543305,0.19291338582677164,-0.452755905511811,0.14173228346456693,-0.3700787401574803,0.0984251968503937,-0.2795275590551181
0.0,0.0,-0.11023622047244094,-0.0984251968503937,-0.15748031496062992,-0.2795275590551181,-0.03937007874015748,-0.35826771653543305,0.09448818897637795,-0.3425196850393701,-0.08661417322834646,-0.5118110236220472,-0.09448818897637795,-0.7086614173228346,-0.08661417322834646,-0.8267716535433071,-0.08661417322834646,-0.9409448818897638,0.023622047244094488,-0.5118110236220472,0.05511811023622047,-0.7362204724409449,0.07874015748031496,-0.8740157480314961,0.09055118110236221,-1.0,0.1141732283464567,-0.46062992125984253,0.18110236220472442,-0.6496062992125984,0.20078740157480315,-0.7795275590551181,0.2204724409448819,-0.9094488188976378,0.1889763779527559,-0.35826771653543305,0.20078740157480315,-0.452755905511811,0.14960629921259844,-0.3700787401574803,0.10236220472440945,-0.28346456692913385
0.0,0.0,-0.11627906976744186,-0.10077519379844961,-0.17054263565891473,-0.27906976744186046,-0.06201550387596899,-0.35271317829457366,0.08139534883720931,-0.3488372093023256,-0.08527131782945736,-0.5271317829457365,-0.07364341085271318,-0.7209302325581395,-0.050387596899224806,-0.8372093023255814,-0.031007751937984496,-0.9457364341085271,0.031007751937984496,-0.5232558139534884,0.06589147286821706,-0.7441860465116279,0.09302325581395349,-0.8798449612403101,0.11627906976744186,-1.0,0.12403100775193798,-0.4689922480620155,0.17829457364341086,-0.6666666666666666,0.19767441860465115,-0.7945736434108527,0.21705426356589147,-0.9147286821705426,0.2054263565891473,-0.3682170542635659,0.20155038759689922,-0.4573643410852713,0.14728682170542637,-0.36046511627906974,0.1124031007751938,-0.2596899224806202
0.0,0.0,-0.1124031007751938,-0.10077519379844961,-0.16666666666666666,-0.27906976744186046,-0.06201550387596899,-0.35658914728682173,0.07364341085271318,-0.35658914728682173,-0.07751937984496124,-0.5271317829457365,-0.050387596899224806,-0.7170542635658915,-0.015503875968992248,-0.8333333333333334,0.015503875968992248,-0.937984496124031,0.03488372093023256,-0.5271317829457365,0.07751937984496124,-0.748062015503876,0.11627906976744186,-0.8798449612403101,0.14728682170542637,-1.0,0.13178294573643412,-0.4728682170542636,0.18604651162790697,-0.6705426356589147,0.2054263565891473,-0.7945736434108527,0.22868217054263565,-0.9108527131782945,0.2131782945736434,-0.37209302325581395,0.19767441860465115,-0.45348837209302323,0.1434108527131783,-0.35271317829457366,0.10852713178294573,-0.24806201550387597
0.0,0.0,-0.10465116279069768,-0.08914728682170543,-0.16279069767441862,-0.2751937984496124,-0.05426356589147287,-0.37209302325581395,0.07751937984496124,-0.36046511627906974,-0.1124031007751938,-0.5155038759689923,-0.10465116279069768,-0.7131782945736435,-0.08527131782945736,-0.8294573643410853,-0.07364341085271318,-0.937984496124031,-0.003875968992248062,-0.5193798449612403,0.023255813953488372,-0.7441860465116279,0.046511627906976744,-0.8798449612403101,0.06201550387596899,-1.0,0.08914728682170543,-0.4728682170542636,0.13178294573643412,-0.6666666666666666,0.1434108527131783,-0.8023255813953488,0.15891472868217055,-0.9263565891472868,0.17054263565891473,-0.375968992248062,0.15891472868217055,-0.46124031007751937,0.11627906976744186,-0.375968992248062,0.10077519379844961,-0.29069767441860467
0.0,0.0,-0.11627906976744186,-0.08914728682170543,-0.1744186046511628,-0.27906976744186046,-0.06201550387596899,-0.375968992248062,0.07751937984496124,-0.35658914728682173,-0.12015503875968993,-0.5155038759689923,-0.11627906976744186,-0.7093023255813954,-0.10077519379844961,-0.8333333333333334,-0.09302325581395349,-0.937984496124031,-0.011627906976744186,-0.5193798449612403,0.015503875968992248,-0.7403100775193798,0.03875968992248062,-0.8798449612403101,0.05426356589147287,-1.0,0.08527131782945736,-0.4728682170542636,0.13178294573643412,-0.6627906976744186,0.1434108527131783,-0.7945736434108527,0.16279069767441862,-0.9224806201550387,0.16666666666666666,-0.375968992248062,0.15891472868217055,-0.4573643410852713,0.12015503875968993,-0.37209302325581395,0.09689922480620156,-0.2868217054263566
0.0,0.0,-0.10852713178294573,-0.09302325581395349,-0.17054263565891473,-0.2751937984496124,-0.06201550387596899,-0.36046511627906974,0.07364341085271318,-0.35271317829457366,-0.12015503875968993,-0.5116279069767442,-0.12790697674418605,-0.7054263565891473,-0.11627906976744186,-0.8294573643410853,-0.1124031007751938,-0.937984496124031,-0.011627906976744186,-0.5193798449612403,0.003875968992248062,-0.7403100775193798,0.023255813953488372,-0.875968992248062,0.03488372093023256,-1.0,0.08139534883720931,-0.4728682170542636,0.11627906976744186,-0.6627906976744186,0.12403100775193798,-0.7984496124031008,0.13565891472868216,-0.9224806201550387,0.16666666666666666,-0.3798449612403101,0.15503875968992248,-0.4573643410852713,0.1124031007751938,-0.37209302325581395,0.08914728682170543,-0.2868217054263566
0.0,0.0,-0.11857707509881422,-0.08695652173913043,-0.18972332015810275,-0.2648221343873518,-0.08695652173913043,-0.35968379446640314,0.043478260869565216,-0.36363636363636365,-0.13438735177865613,-0.5098814229249012,-0.1422924901185771,-0.7075098814229249,-0.13438735177865613,-0.8300395256916996,-0.13438735177865613,-0.9407114624505929,-0.02766798418972332,-0.5177865612648221,-0.023715415019762844,-0.7391304347826086,-0.015810276679841896,-0.8774703557312253,-0.007905138339920948,-1.0,0.07114624505928854,-0.47035573122529645,0.09486166007905138,-0.6679841897233202,0.09486166007905138,-0.8023715415019763,0.10276679841897234,-0.932806324110672,0.15810276679841898,-0.37549407114624506,0.13438735177865613,-0.45454545454545453,0.08695652173913043,-0.3715415019762846,0.07114624505928854,-0.2885375494071146
0.0,0.0,-0.1225296442687747,-0.08695652173913043,-0.18972332015810275,-0.26877470355731226,-0.08300395256916997,-0.3675889328063241,0.05138339920948617,-0.35968379446640314,-0.13438735177865613,-0.5098814229249012,-0.1422924901185771,-0.7035573122529645,-0.13438735177865613,-0.8221343873517787,-0.13438735177865613,-0.932806324110672,-0.02766798418972332,-0.5177865612648221,-0.019762845849802372,-0.7391304347826086,-0.011857707509881422,-0.8774703557312253,-0.003952569169960474,-1.0,0.07114624505928854,-0.47035573122529645,0.09881422924901186,-0.6679841897233202,0.09881422924901186,-0.8063241106719368,0.1067193675889328,-0.9288537549407114,0.1541501976284585,-0.3794466403162055,0.1383399209486166,-0.4624505928853755,0.09881422924901186,-0.3794466403162055,0.07905138339920949,-0.30039525691699603
0.0,0.0,-0.11952191235059761,-0.08764940239043825,-0.19123505976095617,-0.2749003984063745,-0.0796812749003984,-0.3705179282868526,0.055776892430278883,-0.35856573705179284,-0.13545816733067728,-0.5139442231075697,-0.1394422310756972,-0.7131474103585658,-0.13147410358565736,-0.8366533864541833,-0.13147410358565736,-0.9442231075697212,-0.027888446215139442,-0.5219123505976095,-0.0199203187250996,-0.7410358565737052,-0.01195219123505976,-0.8804780876494024,-0.00796812749003984,-1.0,0.07171314741035857,-0.47410358565737054,0.099601593625498,-0.6733067729083665,0.099601593625498,-0.8087649402390438,0.10358565737051793,-0.9362549800796812,0.1593625498007968,-0.3784860557768924,0.14342629482071714,-0.46215139442231074,0.10358565737051793,-0.38247011952191234,0.08366533864541832,-0.29880478087649404
0.0,0.0,-0.11857707509881422,-0.09090909090909091,-0.1857707509881423,-0.2727272727272727,-0.07905138339920949,-0.3675889328063241,0.05533596837944664,-0.36363636363636365,-0.12648221343873517,-0.5098814229249012,-0.13438735177865613,-0.7075098814229249,-0.12648221343873517,-0.8300395256916996,-0.12648221343873517,-0.9407114624505929,-0.019762845849802372,-0.5177865612648221,-0.007905138339920948,-0.7351778656126482,0.0,-0.8774703557312253,0.007905138339920948,-1.0,0.07509881422924901,-0.466403162055336,0.11067193675889328,-0.6640316205533597,0.11067193675889328,-0.8023715415019763,0.11462450592885376,-0.9288537549407114,0.16205533596837945,-0.3715415019762846,0.14624505928853754,-0.4624505928853755,0.10276679841897234,-0.383399209486166,0.07905138339920949,-0.30434782608695654
0.0,0.0,-0.12301587301587301,-0.09126984126984126,-0.19444444444444445,-0.2698412698412698,-0.09126984126984126,-0.36507936507936506,0.04365079365079365,-0.36904761904761907,-0.1349206349206349,-0.5079365079365079,-0.14682539682539683,-0.7063492063492064,-0.1388888888888889,-0.8293650793650794,-0.1388888888888889,-0.9404761904761905,-0.023809523809523808,-0.5158730158730159,-0.01984126984126984,-0.7380952380952381,-0.011904761904761904,-0.876984126984127,-0.007936507936507936,-1.0,0.07142857142857142,-0.46825396825396826,0.10714285714285714,-0.6706349206349206,0.10714285714285714,-0.8095238095238095,0.11507936507936507,-0.9365079365079365,0.15873015873015872,-0.373015873015873,0.1388888888888889,-0.4642857142857143,0.0873015873015873,-0.3888888888888889,0.05555555555555555,-0.3055555555555556
0.0,0.0,-0.11952191235059761,-0.08764940239043825,-0.1952191235059761,-0.26693227091633465,-0.08366533864541832,-0.3665338645418327,0.055776892430278883,-0.3665338645418327,-0.13545816733067728,-0.5059760956175299,-0.14741035856573706,-0.7091633466135459,-0.14342629482071714,-0.8326693227091634,-0.14342629482071714,-0.9442231075697212,-0.027888446215139442,-0.5139442231075697,-0.02390438247011952,-0.7410358565737052,-0.01593625498007968,-0.8804780876494024,-0.01195219123505976,-1.0,0.07171314741035857,-0.46613545816733065,0.10358565737051793,-0.6653386454183267,0.10358565737051793,-0.8087649402390438,0.10756972111553785,-0.9362549800796812,0.1593625498007968,-0.3705179282868526,0.14342629482071714,-0.4541832669322709,0.09561752988047809,-0.3784860557768924,0.06772908366533864,-0.2908366533864542
0.0,0.0,-0.12301587301587301,-0.0873015873015873,-0.19444444444444445,-0.27380952380952384,-0.0873015873015873,-0.373015873015873,0.047619047619047616,-0.36507936507936506,-0.13095238095238096,-0.5119047619047619,-0.15079365079365079,-0.7103174603174603,-0.14682539682539683,-0.8333333333333334,-0.14682539682539683,-0.9404761904761905,-0.023809523809523808,-0.5158730158730159,-0.01984126984126984,-0.7420634920634921,-0.011904761904761904,-0.8809523809523809,-0.003968253968253968,-1.0,0.07142857142857142,-0.46825396825396826,0.10317460317460317,-0.6666666666666666,0.10317460317460317,-0.8055555555555556,0.10714285714285714,-0.9325396825396826,0.15873015873015872,-0.36904761904761907,0.1388888888888889,-0.4603174603174603,0.09126984126984126,-0.38095238095238093,0.06349206349206349,-0.2976190476190476
0.0,0.0,-0.11507936507936507,-0.09126984126984126,-0.19047619047619047,-0.2777777777777778,-0.08333333333333333,-0.376984126984127,0.05555555555555555,-0.36904761904761907,-0.13095238095238096,-0.5119047619047619,-0.15079365079365079,-0.7103174603174603,-0.14682539682539683,-0.8333333333333334,-0.15079365079365079,-0.9444444444444444,-0.027777777777777776,-0.5198412698412699,-0.023809523809523808,-0.7420634920634921,-0.015873015873015872,-0.8809523809523809,-0.011904761904761904,-1.0,0.06746031746031746,-0.4722222222222222,0.0992063492063492,-0.6706349206349206,0.0992063492063492,-0.8095238095238095,0.10714285714285714,-0.9365079365079365,0.15476190476190477,-0.376984126984127,0.1349206349206349,-0.4603174603174603,0.09126984126984126,-0.376984126984127,0.07142857142857142,-0.29365079365079366
0.0,0.0,-0.11952191235059761,-0.08366533864541832,-0.1952191235059761,-0.27091633466135456,-0.09163346613545817,-0.3705179282868526,0.04780876494023904,-0.3665338645418327,-0.1394422310756972,-0.5099601593625498,-0.1553784860557769,-0.7091633466135459,-0.15139442231075698,-0.8326693227091634,-0.1553784860557769,-0.9402390438247012,-0.027888446215139442,-0.5139442231075697,-0.027888446215139442,-0.7410358565737052,-0.0199203187250996,-0.8804780876494024,-0.0199203187250996,-1.0,0.06772908366533864,-0.4701195219123506,0.09561752988047809,-0.6693227091633466,0.099601593625498,-0.8087649402390438,0.10756972111553785,-0.9402390438247012,0.1553784860557769,-0.3745019920318725,0.13147410358565736,-0.46215139442231074,0.08764940239043825,-0.3745019920318725,0.06772908366533864,-0.2868525896414343
0.0,0.0,-0.11904761904761904,-0.0873015873015873,-0.19047619047619047,-0.2698412698412698,-0.0873015873015873,-0.373015873015873,0.051587301587301584,-0.36507936507936506,-0.13095238095238096,-0.5158730158730159,-0.15079365079365079,-0.7103174603174603,-0.15079365079365079,-0.8333333333333334,-0.15476190476190477,-0.9444444444444444,-0.023809523809523808,-0.5238095238095238,-0.023809523809523808,-0.7420634920634921,-0.015873015873015872,-0.8809523809523809,-0.015873015873015872,-1.0,0.07142857142857142,-0.4722222222222222,0.10714285714285714,-0.6706349206349206,0.10714285714285714,-0.8055555555555556,0.11507936507936507,-0.9325396825396826,0.15873015873015872,-0.376984126984127,0.1388888888888889,-0.4603174603174603,0.09126984126984126,-0.376984126984127,0.07142857142857142,-0.2896825396825397
0.0,0.0,-0.1225296442687747,-0.09090909090909091,-0.18972332015810275,-0.2766798418972332,-0.08300395256916997,-0.3715415019762846,0.05138339920948617,-0.36363636363636365,-0.13043478260869565,-0.5138339920948617,-0.15019762845849802,-0.7114624505928854,-0.15019762845849802,-0.83399209486166,-0.1541501976284585,-0.9407114624505929,-0.023715415019762844,-0.5217391304347826,-0.019762845849802372,-0.7430830039525692,-0.011857707509881422,-0.8814229249011858,-0.007905138339920948,-1.0,0.07509881422924901,-0.47035573122529645,0.1067193675889328,-0.6679841897233202,0.11067193675889328,-0.8023715415019763,0.11857707509881422,-0.932806324110672,0.16205533596837945,-0.37549407114624506,0.1422924901185771,-0.45849802371541504,0.09881422924901186,-0.37549407114624506,0.07509881422924901,-0.2924901185770751
0.0,0.0,-0.12301587301587301,-0.09126984126984126,-0.19444444444444445,-0.2777777777777778,-0.0873015873015873,-0.38095238095238093,0.051587301587301584,-0.36507936507936506,-0.1349206349206349,-0.5158730158730159,-0.15873015873015872,-0.7142857142857143,-0.15873015873015872,-0.8373015873015873,-0.1626984126984127,-0.9484126984126984,-0.027777777777777776,-0.5277777777777778,-0.023809523809523808,-0.746031746031746,-0.015873015873015872,-0.8849206349206349,-0.011904761904761904,-1.0,0.06746031746031746,-0.4801587301587302,0.10317460317460317,-0.6706349206349206,0.10317460317460317,-0.8095238095238095,0.11507936507936507,-0.9365079365079365,0.15476190476190477,-0.38492063492063494,0.1388888888888889,-0.4642857142857143,0.09523809523809523,-0.38095238095238093,0.07539682539682539,-0.29365079365079366
0.0,0.0,-0.11904761904761904,-0.09126984126984126,-0.1865079365079365,-0.2777777777777778,-0.08333333333333333,-0.373015873015873,0.051587301587301584,-0.3611111111111111,-0.12698412698412698,-0.5158730158730159,-0.15079365079365079,-0.7142857142857143,-0.15079365079365079,-0.8373015873015873,-0.15476190476190477,-0.9484126984126984,-0.01984126984126984,-0.5238095238095238,-0.011904761904761904,-0.746031746031746,-0.003968253968253968,-0.8849206349206349,0.0,-1.0,0.07936507936507936,-0.47619047619047616,0.1111111111111111,-0.6666666666666666,0.11507936507936507,-0.8055555555555556,0.12301587301587301,-0.9325396825396826,0.1626984126984127,-0.38095238095238093,0.14285714285714285,-0.4642857142857143,0.0992063492063492,-0.38492063492063494,0.08333333333333333,-0.2976190476190476
0.0,0.0,-0.11952191235059761,-0.09163346613545817,-0.18725099601593626,-0.27091633466135456,-0.08366533864541832,-0.36254980079681276,0.055776892430278883,-0.35856573705179284,-0.12350597609561753,-0.5099601593625498,-0.14741035856573706,-0.7091633466135459,-0.14741035856573706,-0.8326693227091634,-0.15139442231075698,-0.9442231075697212,-0.01593625498007968,-0.5179282868525896,-0.01195219123505976,-0.7410358565737052,0.0,-0.8804780876494024,0.00398406374501992,-1.0,0.0796812749003984,-0.46613545816733065,0.11553784860557768,-0.6573705179282868,0.11952191235059761,-0.8007968127490039,0.13147410358565736,-0.9282868525896414,0.16334661354581673,-0.3665338645418327,0.15139442231075698,-0.4541832669322709,0.10358565737051793,-0.3784860557768924,0.0796812749003984,-0.29880478087649404
0.0,0.0,-0.12350597609561753,-0.09163346613545817,-0.199203187250996,-0.27091633466135456,-0.08764940239043825,-0.36254980079681276,0.04780876494023904,-0.35856573705179284,-0.1394422310756972,-0.5059760956175299,-0.1593625498007968,-0.7091633466135459,-0.1593625498007968,-0.8286852589641435,-0.16334661354581673,-0.9402390438247012,-0.027888446215139442,-0.5139442231075697,-0.02390438247011952,-0.7370517928286853,-0.01593625498007968,-0.8764940239043825,-0.00796812749003984,-1.0,0.06772908366533864,-0.46215139442231074,0.10756972111553785,-0.6573705179282868,0.11155378486055777,-0.796812749003984,0.11952191235059761,-0.9243027888446215,0.1553784860557769,-0.3665338645418327,0.1394422310756972,-0.4541832669322709,0.09163346613545817,-0.3745019920318725,0.06772908366533864,-0.2948207171314741
0.0,0.0,-0.12062256809338522,-0.08949416342412451,-0.19455252918287938,-0.27626459143968873,-0.08171206225680934,-0.36964980544747084,0.054474708171206226,-0.36186770428015563,-0.13618677042801555,-0.5097276264591439,-0.16731517509727625,-0.7042801556420234,-0.17509727626459143,-0.8249027237354085,-0.1867704280155642,-0.9377431906614786,-0.027237354085603113,-0.5175097276264592,-0.027237354085603113,-0.7392996108949417,-0.023346303501945526,-0.8754863813229572,-0.027237354085603113,-1.0,0.07003891050583658,-0.4708171206225681,0.10505836575875487,-0.6614785992217899,0.10505836575875487,-0.8015564202334631,0.11284046692607004,-0.933852140077821,0.1517509727626459,-0.377431906614786,0.14007782101167315,-0.4591439688715953,0.0933852140077821,-0.3735408560311284,0.06614785992217899,-0.28793774319066145
0.0,0.0,-0.125,-0.078125,-0.20703125,-0.24609375,-0.10546875,-0.33984375,0.03125,-0.3671875,-0.17578125,-0.48828125,-0.23046875,-0.68359375,-0.24609375,-0.80078125,-0.26953125,-0.9140625,-0.06640625,-0.5078125,-0.10546875,-0.734375,-0.12109375,-0.87890625,-0.13671875,-1.0,0.03515625,-0.46875,0.04296875,-0.671875,0.02734375,-0.80859375,0.01171875,-0.9375,0.13671875,-0.37890625,0.1171875,-0.4765625,0.0703125,-0.39453125,0.04296875,-0.30859375
0.0,0.0,-0.13043478260869565,-0.07509881422924901,-0.22134387351778656,-0.23715415019762845,-0.1225296442687747,-0.33992094861660077,0.015810276679841896,-0.3675889328063241,-0.22134387351778656,-0.48616600790513836,-0.28063241106719367,-0.6798418972332015,-0.308300395256917,-0.8023715415019763,-0.3359683794466403,-0.9130434782608695,-0.11462450592885376,-0.5177865612648221,-0.16600790513833993,-0.7351778656126482,-0.2015810276679842,-0.8774703557312253,-0.22924901185770752,-1.0,-0.007905138339920948,-0.49407114624505927,-0.011857707509881422,-0.6956521739130435,-0.04743083003952569,-0.83399209486166,-0.06719367588932806,-0.9683794466403162,0.09486166007905138,-0.42292490118577075,0.043478260869565216,-0.4743083003952569,0.007905138339920948,-0.37549407114624506,0.0,-0.28063241106719367
0.0,0.0,-0.14516129032258066,-0.056451612903225805,-0.2661290322580645,-0.20967741935483872,-0.18548387096774194,-0.3387096774193548,-0.04435483870967742,-0.3870967741935484,-0.2782258064516129,-0.4717741935483871,-0.3588709677419355,-0.6653225806451613,-0.39919354838709675,-0.782258064516129,-0.4475806451612903,-0.8911290322580645,-0.17338709677419356,-0.5120967741935484,-0.24596774193548387,-0.7379032258064516,-0.2862903225806452,-0.8790322580645161,-0.32661290322580644,-1.0,-0.06451612903225806,-0.4959677419354839,-0.09274193548387097,-0.7016129032258065,-0.13709677419354838,-0.842741935483871,-0.17338709677419356,-0.9717741935483871,0.04838709677419355,-0.4274193548387097,-0.004032258064516129,-0.5120967741935484,-0.036290322580645164,-0.41935483870967744,-0.04838709677419355,-0.3225806451612903
0.0,0.0,-0.14112903225806453,-0.056451612903225805,-0.25806451612903225,-0.20967741935483872,-0.1693548387096774,-0.3346774193548387,-0.028225806451612902,-0.3870967741935484,-0.2782258064516129,-0.4637096774193548,-0.3548387096774194,-0.657258064516129,-0.3911290322580645,-0.7782258064516129,-0.4274193548387097,-0.8911290322580645,-0.1693548387096774,-0.5080645161290323,-0.24193548387096775,-0.7298387096774194,-0.2862903225806452,-0.875,-0.32661290322580644,-1.0,-0.06048387096774194,-0.49193548387096775,-0.0846774193548387,-0.6975806451612904,-0.13306451612903225,-0.8387096774193549,-0.17338709677419356,-0.9717741935483871,0.056451612903225805,-0.43548387096774194,0.008064516129032258,-0.49193548387096775,-0.028225806451612902,-0.3951612903225806,-0.04435483870967742,-0.3024193548387097
0.0,0.0,-0.14,-0.068,-0.232,-0.224,-0.148,-0.336,-0.024,-0.388,-0.232,-0.476,-0.296,-0.672,-0.32,-0.792,-0.352,-0.904,-0.124,-0.508,-0.184,-0.736,-0.216,-0.876,-0.248,-1.0,-0.016,-0.484,-0.028,-0.692,-0.06,-0.832,-0.084,-0.964,0.092,-0.408,0.052,-0.496,0.008,-0.408,-0.02,-0.312
0.0,0.0,-0.13385826771653545,-0.07086614173228346,-0.22440944881889763,-0.23228346456692914,-0.12992125984251968,-0.3425196850393701,0.007874015748031496,-0.3779527559055118,-0.21653543307086615,-0.484251968503937,-0.2795275590551181,-0.6811023622047244,-0.3031496062992126,-0.7992125984251969,-0.33070866141732286,-0.9133858267716536,-0.1062992125984252,-0.5118110236220472,-0.16141732283464566,-0.7362204724409449,-0.19291338582677164,-0.8740157480314961,-0.22440944881889763,-1.0,-0.003937007874015748,-0.484251968503937,-0.011811023622047244,-0.6889763779527559,-0.04330708661417323,-0.8267716535433071,-0.06692913385826772,-0.9606299212598425,0.10236220472440945,-0.40551181102362205,0.07086614173228346,-0.5039370078740157,0.031496062992125984,-0.41338582677165353,0.003937007874015748,-0.3188976377952756
0.0,0.0,-0.12595419847328243,-0.09541984732824428,-0.1946564885496183,-0.27099236641221375,-0.08396946564885496,-0.36259541984732824,0.05725190839694656,-0.37404580152671757,-0.1297709923664122,-0.5152671755725191,-0.1450381679389313,-0.7061068702290076,-0.1450381679389313,-0.8244274809160306,-0.15267175572519084,-0.9274809160305344,-0.019083969465648856,-0.5229007633587787,-0.019083969465648856,-0.7442748091603053,-0.015267175572519083,-0.8816793893129771,-0.019083969465648856,-1.0,0.08015267175572519,-0.4732824427480916,0.12213740458015267,-0.6679389312977099,0.12213740458015267,-0.8053435114503816,0.12213740458015267,-0.9312977099236641,0.16793893129770993,-0.37404580152671757,0.16030534351145037,-0.46946564885496184,0.09541984732824428,-0.40076335877862596,0.04580152671755725,-0.3244274809160305
0.0,0.0,-0.1183206106870229,-0.10305343511450382,-0.1717557251908397,-0.2900763358778626,-0.04198473282442748,-0.37404580152671757,0.09923664122137404,-0.3702290076335878,-0.09923664122137404,-0.5076335877862596,-0.1183206106870229,-0.7061068702290076,-0.1183206106870229,-0.8244274809160306,-0.12213740458015267,-0.9312977099236641,0.015267175572519083,-0.5114503816793893,0.022900763358778626,-0.7366412213740458,0.030534351145038167,-0.8778625954198473,0.030534351145038167,-1.0,0.11068702290076336,-0.4618320610687023,0.15648854961832062,-0.6564885496183206,0.16030534351145037,-0.7938931297709924,0.16412213740458015,-0.9236641221374046,0.19083969465648856,-0.36259541984732824,0.1946564885496183,-0.46946564885496184,0.13358778625954199,-0.40458015267175573,0.08778625954198473,-0.3282442748091603
0.0,0.0,-0.11494252873563218,-0.09578544061302682,-0.16091954022988506,-0.28735632183908044,-0.03065134099616858,-0.3716475095785441,0.1111111111111111,-0.36398467432950193,-0.08812260536398467,-0.5134099616858238,-0.08812260536398467,-0.7164750957854407,-0.07662835249042145,-0.8390804597701149,-0.06513409961685823,-0.946360153256705,0.02681992337164751,-0.5134099616858238,0.05747126436781609,-0.7394636015325671,0.08045977011494253,-0.8773946360153256,0.09195402298850575,-1.0,0.12260536398467432,-0.45977011494252873,0.1839080459770115,-0.6513409961685823,0.19923371647509577,-0.789272030651341,0.21839080459770116,-0.9233716475095786,0.19923371647509577,-0.36015325670498083,0.20689655172413793,-0.4521072796934866,0.14942528735632185,-0.3793103448275862,0.10344827586206896,-0.30268199233716475
0.0,0.0,-0.1,-0.136,-0.108,-0.324,0.044,-0.392,0.188,-0.368,-0.004,-0.544,0.016,-0.752,0.044,-0.872,0.068,-0.984,0.112,-0.52,0.172,-0.748,0.212,-0.884,0.24,-1.0,0.196,-0.456,0.288,-0.636,0.324,-0.772,0.356,-0.916,0.256,-0.336,0.284,-0.44,0.212,-0.388,0.132,-0.316
0.0,0.0,-0.0942622950819672,-0.14344262295081966,-0.09836065573770492,-0.3319672131147541,0.06147540983606557,-0.3975409836065574,0.20081967213114754,-0.3524590163934426,0.036885245901639344,-0.5532786885245902,0.0778688524590164,-0.7704918032786885,0.11475409836065574,-0.889344262295082,0.15163934426229508,-1.0,0.1557377049180328,-0.5204918032786885,0.24180327868852458,-0.75,0.29508196721311475,-0.8811475409836066,0.3442622950819672,-1.0,0.2336065573770492,-0.44672131147540983,0.3401639344262295,-0.6270491803278688,0.39344262295081966,-0.7581967213114754,0.4426229508196721,-0.8975409836065574,0.28688524590163933,-0.319672131147541,0.32786885245901637,-0.4344262295081967,0.26229508196721313,-0.39344262295081966,0.18442622950819673,-0.32786885245901637
0.0,0.0,-0.10526315789473684,-0.1214574898785425,-0.11336032388663968,-0.32388663967611336,0.044534412955465584,-0.4008097165991903,0.1902834008097166,-0.3684210526315789,0.004048582995951417,-0.5465587044534413,0.03643724696356275,-0.7530364372469636,0.0728744939271255,-0.8744939271255061,0.10121457489878542,-0.9878542510121457,0.1214574898785425,-0.5222672064777328,0.1902834008097166,-0.7449392712550608,0.2388663967611336,-0.8785425101214575,0.27530364372469635,-1.0,0.20647773279352227,-0.4493927125506073,0.29554655870445345,-0.6356275303643725,0.3360323886639676,-0.7732793522267206,0.3724696356275304,-0.902834008097166,0.27125506072874495,-0.3360323886639676,0.29554655870445345,-0.43724696356275305,0.21862348178137653,-0.3805668016194332,0.15384615384615385,-0.3117408906882591
0.0,0.0,-0.10465116279069768,-0.10852713178294573,-0.13565891472868216,-0.3023255813953488,0.0,-0.38372093023255816,0.1434108527131783,-0.3682170542635659,-0.06976744186046512,-0.5193798449612403,-0.07364341085271318,-0.7248062015503876,-0.05813953488372093,-0.8449612403100775,-0.046511627906976744,-0.9534883720930233,0.050387596899224806,-0.5155038759689923,0.08914728682170543,-0.7403100775193798,0.1124031007751938,-0.8798449612403101,0.12790697674418605,-1.0,0.14728682170542637,-0.4573643410852713,0.22093023255813954,-0.6472868217054264,0.24806201550387597,-0.7868217054263565,0.2751937984496124,-0.9147286821705426,0.2248062015503876,-0.35658914728682173,0.24806201550387597,-0.44573643410852715,0.18604651162790697,-0.3798449612403101,0.13178294573643412,-0.3062015503875969
0.0,0.0,-0.11196911196911197,-0.11196911196911197,-0.14285714285714285,-0.30115830115830117,-0.003861003861003861,-0.3783783783783784,0.138996138996139,-0.3667953667953668,-0.06563706563706563,-0.5173745173745173,-0.0888030888030888,-0.7181467181467182,-0.0888030888030888,-0.8378378378378378,-0.0888030888030888,-0.9498069498069498,0.05791505791505792,-0.5173745173745173,0.0888030888030888,-0.7413127413127413,0.11196911196911197,-0.8803088803088803,0.12355212355212356,-1.0,0.15057915057915058,-0.4594594594594595,0.25096525096525096,-0.6332046332046332,0.29343629343629346,-0.7606177606177607,0.3281853281853282,-0.888030888030888,0.22393822393822393,-0.35135135135135137,0.24324324324324326,-0.44015444015444016,0.18146718146718147,-0.3783783783783784,0.11969111969111969,-0.305019305019305
0.0,0.0,-0.09765625,-0.12890625,-0.10546875,-0.31640625,0.04296875,-0.37890625,0.18359375,-0.3515625,-0.01171875,-0.53515625,-0.015625,-0.75,-0.0078125,-0.87109375,0.0078125,-0.984375,0.109375,-0.51953125,0.1640625,-0.74609375,0.19921875,-0.8828125,0.23046875,-1.0,0.1953125,-0.453125,0.3125,-0.6171875,0.37109375,-0.73828125,0.42578125,-0.86328125,0.25390625,-0.328125,0.29296875,-0.42578125,0.234375,-0.37109375,0.171875,-0.3046875
0.0,0.0,-0.088,-0.14,-0.096,-0.332,0.064,-0.392,0.208,-0.348,0.028,-0.552,0.048,-0.768,0.068,-0.888,0.092,-1.0,0.152,-0.524,0.232,-0.752,0.288,-0.884,0.336,-0.996,0.232,-0.448,0.364,-0.608,0.436,-0.724,0.5,-0.844,0.28,-0.316,0.336,-0.416,0.272,-0.372,0.2,-0.308
0.0,0.0,-0.09274193548387097,-0.13306451612903225,-0.10080645161290322,-0.32661290322580644,0.05241935483870968,-0.38306451612903225,0.20161290322580644,-0.3467741935483871,0.020161290322580645,-0.5483870967741935,0.036290322580645164,-0.7620967741935484,0.06048387096774194,-0.8830645161290323,0.0846774193548387,-0.9959677419354839,0.14516129032258066,-0.5241935483870968,0.2217741935483871,-0.7540322580645161,0.2782258064516129,-0.8870967741935484,0.3225806451612903,-1.0,0.22983870967741934,-0.4475806451612903,0.3588709677419355,-0.6088709677419355,0.4314516129032258,-0.7258064516129032,0.4959677419354839,-0.8387096774193549,0.2862903225806452,-0.32661290322580644,0.32661290322580644,-0.4112903225806452,0.25806451612903225,-0.3588709677419355,0.18951612903225806,-0.29838709677419356
0.0,0.0,-0.1183206106870229,-0.11068702290076336,-0.15648854961832062,-0.2900763358778626,-0.019083969465648856,-0.3702290076335878,0.1297709923664122,-0.3549618320610687,-0.08015267175572519,-0.5190839694656488,-0.11068702290076336,-0.7213740458015268,-0.11450381679389313,-0.8435114503816794,-0.11450381679389313,-0.950381679389313,0.04198473282442748,-0.5190839694656488,0.07633587786259542,-0.7442748091603053,0.09541984732824428,-0.8816793893129771,0.11068702290076336,-1.0,0.13358778625954199,-0.4618320610687023,0.22900763358778625,-0.6297709923664122,0.2748091603053435,-0.7595419847328244,0.31297709923664124,-0.8816793893129771,0.20229007633587787,-0.3549618320610687,0.21374045801526717,-0.44274809160305345,0.15648854961832062,-0.3816793893129771,0.09923664122137404,-0.3053435114503817
0.0,0.0,-0.14396887159533073,-0.058365758754863814,-0.2607003891050584,-0.20233463035019456,-0.16731517509727625,-0.311284046692607,-0.0311284046692607,-0.36964980544747084,-0.2918287937743191,-0.4669260700389105,-0.40077821011673154,-0.6536964980544747,-0.45136186770428016,-0.7665369649805448,-0.5058365758754864,-0.867704280155642,-0.1828793774319066,-0.5136186770428015,-0.2607003891050584,-0.7392996108949417,-0.3035019455252918,-0.8793774319066148,-0.3424124513618677,-1.0,-0.07392996108949416,-0.49416342412451364,-0.08949416342412451,-0.6964980544747081,-0.12062256809338522,-0.8404669260700389,-0.14785992217898833,-0.9766536964980544,0.042801556420233464,-0.42412451361867703,0.01556420233463035,-0.4980544747081712,-0.007782101167315175,-0.4085603112840467,-0.023346303501945526,-0.311284046692607
0.0,0.0,-0.14049586776859505,-0.049586776859504134,-0.2727272727272727,-0.1859504132231405,-0.19008264462809918,-0.30578512396694213,-0.05371900826446281,-0.384297520661157,-0.35537190082644626,-0.45041322314049587,-0.49586776859504134,-0.6239669421487604,-0.5743801652892562,-0.731404958677686,-0.640495867768595,-0.8305785123966942,-0.24793388429752067,-0.512396694214876,-0.3760330578512397,-0.7355371900826446,-0.44214876033057854,-0.871900826446281,-0.49586776859504134,-0.987603305785124,-0.1322314049586777,-0.5082644628099173,-0.17768595041322313,-0.7148760330578512,-0.22727272727272727,-0.859504132231405,-0.2727272727272727,-1.0,0.0,-0.45041322314049587,-0.03305785123966942,-0.5247933884297521,-0.04132231404958678,-0.4214876033057851,-0.045454545454545456,-0.32231404958677684
0.0,0.0,-0.14225941422594143,-0.04602510460251046,-0.27615062761506276,-0.19246861924686193,-0.19665271966527198,-0.32217573221757323,-0.05439330543933055,-0.401673640167364,-0.3598326359832636,-0.4476987447698745,-0.502092050209205,-0.6150627615062761,-0.5815899581589958,-0.7154811715481172,-0.6527196652719666,-0.8075313807531381,-0.25523012552301255,-0.5104602510460251,-0.38493723849372385,-0.7280334728033473,-0.4560669456066946,-0.8619246861924686,-0.5146443514644351,-0.9790794979079498,-0.14225941422594143,-0.5104602510460251,-0.19246861924686193,-0.7196652719665272,-0.24686192468619247,-0.8619246861924686,-0.2928870292887029,-1.0,-0.0041841004184100415,-0.4602510460251046,-0.03765690376569038,-0.5397489539748954,-0.04184100418410042,-0.4351464435146444,-0.02510460251046025,-0.3305439330543933
0.0,0.0,-0.1306122448979592,-0.06938775510204082,-0.23673469387755103,-0.22040816326530613,-0.1510204081632653,-0.3346938775510204,-0.012244897959183673,-0.3877551020408163,-0.27346938775510204,-0.46530612244897956,-0.37551020408163266,-0.6571428571428571,-0.42857142857142855,-0.7714285714285715,-0.4816326530612245,-0.8693877551020408,-0.1673469387755102,-0.5102040816326531,-0.2530612244897959,-0.7428571428571429,-0.2938775510204082,-0.8816326530612245,-0.3306122448979592,-1.0,-0.05714285714285714,-0.49387755102040815,-0.06938775510204082,-0.7061224489795919,-0.09387755102040816,-0.8489795918367347,-0.11428571428571428,-0.9795918367346939,0.061224489795918366,-0.42448979591836733,0.044897959183673466,-0.5061224489795918,0.024489795918367346,-0.4204081632653061,0.012244897959183673,-0.3346938775510204
0.0,0.0,-0.13934426229508196,-0.06557377049180328,-0.25,-0.20901639344262296,-0.1721311475409836,-0.3237704918032787,-0.036885245901639344,-0.38114754098360654,-0.28688524590163933,-0.4713114754098361,-0.38934426229508196,-0.6598360655737705,-0.4426229508196721,-0.7745901639344263,-0.4959016393442623,-0.8770491803278688,-0.18032786885245902,-0.5163934426229508,-0.2540983606557377,-0.7418032786885246,-0.29508196721311475,-0.8811475409836066,-0.3360655737704918,-1.0,-0.06967213114754098,-0.4959016393442623,-0.08196721311475409,-0.7008196721311475,-0.11065573770491803,-0.8483606557377049,-0.13114754098360656,-0.9836065573770492,0.05327868852459016,-0.4262295081967213,0.03278688524590164,-0.5,0.004098360655737705,-0.4098360655737705,-0.01639344262295082,-0.319672131147541
0.0,0.0,-0.14957264957264957,-0.04700854700854701,-0.2905982905982906,-0.18803418803418803,-0.21794871794871795,-0.3162393162393162,-0.07692307692307693,-0.3888888888888889,-0.3418803418803419,-0.45726495726495725,-0.47863247863247865,-0.6367521367521367,-0.5555555555555556,-0.7435897435897436,-0.6239316239316239,-0.8418803418803419,-0.23504273504273504,-0.5170940170940171,-0.3547008547008547,-0.7393162393162394,-0.4230769230769231,-0.8803418803418803,-0.47863247863247865,-1.0,-0.11965811965811966,-0.5085470085470085,-0.1623931623931624,-0.7136752136752137,-0.21367521367521367,-0.8589743589743589,-0.2606837606837607,-0.9957264957264957,0.008547008547008548,-0.45726495726495725,-0.038461538461538464,-0.5,-0.05128205128205128,-0.39316239316239315,-0.04700854700854701,-0.2948717948717949
0.0,0.0,-0.14345991561181434,-0.05907172995780591,-0.2742616033755274,-0.19831223628691982,-0.1940928270042194,-0.31645569620253167,-0.05485232067510549,-0.38396624472573837,-0.31645569620253167,-0.46835443037974683,-0.4345991561181435,-0.6497890295358649,-0.4936708860759494,-0.759493670886076,-0.5527426160337553,-0.8607594936708861,-0.20675105485232068,-0.5189873417721519,-0.29957805907172996,-0.7426160337552743,-0.350210970464135,-0.8818565400843882,-0.4008438818565401,-1.0,-0.08860759493670886,-0.5021097046413502,-0.10970464135021098,-0.7130801687763713,-0.14345991561181434,-0.8565400843881856,-0.17721518987341772,-0.9957805907172996,0.0379746835443038,-0.4388185654008439,0.008438818565400843,-0.5021097046413502,-0.016877637130801686,-0.4092827004219409,-0.029535864978902954,-0.31223628691983124
0.0,0.0,-0.14516129032258066,-0.06854838709677419,-0.2661290322580645,-0.2217741935483871,-0.1774193548387097,-0.33064516129032256,-0.03225806451612903,-0.3790322580645161,-0.2701612903225806,-0.4717741935483871,-0.36693548387096775,-0.6532258064516129,-0.4153225806451613,-0.7661290322580645,-0.46774193548387094,-0.8709677419354839,-0.16532258064516128,-0.5161290322580645,-0.23387096774193547,-0.7379032258064516,-0.27419354838709675,-0.875,-0.31048387096774194,-1.0,-0.056451612903225805,-0.5,-0.06048387096774194,-0.6935483870967742,-0.0846774193548387,-0.8387096774193549,-0.0967741935483871,-0.9717741935483871,0.056451612903225805,-0.43951612903225806,0.012096774193548387,-0.4596774193548387,-0.016129032258064516,-0.3588709677419355,-0.020161290322580645,-0.2701612903225806
0.0,0.0,-0.1440329218106996,-0.06584362139917696,-0.2716049382716049,-0.21810699588477367,-0.1934156378600823,-0.3374485596707819,-0.04938271604938271,-0.3950617283950617,-0.30864197530864196,-0.4732510288065844,-0.43209876543209874,-0.654320987654321,-0.49794238683127573,-0.7613168724279835,-0.5637860082304527,-0.8641975308641975,-0.205761316872428,-0.522633744855967,-0.3004115226337449,-0.7448559670781894,-0.35802469135802467,-0.8806584362139918,-0.4074074074074074,-1.0,-0.09465020576131687,-0.5102880658436214,-0.11522633744855967,-0.720164609053498,-0.1522633744855967,-0.8641975308641975,-0.18930041152263374,-1.0,0.02880658436213992,-0.448559670781893,-0.00411522633744856,-0.51440329218107,-0.024691358024691357,-0.411522633744856,-0.024691358024691357,-0.31275720164609055
0.0,0.0,-0.12890625,-0.0859375,-0.21875,-0.2421875,-0.12109375,-0.33984375,0.015625,-0.37109375,-0.1953125,-0.484375,-0.26171875,-0.6796875,-0.296875,-0.79296875,-0.328125,-0.8984375,-0.08203125,-0.515625,-0.1171875,-0.7421875,-0.140625,-0.8828125,-0.1640625,-1.0,0.0234375,-0.48046875,0.046875,-0.66796875,0.04296875,-0.80859375,0.03515625,-0.9296875,0.125,-0.3984375,0.10546875,-0.453125,0.05078125,-0.38671875,0.0078125,-0.31640625
0.0,0.0,-0.12648221343873517,-0.09486166007905138,-0.2015810276679842,-0.2608695652173913,-0.09090909090909091,-0.35177865612648224,0.05533596837944664,-0.3715415019762846,-0.1541501976284585,-0.4980237154150198,-0.20553359683794467,-0.6877470355731226,-0.22924901185770752,-0.8023715415019763,-0.2490118577075099,-0.9051383399209486,-0.039525691699604744,-0.5177865612648221,-0.05533596837944664,-0.7430830039525692,-0.07114624505928854,-0.8814229249011858,-0.08300395256916997,-1.0,0.06324110671936758,-0.4743083003952569,0.11067193675889328,-0.6679841897233202,0.11462450592885376,-0.8023715415019763,0.11857707509881422,-0.924901185770751,0.15810276679841898,-0.37549407114624506,0.15019762845849802,-0.45454545454545453,0.09090909090909091,-0.383399209486166,0.043478260869565216,-0.308300395256917
0.0,0.0,-0.11372549019607843,-0.10588235294117647,-0.1607843137254902,-0.2901960784313726,-0.03137254901960784,-0.37254901960784315,0.11372549019607843,-0.3686274509803922,-0.0784313725490196,-0.5176470588235295,-0.09803921568627451,-0.7137254901960784,-0.09803921568627451,-0.8352941176470589,-0.09803921568627451,-0.9411764705882353,0.043137254901960784,-0.5215686274509804,0.07450980392156863,-0.7450980392156863,0.09019607843137255,-0.8823529411764706,0.09803921568627451,-1.0,0.13333333333333333,-0.4627450980392157,0.2196078431372549,-0.6470588235294118,0.2549019607843137,-0.7764705882352941,0.28627450980392155,-0.8980392156862745,0.20392156862745098,-0.3568627450980392,0.21176470588235294,-0.44313725490196076,0.15294117647058825,-0.3764705882352941,0.09803921568627451,-0.30196078431372547
0.0,0.0,-0.1062992125984252,-0.1220472440944882,-0.14173228346456693,-0.3228346456692913,-0.007874015748031496,-0.3858267716535433,0.1377952755905512,-0.3661417322834646,-0.027559055118110236,-0.5354330708661418,-0.03543307086614173,-0.7322834645669292,-0.027559055118110236,-0.8543307086614174,-0.01968503937007874,-0.9606299212598425,0.09055118110236221,-0.5236220472440944,0.14173228346456693,-0.7401574803149606,0.16929133858267717,-0.8779527559055118,0.1889763779527559,-1.0,0.17716535433070865,-0.46062992125984253,0.2755905511811024,-0.6299212598425197,0.3228346456692913,-0.7559055118110236,0.36220472440944884,-0.8818897637795275,0.23622047244094488,-0.3464566929133858,0.24803149606299213,-0.42913385826771655,0.17716535433070865,-0.36220472440944884,0.11023622047244094,-0.2952755905511811
0.0,0.0,-0.1016260162601626,-0.13008130081300814,-0.12195121951219512,-0.3252032520325203,0.024390243902439025,-0.3902439024390244,0.17073170731707318,-0.35772357723577236,0.0,-0.540650406504065,0.012195121951219513,-0.7479674796747967,0.032520325203252036,-0.8699186991869918,0.04878048780487805,-0.983739837398374,0.12195121951219512,-0.524390243902439,0.1991869918699187,-0.7479674796747967,0.23983739837398374,-0.8821138211382114,0.27235772357723576,-1.0,0.2073170731707317,-0.45528455284552843,0.32113821138211385,-0.6219512195121951,0.3780487804878049,-0.7520325203252033,0.4186991869918699,-0.8780487804878049,0.26422764227642276,-0.33739837398373984,0.2886178861788618,-0.4268292682926829,0.21951219512195122,-0.36585365853658536,0.15447154471544716,-0.3008130081300813
0.0,0.0,-0.0975609756097561,-0.15040650406504066,-0.10975609756097561,-0.33739837398373984,0.04065040650406504,-0.4024390243902439,0.17073170731707318,-0.35772357723577236,0.032520325203252036,-0.5487804878048781,0.06504065040650407,-0.7642276422764228,0.08943089430894309,-0.8821138211382114,0.11788617886178862,-0.991869918699187,0.15040650406504066,-0.5203252032520326,0.23983739837398374,-0.7479674796747967,0.2926829268292683,-0.8821138211382114,0.34146341463414637,-1.0,0.22764227642276422,-0.44308943089430897,0.35365853658536583,-0.6138211382113821,0.4186991869918699,-0.7439024390243902,0.47560975609756095,-0.8739837398373984,0.2682926829268293,-0.3089430894308943,0.3089430894308943,-0.43089430894308944,0.23577235772357724,-0.3902439024390244,0.15447154471544716,-0.3252032520325203
0.0,0.0,-0.12096774193548387,-0.11693548387096774,-0.15725806451612903,-0.3225806451612903,-0.012096774193548387,-0.39919354838709675,0.13306451612903225,-0.36693548387096775,-0.04032258064516129,-0.532258064516129,-0.03225806451612903,-0.7379032258064516,-0.016129032258064516,-0.8588709677419355,-0.008064516129032258,-0.9717741935483871,0.08064516129032258,-0.5241935483870968,0.14516129032258066,-0.7419354838709677,0.1814516129032258,-0.8830645161290323,0.2056451612903226,-1.0,0.17338709677419356,-0.45564516129032256,0.2782258064516129,-0.6370967741935484,0.3225806451612903,-0.7741935483870968,0.3629032258064516,-0.8951612903225806,0.24193548387096775,-0.3467741935483871,0.2540322580645161,-0.4314516129032258,0.1774193548387097,-0.3709677419354839,0.11290322580645161,-0.3064516129032258
0.0,0.0,-0.11740890688259109,-0.11740890688259109,-0.13765182186234817,-0.32793522267206476,0.012145748987854251,-0.4008097165991903,0.15384615384615385,-0.3724696356275304,-0.02834008097165992,-0.5344129554655871,-0.020242914979757085,-0.7327935222672065,-0.008097165991902834,-0.854251012145749,0.004048582995951417,-0.9635627530364372,0.09716599190283401,-0.5263157894736842,0.16194331983805668,-0.7449392712550608,0.19838056680161945,-0.8825910931174089,0.22267206477732793,-1.0,0.18218623481781376,-0.46153846153846156,0.2874493927125506,-0.6437246963562753,0.3360323886639676,-0.7732793522267206,0.3765182186234818,-0.8947368421052632,0.242914979757085,-0.3522267206477733,0.2591093117408907,-0.43724696356275305,0.20242914979757085,-0.3603238866396761,0.14979757085020243,-0.2834008097165992
0.0,0.0,-0.13147410358565736,-0.11155378486055777,-0.1752988047808765,-0.3187250996015936,-0.035856573705179286,-0.398406374501992,0.10358565737051793,-0.3745019920318725,-0.07171314741035857,-0.5298804780876494,-0.0796812749003984,-0.7290836653386454,-0.07569721115537849,-0.848605577689243,-0.07171314741035857,-0.952191235059761,0.043824701195219126,-0.5258964143426295,0.08764940239043825,-0.7450199203187251,0.10756972111553785,-0.8804780876494024,0.12350597609561753,-1.0,0.13545816733067728,-0.46613545816733065,0.21912350597609562,-0.6573705179282868,0.24701195219123506,-0.7928286852589641,0.2788844621513944,-0.9163346613545816,0.20318725099601595,-0.36254980079681276,0.19123505976095617,-0.450199203187251,0.12749003984063745,-0.38247011952191234,0.08366533864541832,-0.30677290836653387
0.0,0.0,-0.12549019607843137,-0.09019607843137255,-0.19215686274509805,-0.2549019607843137,-0.07450980392156863,-0.34509803921568627,0.07058823529411765,-0.3568627450980392,-0.1411764705882353,-0.4980392156862745,-0.18823529411764706,-0.6901960784313725,-0.20784313725490197,-0.807843137254902,-0.22745098039215686,-0.9215686274509803,-0.027450980392156862,-0.5137254901960784,-0.03529411764705882,-0.7333333333333333,-0.043137254901960784,-0.8745098039215686,-0.050980392156862744,-1.0,0.07058823529411765,-0.47058823529411764,0.11764705882352941,-0.6549019607843137,0.12549019607843137,-0.792156862745098,0.13725490196078433,-0.9176470588235294,0.15294117647058825,-0.3764705882352941,0.13725490196078433,-0.4392156862745098,0.09411764705882353,-0.3607843137254902,0.06666666666666667,-0.2784313725490196
0.0,0.0,-0.13043478260869565,-0.08695652173913043,-0.20948616600790515,-0.233201581027668,-0.10276679841897234,-0.3201581027667984,0.043478260869565216,-0.34782608695652173,-0.15810276679841898,-0.48616600790513836,-0.2134387351778656,-0.6798418972332015,-0.24110671936758893,-0.7984189723320159,-0.2648221343873518,-0.9130434782608695,-0.043478260869565216,-0.5059288537549407,-0.06324110671936758,-0.7312252964426877,-0.07509881422924901,-0.8735177865612648,-0.08300395256916997,-1.0,0.05533596837944664,-0.4624505928853755,0.09486166007905138,-0.6521739130434783,0.10276679841897234,-0.7905138339920948,0.1067193675889328,-0.9169960474308301,0.15019762845849802,-0.3675889328063241,0.1383399209486166,-0.43873517786561267,0.08300395256916997,-0.36363636363636365,0.043478260869565216,-0.28063241106719367
0.0,0.0,-0.14042553191489363,-0.05106382978723404,-0.2680851063829787,-0.17872340425531916,-0.19148936170212766,-0.2936170212765957,-0.059574468085106386,-0.3702127659574468,-0.3021276595744681,-0.4595744680851064,-0.42127659574468085,-0.6340425531914894,-0.4851063829787234,-0.7446808510638298,-0.5404255319148936,-0.851063829787234,-0.19148936170212766,-0.5148936170212766,-0.2851063829787234,-0.7361702127659574,-0.3404255319148936,-0.8765957446808511,-0.3829787234042553,-1.0,-0.07659574468085106,-0.4978723404255319,-0.09361702127659574,-0.7106382978723405,-0.13191489361702127,-0.851063829787234,-0.16170212765957448,-0.9787234042553191,0.05106382978723404,-0.425531914893617,0.01702127659574468,-0.49361702127659574,-0.02127659574468085,-0.4,-0.05106382978723404,-0.2978723404255319
0.0,0.0,-0.14782608695652175,-0.05217391304347826,-0.2826086956521739,-0.18695652173913044,-0.20434782608695654,-0.30434782608695654,-0.06521739130434782,-0.3826086956521739,-0.3347826086956522,-0.4608695652173913,-0.4652173913043478,-0.6347826086956522,-0.5391304347826087,-0.7434782608695653,-0.6086956521739131,-0.8478260869565217,-0.2217391304347826,-0.5173913043478261,-0.33043478260869563,-0.7391304347826086,-0.39565217391304347,-0.8782608695652174,-0.45652173913043476,-1.0,-0.1,-0.5130434782608696,-0.14347826086956522,-0.7217391304347827,-0.2,-0.8608695652173913,-0.24782608695652175,-0.9956521739130435,0.034782608695652174,-0.45217391304347826,-0.008695652173913044,-0.5173913043478261,-0.034782608695652174,-0.41304347826086957,-0.04782608695652174,-0.30869565217391304
0.0,0.0,-0.13807531380753138,-0.06694560669456066,-0.24267782426778242,-0.21338912133891214,-0.15481171548117154,-0.3263598326359833,-0.016736401673640166,-0.38493723849372385,-0.26359832635983266,-0.4602510460251046,-0.3807531380753138,-0.6443514644351465,-0.4393305439330544,-0.7573221757322176,-0.49372384937238495,-0.8661087866108786,-0.15481171548117154,-0.5062761506276151,-0.23430962343096234,-0.7364016736401674,-0.28451882845188287,-0.8786610878661087,-0.3263598326359833,-1.0,-0.04184100418410042,-0.48535564853556484,-0.058577405857740586,-0.702928870292887,-0.09205020920502092,-0.8451882845188284,-0.12552301255230125,-0.9790794979079498,0.07531380753138076,-0.41841004184100417,0.04602510460251046,-0.502092050209205,0.012552301255230125,-0.4100418410041841,-0.0041841004184100415,-0.3179916317991632
0.0,0.0,-0.1285140562248996,-0.08032128514056225,-0.21285140562248997,-0.24096385542168675,-0.11646586345381527,-0.3493975903614458,0.012048192771084338,-0.3895582329317269,-0.20080321285140562,-0.4738955823293173,-0.26907630522088355,-0.6666666666666666,-0.30522088353413657,-0.7871485943775101,-0.3413654618473896,-0.8955823293172691,-0.08433734939759036,-0.5060240963855421,-0.12048192771084337,-0.7389558232931727,-0.14056224899598393,-0.8795180722891566,-0.1686746987951807,-1.0,0.020080321285140562,-0.4738955823293173,0.04417670682730924,-0.6867469879518072,0.0321285140562249,-0.8273092369477911,0.020080321285140562,-0.9598393574297188,0.12449799196787148,-0.39759036144578314,0.10040160642570281,-0.4819277108433735,0.04819277108433735,-0.39759036144578314,0.008032128514056224,-0.3092369477911647
0.0,0.0,-0.13654618473895583,-0.08835341365461848,-0.21285140562248997,-0.26506024096385544,-0.11244979919678715,-0.3815261044176707,0.020080321285140562,-0.40562248995983935,-0.18072289156626506,-0.4939759036144578,-0.19678714859437751,-0.6947791164658634,-0.18875502008032127,-0.8232931726907631,-0.18875502008032127,-0.9317269076305221,-0.07228915662650602,-0.5140562248995983,-0.08835341365461848,-0.7309236947791165,-0.0963855421686747,-0.8755020080321285,-0.10843373493975904,-1.0,0.03614457831325301,-0.4779116465863454,0.05622489959839357,-0.6827309236947792,0.040160642570281124,-0.8232931726907631,0.024096385542168676,-0.9437751004016064,0.14056224899598393,-0.39759036144578314,0.11244979919678715,-0.4939759036144578,0.05622489959839357,-0.41365461847389556,0.012048192771084338,-0.321285140562249
0.0,0.0,-0.13306451612903225,-0.08870967741935484,-0.21370967741935484,-0.27419354838709675,-0.11290322580645161,-0.3911290322580645,0.024193548387096774,-0.40725806451612906,-0.1693548387096774,-0.5080645161290323,-0.1774193548387097,-0.7056451612903226,-0.16532258064516128,-0.8266129032258065,-0.16129032258064516,-0.9354838709677419,-0.06048387096774194,-0.5201612903225806,-0.06854838709677419,-0.7419354838709677,-0.06854838709677419,-0.8790322580645161,-0.07661290322580645,-1.0,0.04435483870967742,-0.4798387096774194,0.06048387096774194,-0.6935483870967742,0.04435483870967742,-0.8266129032258065,0.028225806451612902,-0.9475806451612904,0.14516129032258066,-0.3911290322580645,0.12096774193548387,-0.4959677419354839,0.06451612903225806,-0.4112903225806452,0.024193548387096774,-0.3225806451612903
0.0,0.0,-0.132,-0.096,-0.196,-0.292,-0.084,-0.396,0.052,-0.392,-0.148,-0.512,-0.14,-0.708,-0.108,-0.832,-0.08,-0.936,-0.036,-0.52,-0.02,-0.736,0.0,-0.876,0.012,-1.0,0.064,-0.476,0.1,-0.672,0.092,-0.804,0.088,-0.928,0.16,-0.388,0.14,-0.484,0.084,-0.404,0.04,-0.32
0.0,0.0,-0.1134453781512605,-0.1134453781512605,-0.14285714285714285,-0.31512605042016806,-0.012605042016806723,-0.41596638655462187,0.12184873949579832,-0.39915966386554624,-0.06722689075630252,-0.5336134453781513,-0.029411764705882353,-0.7352941176470589,0.012605042016806723,-0.8529411764705882,0.046218487394957986,-0.957983193277311,0.046218487394957986,-0.5252100840336135,0.09663865546218488,-0.7478991596638656,0.13865546218487396,-0.8823529411764706,0.16806722689075632,-1.0,0.13865546218487396,-0.47058823529411764,0.20588235294117646,-0.6680672268907563,0.22268907563025211,-0.8025210084033614,0.23949579831932774,-0.9285714285714286,0.2184873949579832,-0.36554621848739494,0.22268907563025211,-0.46638655462184875,0.15966386554621848,-0.3907563025210084,0.1092436974789916,-0.3025210084033613
0.0,0.0,-0.11158798283261803,-0.13304721030042918,-0.12446351931330472,-0.33905579399141633,0.030042918454935622,-0.4291845493562232,0.16738197424892703,-0.38626609442060084,0.004291845493562232,-0.5579399141630901,0.07296137339055794,-0.759656652360515,0.13304721030042918,-0.8669527896995708,0.18454935622317598,-0.9656652360515021,0.12017167381974249,-0.5364806866952789,0.20600858369098712,-0.759656652360515,0.26609442060085836,-0.8884120171673819,0.3133047210300429,-1.0,0.2017167381974249,-0.4678111587982833,0.30042918454935624,-0.6566523605150214,0.34334763948497854,-0.7854077253218884,0.3776824034334764,-0.9141630901287554,0.26180257510729615,-0.34334763948497854,0.3133047210300429,-0.4678111587982833,0.2575107296137339,-0.40772532188841204,0.2017167381974249,-0.33047210300429186
0.0,0.0,-0.18357487922705315,-0.024154589371980676,-0.391304347826087,-0.17391304347826086,-0.357487922705314,-0.357487922705314,-0.20772946859903382,-0.45410628019323673,-0.463768115942029,-0.43478260869565216,-0.5942028985507246,-0.6328502415458938,-0.6570048309178744,-0.7632850241545893,-0.7198067632850241,-0.8792270531400966,-0.36231884057971014,-0.5024154589371981,-0.5072463768115942,-0.7246376811594203,-0.5893719806763285,-0.8695652173913043,-0.6666666666666666,-0.9951690821256038,-0.2318840579710145,-0.5217391304347826,-0.34299516908212563,-0.748792270531401,-0.4444444444444444,-0.8792270531400966,-0.5314009661835749,-1.0,-0.07729468599033816,-0.4927536231884058,-0.178743961352657,-0.5700483091787439,-0.17391304347826086,-0.4396135265700483,-0.1497584541062802,-0.3188405797101449
0.0,0.0,-0.18627450980392157,-0.024509803921568627,-0.39215686274509803,-0.1715686274509804,-0.3627450980392157,-0.35294117647058826,-0.21568627450980393,-0.45588235294117646,-0.47058823529411764,-0.4362745098039216,-0.6078431372549019,-0.6421568627450981,-0.6715686274509803,-0.7745098039215687,-0.7352941176470589,-0.8921568627450981,-0.36764705882352944,-0.5098039215686274,-0.5245098039215687,-0.7303921568627451,-0.6127450980392157,-0.8725490196078431,-0.6862745098039216,-0.9950980392156863,-0.23529411764705882,-0.5294117647058824,-0.35784313725490197,-0.7549019607843137,-0.46078431372549017,-0.8774509803921569,-0.5441176470588235,-1.0,-0.07352941176470588,-0.5,-0.17647058823529413,-0.5833333333333334,-0.18627450980392157,-0.45098039215686275,-0.16666666666666666,-0.3235294117647059
0.0,0.0,-0.19704433497536947,-0.029556650246305417,-0.39408866995073893,-0.1724137931034483,-0.35960591133004927,-0.3448275862068966,-0.22660098522167488,-0.45320197044334976,-0.458128078817734,-0.43349753694581283,-0.5960591133004927,-0.6305418719211823,-0.6650246305418719,-0.7536945812807881,-0.729064039408867,-0.8719211822660099,-0.35467980295566504,-0.5073891625615764,-0.5073891625615764,-0.729064039408867,-0.5960591133004927,-0.8719211822660099,-0.6748768472906403,-1.0,-0.22660098522167488,-0.5270935960591133,-0.3399014778325123,-0.7536945812807881,-0.43842364532019706,-0.8817733990147784,-0.5270935960591133,-1.0,-0.06403940886699508,-0.5024630541871922,-0.1625615763546798,-0.5763546798029556,-0.18226600985221675,-0.4433497536945813,-0.17733990147783252,-0.31527093596059114
0.0,0.0,-0.17757009345794392,-0.04205607476635514,-0.3411214953271028,-0.19626168224299065,-0.2897196261682243,-0.35514018691588783,-0.16822429906542055,-0.45794392523364486,-0.38317757009345793,-0.45794392523364486,-0.5,-0.6635514018691588,-0.5467289719626168,-0.7897196261682243,-0.5981308411214953,-0.9065420560747663,-0.2757009345794392,-0.514018691588785,-0.40654205607476634,-0.7383177570093458,-0.4766355140186916,-0.8785046728971962,-0.5420560747663551,-1.0,-0.14953271028037382,-0.5186915887850467,-0.24299065420560748,-0.7429906542056075,-0.32242990654205606,-0.8785046728971962,-0.397196261682243,-1.0,0.0,-0.4672897196261682,-0.08878504672897196,-0.5654205607476636,-0.11214953271028037,-0.4485981308411215,-0.11214953271028037,-0.3317757009345794
