0.0,0.0,0.12890625,-0.12109375,0.20703125,-0.2890625,0.09765625,-0.3984375,-0.02734375,-0.39453125,0.16796875,-0.5234375,0.1953125,-0.72265625,0.203125,-0.83984375,0.1953125,-0.9453125,0.0625,-0.5390625,0.08984375,-0.75390625,0.1015625,-0.88671875,0.10546875,-1.0,-0.02734375,-0.51171875,-0.01953125,-0.70703125,0.0,-0.83203125,0.01171875,-0.9375,-0.1171875,-0.4453125,-0.1171875,-0.61328125,-0.10546875,-0.71875,-0.09375,-0.8125
0.0,0.0,0.13385826771653545,-0.1141732283464567,0.20866141732283464,-0.2874015748031496,0.08661417322834646,-0.3937007874015748,-0.04330708661417323,-0.3937007874015748,0.16535433070866143,-0.5196850393700787,0.19291338582677164,-0.7165354330708661,0.1968503937007874,-0.8385826771653543,0.1889763779527559,-0.9488188976377953,0.05905511811023622,-0.5354330708661418,0.08661417322834646,-0.7480314960629921,0.09448818897637795,-0.8858267716535433,0.0984251968503937,-1.0,-0.031496062992125984,-0.5118110236220472,-0.027559055118110236,-0.7047244094488189,-0.007874015748031496,-0.8307086614173228,0.0,-0.937007874015748,-0.1220472440944882,-0.44881889763779526,-0.1220472440944882,-0.6141732283464567,-0.11023622047244094,-0.7204724409448819,-0.0984251968503937,-0.8188976377952756
0.0,0.0,0.13545816733067728,-0.11553784860557768,0.22709163346613545,-0.2788844621513944,0.11155378486055777,-0.3904382470119522,-0.0199203187250996,-0.38247011952191234,0.18326693227091634,-0.5139442231075697,0.21912350597609562,-0.7091633466135459,0.22709163346613545,-0.8326693227091634,0.22709163346613545,-0.9402390438247012,0.0796812749003984,-0.5338645418326693,0.11553784860557768,-0.749003984063745,0.13147410358565736,-0.8844621513944223,0.1394422310756972,-1.0,-0.01195219123505976,-0.5099601593625498,0.00398406374501992,-0.7091633466135459,0.027888446215139442,-0.8406374501992032,0.04780876494023904,-0.9482071713147411,-0.10756972111553785,-0.4581673306772908,-0.099601593625498,-0.6215139442231076,-0.08366533864541832,-0.7290836653386454,-0.06772908366533864,-0.8286852589641435
0.0,0.0,0.14457831325301204,-0.10441767068273092,0.24096385542168675,-0.26907630522088355,0.13654618473895583,-0.3895582329317269,0.0,-0.39759036144578314,0.22088353413654618,-0.5100401606425703,0.28112449799196787,-0.7108433734939759,0.30120481927710846,-0.8313253012048193,0.3092369477911647,-0.9397590361445783,0.11646586345381527,-0.5381526104417671,0.17670682730923695,-0.751004016064257,0.20481927710843373,-0.8875502008032129,0.2248995983935743,-1.0,0.024096385542168676,-0.5220883534136547,0.060240963855421686,-0.7228915662650602,0.09236947791164658,-0.8514056224899599,0.12048192771084337,-0.9558232931726908,-0.07630522088353414,-0.4738955823293173,-0.05622489959839357,-0.6385542168674698,-0.0321285140562249,-0.7429718875502008,-0.008032128514056224,-0.8393574297188755
0.0,0.0,0.12941176470588237,-0.10980392156862745,0.20392156862745098,-0.2823529411764706,0.08627450980392157,-0.38823529411764707,-0.047058823529411764,-0.396078431372549,0.17254901960784313,-0.5176470588235295,0.2,-0.7176470588235294,0.20784313725490197,-0.8392156862745098,0.20784313725490197,-0.9490196078431372,0.06274509803921569,-0.5411764705882353,0.09411764705882353,-0.7529411764705882,0.10980392156862745,-0.8901960784313725,0.12156862745098039,-1.0,-0.027450980392156862,-0.5176470588235295,-0.0196078431372549,-0.7137254901960784,0.00392156862745098,-0.8392156862745098,0.023529411764705882,-0.9411764705882353,-0.11764705882352941,-0.4627450980392157,-0.11764705882352941,-0.6196078431372549,-0.10196078431372549,-0.7215686274509804,-0.08627450980392157,-0.8156862745098039
0.0,0.0,0.13229571984435798,-0.10505836575875487,0.19844357976653695,-0.2840466926070039,0.07392996108949416,-0.39299610894941633,-0.058365758754863814,-0.3968871595330739,0.1556420233463035,-0.5252918287937743,0.1828793774319066,-0.7276264591439688,0.19066147859922178,-0.8482490272373541,0.19455252918287938,-0.953307392996109,0.05058365758754864,-0.5408560311284046,0.07392996108949416,-0.7587548638132295,0.08949416342412451,-0.8910505836575876,0.10116731517509728,-1.0,-0.042801556420233464,-0.5175097276264592,-0.038910505836575876,-0.7120622568093385,-0.019455252918287938,-0.8404669260700389,-0.0038910505836575876,-0.9377431906614786,-0.13229571984435798,-0.45525291828793774,-0.13618677042801555,-0.6147859922178989,-0.1245136186770428,-0.7159533073929961,-0.10894941634241245,-0.8093385214007782
0.0,0.0,0.11969111969111969,-0.11583011583011583,0.16602316602316602,-0.2857142857142857,0.03474903474903475,-0.3745173745173745,-0.0888030888030888,-0.3745173745173745,0.10810810810810811,-0.5173745173745173,0.11196911196911197,-0.7181467181467182,0.11583011583011583,-0.8416988416988417,0.11196911196911197,-0.9459459459459459,-0.003861003861003861,-0.528957528957529,0.0,-0.7451737451737451,0.0,-0.8841698841698842,0.003861003861003861,-1.0,-0.0888030888030888,-0.4980694980694981,-0.10810810810810811,-0.6911196911196911,-0.10038610038610038,-0.8185328185328186,-0.09266409266409266,-0.9266409266409267,-0.16988416988416988,-0.42857142857142855,-0.19305019305019305,-0.583011583011583,-0.19305019305019305,-0.6872586872586872,-0.1891891891891892,-0.7837837837837838
0.0,0.0,0.11196911196911197,-0.12355212355212356,0.15057915057915058,-0.2972972972972973,0.011583011583011582,-0.37065637065637064,-0.11196911196911197,-0.3667953667953668,0.07722007722007722,-0.525096525096525,0.07335907335907337,-0.7297297297297297,0.0694980694980695,-0.8532818532818532,0.05791505791505792,-0.9575289575289575,-0.03474903474903475,-0.528957528957529,-0.04247104247104247,-0.749034749034749,-0.04633204633204633,-0.888030888030888,-0.05019305019305019,-1.0,-0.11969111969111969,-0.4942084942084942,-0.14671814671814673,-0.6872586872586872,-0.15057915057915058,-0.8223938223938224,-0.15057915057915058,-0.9266409266409267,-0.1969111969111969,-0.42084942084942084,-0.23166023166023167,-0.5752895752895753,-0.23938223938223938,-0.6833976833976834,-0.24324324324324326,-0.7799227799227799
0.0,0.0,0.11583011583011583,-0.12355212355212356,0.15057915057915058,-0.305019305019305,0.007722007722007722,-0.38223938223938225,-0.11969111969111969,-0.37065637065637064,0.06563706563706563,-0.5328185328185329,0.05019305019305019,-0.7374517374517374,0.03861003861003861,-0.8571428571428571,0.023166023166023165,-0.9613899613899614,-0.04633204633204633,-0.5328185328185329,-0.06563706563706563,-0.752895752895753,-0.07722007722007722,-0.8918918918918919,-0.0888030888030888,-1.0,-0.13127413127413126,-0.4980694980694981,-0.16602316602316602,-0.6911196911196911,-0.17374517374517376,-0.8185328185328186,-0.18146718146718147,-0.9227799227799228,-0.2084942084942085,-0.4247104247104247,-0.24324324324324326,-0.583011583011583,-0.25868725868725867,-0.6833976833976834,-0.26640926640926643,-0.7799227799227799
0.0,0.0,0.12359550561797752,-0.12359550561797752,0.18352059925093633,-0.299625468164794,0.0449438202247191,-0.39325842696629215,-0.08239700374531835,-0.37453183520599254,0.11610486891385768,-0.5280898876404494,0.1198501872659176,-0.7265917602996255,0.11235955056179775,-0.846441947565543,0.09737827715355805,-0.951310861423221,0.003745318352059925,-0.5393258426966292,0.00749063670411985,-0.7528089887640449,0.00749063670411985,-0.8876404494382022,0.003745318352059925,-1.0,-0.08239700374531835,-0.5093632958801498,-0.10112359550561797,-0.700374531835206,-0.09737827715355805,-0.8314606741573034,-0.09363295880149813,-0.9363295880149812,-0.16853932584269662,-0.4419475655430712,-0.19101123595505617,-0.602996254681648,-0.1947565543071161,-0.7078651685393258,-0.19850187265917604,-0.8014981273408239
0.0,0.0,0.13157894736842105,-0.11278195488721804,0.19548872180451127,-0.2857142857142857,0.06015037593984962,-0.37969924812030076,-0.07142857142857142,-0.37969924812030076,0.14285714285714285,-0.5225563909774437,0.15037593984962405,-0.7218045112781954,0.14661654135338345,-0.8421052631578947,0.13533834586466165,-0.943609022556391,0.03007518796992481,-0.5413533834586466,0.03759398496240601,-0.7556390977443609,0.041353383458646614,-0.8909774436090225,0.041353383458646614,-1.0,-0.06390977443609022,-0.5112781954887218,-0.07142857142857142,-0.706766917293233,-0.06015037593984962,-0.8345864661654135,-0.05263157894736842,-0.9360902255639098,-0.15037593984962405,-0.4473684210526316,-0.16541353383458646,-0.6015037593984962,-0.16165413533834586,-0.7030075187969925,-0.15789473684210525,-0.793233082706767
0.0,0.0,0.1169811320754717,-0.1169811320754717,0.15471698113207547,-0.2943396226415094,0.011320754716981131,-0.36981132075471695,-0.1169811320754717,-0.3622641509433962,0.06037735849056604,-0.5320754716981132,0.04150943396226415,-0.7358490566037735,0.022641509433962263,-0.8566037735849057,0.0037735849056603774,-0.9622641509433962,-0.052830188679245285,-0.5320754716981132,-0.07169811320754717,-0.7509433962264151,-0.0830188679245283,-0.8867924528301887,-0.09433962264150944,-1.0,-0.13584905660377358,-0.49433962264150944,-0.16981132075471697,-0.6830188679245283,-0.17735849056603772,-0.8150943396226416,-0.18490566037735848,-0.9207547169811321,-0.21132075471698114,-0.41509433962264153,-0.24150943396226415,-0.569811320754717,-0.2490566037735849,-0.6716981132075471,-0.25660377358490566,-0.7660377358490567
0.0,0.0,0.12359550561797752,-0.1198501872659176,0.15730337078651685,-0.299625468164794,0.0,-0.36704119850187267,-0.13857677902621723,-0.3595505617977528,0.0599250936329588,-0.5355805243445693,0.0299625468164794,-0.7378277153558053,0.00749063670411985,-0.8614232209737828,-0.018726591760299626,-0.9662921348314607,-0.056179775280898875,-0.5355805243445693,-0.08239700374531835,-0.7528089887640449,-0.10486891385767791,-0.8876404494382022,-0.1198501872659176,-1.0,-0.14232209737827714,-0.49812734082397003,-0.1797752808988764,-0.6891385767790262,-0.19101123595505617,-0.8164794007490637,-0.20224719101123595,-0.9250936329588015,-0.21722846441947566,-0.41947565543071164,-0.2546816479400749,-0.5692883895131086,-0.2696629213483146,-0.6666666666666666,-0.27715355805243447,-0.7565543071161048
0.0,0.0,0.11524163568773234,-0.11895910780669144,0.15613382899628253,-0.2899628252788104,0.01858736059479554,-0.37174721189591076,-0.11152416356877323,-0.37174721189591076,0.07806691449814127,-0.5315985130111525,0.06691449814126393,-0.7360594795539034,0.05204460966542751,-0.8587360594795539,0.03345724907063197,-0.9628252788104089,-0.02973977695167286,-0.5353159851301115,-0.04460966542750929,-0.7509293680297398,-0.05947955390334572,-0.8847583643122676,-0.07063197026022305,-1.0,-0.11895910780669144,-0.49814126394052044,-0.14869888475836432,-0.6914498141263941,-0.15613382899628253,-0.8215613382899628,-0.16356877323420074,-0.929368029739777,-0.1970260223048327,-0.4200743494423792,-0.23048327137546468,-0.5650557620817844,-0.2379182156133829,-0.6654275092936803,-0.24535315985130113,-0.7620817843866171
0.0,0.0,0.11742424242424243,-0.10227272727272728,0.1590909090909091,-0.2727272727272727,0.03409090909090909,-0.35984848484848486,-0.0946969696969697,-0.3712121212121212,0.09848484848484848,-0.5265151515151515,0.09090909090909091,-0.7310606060606061,0.08333333333333333,-0.8522727272727273,0.07196969696969698,-0.9621212121212122,-0.015151515151515152,-0.5378787878787878,-0.022727272727272728,-0.7537878787878788,-0.022727272727272728,-0.8863636363636364,-0.022727272727272728,-1.0,-0.10227272727272728,-0.5,-0.12121212121212122,-0.696969696969697,-0.12121212121212122,-0.8295454545454546,-0.11363636363636363,-0.9356060606060606,-0.18181818181818182,-0.42803030303030304,-0.21212121212121213,-0.5833333333333334,-0.2159090909090909,-0.6856060606060606,-0.2159090909090909,-0.7803030303030303
0.0,0.0,0.12167300380228137,-0.09505703422053231,0.16730038022813687,-0.2585551330798479,0.049429657794676805,-0.34980988593155893,-0.07604562737642585,-0.3726235741444867,0.11026615969581749,-0.5133079847908745,0.11026615969581749,-0.7224334600760456,0.10646387832699619,-0.8479087452471483,0.10266159695817491,-0.9581749049429658,0.0,-0.5285171102661597,-0.0038022813688212928,-0.7490494296577946,0.0,-0.8859315589353612,0.0038022813688212928,-1.0,-0.09125475285171103,-0.49429657794676807,-0.10646387832699619,-0.6958174904942965,-0.10266159695817491,-0.8250950570342205,-0.09125475285171103,-0.935361216730038,-0.17490494296577946,-0.42585551330798477,-0.19771863117870722,-0.5779467680608364,-0.20152091254752852,-0.6806083650190115,-0.19771863117870722,-0.7756653992395437
0.0,0.0,0.12406015037593984,-0.09398496240601503,0.17293233082706766,-0.2556390977443609,0.05263157894736842,-0.3533834586466165,-0.07518796992481203,-0.37593984962406013,0.12406015037593984,-0.5112781954887218,0.13909774436090225,-0.7218045112781954,0.14285714285714285,-0.8533834586466166,0.13909774436090225,-0.9586466165413534,0.007518796992481203,-0.5300751879699248,0.015037593984962405,-0.7481203007518797,0.018796992481203006,-0.8872180451127819,0.022556390977443608,-1.0,-0.08646616541353383,-0.5,-0.09774436090225563,-0.6954887218045113,-0.08646616541353383,-0.8270676691729323,-0.07518796992481203,-0.9323308270676691,-0.17293233082706766,-0.4323308270676692,-0.19924812030075187,-0.5864661654135338,-0.20300751879699247,-0.6879699248120301,-0.20300751879699247,-0.7819548872180451
0.0,0.0,0.12878787878787878,-0.10227272727272728,0.1856060606060606,-0.2689393939393939,0.056818181818181816,-0.36363636363636365,-0.07196969696969698,-0.375,0.13636363636363635,-0.5113636363636364,0.1553030303030303,-0.7196969696969697,0.16287878787878787,-0.8484848484848485,0.16287878787878787,-0.9583333333333334,0.01893939393939394,-0.5303030303030303,0.026515151515151516,-0.7462121212121212,0.03409090909090909,-0.8863636363636364,0.041666666666666664,-1.0,-0.07575757575757576,-0.5037878787878788,-0.09090909090909091,-0.7007575757575758,-0.07954545454545454,-0.8333333333333334,-0.06818181818181818,-0.9431818181818182,-0.16287878787878787,-0.4356060606060606,-0.19318181818181818,-0.5833333333333334,-0.20075757575757575,-0.6856060606060606,-0.20075757575757575,-0.7803030303030303
0.0,0.0,0.13307984790874525,-0.10266159695817491,0.19391634980988592,-0.26996197718631176,0.06844106463878327,-0.3688212927756654,-0.060836501901140684,-0.38022813688212925,0.14068441064638784,-0.5133079847908745,0.155893536121673,-0.7186311787072244,0.1596958174904943,-0.844106463878327,0.1596958174904943,-0.9505703422053232,0.022813688212927757,-0.5361216730038023,0.03802281368821293,-0.7490494296577946,0.045627376425855515,-0.8859315589353612,0.053231939163498096,-1.0,-0.06844106463878327,-0.5095057034220533,-0.07604562737642585,-0.7034220532319392,-0.06463878326996197,-0.8326996197718631,-0.053231939163498096,-0.9391634980988594,-0.155893536121673,-0.44106463878326996,-0.17870722433460076,-0.5893536121673004,-0.17490494296577946,-0.6920152091254753,-0.17110266159695817,-0.779467680608365
0.0,0.0,0.13358778625954199,-0.10305343511450382,0.19083969465648856,-0.2748091603053435,0.061068702290076333,-0.3702290076335878,-0.07251908396946564,-0.37404580152671757,0.1297709923664122,-0.5152671755725191,0.14122137404580154,-0.7213740458015268,0.1450381679389313,-0.8473282442748091,0.14122137404580154,-0.9580152671755725,0.011450381679389313,-0.5343511450381679,0.022900763358778626,-0.7480916030534351,0.026717557251908396,-0.8854961832061069,0.030534351145038167,-1.0,-0.08015267175572519,-0.5038167938931297,-0.08778625954198473,-0.6984732824427481,-0.08015267175572519,-0.8282442748091603,-0.07251908396946564,-0.9351145038167938,-0.16412213740458015,-0.4389312977099237,-0.183206106870229,-0.583969465648855,-0.183206106870229,-0.6870229007633588,-0.17938931297709923,-0.7786259541984732
0.0,0.0,0.13688212927756654,-0.09885931558935361,0.20912547528517111,-0.2737642585551331,0.09125475285171103,-0.38783269961977185,-0.03802281368821293,-0.39923954372623577,0.17110266159695817,-0.5133079847908745,0.20152091254752852,-0.7110266159695817,0.21292775665399238,-0.8288973384030418,0.21673003802281368,-0.935361216730038,0.06463878326996197,-0.5399239543726235,0.09125475285171103,-0.752851711026616,0.11026615969581749,-0.8859315589353612,0.12547528517110265,-1.0,-0.026615969581749048,-0.5171102661596958,-0.019011406844106463,-0.7110266159695817,0.0038022813688212928,-0.8403041825095057,0.026615969581749048,-0.9429657794676806,-0.11787072243346007,-0.4524714828897338,-0.11787072243346007,-0.6083650190114068,-0.10646387832699619,-0.714828897338403,-0.09125475285171103,-0.8098859315589354
0.0,0.0,0.17063492063492064,-0.07936507936507936,0.2896825396825397,-0.24206349206349206,0.18253968253968253,-0.38095238095238093,0.047619047619047616,-0.4166666666666667,0.2896825396825397,-0.49603174603174605,0.35714285714285715,-0.6904761904761905,0.39285714285714285,-0.8174603174603174,0.4126984126984127,-0.9285714285714286,0.18253968253968253,-0.5396825396825397,0.25396825396825395,-0.75,0.30158730158730157,-0.8849206349206349,0.3373015873015873,-1.0,0.08333333333333333,-0.5317460317460317,0.1349206349206349,-0.7261904761904762,0.18253968253968253,-0.8531746031746031,0.21825396825396826,-0.9603174603174603,-0.01984126984126984,-0.4880952380952381,0.011904761904761904,-0.6428571428571429,0.04365079365079365,-0.746031746031746,0.07142857142857142,-0.8412698412698413
0.0,0.0,0.164,-0.076,0.28,-0.236,0.176,-0.372,0.044,-0.412,0.28,-0.492,0.348,-0.692,0.384,-0.816,0.404,-0.928,0.172,-0.536,0.248,-0.748,0.292,-0.884,0.328,-1.0,0.072,-0.528,0.124,-0.724,0.172,-0.852,0.212,-0.96,-0.036,-0.488,-0.004,-0.644,0.028,-0.748,0.06,-0.844
0.0,0.0,0.1626984126984127,-0.07936507936507936,0.2777777777777778,-0.23809523809523808,0.1746031746031746,-0.376984126984127,0.03968253968253968,-0.4126984126984127,0.2777777777777778,-0.49206349206349204,0.3492063492063492,-0.6865079365079365,0.38492063492063494,-0.8134920634920635,0.40476190476190477,-0.9246031746031746,0.17063492063492064,-0.5396825396825397,0.24603174603174602,-0.746031746031746,0.2896825396825397,-0.8849206349206349,0.32936507936507936,-1.0,0.07142857142857142,-0.5317460317460317,0.12301587301587301,-0.7261904761904762,0.1746031746031746,-0.8531746031746031,0.21428571428571427,-0.9603174603174603,-0.03571428571428571,-0.4880952380952381,0.0,-0.6428571428571429,0.031746031746031744,-0.75,0.06746031746031746,-0.8412698412698413
0.0,0.0,0.15503875968992248,-0.08914728682170543,0.2441860465116279,-0.25193798449612403,0.12015503875968993,-0.3682170542635659,-0.015503875968992248,-0.3875968992248062,0.2131782945736434,-0.49612403100775193,0.25193798449612403,-0.6937984496124031,0.26744186046511625,-0.8178294573643411,0.2751937984496124,-0.9302325581395349,0.10077519379844961,-0.5310077519379846,0.1434108527131783,-0.7441860465116279,0.17054263565891473,-0.8837209302325582,0.18992248062015504,-1.0,0.007751937984496124,-0.5155038759689923,0.027131782945736434,-0.7093023255813954,0.05813953488372093,-0.8410852713178295,0.08139534883720931,-0.9457364341085271,-0.08914728682170543,-0.46511627906976744,-0.08139534883720931,-0.6162790697674418,-0.06589147286821706,-0.7209302325581395,-0.050387596899224806,-0.810077519379845
0.0,0.0,0.13846153846153847,-0.09615384615384616,0.20384615384615384,-0.26153846153846155,0.06923076923076923,-0.3576923076923077,-0.057692307692307696,-0.3730769230769231,0.1576923076923077,-0.5038461538461538,0.17307692307692307,-0.7038461538461539,0.17692307692307693,-0.8269230769230769,0.17692307692307693,-0.9384615384615385,0.04230769230769231,-0.5269230769230769,0.06153846153846154,-0.7384615384615385,0.06923076923076923,-0.8807692307692307,0.08076923076923077,-1.0,-0.05384615384615385,-0.5038461538461538,-0.05,-0.6961538461538461,-0.038461538461538464,-0.823076923076923,-0.023076923076923078,-0.9307692307692308,-0.13846153846153847,-0.4423076923076923,-0.15,-0.5884615384615385,-0.1423076923076923,-0.6884615384615385,-0.13076923076923078,-0.7769230769230769
0.0,0.0,0.12403100775193798,-0.10852713178294573,0.1744186046511628,-0.27906976744186046,0.04263565891472868,-0.3643410852713178,-0.08914728682170543,-0.3682170542635659,0.09302325581395349,-0.5232558139534884,0.08527131782945736,-0.7248062015503876,0.07364341085271318,-0.8449612403100775,0.06201550387596899,-0.9534883720930233,-0.01937984496124031,-0.5348837209302325,-0.031007751937984496,-0.7441860465116279,-0.03875968992248062,-0.8875968992248062,-0.04263565891472868,-1.0,-0.10852713178294573,-0.5,-0.13565891472868216,-0.689922480620155,-0.13953488372093023,-0.8217054263565892,-0.13953488372093023,-0.9263565891472868,-0.18992248062015504,-0.42248062015503873,-0.22093023255813954,-0.5736434108527132,-0.2248062015503876,-0.6744186046511628,-0.2248062015503876,-0.7635658914728682
0.0,0.0,0.10810810810810811,-0.12355212355212356,0.14671814671814673,-0.2972972972972973,0.011583011583011582,-0.3861003861003861,-0.11583011583011583,-0.3783783783783784,0.04247104247104247,-0.5366795366795367,0.011583011583011582,-0.7413127413127413,-0.015444015444015444,-0.8648648648648649,-0.04247104247104247,-0.972972972972973,-0.07335907335907337,-0.5366795366795367,-0.10810810810810811,-0.749034749034749,-0.13127413127413126,-0.8841698841698842,-0.15057915057915058,-1.0,-0.1583011583011583,-0.49034749034749037,-0.20463320463320464,-0.6795366795366795,-0.21621621621621623,-0.806949806949807,-0.2277992277992278,-0.915057915057915,-0.2277992277992278,-0.40540540540540543,-0.27413127413127414,-0.555984555984556,-0.28957528957528955,-0.6602316602316602,-0.2972972972972973,-0.749034749034749
0.0,0.0,0.12547528517110265,-0.11406844106463879,0.18250950570342206,-0.2813688212927757,0.057034220532319393,-0.3650190114068441,-0.06844106463878327,-0.3574144486692015,0.08745247148288973,-0.5247148288973384,0.07604562737642585,-0.7224334600760456,0.057034220532319393,-0.844106463878327,0.03802281368821293,-0.9581749049429658,-0.026615969581749048,-0.5285171102661597,-0.04182509505703422,-0.7414448669201521,-0.057034220532319393,-0.8821292775665399,-0.06844106463878327,-1.0,-0.11787072243346007,-0.4866920152091255,-0.1444866920152091,-0.6806083650190115,-0.155893536121673,-0.8136882129277566,-0.1596958174904943,-0.9239543726235742,-0.19391634980988592,-0.41064638783269963,-0.22813688212927757,-0.5551330798479087,-0.23574144486692014,-0.6577946768060836,-0.23954372623574144,-0.752851711026616
0.0,0.0,0.13257575757575757,-0.10984848484848485,0.19696969696969696,-0.26515151515151514,0.06439393939393939,-0.3371212121212121,-0.06439393939393939,-0.32196969696969696,0.10984848484848485,-0.5037878787878788,0.10606060606060606,-0.7007575757575758,0.0946969696969697,-0.8295454545454546,0.07954545454545454,-0.9431818181818182,-0.007575757575757576,-0.5113636363636364,-0.007575757575757576,-0.7272727272727273,-0.015151515151515152,-0.875,-0.022727272727272728,-1.0,-0.09848484848484848,-0.4734848484848485,-0.11742424242424243,-0.6666666666666666,-0.12121212121212122,-0.803030303030303,-0.12121212121212122,-0.9166666666666666,-0.1856060606060606,-0.3939393939393939,-0.20833333333333334,-0.5416666666666666,-0.20833333333333334,-0.6477272727272727,-0.20454545454545456,-0.7424242424242424
0.0,0.0,0.13953488372093023,-0.10465116279069768,0.2131782945736434,-0.2558139534883721,0.08139534883720931,-0.3333333333333333,-0.046511627906976744,-0.32170542635658916,0.12403100775193798,-0.49612403100775193,0.12790697674418605,-0.689922480620155,0.12015503875968993,-0.8217054263565892,0.10852713178294573,-0.937984496124031,0.007751937984496124,-0.5077519379844961,0.007751937984496124,-0.7209302325581395,0.007751937984496124,-0.872093023255814,0.003875968992248062,-1.0,-0.08914728682170543,-0.4689922480620155,-0.10465116279069768,-0.6666666666666666,-0.10465116279069768,-0.8023255813953488,-0.10077519379844961,-0.9186046511627907,-0.17829457364341086,-0.3953488372093023,-0.1937984496124031,-0.5465116279069767,-0.18992248062015504,-0.6472868217054264,-0.1821705426356589,-0.748062015503876
0.0,0.0,0.14979757085020243,-0.09716599190283401,0.24696356275303644,-0.23076923076923078,0.13360323886639677,-0.3076923076923077,0.0,-0.29959514170040485,0.1700404858299595,-0.4777327935222672,0.1902834008097166,-0.6761133603238867,0.19838056680161945,-0.805668016194332,0.19838056680161945,-0.9271255060728745,0.05263157894736842,-0.4939271255060729,0.06882591093117409,-0.7165991902834008,0.07692307692307693,-0.8663967611336032,0.08906882591093117,-1.0,-0.048582995951417005,-0.46153846153846156,-0.05263157894736842,-0.6639676113360324,-0.04048582995951417,-0.8016194331983806,-0.024291497975708502,-0.9230769230769231,-0.14979757085020243,-0.3967611336032389,-0.16194331983805668,-0.5506072874493927,-0.15384615384615385,-0.6558704453441295,-0.13765182186234817,-0.7530364372469636
0.0,0.0,0.15702479338842976,-0.08677685950413223,0.24793388429752067,-0.2231404958677686,0.11570247933884298,-0.2975206611570248,-0.02066115702479339,-0.2892561983471074,0.17768595041322313,-0.47107438016528924,0.19834710743801653,-0.6694214876033058,0.2066115702479339,-0.8057851239669421,0.2066115702479339,-0.9256198347107438,0.05371900826446281,-0.48760330578512395,0.07024793388429752,-0.7107438016528925,0.07851239669421488,-0.8636363636363636,0.08677685950413223,-1.0,-0.05371900826446281,-0.45867768595041325,-0.05371900826446281,-0.6570247933884298,-0.04132231404958678,-0.7933884297520661,-0.028925619834710745,-0.9173553719008265,-0.15289256198347106,-0.3884297520661157,-0.1652892561983471,-0.5413223140495868,-0.15289256198347106,-0.6446280991735537,-0.14049586776859505,-0.743801652892562
0.0,0.0,0.1625,-0.0875,0.26666666666666666,-0.21666666666666667,0.15833333333333333,-0.3,0.016666666666666666,-0.3,0.2125,-0.4625,0.25,-0.6625,0.2625,-0.7958333333333333,0.275,-0.9166666666666666,0.09166666666666666,-0.49166666666666664,0.125,-0.7125,0.14583333333333334,-0.8625,0.15833333333333333,-1.0,-0.016666666666666666,-0.4666666666666667,-0.004166666666666667,-0.6666666666666666,0.0125,-0.8041666666666667,0.03333333333333333,-0.9208333333333333,-0.12916666666666668,-0.4041666666666667,-0.12916666666666668,-0.5583333333333333,-0.1125,-0.6625,-0.09583333333333334,-0.7625
0.0,0.0,0.15677966101694915,-0.0847457627118644,0.2627118644067797,-0.211864406779661,0.16101694915254236,-0.3008474576271186,0.025423728813559324,-0.3008474576271186,0.19915254237288135,-0.4745762711864407,0.2245762711864407,-0.673728813559322,0.2330508474576271,-0.8050847457627118,0.23728813559322035,-0.9322033898305084,0.07203389830508475,-0.4957627118644068,0.09745762711864407,-0.711864406779661,0.11016949152542373,-0.864406779661017,0.11864406779661017,-1.0,-0.03389830508474576,-0.461864406779661,-0.029661016949152543,-0.6652542372881356,-0.01694915254237288,-0.8008474576271186,-0.00423728813559322,-0.923728813559322,-0.1440677966101695,-0.3983050847457627,-0.1483050847457627,-0.5550847457627118,-0.13559322033898305,-0.6610169491525424,-0.11440677966101695,-0.7627118644067796
0.0,0.0,0.1417624521072797,-0.10344827586206896,0.22988505747126436,-0.26436781609195403,0.12260536398467432,-0.36398467432950193,-0.0038314176245210726,-0.36398467432950193,0.14942528735632185,-0.5019157088122606,0.16475095785440613,-0.7049808429118773,0.16475095785440613,-0.8314176245210728,0.15708812260536398,-0.9425287356321839,0.038314176245210725,-0.5134099616858238,0.05363984674329502,-0.735632183908046,0.06130268199233716,-0.8812260536398467,0.06130268199233716,-1.0,-0.05747126436781609,-0.4827586206896552,-0.06130268199233716,-0.6819923371647509,-0.04597701149425287,-0.8160919540229885,-0.038314176245210725,-0.9233716475095786,-0.14942528735632185,-0.41379310344827586,-0.16091954022988506,-0.5670498084291188,-0.1532567049808429,-0.6704980842911877,-0.14559386973180077,-0.7662835249042146
0.0,0.0,0.1423076923076923,-0.13846153846153847,0.2076923076923077,-0.33076923076923076,0.11538461538461539,-0.47307692307692306,-0.007692307692307693,-0.49615384615384617,0.12307692307692308,-0.5576923076923077,0.12307692307692308,-0.7576923076923077,0.11153846153846154,-0.8692307692307693,0.1,-0.9615384615384616,0.011538461538461539,-0.5615384615384615,0.019230769230769232,-0.7730769230769231,0.019230769230769232,-0.8961538461538462,0.015384615384615385,-1.0,-0.07692307692307693,-0.5269230769230769,-0.08846153846153847,-0.7230769230769231,-0.08076923076923077,-0.8346153846153846,-0.08076923076923077,-0.926923076923077,-0.16538461538461538,-0.45384615384615384,-0.18076923076923077,-0.6153846153846154,-0.17692307692307693,-0.7153846153846154,-0.16923076923076924,-0.8038461538461539
0.0,0.0,0.15748031496062992,-0.12992125984251968,0.21653543307086615,-0.3543307086614173,0.1220472440944882,-0.5,-0.007874015748031496,-0.5275590551181102,0.12992125984251968,-0.562992125984252,0.12598425196850394,-0.7598425196850394,0.11023622047244094,-0.8700787401574803,0.09448818897637795,-0.9566929133858267,0.01968503937007874,-0.5669291338582677,0.023622047244094488,-0.7795275590551181,0.023622047244094488,-0.9015748031496063,0.015748031496062992,-1.0,-0.07086614173228346,-0.5354330708661418,-0.08267716535433071,-0.7322834645669292,-0.07874015748031496,-0.8464566929133859,-0.07480314960629922,-0.9330708661417323,-0.16535433070866143,-0.468503937007874,-0.18110236220472442,-0.6259842519685039,-0.1732283464566929,-0.7283464566929134,-0.16535433070866143,-0.8188976377952756
0.0,0.0,0.145748987854251,-0.13765182186234817,0.19838056680161945,-0.3643724696356275,0.09716599190283401,-0.5060728744939271,-0.02834008097165992,-0.5303643724696356,0.0931174089068826,-0.5748987854251012,0.0728744939271255,-0.7692307692307693,0.048582995951417005,-0.8785425101214575,0.024291497975708502,-0.9676113360323887,-0.020242914979757085,-0.5748987854251012,-0.032388663967611336,-0.7813765182186235,-0.04048582995951417,-0.9068825910931174,-0.05263157894736842,-1.0,-0.11336032388663968,-0.5344129554655871,-0.13765182186234817,-0.7327935222672065,-0.13765182186234817,-0.8461538461538461,-0.13765182186234817,-0.9352226720647774,-0.20647773279352227,-0.46558704453441296,-0.23076923076923078,-0.6234817813765182,-0.23076923076923078,-0.7206477732793523,-0.22672064777327935,-0.805668016194332
0.0,0.0,0.12903225806451613,-0.1532258064516129,0.16129032258064516,-0.3790322580645161,0.05241935483870968,-0.5120967741935484,-0.08064516129032258,-0.5201612903225806,0.012096774193548387,-0.592741935483871,-0.036290322580645164,-0.7862903225806451,-0.07661290322580645,-0.8911290322580645,-0.11693548387096774,-0.9798387096774194,-0.10080645161290322,-0.5766129032258065,-0.14919354838709678,-0.7862903225806451,-0.1774193548387097,-0.907258064516129,-0.2056451612903226,-1.0,-0.18951612903225806,-0.5241935483870968,-0.24193548387096775,-0.7137096774193549,-0.2620967741935484,-0.8346774193548387,-0.2782258064516129,-0.9233870967741935,-0.2701612903225806,-0.43548387096774194,-0.3225806451612903,-0.592741935483871,-0.3387096774193548,-0.6935483870967742,-0.3467741935483871,-0.782258064516129
0.0,0.0,0.12295081967213115,-0.1598360655737705,0.15163934426229508,-0.38524590163934425,0.045081967213114756,-0.5163934426229508,-0.09016393442622951,-0.5245901639344263,-0.004098360655737705,-0.5860655737704918,-0.05737704918032787,-0.7827868852459017,-0.10245901639344263,-0.889344262295082,-0.14344262295081966,-0.9713114754098361,-0.11885245901639344,-0.569672131147541,-0.1721311475409836,-0.7827868852459017,-0.20901639344262296,-0.9057377049180327,-0.24180327868852458,-1.0,-0.20901639344262296,-0.5122950819672131,-0.26639344262295084,-0.7090163934426229,-0.29098360655737704,-0.8237704918032787,-0.3114754098360656,-0.9098360655737705,-0.29098360655737704,-0.4262295081967213,-0.3524590163934426,-0.5819672131147541,-0.36885245901639346,-0.680327868852459,-0.38114754098360654,-0.7663934426229508
0.0,0.0,0.16317991631799164,-0.15481171548117154,0.19665271966527198,-0.401673640167364,0.0794979079497908,-0.5481171548117155,-0.058577405857740586,-0.5523012552301255,0.06694560669456066,-0.5983263598326359,0.02510460251046025,-0.7907949790794979,-0.008368200836820083,-0.895397489539749,-0.04184100418410042,-0.9790794979079498,-0.05439330543933055,-0.5899581589958159,-0.08786610878661087,-0.7949790794979079,-0.10460251046025104,-0.9121338912133892,-0.12133891213389121,-1.0,-0.1506276150627615,-0.5481171548117155,-0.18410041841004185,-0.7405857740585774,-0.19246861924686193,-0.8535564853556485,-0.20502092050209206,-0.9414225941422594,-0.24267782426778242,-0.47280334728033474,-0.2803347280334728,-0.6317991631799164,-0.28451882845188287,-0.7280334728033473,-0.28451882845188287,-0.8117154811715481
0.0,0.0,0.1568627450980392,-0.12549019607843137,0.22745098039215686,-0.33725490196078434,0.12941176470588237,-0.4823529411764706,0.0,-0.5058823529411764,0.13725490196078433,-0.5490196078431373,0.1411764705882353,-0.7490196078431373,0.13333333333333333,-0.8588235294117647,0.11764705882352941,-0.9568627450980393,0.027450980392156862,-0.5568627450980392,0.0392156862745098,-0.7764705882352941,0.043137254901960784,-0.9019607843137255,0.047058823529411764,-1.0,-0.06666666666666667,-0.5294117647058824,-0.07058823529411765,-0.7294117647058823,-0.054901960784313725,-0.8470588235294118,-0.043137254901960784,-0.9372549019607843,-0.16470588235294117,-0.4745098039215686,-0.17254901960784313,-0.6431372549019608,-0.16470588235294117,-0.7411764705882353,-0.15294117647058825,-0.8313725490196079
0.0,0.0,0.1732283464566929,-0.11023622047244094,0.2874015748031496,-0.2677165354330709,0.2283464566929134,-0.42913385826771655,0.1062992125984252,-0.48031496062992124,0.25984251968503935,-0.5078740157480315,0.31496062992125984,-0.7125984251968503,0.3346456692913386,-0.8307086614173228,0.3464566929133858,-0.937007874015748,0.15748031496062992,-0.5433070866141733,0.2204724409448819,-0.7598425196850394,0.2559055118110236,-0.8937007874015748,0.2795275590551181,-1.0,0.05511811023622047,-0.5354330708661418,0.0984251968503937,-0.7362204724409449,0.1377952755905512,-0.8582677165354331,0.16535433070866143,-0.9566929133858267,-0.051181102362204724,-0.4881889763779528,-0.027559055118110236,-0.6535433070866141,0.0,-0.7559055118110236,0.01968503937007874,-0.8464566929133859
0.0,0.0,0.14919354838709678,-0.0967741935483871,0.25,-0.2701612903225806,0.14516129032258066,-0.39919354838709675,0.008064516129032258,-0.4153225806451613,0.24193548387096775,-0.4959677419354839,0.3467741935483871,-0.6854838709677419,0.39919354838709675,-0.8064516129032258,0.43951612903225806,-0.9032258064516129,0.12903225806451613,-0.532258064516129,0.1975806451612903,-0.7540322580645161,0.24193548387096775,-0.8911290322580645,0.2701612903225806,-1.0,0.016129032258064516,-0.5120967741935484,0.028225806451612902,-0.7298387096774194,0.05241935483870968,-0.8709677419354839,0.07258064516129033,-0.9838709677419355,-0.10080645161290322,-0.4475806451612903,-0.14112903225806453,-0.6088709677419355,-0.16129032258064516,-0.7258064516129032,-0.16532258064516128,-0.8387096774193549
0.0,0.0,0.14056224899598393,-0.09236947791164658,0.23293172690763053,-0.2570281124497992,0.13253012048192772,-0.37751004016064255,0.0,-0.39759036144578314,0.22088353413654618,-0.4939759036144578,0.30522088353413657,-0.6907630522088354,0.3453815261044177,-0.8112449799196787,0.37751004016064255,-0.9116465863453815,0.10441767068273092,-0.5301204819277109,0.1686746987951807,-0.751004016064257,0.20481927710843373,-0.891566265060241,0.2289156626506024,-1.0,-0.004016064257028112,-0.5100401606425703,0.008032128514056224,-0.7188755020080321,0.0321285140562249,-0.8634538152610441,0.05220883534136546,-0.9759036144578314,-0.11646586345381527,-0.44176706827309237,-0.1606425702811245,-0.6024096385542169,-0.18072289156626506,-0.7188755020080321,-0.18473895582329317,-0.8313253012048193
0.0,0.0,0.125,-0.10546875,0.1875,-0.28125,0.0625,-0.375,-0.0703125,-0.3671875,0.140625,-0.50390625,0.19921875,-0.70703125,0.2265625,-0.83203125,0.24609375,-0.93359375,0.01953125,-0.52734375,0.04296875,-0.74609375,0.0546875,-0.890625,0.0625,-1.0,-0.08203125,-0.49609375,-0.10546875,-0.6953125,-0.11328125,-0.8359375,-0.11328125,-0.953125,-0.17578125,-0.4140625,-0.23828125,-0.5546875,-0.2734375,-0.66015625,-0.296875,-0.76171875
0.0,0.0,0.12890625,-0.109375,0.18359375,-0.27734375,0.0546875,-0.36328125,-0.07421875,-0.36328125,0.1171875,-0.5078125,0.16796875,-0.7109375,0.19140625,-0.83984375,0.20703125,-0.94921875,-0.00390625,-0.52734375,0.0,-0.74609375,0.0078125,-0.890625,0.0078125,-1.0,-0.10546875,-0.48828125,-0.15625,-0.68359375,-0.1796875,-0.8203125,-0.1953125,-0.9375,-0.19140625,-0.3984375,-0.26953125,-0.53515625,-0.3203125,-0.6328125,-0.359375,-0.73046875
0.0,0.0,0.11284046692607004,-0.11673151750972763,0.15953307392996108,-0.2918287937743191,0.0311284046692607,-0.3735408560311284,-0.09727626459143969,-0.36964980544747084,0.08949416342412451,-0.5214007782101168,0.12062256809338522,-0.7276264591439688,0.13229571984435798,-0.8560311284046692,0.14007782101167315,-0.9610894941634242,-0.03501945525291829,-0.5330739299610895,-0.05058365758754864,-0.7509727626459144,-0.058365758754863814,-0.8910505836575876,-0.0622568093385214,-1.0,-0.13229571984435798,-0.48638132295719844,-0.20622568093385213,-0.6731517509727627,-0.24124513618677043,-0.8054474708171206,-0.26848249027237353,-0.9182879377431906,-0.2140077821011673,-0.39299610894941633,-0.29961089494163423,-0.5214007782101168,-0.3540856031128405,-0.6186770428015564,-0.40077821011673154,-0.7120622568093385
0.0,0.0,0.10894941634241245,-0.11284046692607004,0.13618677042801555,-0.2801556420233463,0.0038910505836575876,-0.35019455252918286,-0.12840466926070038,-0.33073929961089493,0.04669260700389105,-0.5175097276264592,0.0622568093385214,-0.7315175097276264,0.0622568093385214,-0.8638132295719845,0.058365758754863814,-0.9766536964980544,-0.08171206225680934,-0.5214007782101168,-0.10894941634241245,-0.7470817120622568,-0.12840466926070038,-0.8871595330739299,-0.14785992217898833,-1.0,-0.17898832684824903,-0.4669260700389105,-0.2607003891050584,-0.6536964980544747,-0.3035019455252918,-0.7859922178988327,-0.3346303501945525,-0.8988326848249028,-0.2490272373540856,-0.36964980544747084,-0.33852140077821014,-0.49416342412451364,-0.3968871595330739,-0.5836575875486382,-0.44357976653696496,-0.669260700389105
0.0,0.0,0.11372549019607843,-0.10980392156862745,0.14901960784313725,-0.27058823529411763,0.023529411764705882,-0.33725490196078434,-0.10980392156862745,-0.3333333333333333,0.043137254901960784,-0.5137254901960784,0.043137254901960784,-0.7254901960784313,0.03137254901960784,-0.8588235294117647,0.0196078431372549,-0.9725490196078431,-0.08627450980392157,-0.5137254901960784,-0.11372549019607843,-0.7411764705882353,-0.13333333333333333,-0.8823529411764706,-0.15294117647058825,-1.0,-0.1843137254901961,-0.4627450980392157,-0.27058823529411763,-0.6470588235294118,-0.3137254901960784,-0.7803921568627451,-0.34901960784313724,-0.9019607843137255,-0.2549019607843137,-0.36470588235294116,-0.34901960784313724,-0.48627450980392156,-0.40784313725490196,-0.5764705882352941,-0.4588235294117647,-0.6666666666666666
0.0,0.0,0.10894941634241245,-0.11673151750972763,0.13618677042801555,-0.2801556420233463,-0.0038910505836575876,-0.33852140077821014,-0.13618677042801555,-0.31906614785992216,0.027237354085603113,-0.5214007782101168,0.011673151750972763,-0.7315175097276264,0.0,-0.8599221789883269,-0.011673151750972763,-0.9766536964980544,-0.10116731517509728,-0.5175097276264592,-0.14396887159533073,-0.7392996108949417,-0.17120622568093385,-0.8793774319066148,-0.19844357976653695,-1.0,-0.19844357976653695,-0.46303501945525294,-0.29571984435797666,-0.642023346303502,-0.3463035019455253,-0.7704280155642024,-0.3852140077821012,-0.8832684824902723,-0.26459143968871596,-0.3657587548638132,-0.3657587548638132,-0.48638132295719844,-0.4280155642023346,-0.5719844357976653,-0.4785992217898833,-0.6575875486381323
0.0,0.0,0.11284046692607004,-0.11284046692607004,0.14007782101167315,-0.27626459143968873,0.0,-0.32684824902723736,-0.13229571984435798,-0.311284046692607,0.03501945525291829,-0.5097276264591439,0.03501945525291829,-0.7198443579766537,0.027237354085603113,-0.8521400778210116,0.01556420233463035,-0.9688715953307393,-0.0933852140077821,-0.5097276264591439,-0.11673151750972763,-0.7354085603112841,-0.13618677042801555,-0.8793774319066148,-0.15953307392996108,-1.0,-0.19066147859922178,-0.4591439688715953,-0.27626459143968873,-0.642023346303502,-0.32684824902723736,-0.77431906614786,-0.3657587548638132,-0.8910505836575876,-0.25680933852140075,-0.3657587548638132,-0.35797665369649806,-0.48638132295719844,-0.42023346303501946,-0.5719844357976653,-0.47470817120622566,-0.6614785992217899
0.0,0.0,0.11923076923076924,-0.10384615384615385,0.16153846153846155,-0.26153846153846155,0.03076923076923077,-0.3346153846153846,-0.1,-0.3269230769230769,0.08076923076923077,-0.5,0.09615384615384616,-0.7038461538461539,0.1,-0.8346153846153846,0.1,-0.9461538461538461,-0.04230769230769231,-0.5115384615384615,-0.05,-0.7307692307692307,-0.06153846153846154,-0.8769230769230769,-0.07307692307692308,-1.0,-0.13846153846153847,-0.4653846153846154,-0.2076923076923077,-0.6538461538461539,-0.2423076923076923,-0.7884615384615384,-0.2692307692307692,-0.9038461538461539,-0.2153846153846154,-0.38076923076923075,-0.3038461538461538,-0.5038461538461538,-0.3576923076923077,-0.5961538461538461,-0.4076923076923077,-0.6846153846153846
0.0,0.0,0.1297709923664122,-0.09923664122137404,0.19083969465648856,-0.25190839694656486,0.06870229007633588,-0.3320610687022901,-0.061068702290076333,-0.3320610687022901,0.12595419847328243,-0.48854961832061067,0.16793893129770993,-0.6946564885496184,0.183206106870229,-0.8244274809160306,0.1946564885496183,-0.9351145038167938,0.007633587786259542,-0.5076335877862596,0.026717557251908396,-0.732824427480916,0.03435114503816794,-0.8778625954198473,0.03435114503816794,-1.0,-0.08778625954198473,-0.4732824427480916,-0.13740458015267176,-0.6717557251908397,-0.15648854961832062,-0.8091603053435115,-0.1717557251908397,-0.9312977099236641,-0.1717557251908397,-0.3931297709923664,-0.2480916030534351,-0.5305343511450382,-0.29389312977099236,-0.6297709923664122,-0.3282442748091603,-0.7251908396946565
0.0,0.0,0.13953488372093023,-0.08527131782945736,0.21705426356589147,-0.23255813953488372,0.08914728682170543,-0.32945736434108525,-0.03875968992248062,-0.34108527131782945,0.17829457364341086,-0.47674418604651164,0.24031007751937986,-0.6782945736434108,0.26744186046511625,-0.8062015503875969,0.2868217054263566,-0.9186046511627907,0.05813953488372093,-0.5077519379844961,0.08914728682170543,-0.7325581395348837,0.10852713178294573,-0.8798449612403101,0.12403100775193798,-1.0,-0.050387596899224806,-0.4844961240310077,-0.08139534883720931,-0.6821705426356589,-0.09302325581395349,-0.8217054263565892,-0.09689922480620156,-0.9457364341085271,-0.1434108527131783,-0.4108527131782946,-0.2054263565891473,-0.5542635658914729,-0.24031007751937986,-0.6589147286821705,-0.26356589147286824,-0.7558139534883721
0.0,0.0,0.15476190476190477,-0.08333333333333333,0.25396825396825395,-0.23015873015873015,0.1349206349206349,-0.3373015873015873,0.003968253968253968,-0.3611111111111111,0.23015873015873015,-0.4722222222222222,0.32142857142857145,-0.6666666666666666,0.36904761904761907,-0.7896825396825397,0.40476190476190477,-0.8968253968253969,0.1111111111111111,-0.5158730158730159,0.1746031746031746,-0.7380952380952381,0.21031746031746032,-0.8849206349206349,0.23809523809523808,-1.0,0.003968253968253968,-0.503968253968254,0.0,-0.7142857142857143,0.007936507936507936,-0.8531746031746031,0.015873015873015872,-0.9761904761904762,-0.10317460317460317,-0.44047619047619047,-0.14682539682539683,-0.5912698412698413,-0.16666666666666666,-0.7063492063492064,-0.17857142857142858,-0.8134920634920635
0.0,0.0,0.1553784860557769,-0.07569721115537849,0.26294820717131473,-0.22310756972111553,0.1553784860557769,-0.3426294820717131,0.0199203187250996,-0.3784860557768924,0.2549800796812749,-0.46215139442231074,0.35856573705179284,-0.6533864541832669,0.41434262948207173,-0.7768924302788844,0.4581673306772908,-0.8804780876494024,0.1394422310756972,-0.5139442231075697,0.2151394422310757,-0.7370517928286853,0.26294820717131473,-0.8844621513944223,0.2948207171314741,-1.0,0.027888446215139442,-0.5059760956175299,0.03187250996015936,-0.7211155378486056,0.04780876494023904,-0.8685258964143426,0.06374501992031872,-0.9920318725099602,-0.08366533864541832,-0.450199203187251,-0.11553784860557768,-0.6095617529880478,-0.13545816733067728,-0.7250996015936255,-0.14342629482071714,-0.8326693227091634
0.0,0.0,0.16872427983539096,-0.06584362139917696,0.2962962962962963,-0.20164609053497942,0.20987654320987653,-0.32510288065843623,0.07818930041152264,-0.38271604938271603,0.30864197530864196,-0.448559670781893,0.43209876543209874,-0.6337448559670782,0.49794238683127573,-0.7530864197530864,0.5473251028806584,-0.8559670781893004,0.1934156378600823,-0.5102880658436214,0.2962962962962963,-0.7325102880658436,0.35390946502057613,-0.8765432098765432,0.3950617283950617,-0.9917695473251029,0.07818930041152264,-0.51440329218107,0.10699588477366255,-0.7283950617283951,0.13580246913580246,-0.8765432098765432,0.16049382716049382,-1.0,-0.0411522633744856,-0.4691358024691358,-0.05761316872427984,-0.6296296296296297,-0.06172839506172839,-0.7489711934156379,-0.06172839506172839,-0.8559670781893004
0.0,0.0,0.17916666666666667,-0.06666666666666667,0.31666666666666665,-0.19583333333333333,0.24166666666666667,-0.325,0.125,-0.39166666666666666,0.35,-0.44583333333333336,0.49166666666666664,-0.6208333333333333,0.5708333333333333,-0.7291666666666666,0.6333333333333333,-0.825,0.24166666666666667,-0.5125,0.35,-0.7333333333333333,0.4125,-0.875,0.4583333333333333,-0.9875,0.125,-0.5208333333333334,0.1625,-0.7291666666666666,0.20416666666666666,-0.875,0.2375,-1.0,-0.004166666666666667,-0.475,-0.008333333333333333,-0.6333333333333333,-0.004166666666666667,-0.7541666666666667,0.004166666666666667,-0.8625
0.0,0.0,0.18143459915611815,-0.05907172995780591,0.31223628691983124,-0.189873417721519,0.24472573839662448,-0.3206751054852321,0.12236286919831224,-0.379746835443038,0.33755274261603374,-0.42616033755274263,0.4978902953586498,-0.5949367088607594,0.5864978902953587,-0.70042194092827,0.6582278481012658,-0.7932489451476793,0.22784810126582278,-0.5021097046413502,0.34177215189873417,-0.7172995780590717,0.4092827004219409,-0.8607594936708861,0.45569620253164556,-0.9746835443037974,0.10970464135021098,-0.5063291139240507,0.14345991561181434,-0.7257383966244726,0.1729957805907173,-0.8734177215189873,0.20253164556962025,-1.0,-0.012658227848101266,-0.4641350210970464,-0.02531645569620253,-0.6329113924050633,-0.02531645569620253,-0.7510548523206751,-0.02109704641350211,-0.8565400843881856
0.0,0.0,0.14112903225806453,-0.09274193548387097,0.2217741935483871,-0.24193548387096775,0.0967741935483871,-0.3387096774193548,-0.04032258064516129,-0.3387096774193548,0.1814516129032258,-0.46774193548387094,0.2782258064516129,-0.6612903225806451,0.33064516129032256,-0.7862903225806451,0.3709677419354839,-0.8911290322580645,0.05241935483870968,-0.5080645161290323,0.08870967741935484,-0.7379032258064516,0.10887096774193548,-0.8870967741935484,0.12096774193548387,-1.0,-0.05241935483870968,-0.4838709677419355,-0.09274193548387097,-0.6854838709677419,-0.10887096774193548,-0.8266129032258065,-0.11693548387096774,-0.9475806451612904,-0.14919354838709678,-0.4112903225806452,-0.21774193548387097,-0.5524193548387096,-0.2620967741935484,-0.6532258064516129,-0.29435483870967744,-0.7459677419354839
0.0,0.0,0.12601626016260162,-0.10569105691056911,0.1910569105691057,-0.25609756097560976,0.06504065040650407,-0.3333333333333333,-0.06910569105691057,-0.3252032520325203,0.10975609756097561,-0.483739837398374,0.17479674796747968,-0.6869918699186992,0.2073170731707317,-0.8211382113821138,0.23170731707317074,-0.9308943089430894,-0.024390243902439025,-0.508130081300813,-0.024390243902439025,-0.7317073170731707,-0.024390243902439025,-0.8780487804878049,-0.028455284552845527,-1.0,-0.12601626016260162,-0.4715447154471545,-0.2032520325203252,-0.6585365853658537,-0.23983739837398374,-0.7967479674796748,-0.2682926829268293,-0.9146341463414634,-0.21138211382113822,-0.3861788617886179,-0.3130081300813008,-0.5121951219512195,-0.3780487804878049,-0.6016260162601627,-0.4268292682926829,-0.6910569105691057
0.0,0.0,0.11788617886178862,-0.11788617886178862,0.16260162601626016,-0.27235772357723576,0.02032520325203252,-0.3252032520325203,-0.11788617886178862,-0.3008130081300813,0.04878048780487805,-0.5,0.06504065040650407,-0.7154471544715447,0.06504065040650407,-0.8495934959349594,0.06504065040650407,-0.967479674796748,-0.08943089430894309,-0.5040650406504065,-0.12601626016260162,-0.7317073170731707,-0.15447154471544716,-0.8821138211382114,-0.18699186991869918,-1.0,-0.1910569105691057,-0.45121951219512196,-0.2967479674796748,-0.6300813008130082,-0.36585365853658536,-0.7601626016260162,-0.42276422764227645,-0.8699186991869918,-0.26422764227642276,-0.34959349593495936,-0.3861788617886179,-0.4634146341463415,-0.4634146341463415,-0.540650406504065,-0.532520325203252,-0.6138211382113821
0.0,0.0,-0.10833333333333334,-0.1625,-0.1125,-0.35,-0.04583333333333333,-0.48333333333333334,0.03333333333333333,-0.5541666666666667,-0.10833333333333334,-0.425,-0.06666666666666667,-0.6916666666666667,-0.0375,-0.8333333333333334,-0.016666666666666666,-0.9416666666666667,0.0,-0.4166666666666667,0.0375,-0.7041666666666667,0.05416666666666667,-0.8708333333333333,0.0625,-1.0,0.1125,-0.39166666666666666,0.1375,-0.6666666666666666,0.15,-0.8208333333333333,0.15833333333333333,-0.9375,0.21666666666666667,-0.3458333333333333,0.22916666666666666,-0.5583333333333333,0.23333333333333334,-0.6791666666666667,0.2375,-0.7833333333333333
0.0,0.0,-0.13559322033898305,-0.16610169491525423,-0.16271186440677965,-0.33220338983050846,-0.1016949152542373,-0.4542372881355932,-0.020338983050847456,-0.5050847457627119,-0.0711864406779661,-0.46440677966101696,-0.03728813559322034,-0.7152542372881356,-0.01694915254237288,-0.8508474576271187,0.003389830508474576,-0.9491525423728814,0.04406779661016949,-0.45084745762711864,0.06440677966101695,-0.7288135593220338,0.07796610169491526,-0.8847457627118644,0.09152542372881356,-1.0,0.14576271186440679,-0.4101694915254237,0.15932203389830507,-0.6677966101694915,0.17288135593220338,-0.8135593220338984,0.17966101694915254,-0.9186440677966101,0.2305084745762712,-0.3525423728813559,0.2440677966101695,-0.559322033898305,0.24745762711864408,-0.6779661016949152,0.25084745762711863,-0.7728813559322034
0.0,0.0,-0.13945578231292516,-0.16326530612244897,-0.17006802721088435,-0.3401360544217687,-0.10884353741496598,-0.46598639455782315,-0.027210884353741496,-0.5204081632653061,-0.08163265306122448,-0.46938775510204084,-0.04421768707482993,-0.7210884353741497,-0.02040816326530612,-0.8571428571428571,0.0,-0.95578231292517,0.030612244897959183,-0.4557823129251701,0.05442176870748299,-0.7312925170068028,0.07142857142857142,-0.8877551020408163,0.08503401360544217,-1.0,0.1360544217687075,-0.41496598639455784,0.15306122448979592,-0.673469387755102,0.16326530612244897,-0.8163265306122449,0.17006802721088435,-0.9183673469387755,0.22448979591836735,-0.35374149659863946,0.24149659863945577,-0.5612244897959183,0.24489795918367346,-0.6802721088435374,0.24829931972789115,-0.7755102040816326
0.0,0.0,-0.1326530612244898,-0.17006802721088435,-0.15306122448979592,-0.3469387755102041,-0.0782312925170068,-0.46258503401360546,0.006802721088435374,-0.5068027210884354,-0.04421768707482993,-0.46598639455782315,0.013605442176870748,-0.7210884353741497,0.047619047619047616,-0.8571428571428571,0.07482993197278912,-0.9591836734693877,0.07482993197278912,-0.4421768707482993,0.11904761904761904,-0.7244897959183674,0.14625850340136054,-0.8843537414965986,0.17006802721088435,-1.0,0.17346938775510204,-0.3979591836734694,0.20748299319727892,-0.6564625850340136,0.22789115646258504,-0.8027210884353742,0.24489795918367346,-0.9115646258503401,0.25170068027210885,-0.3333333333333333,0.282312925170068,-0.5408163265306123,0.29591836734693877,-0.6598639455782312,0.30952380952380953,-0.7585034013605442
0.0,0.0,-0.13712374581939799,-0.1605351170568562,-0.16387959866220736,-0.33444816053511706,-0.10367892976588629,-0.46488294314381273,-0.020066889632107024,-0.5317725752508361,-0.10033444816053512,-0.451505016722408,-0.06354515050167224,-0.7157190635451505,-0.04013377926421405,-0.8528428093645485,-0.023411371237458192,-0.9531772575250836,0.016722408026755852,-0.4414715719063545,0.03678929765886288,-0.7290969899665551,0.05016722408026756,-0.8862876254180602,0.06020066889632107,-1.0,0.12709030100334448,-0.4080267558528428,0.13712374581939799,-0.6722408026755853,0.14381270903010032,-0.8160535117056856,0.1505016722408027,-0.919732441471572,0.22073578595317725,-0.35451505016722407,0.22742474916387959,-0.5618729096989966,0.22742474916387959,-0.6822742474916388,0.22742474916387959,-0.7792642140468228
0.0,0.0,-0.14381270903010032,-0.15384615384615385,-0.18394648829431437,-0.3177257525083612,-0.12374581939799331,-0.43812709030100333,-0.03678929765886288,-0.4916387959866221,-0.11705685618729098,-0.43478260869565216,-0.09364548494983277,-0.7023411371237458,-0.07692307692307693,-0.8461538461538461,-0.06020066889632107,-0.9498327759197325,0.0033444816053511705,-0.431438127090301,0.010033444816053512,-0.7224080267558528,0.016722408026755852,-0.8862876254180602,0.020066889632107024,-1.0,0.11371237458193979,-0.4013377926421405,0.11371237458193979,-0.6722408026755853,0.11371237458193979,-0.822742474916388,0.11371237458193979,-0.9264214046822743,0.21070234113712374,-0.3511705685618729,0.21070234113712374,-0.5652173913043478,0.2040133779264214,-0.6889632107023411,0.20066889632107024,-0.7892976588628763
0.0,0.0,-0.14429530201342283,-0.1610738255033557,-0.18456375838926176,-0.3288590604026846,-0.12416107382550336,-0.4463087248322148,-0.030201342281879196,-0.49328859060402686,-0.13758389261744966,-0.4395973154362416,-0.12751677852348994,-0.7046979865771812,-0.1174496644295302,-0.8456375838926175,-0.10738255033557047,-0.9429530201342282,-0.020134228187919462,-0.4429530201342282,-0.02348993288590604,-0.7281879194630873,-0.02348993288590604,-0.8859060402684564,-0.02348993288590604,-1.0,0.09395973154362416,-0.41946308724832215,0.08389261744966443,-0.6845637583892618,0.07718120805369127,-0.8288590604026845,0.0738255033557047,-0.9328859060402684,0.19463087248322147,-0.3724832214765101,0.18456375838926176,-0.587248322147651,0.174496644295302,-0.7080536912751678,0.16778523489932887,-0.8053691275167785
0.0,0.0,-0.14093959731543623,-0.15436241610738255,-0.18456375838926176,-0.3187919463087248,-0.13758389261744966,-0.4395973154362416,-0.050335570469798654,-0.4966442953020134,-0.1342281879194631,-0.4463087248322148,-0.13087248322147652,-0.7046979865771812,-0.12080536912751678,-0.8422818791946308,-0.10738255033557047,-0.9395973154362416,-0.020134228187919462,-0.44966442953020136,-0.026845637583892617,-0.7315436241610739,-0.030201342281879196,-0.889261744966443,-0.030201342281879196,-1.0,0.09060402684563758,-0.42953020134228187,0.08053691275167785,-0.6912751677852349,0.07718120805369127,-0.8288590604026845,0.07046979865771812,-0.9328859060402684,0.1912751677852349,-0.3825503355704698,0.18120805369127516,-0.5973154362416108,0.17114093959731544,-0.714765100671141,0.1644295302013423,-0.8087248322147651
0.0,0.0,-0.14576271186440679,-0.15593220338983052,-0.18983050847457628,-0.31864406779661014,-0.1423728813559322,-0.43728813559322033,-0.05423728813559322,-0.488135593220339,-0.1423728813559322,-0.44745762711864406,-0.13898305084745763,-0.7050847457627119,-0.13898305084745763,-0.8440677966101695,-0.13559322033898305,-0.9423728813559322,-0.030508474576271188,-0.4542372881355932,-0.04067796610169491,-0.7322033898305085,-0.04745762711864407,-0.888135593220339,-0.05084745762711865,-1.0,0.07796610169491526,-0.43389830508474575,0.06440677966101695,-0.6949152542372882,0.0576271186440678,-0.8338983050847457,0.04745762711864407,-0.9355932203389831,0.17966101694915254,-0.3898305084745763,0.1694915254237288,-0.5966101694915255,0.15932203389830507,-0.7152542372881356,0.14915254237288136,-0.8101694915254237
0.0,0.0,-0.1476510067114094,-0.1610738255033557,-0.18120805369127516,-0.33557046979865773,-0.12080536912751678,-0.46308724832214765,-0.03355704697986577,-0.5201342281879194,-0.15100671140939598,-0.4463087248322148,-0.1476510067114094,-0.7080536912751678,-0.14429530201342283,-0.8489932885906041,-0.14093959731543623,-0.9496644295302014,-0.03355704697986577,-0.4563758389261745,-0.050335570469798654,-0.7348993288590604,-0.053691275167785234,-0.889261744966443,-0.06040268456375839,-1.0,0.07718120805369127,-0.436241610738255,0.05704697986577181,-0.7013422818791947,0.04697986577181208,-0.8389261744966443,0.03691275167785235,-0.9429530201342282,0.18120805369127516,-0.3959731543624161,0.1644295302013423,-0.610738255033557,0.15436241610738255,-0.7248322147651006,0.14429530201342283,-0.8221476510067114
0.0,0.0,-0.1476510067114094,-0.1610738255033557,-0.18791946308724833,-0.32550335570469796,-0.14429530201342283,-0.4463087248322148,-0.05704697986577181,-0.5033557046979866,-0.15436241610738255,-0.4463087248322148,-0.1476510067114094,-0.7080536912751678,-0.14429530201342283,-0.8489932885906041,-0.14093959731543623,-0.9463087248322147,-0.040268456375838924,-0.4563758389261745,-0.04697986577181208,-0.738255033557047,-0.050335570469798654,-0.889261744966443,-0.053691275167785234,-1.0,0.07046979865771812,-0.436241610738255,0.05704697986577181,-0.7013422818791947,0.050335570469798654,-0.8389261744966443,0.0436241610738255,-0.9395973154362416,0.174496644295302,-0.3959731543624161,0.1644295302013423,-0.6073825503355704,0.15436241610738255,-0.7248322147651006,0.1476510067114094,-0.8187919463087249
0.0,0.0,-0.1270358306188925,-0.15960912052117263,-0.1563517915309446,-0.3257328990228013,-0.10097719869706841,-0.44299674267100975,-0.019543973941368076,-0.498371335504886,-0.13029315960912052,-0.44299674267100975,-0.11400651465798045,-0.7035830618892508,-0.09771986970684039,-0.8436482084690554,-0.08794788273615635,-0.9413680781758957,-0.019543973941368076,-0.44625407166123776,-0.013029315960912053,-0.7296416938110749,-0.009771986970684038,-0.8859934853420195,-0.006514657980456026,-1.0,0.08794788273615635,-0.4234527687296417,0.08794788273615635,-0.6872964169381107,0.09120521172638436,-0.8306188925081434,0.09120521172638436,-0.9348534201954397,0.19218241042345277,-0.3778501628664495,0.18892508143322476,-0.5895765472312704,0.18241042345276873,-0.7068403908794788,0.1758957654723127,-0.8045602605863192
0.0,0.0,-0.18490566037735848,-0.1169811320754717,-0.27169811320754716,-0.2792452830188679,-0.27547169811320754,-0.43018867924528303,-0.2339622641509434,-0.5283018867924528,-0.25660377358490566,-0.42641509433962266,-0.3018867924528302,-0.6943396226415094,-0.3283018867924528,-0.8301886792452831,-0.3471698113207547,-0.9245283018867925,-0.1320754716981132,-0.4641509433962264,-0.21132075471698114,-0.7471698113207547,-0.25660377358490566,-0.8981132075471698,-0.2943396226415094,-1.0,-0.007547169811320755,-0.4716981132075472,-0.09056603773584905,-0.7358490566037735,-0.13584905660377358,-0.8754716981132076,-0.17735849056603772,-0.9735849056603774,0.11320754716981132,-0.4490566037735849,0.045283018867924525,-0.660377358490566,0.0037735849056603774,-0.7773584905660378,-0.033962264150943396,-0.8716981132075472
0.0,0.0,-0.1828358208955224,-0.10820895522388059,-0.2835820895522388,-0.26492537313432835,-0.30597014925373134,-0.417910447761194,-0.2798507462686567,-0.5186567164179104,-0.2574626865671642,-0.41044776119402987,-0.3208955223880597,-0.6753731343283582,-0.35447761194029853,-0.8171641791044776,-0.376865671641791,-0.914179104477612,-0.13805970149253732,-0.44402985074626866,-0.22761194029850745,-0.7276119402985075,-0.27611940298507465,-0.8880597014925373,-0.31716417910447764,-1.0,-0.014925373134328358,-0.45149253731343286,-0.1044776119402985,-0.7201492537313433,-0.15671641791044777,-0.8619402985074627,-0.19776119402985073,-0.9626865671641791,0.1044776119402985,-0.43283582089552236,0.033582089552238806,-0.6492537313432836,-0.014925373134328358,-0.7723880597014925,-0.055970149253731345,-0.8694029850746269
0.0,0.0,-0.1828358208955224,-0.09701492537313433,-0.2947761194029851,-0.2462686567164179,-0.332089552238806,-0.3917910447761194,-0.31343283582089554,-0.48880597014925375,-0.27238805970149255,-0.40671641791044777,-0.34328358208955223,-0.6791044776119403,-0.376865671641791,-0.8246268656716418,-0.39925373134328357,-0.9253731343283582,-0.14925373134328357,-0.44029850746268656,-0.25,-0.7276119402985075,-0.30597014925373134,-0.8880597014925373,-0.34701492537313433,-1.0,-0.022388059701492536,-0.45149253731343286,-0.12313432835820895,-0.7201492537313433,-0.17537313432835822,-0.8656716417910447,-0.22388059701492538,-0.9701492537313433,0.10074626865671642,-0.43656716417910446,0.018656716417910446,-0.6492537313432836,-0.026119402985074626,-0.7723880597014925,-0.06716417910447761,-0.8768656716417911
0.0,0.0,-0.17454545454545456,-0.10545454545454545,-0.28,-0.24363636363636362,-0.32,-0.38181818181818183,-0.3054545454545455,-0.48,-0.24,-0.3927272727272727,-0.29454545454545455,-0.6690909090909091,-0.3236363636363636,-0.8181818181818182,-0.3490909090909091,-0.9236363636363636,-0.12363636363636364,-0.41818181818181815,-0.20363636363636364,-0.7163636363636363,-0.2509090909090909,-0.88,-0.2872727272727273,-1.0,0.0,-0.4254545454545455,-0.08,-0.7054545454545454,-0.12727272727272726,-0.8545454545454545,-0.16363636363636364,-0.9636363636363636,0.12,-0.4109090909090909,0.05090909090909091,-0.6290909090909091,0.007272727272727273,-0.7563636363636363,-0.02909090909090909,-0.8654545454545455
0.0,0.0,-0.16845878136200718,-0.12186379928315412,-0.25806451612903225,-0.27956989247311825,-0.2616487455197133,-0.43010752688172044,-0.2114695340501792,-0.5232974910394266,-0.23655913978494625,-0.3978494623655914,-0.26523297491039427,-0.6774193548387096,-0.2724014336917563,-0.8279569892473119,-0.27956989247311825,-0.931899641577061,-0.11827956989247312,-0.4121863799283154,-0.16487455197132617,-0.7168458781362007,-0.18996415770609318,-0.8817204301075269,-0.21505376344086022,-1.0,0.010752688172043012,-0.4121863799283154,-0.03942652329749104,-0.6917562724014337,-0.07168458781362007,-0.8422939068100358,-0.1039426523297491,-0.953405017921147,0.13261648745519714,-0.3870967741935484,0.08960573476702509,-0.6093189964157706,0.053763440860215055,-0.7383512544802867,0.025089605734767026,-0.8458781362007168
0.0,0.0,-0.1388888888888889,-0.1388888888888889,-0.2048611111111111,-0.3159722222222222,-0.20833333333333334,-0.4826388888888889,-0.1875,-0.5972222222222222,-0.19791666666666666,-0.4097222222222222,-0.19444444444444445,-0.6840277777777778,-0.1909722222222222,-0.8298611111111112,-0.1909722222222222,-0.9375,-0.09375,-0.4166666666666667,-0.10416666666666667,-0.7118055555555556,-0.11458333333333333,-0.875,-0.1284722222222222,-1.0,0.027777777777777776,-0.40625,0.010416666666666666,-0.6840277777777778,-0.006944444444444444,-0.8333333333333334,-0.027777777777777776,-0.9479166666666666,0.1527777777777778,-0.375,0.1284722222222222,-0.59375,0.1076388888888889,-0.71875,0.08680555555555555,-0.8263888888888888
0.0,0.0,-0.11513157894736842,-0.16447368421052633,-0.14473684210526316,-0.34210526315789475,-0.09868421052631579,-0.4769736842105263,-0.02631578947368421,-0.5493421052631579,-0.16447368421052633,-0.4309210526315789,-0.15460526315789475,-0.6973684210526315,-0.14473684210526316,-0.8421052631578947,-0.14144736842105263,-0.9473684210526315,-0.0625,-0.4276315789473684,-0.05921052631578947,-0.7171052631578947,-0.0625,-0.8782894736842105,-0.06907894736842106,-1.0,0.049342105263157895,-0.41118421052631576,0.046052631578947366,-0.6842105263157895,0.039473684210526314,-0.8322368421052632,0.02631578947368421,-0.944078947368421,0.1611842105263158,-0.3717105263157895,0.1513157894736842,-0.5888157894736842,0.13815789473684212,-0.7105263157894737,0.12828947368421054,-0.8157894736842105
0.0,0.0,-0.11186440677966102,-0.16610169491525423,-0.13220338983050847,-0.3525423728813559,-0.07457627118644068,-0.49491525423728816,0.0,-0.5728813559322034,-0.14576271186440679,-0.4271186440677966,-0.12542372881355932,-0.6983050847457627,-0.10847457627118644,-0.8440677966101695,-0.09491525423728814,-0.9491525423728814,-0.04067796610169491,-0.41694915254237286,-0.023728813559322035,-0.7084745762711865,-0.013559322033898305,-0.8779661016949153,-0.013559322033898305,-1.0,0.0711864406779661,-0.3898305084745763,0.08135593220338982,-0.6711864406779661,0.08813559322033898,-0.823728813559322,0.08135593220338982,-0.9389830508474576,0.18305084745762712,-0.34915254237288135,0.1864406779661017,-0.5661016949152542,0.17966101694915254,-0.6915254237288135,0.17966101694915254,-0.8
0.0,0.0,-0.11619718309859155,-0.15140845070422534,-0.13732394366197184,-0.3415492957746479,-0.08098591549295775,-0.49295774647887325,-0.01056338028169014,-0.5809859154929577,-0.13028169014084506,-0.4014084507042254,-0.08450704225352113,-0.6795774647887324,-0.056338028169014086,-0.8309859154929577,-0.04225352112676056,-0.9507042253521126,-0.02112676056338028,-0.38380281690140844,0.02112676056338028,-0.6866197183098591,0.03873239436619718,-0.8626760563380281,0.04929577464788732,-1.0,0.09507042253521127,-0.352112676056338,0.1267605633802817,-0.6373239436619719,0.13732394366197184,-0.7992957746478874,0.13732394366197184,-0.9225352112676056,0.20422535211267606,-0.30985915492957744,0.22535211267605634,-0.528169014084507,0.22887323943661972,-0.6584507042253521,0.23591549295774647,-0.7676056338028169
0.0,0.0,-0.12323943661971831,-0.15140845070422534,-0.14084507042253522,-0.34507042253521125,-0.07394366197183098,-0.49295774647887325,0.0,-0.5774647887323944,-0.11619718309859155,-0.4084507042253521,-0.06338028169014084,-0.6830985915492958,-0.035211267605633804,-0.8345070422535211,-0.017605633802816902,-0.9471830985915493,0.0,-0.39436619718309857,0.03873239436619718,-0.6936619718309859,0.056338028169014086,-0.8661971830985915,0.06338028169014084,-1.0,0.11619718309859155,-0.3626760563380282,0.1443661971830986,-0.647887323943662,0.15845070422535212,-0.8063380281690141,0.15845070422535212,-0.9295774647887324,0.21830985915492956,-0.3204225352112676,0.24295774647887325,-0.5387323943661971,0.24647887323943662,-0.6654929577464789,0.2535211267605634,-0.7746478873239436
0.0,0.0,-0.11228070175438597,-0.16842105263157894,-0.11929824561403508,-0.3543859649122807,-0.04912280701754386,-0.49122807017543857,0.031578947368421054,-0.5684210526315789,-0.0912280701754386,-0.4245614035087719,-0.021052631578947368,-0.6947368421052632,0.021052631578947368,-0.8421052631578947,0.056140350877192984,-0.9543859649122807,0.021052631578947368,-0.40350877192982454,0.08771929824561403,-0.6982456140350877,0.12631578947368421,-0.8666666666666667,0.15789473684210525,-1.0,0.1368421052631579,-0.36140350877192984,0.19298245614035087,-0.6456140350877193,0.22105263157894736,-0.8,0.24210526315789474,-0.9192982456140351,0.24210526315789474,-0.3087719298245614,0.2807017543859649,-0.5228070175438596,0.2982456140350877,-0.6491228070175439,0.3192982456140351,-0.7578947368421053
0.0,0.0,-0.11191335740072202,-0.16606498194945848,-0.11913357400722022,-0.3574007220216607,-0.04693140794223827,-0.5018050541516246,0.032490974729241874,-0.5812274368231047,-0.08664259927797834,-0.4332129963898917,-0.04693140794223827,-0.7003610108303249,-0.032490974729241874,-0.851985559566787,-0.02527075812274368,-0.9638989169675091,0.02888086642599278,-0.41155234657039713,0.07581227436823104,-0.7003610108303249,0.10108303249097472,-0.8736462093862816,0.11552346570397112,-1.0,0.1444043321299639,-0.36823104693140796,0.20938628158844766,-0.6389891696750902,0.2490974729241877,-0.7942238267148014,0.2779783393501805,-0.9133574007220217,0.24548736462093862,-0.3104693140794224,0.30685920577617326,-0.516245487364621,0.34296028880866425,-0.6389891696750902,0.37545126353790614,-0.7472924187725631
0.0,0.0,-0.1079136690647482,-0.16546762589928057,-0.11151079136690648,-0.35611510791366907,-0.03237410071942446,-0.5035971223021583,0.05755395683453238,-0.5755395683453237,-0.10071942446043165,-0.4244604316546763,-0.05755395683453238,-0.6942446043165468,-0.039568345323741004,-0.8453237410071942,-0.03237410071942446,-0.9568345323741008,0.017985611510791366,-0.4064748201438849,0.07553956834532374,-0.7050359712230215,0.10071942446043165,-0.8741007194244604,0.11510791366906475,-1.0,0.14028776978417265,-0.36330935251798563,0.21942446043165467,-0.6438848920863309,0.2697841726618705,-0.7949640287769785,0.29856115107913667,-0.9100719424460432,0.24100719424460432,-0.30935251798561153,0.31654676258992803,-0.5143884892086331,0.3597122302158273,-0.6330935251798561,0.3920863309352518,-0.737410071942446
0.0,0.0,-0.11428571428571428,-0.16428571428571428,-0.11071428571428571,-0.3464285714285714,-0.02857142857142857,-0.48214285714285715,0.06428571428571428,-0.5428571428571428,-0.11785714285714285,-0.4142857142857143,-0.10357142857142858,-0.6928571428571428,-0.10357142857142858,-0.8464285714285714,-0.10357142857142858,-0.9607142857142857,0.007142857142857143,-0.3964285714285714,0.05714285714285714,-0.7035714285714286,0.08214285714285714,-0.875,0.09285714285714286,-1.0,0.12857142857142856,-0.3607142857142857,0.20714285714285716,-0.6392857142857142,0.2571428571428571,-0.7892857142857143,0.29285714285714287,-0.8964285714285715,0.22857142857142856,-0.3142857142857143,0.3142857142857143,-0.5107142857142857,0.3678571428571429,-0.625,0.4107142857142857,-0.7214285714285714
0.0,0.0,-0.1103202846975089,-0.16725978647686832,-0.12099644128113879,-0.35587188612099646,-0.07473309608540925,-0.5124555160142349,-0.014234875444839857,-0.608540925266904,-0.11743772241992882,-0.4128113879003559,-0.11743772241992882,-0.6725978647686833,-0.12099644128113879,-0.8185053380782918,-0.12455516014234876,-0.9288256227758007,-0.0035587188612099642,-0.40213523131672596,0.03914590747330961,-0.697508896797153,0.05693950177935943,-0.8718861209964412,0.06761565836298933,-1.0,0.11387900355871886,-0.3665480427046263,0.19217081850533807,-0.6370106761565836,0.24199288256227758,-0.7900355871886121,0.27402135231316727,-0.9039145907473309,0.21352313167259787,-0.31316725978647686,0.30604982206405695,-0.505338078291815,0.3665480427046263,-0.6192170818505338,0.4128113879003559,-0.7117437722419929
0.0,0.0,-0.10600706713780919,-0.1625441696113074,-0.13074204946996468,-0.3498233215547703,-0.10600706713780919,-0.508833922261484,-0.05653710247349823,-0.6007067137809188,-0.11307420494699646,-0.4204946996466431,-0.11307420494699646,-0.6713780918727915,-0.12014134275618374,-0.8162544169611308,-0.127208480565371,-0.9222614840989399,-0.007067137809187279,-0.4098939929328622,0.028268551236749116,-0.6996466431095406,0.045936395759717315,-0.872791519434629,0.053003533568904596,-1.0,0.10600706713780919,-0.3745583038869258,0.1872791519434629,-0.6325088339222615,0.2332155477031802,-0.784452296819788,0.26501766784452296,-0.8975265017667845,0.20848056537102475,-0.3215547703180212,0.30742049469964666,-0.5123674911660777,0.3710247349823322,-0.6219081272084805,0.4204946996466431,-0.7173144876325088
0.0,0.0,-0.1099290780141844,-0.16312056737588654,-0.1276595744680851,-0.3546099290780142,-0.09219858156028368,-0.5177304964539007,-0.0425531914893617,-0.6134751773049646,-0.12056737588652482,-0.41843971631205673,-0.11347517730496454,-0.6737588652482269,-0.11347517730496454,-0.8191489361702128,-0.11702127659574468,-0.9290780141843972,-0.010638297872340425,-0.3971631205673759,0.024822695035460994,-0.6879432624113475,0.04609929078014184,-0.8652482269503546,0.05319148936170213,-1.0,0.10283687943262411,-0.35815602836879434,0.18085106382978725,-0.6205673758865248,0.23049645390070922,-0.7801418439716312,0.26595744680851063,-0.900709219858156,0.20921985815602837,-0.3049645390070922,0.3120567375886525,-0.49645390070921985,0.375886524822695,-0.6099290780141844,0.42907801418439717,-0.7056737588652482
0.0,0.0,-0.15547703180212014,-0.1519434628975265,-0.18374558303886926,-0.3392226148409894,-0.10600706713780919,-0.47703180212014135,-0.02120141342756184,-0.5441696113074205,-0.13074204946996468,-0.4028268551236749,-0.1696113074204947,-0.6749116607773852,-0.19081272084805653,-0.8268551236749117,-0.2049469964664311,-0.9434628975265018,0.0,-0.3992932862190813,0.028268551236749116,-0.7067137809187279,0.053003533568904596,-0.8763250883392226,0.0812720848056537,-1.0,0.11307420494699646,-0.37809187279151946,0.1872791519434629,-0.6537102473498233,0.24381625441696114,-0.8021201413427562,0.29328621908127206,-0.911660777385159,0.19434628975265017,-0.3462897526501767,0.2826855123674912,-0.5547703180212014,0.3392226148409894,-0.6607773851590106,0.392226148409894,-0.7491166077738516
0.0,0.0,-0.1543859649122807,-0.15087719298245614,-0.17894736842105263,-0.34385964912280703,-0.10175438596491228,-0.4982456140350877,-0.02456140350877193,-0.5789473684210527,-0.1368421052631579,-0.40350877192982454,-0.1649122807017544,-0.6771929824561403,-0.1824561403508772,-0.8350877192982457,-0.19649122807017544,-0.9508771929824561,-0.0035087719298245615,-0.39649122807017545,0.031578947368421054,-0.7052631578947368,0.056140350877192984,-0.8771929824561403,0.07719298245614035,-1.0,0.11228070175438597,-0.37543859649122807,0.17894736842105263,-0.6526315789473685,0.23859649122807017,-0.8035087719298246,0.28771929824561404,-0.9122807017543859,0.19649122807017544,-0.3473684210526316,0.2771929824561403,-0.5543859649122806,0.3368421052631579,-0.6631578947368421,0.38596491228070173,-0.7508771929824561
0.0,0.0,-0.11846689895470383,-0.15331010452961671,-0.13588850174216027,-0.3344947735191638,-0.06968641114982578,-0.4808362369337979,0.006968641114982578,-0.5609756097560976,-0.13588850174216027,-0.39372822299651566,-0.1289198606271777,-0.6759581881533101,-0.13588850174216027,-0.8327526132404182,-0.13937282229965156,-0.9477351916376306,-0.017421602787456445,-0.3867595818815331,0.020905923344947737,-0.6968641114982579,0.041811846689895474,-0.8745644599303136,0.05574912891986063,-1.0,0.10452961672473868,-0.3588850174216028,0.18466898954703834,-0.6411149825783972,0.23693379790940766,-0.794425087108014,0.27526132404181186,-0.9094076655052264,0.20557491289198607,-0.3170731707317073,0.30662020905923343,-0.5087108013937283,0.37282229965156793,-0.6097560975609756,0.4250871080139373,-0.7003484320557491
0.0,0.0,-0.11538461538461539,-0.15734265734265734,-0.12237762237762238,-0.32867132867132864,-0.045454545454545456,-0.46153846153846156,0.04195804195804196,-0.5209790209790209,-0.12237762237762238,-0.3951048951048951,-0.12237762237762238,-0.6713286713286714,-0.13286713286713286,-0.8251748251748252,-0.14335664335664336,-0.9405594405594405,-0.006993006993006993,-0.38461538461538464,0.038461538461538464,-0.6888111888111889,0.05244755244755245,-0.8671328671328671,0.06293706293706294,-1.0,0.11188811188811189,-0.3531468531468531,0.1958041958041958,-0.6258741258741258,0.24475524475524477,-0.7832167832167832,0.27972027972027974,-0.9055944055944056,0.2097902097902098,-0.3041958041958042,0.3076923076923077,-0.493006993006993,0.3706293706293706,-0.5979020979020979,0.4230769230769231,-0.6923076923076923
0.0,0.0,-0.11929824561403508,-0.16140350877192983,-0.12631578947368421,-0.34035087719298246,-0.05263157894736842,-0.47368421052631576,0.03508771929824561,-0.5403508771929825,-0.12982456140350876,-0.40350877192982454,-0.11929824561403508,-0.6771929824561403,-0.11578947368421053,-0.8315789473684211,-0.11228070175438597,-0.9438596491228071,-0.014035087719298246,-0.39649122807017545,0.02456140350877193,-0.6947368421052632,0.0456140350877193,-0.8701754385964913,0.05964912280701754,-1.0,0.10526315789473684,-0.3684210526315789,0.17894736842105263,-0.6421052631578947,0.23157894736842105,-0.8,0.27017543859649124,-0.9192982456140351,0.20701754385964913,-0.3263157894736842,0.312280701754386,-0.5052631578947369,0.3824561403508772,-0.6070175438596491,0.4421052631578947,-0.6947368421052632
0.0,0.0,-0.14715719063545152,-0.14381270903010032,-0.19063545150501673,-0.3277591973244147,-0.13712374581939799,-0.47157190635451507,-0.06354515050167224,-0.5484949832775919,-0.2140468227424749,-0.39464882943143814,-0.25752508361204013,-0.6421404682274248,-0.2909698996655518,-0.7792642140468228,-0.31438127090301005,-0.882943143812709,-0.10367892976588629,-0.4180602006688963,-0.14046822742474915,-0.6989966555183946,-0.16387959866220736,-0.8695652173913043,-0.1806020066889632,-1.0,0.016722408026755852,-0.411371237458194,0.020066889632107024,-0.6822742474916388,0.033444816053511704,-0.8394648829431438,0.04013377926421405,-0.9632107023411371,0.13377926421404682,-0.38127090301003347,0.17725752508361203,-0.5752508361204013,0.20735785953177258,-0.6923076923076923,0.23411371237458195,-0.7959866220735786
0.0,0.0,-0.14093959731543623,-0.14429530201342283,-0.174496644295302,-0.3288590604026846,-0.11409395973154363,-0.4697986577181208,-0.03691275167785235,-0.5436241610738255,-0.1912751677852349,-0.39932885906040266,-0.2348993288590604,-0.6476510067114094,-0.2684563758389262,-0.7885906040268457,-0.29194630872483224,-0.8926174496644296,-0.08053691275167785,-0.41946308724832215,-0.11409395973154363,-0.7013422818791947,-0.1342281879194631,-0.87248322147651,-0.15436241610738255,-1.0,0.03691275167785235,-0.412751677852349,0.04697986577181208,-0.6845637583892618,0.05704697986577181,-0.8389261744966443,0.06375838926174497,-0.959731543624161,0.14429530201342283,-0.3859060402684564,0.19463087248322147,-0.5771812080536913,0.23154362416107382,-0.6912751677852349,0.25838926174496646,-0.7953020134228188
