0.0,0.0,-0.1572052401746725,-0.08296943231441048,-0.25327510917030566,-0.2576419213973799,-0.18777292576419213,-0.3930131004366812,-0.06550218340611354,-0.4192139737991266,-0.2183406113537118,-0.5109170305676856,-0.2314410480349345,-0.7030567685589519,-0.2314410480349345,-0.8165938864628821,-0.22707423580786026,-0.9213973799126638,-0.11353711790393013,-0.537117903930131,-0.12663755458515283,-0.7510917030567685,-0.13100436681222707,-0.8820960698689956,-0.13537117903930132,-1.0,-0.013100436681222707,-0.5152838427947598,-0.021834061135371178,-0.7161572052401747,-0.026200873362445413,-0.8384279475982532,-0.034934497816593885,-0.9475982532751092,0.08733624454148471,-0.4585152838427948,0.07423580786026202,-0.6157205240174672,0.06550218340611354,-0.7205240174672489,0.05240174672489083,-0.8122270742358079
0.0,0.0,-0.15517241379310345,-0.09913793103448276,-0.2413793103448276,-0.27586206896551724,-0.1724137931034483,-0.40948275862068967,-0.0603448275862069,-0.4353448275862069,-0.1896551724137931,-0.521551724137931,-0.1853448275862069,-0.7155172413793104,-0.1724137931034483,-0.8318965517241379,-0.15517241379310345,-0.9310344827586207,-0.08189655172413793,-0.5431034482758621,-0.07758620689655173,-0.7586206896551724,-0.06896551724137931,-0.8836206896551724,-0.06465517241379311,-1.0,0.017241379310344827,-0.5172413793103449,0.021551724137931036,-0.7155172413793104,0.02586206896551724,-0.8362068965517241,0.021551724137931036,-0.9439655172413793,0.11637931034482758,-0.4482758620689655,0.11637931034482758,-0.6077586206896551,0.11206896551724138,-0.7112068965517241,0.10344827586206896,-0.8017241379310345
0.0,0.0,-0.1471861471861472,-0.09956709956709957,-0.22943722943722944,-0.27705627705627706,-0.15151515151515152,-0.4069264069264069,-0.025974025974025976,-0.4199134199134199,-0.15151515151515152,-0.5238095238095238,-0.15584415584415584,-0.70995670995671,-0.15151515151515152,-0.8225108225108225,-0.14285714285714285,-0.9264069264069265,-0.047619047619047616,-0.5411255411255411,-0.047619047619047616,-0.7532467532467533,-0.04329004329004329,-0.8831168831168831,-0.047619047619047616,-1.0,0.05194805194805195,-0.5064935064935064,0.06493506493506493,-0.7056277056277056,0.06493506493506493,-0.8268398268398268,0.05627705627705628,-0.935064935064935,0.1471861471861472,-0.43722943722943725,0.16883116883116883,-0.5844155844155844,0.1774891774891775,-0.6883116883116883,0.1774891774891775,-0.7835497835497836
0.0,0.0,-0.15517241379310345,-0.09051724137931035,-0.24568965517241378,-0.2629310344827586,-0.1810344827586207,-0.4051724137931034,-0.0603448275862069,-0.4396551724137931,-0.1939655172413793,-0.5129310344827587,-0.19827586206896552,-0.7068965517241379,-0.1896551724137931,-0.8232758620689655,-0.17672413793103448,-0.9267241379310345,-0.09051724137931035,-0.5344827586206896,-0.09482758620689655,-0.75,-0.08620689655172414,-0.8793103448275862,-0.08620689655172414,-1.0,0.004310344827586207,-0.5086206896551724,0.004310344827586207,-0.7068965517241379,0.008620689655172414,-0.8318965517241379,0.008620689655172414,-0.9396551724137931,0.10344827586206896,-0.44396551724137934,0.09913793103448276,-0.5991379310344828,0.09482758620689655,-0.6982758620689655,0.08620689655172414,-0.7887931034482759
0.0,0.0,-0.15151515151515152,-0.08658008658008658,-0.24675324675324675,-0.2597402597402597,-0.18181818181818182,-0.4025974025974026,-0.06926406926406926,-0.44155844155844154,-0.19047619047619047,-0.5194805194805194,-0.19913419913419914,-0.70995670995671,-0.19047619047619047,-0.8268398268398268,-0.18181818181818182,-0.9307359307359307,-0.09090909090909091,-0.5411255411255411,-0.09523809523809523,-0.7532467532467533,-0.09090909090909091,-0.8831168831168831,-0.09090909090909091,-1.0,0.004329004329004329,-0.5151515151515151,0.004329004329004329,-0.7142857142857143,0.008658008658008658,-0.8354978354978355,0.004329004329004329,-0.9437229437229437,0.09523809523809523,-0.45021645021645024,0.09523809523809523,-0.6060606060606061,0.09090909090909091,-0.7056277056277056,0.08658008658008658,-0.7965367965367965
0.0,0.0,-0.15151515151515152,-0.08658008658008658,-0.2554112554112554,-0.24242424242424243,-0.19913419913419914,-0.37662337662337664,-0.07792207792207792,-0.42424242424242425,-0.20346320346320346,-0.5108225108225108,-0.21645021645021645,-0.7012987012987013,-0.21645021645021645,-0.8181818181818182,-0.2077922077922078,-0.922077922077922,-0.1038961038961039,-0.5367965367965368,-0.11255411255411256,-0.7489177489177489,-0.11688311688311688,-0.8831168831168831,-0.11688311688311688,-1.0,-0.004329004329004329,-0.5151515151515151,-0.008658008658008658,-0.7142857142857143,-0.017316017316017316,-0.8398268398268398,-0.025974025974025976,-0.948051948051948,0.09523809523809523,-0.45454545454545453,0.09090909090909091,-0.6103896103896104,0.08225108225108226,-0.7142857142857143,0.06926406926406926,-0.8051948051948052
0.0,0.0,-0.16371681415929204,-0.061946902654867256,-0.27876106194690264,-0.21238938053097345,-0.21238938053097345,-0.336283185840708,-0.084070796460177,-0.3584070796460177,-0.22123893805309736,-0.48672566371681414,-0.23893805309734514,-0.6769911504424779,-0.23893805309734514,-0.8008849557522124,-0.23893805309734514,-0.911504424778761,-0.11061946902654868,-0.5132743362831859,-0.12831858407079647,-0.7300884955752213,-0.13716814159292035,-0.8716814159292036,-0.1415929203539823,-1.0,-0.004424778761061947,-0.49557522123893805,-0.01327433628318584,-0.6902654867256637,-0.022123893805309734,-0.8141592920353983,-0.030973451327433628,-0.9292035398230089,0.10176991150442478,-0.43805309734513276,0.09734513274336283,-0.5973451327433629,0.08849557522123894,-0.6991150442477876,0.0752212389380531,-0.7964601769911505
0.0,0.0,-0.16371681415929204,-0.06637168141592921,-0.2743362831858407,-0.2168141592920354,-0.20353982300884957,-0.3407079646017699,-0.0752212389380531,-0.3584070796460177,-0.21238938053097345,-0.48672566371681414,-0.22566371681415928,-0.6769911504424779,-0.22566371681415928,-0.7964601769911505,-0.22123893805309736,-0.911504424778761,-0.10176991150442478,-0.5132743362831859,-0.11504424778761062,-0.7300884955752213,-0.12389380530973451,-0.8716814159292036,-0.12831858407079647,-1.0,0.0,-0.49557522123893805,-0.004424778761061947,-0.6946902654867256,-0.008849557522123894,-0.8185840707964602,-0.022123893805309734,-0.9336283185840708,0.10619469026548672,-0.4336283185840708,0.10176991150442478,-0.5929203539823009,0.09292035398230089,-0.6946902654867256,0.084070796460177,-0.7920353982300885
0.0,0.0,-0.15517241379310345,-0.07327586206896551,-0.27586206896551724,-0.23706896551724138,-0.21982758620689655,-0.38362068965517243,-0.09051724137931035,-0.43103448275862066,-0.22413793103448276,-0.5129310344827587,-0.2543103448275862,-0.7025862068965517,-0.2672413793103448,-0.8189655172413793,-0.27155172413793105,-0.9224137931034483,-0.11637931034482758,-0.5387931034482759,-0.14224137931034483,-0.7543103448275862,-0.15086206896551724,-0.8879310344827587,-0.15948275862068967,-1.0,-0.01293103448275862,-0.5172413793103449,-0.021551724137931036,-0.7241379310344828,-0.034482758620689655,-0.8491379310344828,-0.04741379310344827,-0.9525862068965517,0.09482758620689655,-0.46120689655172414,0.10344827586206896,-0.6163793103448276,0.10344827586206896,-0.7198275862068966,0.09913793103448276,-0.8103448275862069
0.0,0.0,-0.1615720524017467,-0.07860262008733625,-0.27510917030567683,-0.2445414847161572,-0.22270742358078602,-0.3930131004366812,-0.09606986899563319,-0.43231441048034935,-0.2183406113537118,-0.519650655021834,-0.22707423580786026,-0.7117903930131004,-0.22270742358078602,-0.8253275109170306,-0.21397379912663755,-0.9301310043668122,-0.11790393013100436,-0.5414847161572053,-0.12663755458515283,-0.7554585152838428,-0.12663755458515283,-0.8864628820960698,-0.13100436681222707,-1.0,-0.021834061135371178,-0.519650655021834,-0.03056768558951965,-0.7205240174672489,-0.039301310043668124,-0.8384279475982532,-0.048034934497816595,-0.9432314410480349,0.07860262008733625,-0.462882096069869,0.06986899563318777,-0.6200873362445415,0.056768558951965066,-0.7205240174672489,0.043668122270742356,-0.8078602620087336
0.0,0.0,-0.1592920353982301,-0.07964601769911504,-0.2743362831858407,-0.24778761061946902,-0.22123893805309736,-0.4026548672566372,-0.09734513274336283,-0.45132743362831856,-0.2168141592920354,-0.5221238938053098,-0.22566371681415928,-0.7123893805309734,-0.22123893805309736,-0.827433628318584,-0.21238938053097345,-0.9292035398230089,-0.11504424778761062,-0.5442477876106194,-0.12389380530973451,-0.7566371681415929,-0.12389380530973451,-0.8849557522123894,-0.12831858407079647,-1.0,-0.017699115044247787,-0.5176991150442478,-0.02654867256637168,-0.7212389380530974,-0.035398230088495575,-0.8362831858407079,-0.04424778761061947,-0.9424778761061947,0.084070796460177,-0.46017699115044247,0.07079646017699115,-0.6150442477876106,0.05752212389380531,-0.7123893805309734,0.048672566371681415,-0.8008849557522124
0.0,0.0,-0.15555555555555556,-0.08,-0.27111111111111114,-0.24888888888888888,-0.2222222222222222,-0.39555555555555555,-0.09333333333333334,-0.44,-0.21333333333333335,-0.5155555555555555,-0.2222222222222222,-0.7111111111111111,-0.21777777777777776,-0.8266666666666667,-0.21333333333333335,-0.9288888888888889,-0.1111111111111111,-0.5377777777777778,-0.11555555555555555,-0.76,-0.12,-0.8888888888888888,-0.12444444444444444,-1.0,-0.013333333333333334,-0.5155555555555555,-0.022222222222222223,-0.7155555555555555,-0.02666666666666667,-0.8355555555555556,-0.04,-0.9377777777777778,0.08888888888888889,-0.4577777777777778,0.07555555555555556,-0.6133333333333333,0.06666666666666667,-0.7111111111111111,0.05333333333333334,-0.7955555555555556
0.0,0.0,-0.16591928251121077,-0.08968609865470852,-0.273542600896861,-0.2645739910313901,-0.2242152466367713,-0.4125560538116592,-0.09417040358744394,-0.452914798206278,-0.21973094170403587,-0.5201793721973094,-0.2242152466367713,-0.7130044843049327,-0.21973094170403587,-0.8251121076233184,-0.21076233183856502,-0.9237668161434978,-0.11210762331838565,-0.5426008968609866,-0.11659192825112108,-0.757847533632287,-0.11659192825112108,-0.8878923766816144,-0.11659192825112108,-1.0,-0.017937219730941704,-0.5246636771300448,-0.02242152466367713,-0.7219730941704036,-0.03139013452914798,-0.8430493273542601,-0.03587443946188341,-0.9461883408071748,0.08071748878923767,-0.4663677130044843,0.07174887892376682,-0.6233183856502242,0.05829596412556054,-0.7174887892376681,0.04932735426008968,-0.8071748878923767
0.0,0.0,-0.1780821917808219,-0.0867579908675799,-0.2922374429223744,-0.273972602739726,-0.2511415525114155,-0.4429223744292237,-0.1278538812785388,-0.4931506849315068,-0.2237442922374429,-0.5296803652968036,-0.2374429223744292,-0.7214611872146118,-0.2374429223744292,-0.8310502283105022,-0.2328767123287671,-0.9269406392694064,-0.1232876712328767,-0.5570776255707762,-0.136986301369863,-0.7671232876712328,-0.1415525114155251,-0.8904109589041096,-0.1506849315068493,-1.0,-0.0273972602739726,-0.5342465753424658,-0.0410958904109589,-0.7351598173515982,-0.0547945205479452,-0.8493150684931506,-0.0639269406392694,-0.9497716894977168,0.0730593607305936,-0.4794520547945205,0.0547945205479452,-0.639269406392694,0.0410958904109589,-0.7351598173515982,0.0228310502283105,-0.821917808219178
0.0,0.0,-0.18518518518518517,-0.09259259259259259,-0.30092592592592593,-0.2824074074074074,-0.25925925925925924,-0.4583333333333333,-0.13425925925925927,-0.5046296296296297,-0.2361111111111111,-0.5324074074074074,-0.25462962962962965,-0.7175925925925926,-0.25925925925925924,-0.8240740740740741,-0.25925925925925924,-0.9212962962962963,-0.13425925925925927,-0.5601851851851852,-0.1527777777777778,-0.7685185185185185,-0.16666666666666666,-0.8935185185185185,-0.17592592592592593,-1.0,-0.037037037037037035,-0.5416666666666666,-0.05555555555555555,-0.7407407407407407,-0.07407407407407407,-0.8564814814814815,-0.08796296296296297,-0.9490740740740741,0.06481481481481481,-0.49074074074074076,0.041666666666666664,-0.6481481481481481,0.023148148148148147,-0.7453703703703703,0.009259259259259259,-0.8240740740740741
0.0,0.0,-0.18552036199095023,-0.09502262443438914,-0.2986425339366516,-0.2850678733031674,-0.25339366515837103,-0.45701357466063347,-0.13574660633484162,-0.5158371040723982,-0.2398190045248869,-0.5294117647058824,-0.25339366515837103,-0.7194570135746606,-0.25339366515837103,-0.832579185520362,-0.248868778280543,-0.9321266968325792,-0.13574660633484162,-0.5565610859728507,-0.15384615384615385,-0.7692307692307693,-0.1583710407239819,-0.8914027149321267,-0.167420814479638,-1.0,-0.03619909502262444,-0.5384615384615384,-0.05429864253393665,-0.7375565610859729,-0.06787330316742081,-0.8552036199095022,-0.08144796380090498,-0.9547511312217195,0.06787330316742081,-0.4841628959276018,0.049773755656108594,-0.6470588235294118,0.03167420814479638,-0.7420814479638009,0.013574660633484163,-0.8280542986425339
0.0,0.0,-0.15418502202643172,-0.11013215859030837,-0.24669603524229075,-0.29515418502202645,-0.19383259911894274,-0.43612334801762115,-0.06607929515418502,-0.44493392070484583,-0.14537444933920704,-0.5418502202643172,-0.14096916299559473,-0.7224669603524229,-0.1277533039647577,-0.8370044052863436,-0.11013215859030837,-0.933920704845815,-0.048458149779735685,-0.5550660792951542,-0.039647577092511016,-0.762114537444934,-0.02643171806167401,-0.8854625550660793,-0.013215859030837005,-1.0,0.04405286343612335,-0.5242290748898678,0.05286343612334802,-0.7180616740088106,0.06167400881057269,-0.8370044052863436,0.06607929515418502,-0.9427312775330396,0.13215859030837004,-0.4581497797356828,0.14096916299559473,-0.6079295154185022,0.14096916299559473,-0.7092511013215859,0.13656387665198239,-0.801762114537445
0.0,0.0,-0.13973799126637554,-0.09170305676855896,-0.23580786026200873,-0.26200873362445415,-0.2052401746724891,-0.4017467248908297,-0.09606986899563319,-0.43231441048034935,-0.14410480349344978,-0.5283842794759825,-0.13973799126637554,-0.7117903930131004,-0.12663755458515283,-0.8296943231441049,-0.1091703056768559,-0.9301310043668122,-0.048034934497816595,-0.5414847161572053,-0.043668122270742356,-0.7510917030567685,-0.03056768558951965,-0.8820960698689956,-0.017467248908296942,-1.0,0.043668122270742356,-0.5065502183406113,0.05240174672489083,-0.7074235807860262,0.0611353711790393,-0.8296943231441049,0.06550218340611354,-0.9432314410480349,0.13537117903930132,-0.4366812227074236,0.13973799126637554,-0.5938864628820961,0.13537117903930132,-0.7030567685589519,0.13100436681222707,-0.8034934497816594
0.0,0.0,-0.13733905579399142,-0.0944206008583691,-0.23605150214592274,-0.2575107296137339,-0.21030042918454936,-0.3948497854077253,-0.10300429184549356,-0.44206008583690987,-0.1459227467811159,-0.5278969957081545,-0.14163090128755365,-0.7081545064377682,-0.12875536480686695,-0.8240343347639485,-0.11158798283261803,-0.927038626609442,-0.05150214592274678,-0.5364806866952789,-0.04721030042918455,-0.7467811158798283,-0.034334763948497854,-0.8755364806866953,-0.02145922746781116,-1.0,0.03862660944206009,-0.5064377682403434,0.04721030042918455,-0.703862660944206,0.05150214592274678,-0.8240343347639485,0.055793991416309016,-0.9356223175965666,0.12875536480686695,-0.4334763948497854,0.13304721030042918,-0.592274678111588,0.13304721030042918,-0.6995708154506438,0.12875536480686695,-0.7982832618025751
0.0,0.0,-0.13793103448275862,-0.08620689655172414,-0.23706896551724138,-0.25,-0.21551724137931033,-0.3879310344827586,-0.11637931034482758,-0.44396551724137934,-0.14655172413793102,-0.5258620689655172,-0.14224137931034483,-0.7112068965517241,-0.12931034482758622,-0.8275862068965517,-0.10775862068965517,-0.9310344827586207,-0.05172413793103448,-0.5344827586206896,-0.04310344827586207,-0.7456896551724138,-0.03017241379310345,-0.8793103448275862,-0.017241379310344827,-1.0,0.03879310344827586,-0.5,0.04741379310344827,-0.7025862068965517,0.05603448275862069,-0.8232758620689655,0.0603448275862069,-0.9353448275862069,0.12931034482758622,-0.43103448275862066,0.1336206896551724,-0.5862068965517241,0.1336206896551724,-0.6939655172413793,0.12931034482758622,-0.7974137931034483
0.0,0.0,-0.14468085106382977,-0.10638297872340426,-0.23829787234042554,-0.28936170212765955,-0.2127659574468085,-0.425531914893617,-0.10212765957446808,-0.4297872340425532,-0.13191489361702127,-0.5319148936170213,-0.1148936170212766,-0.7148936170212766,-0.10638297872340426,-0.825531914893617,-0.08936170212765958,-0.9319148936170213,-0.04680851063829787,-0.5319148936170213,-0.03404255319148936,-0.7404255319148936,-0.01702127659574468,-0.8765957446808511,0.0,-1.0,0.03404255319148936,-0.49361702127659574,0.04680851063829787,-0.6936170212765957,0.06382978723404255,-0.8170212765957446,0.07234042553191489,-0.9319148936170213,0.11914893617021277,-0.4127659574468085,0.1276595744680851,-0.5787234042553191,0.13191489361702127,-0.6851063829787234,0.13191489361702127,-0.7872340425531915
0.0,0.0,-0.1483050847457627,-0.1016949152542373,-0.25,-0.2796610169491525,-0.2457627118644068,-0.423728813559322,-0.1483050847457627,-0.4322033898305085,-0.15254237288135594,-0.5127118644067796,-0.13983050847457626,-0.7033898305084746,-0.13559322033898305,-0.8220338983050848,-0.1271186440677966,-0.9322033898305084,-0.07627118644067797,-0.5211864406779662,-0.06779661016949153,-0.7330508474576272,-0.059322033898305086,-0.8728813559322034,-0.046610169491525424,-1.0,0.00423728813559322,-0.4830508474576271,0.00847457627118644,-0.6864406779661016,0.0211864406779661,-0.8177966101694916,0.025423728813559324,-0.9322033898305084,0.0847457627118644,-0.4067796610169492,0.08898305084745763,-0.5720338983050848,0.08898305084745763,-0.6822033898305084,0.08898305084745763,-0.7754237288135594
0.0,0.0,-0.1452991452991453,-0.09829059829059829,-0.24786324786324787,-0.27350427350427353,-0.24358974358974358,-0.41452991452991456,-0.14102564102564102,-0.44871794871794873,-0.14957264957264957,-0.5170940170940171,-0.13675213675213677,-0.7051282051282052,-0.1282051282051282,-0.8247863247863247,-0.11965811965811966,-0.9316239316239316,-0.07264957264957266,-0.5170940170940171,-0.0641025641025641,-0.7350427350427351,-0.05555555555555555,-0.8717948717948718,-0.042735042735042736,-1.0,0.008547008547008548,-0.47863247863247865,0.01282051282051282,-0.688034188034188,0.021367521367521368,-0.8162393162393162,0.02564102564102564,-0.9316239316239316,0.08974358974358974,-0.405982905982906,0.09401709401709402,-0.5683760683760684,0.09401709401709402,-0.6794871794871795,0.08974358974358974,-0.7777777777777778
0.0,0.0,-0.1504424778761062,-0.084070796460177,-0.2345132743362832,-0.23893805309734514,-0.1504424778761062,-0.3495575221238938,-0.022123893805309734,-0.3672566371681416,-0.15486725663716813,-0.4911504424778761,-0.15486725663716813,-0.6858407079646017,-0.14601769911504425,-0.8053097345132744,-0.13274336283185842,-0.911504424778761,-0.048672566371681415,-0.5088495575221239,-0.04424778761061947,-0.7300884955752213,-0.03982300884955752,-0.8716814159292036,-0.035398230088495575,-1.0,0.048672566371681415,-0.4823008849557522,0.06637168141592921,-0.6858407079646017,0.06637168141592921,-0.8097345132743363,0.06637168141592921,-0.9247787610619469,0.14601769911504425,-0.415929203539823,0.1592920353982301,-0.5752212389380531,0.15486725663716813,-0.6769911504424779,0.1504424778761062,-0.7743362831858407
0.0,0.0,-0.1511111111111111,-0.08444444444444445,-0.2311111111111111,-0.24444444444444444,-0.14222222222222222,-0.36,-0.0044444444444444444,-0.38666666666666666,-0.16444444444444445,-0.5022222222222222,-0.15555555555555556,-0.7022222222222222,-0.14222222222222222,-0.8222222222222222,-0.12444444444444444,-0.9288888888888889,-0.057777777777777775,-0.52,-0.04888888888888889,-0.7466666666666667,-0.04,-0.88,-0.035555555555555556,-1.0,0.035555555555555556,-0.49777777777777776,0.04888888888888889,-0.7022222222222222,0.04888888888888889,-0.8311111111111111,0.04888888888888889,-0.9377777777777778,0.1288888888888889,-0.43555555555555553,0.13777777777777778,-0.6,0.13333333333333333,-0.7022222222222222,0.12444444444444444,-0.7955555555555556
0.0,0.0,-0.14473684210526316,-0.09649122807017543,-0.2236842105263158,-0.2675438596491228,-0.12719298245614036,-0.38596491228070173,0.008771929824561403,-0.3815789473684211,-0.14035087719298245,-0.5219298245614035,-0.12719298245614036,-0.7149122807017544,-0.10964912280701754,-0.8333333333333334,-0.09210526315789473,-0.9342105263157895,-0.043859649122807015,-0.5350877192982456,-0.02631578947368421,-0.7543859649122807,-0.013157894736842105,-0.8859649122807017,-0.008771929824561403,-1.0,0.04824561403508772,-0.5043859649122807,0.06578947368421052,-0.706140350877193,0.07017543859649122,-0.8289473684210527,0.07017543859649122,-0.9385964912280702,0.13596491228070176,-0.4342105263157895,0.14473684210526316,-0.5964912280701754,0.14035087719298245,-0.6973684210526315,0.13596491228070176,-0.7850877192982456
0.0,0.0,-0.1511111111111111,-0.10222222222222223,-0.21333333333333335,-0.27555555555555555,-0.10666666666666667,-0.39111111111111113,0.02666666666666667,-0.39555555555555555,-0.10222222222222223,-0.5333333333333333,-0.07111111111111111,-0.7244444444444444,-0.035555555555555556,-0.8444444444444444,0.0044444444444444444,-0.9422222222222222,0.0044444444444444444,-0.5422222222222223,0.044444444444444446,-0.7555555555555555,0.07111111111111111,-0.8844444444444445,0.09777777777777778,-1.0,0.09777777777777778,-0.5022222222222222,0.13777777777777778,-0.7022222222222222,0.15555555555555556,-0.8266666666666667,0.17333333333333334,-0.9333333333333333,0.18222222222222223,-0.4266666666666667,0.2088888888888889,-0.5822222222222222,0.21777777777777776,-0.6844444444444444,0.22666666666666666,-0.7733333333333333
0.0,0.0,-0.15418502202643172,-0.09251101321585903,-0.23348017621145375,-0.2687224669603524,-0.14977973568281938,-0.3964757709251101,-0.01762114537444934,-0.41409691629955947,-0.13215859030837004,-0.5286343612334802,-0.11013215859030837,-0.7224669603524229,-0.0881057268722467,-0.8370044052863436,-0.06167400881057269,-0.9383259911894273,-0.02643171806167401,-0.5374449339207048,-0.004405286343612335,-0.7577092511013216,0.013215859030837005,-0.8898678414096917,0.030837004405286344,-1.0,0.06607929515418502,-0.5066079295154186,0.09251101321585903,-0.7092511013215859,0.10572687224669604,-0.8325991189427313,0.1145374449339207,-0.9383259911894273,0.15859030837004406,-0.43612334801762115,0.1762114537444934,-0.5947136563876652,0.1762114537444934,-0.7004405286343612,0.18061674008810572,-0.7929515418502202
0.0,0.0,-0.15350877192982457,-0.09210526315789473,-0.24561403508771928,-0.2675438596491228,-0.16228070175438597,-0.39473684210526316,-0.02631578947368421,-0.40350877192982454,-0.15350877192982457,-0.5219298245614035,-0.13596491228070176,-0.7149122807017544,-0.11403508771929824,-0.8333333333333334,-0.09210526315789473,-0.9342105263157895,-0.04824561403508772,-0.5350877192982456,-0.03070175438596491,-0.7543859649122807,-0.013157894736842105,-0.8859649122807017,0.0,-1.0,0.04824561403508772,-0.5043859649122807,0.06578947368421052,-0.706140350877193,0.07456140350877193,-0.8289473684210527,0.08333333333333333,-0.9385964912280702,0.14035087719298245,-0.43859649122807015,0.14912280701754385,-0.5964912280701754,0.15350877192982457,-0.7017543859649122,0.14912280701754385,-0.793859649122807
0.0,0.0,-0.1572052401746725,-0.06986899563318777,-0.2794759825327511,-0.2183406113537118,-0.24017467248908297,-0.36681222707423583,-0.1091703056768559,-0.4148471615720524,-0.24017467248908297,-0.49344978165938863,-0.2663755458515284,-0.6812227074235808,-0.27510917030567683,-0.7991266375545851,-0.27510917030567683,-0.9082969432314411,-0.14410480349344978,-0.5283842794759825,-0.1703056768558952,-0.74235807860262,-0.18777292576419213,-0.8777292576419214,-0.2052401746724891,-1.0,-0.043668122270742356,-0.5109170305676856,-0.06986899563318777,-0.7161572052401747,-0.08733624454148471,-0.8384279475982532,-0.1091703056768559,-0.9519650655021834,0.0611353711790393,-0.462882096069869,0.039301310043668124,-0.6244541484716157,0.017467248908296942,-0.7292576419213974,-0.008733624454148471,-0.8253275109170306
0.0,0.0,-0.1689497716894977,-0.045662100456621,-0.3242009132420091,-0.1780821917808219,-0.3013698630136986,-0.3287671232876712,-0.1735159817351598,-0.4063926940639269,-0.3287671232876712,-0.4657534246575342,-0.3926940639269406,-0.6529680365296804,-0.4200913242009132,-0.776255707762557,-0.4383561643835616,-0.8904109589041096,-0.2328767123287671,-0.5205479452054794,-0.2968036529680365,-0.7351598173515982,-0.3378995433789954,-0.8721461187214612,-0.3744292237442922,-1.0,-0.1278538812785388,-0.5251141552511416,-0.1872146118721461,-0.730593607305936,-0.2237442922374429,-0.8538812785388128,-0.2648401826484018,-0.9680365296803652,-0.0091324200913242,-0.4885844748858447,-0.0593607305936073,-0.6529680365296804,-0.0958904109589041,-0.7534246575342466,-0.136986301369863,-0.8447488584474886
0.0,0.0,-0.18446601941747573,-0.038834951456310676,-0.35436893203883496,-0.1553398058252427,-0.35436893203883496,-0.3155339805825243,-0.23300970873786409,-0.4077669902912621,-0.39805825242718446,-0.46116504854368934,-0.4854368932038835,-0.6504854368932039,-0.5339805825242718,-0.7766990291262136,-0.5679611650485437,-0.883495145631068,-0.30097087378640774,-0.529126213592233,-0.3932038834951456,-0.7427184466019418,-0.45145631067961167,-0.8786407766990292,-0.5,-1.0,-0.18932038834951456,-0.5436893203883495,-0.27184466019417475,-0.7524271844660194,-0.32524271844660196,-0.8786407766990292,-0.3786407766990291,-0.9854368932038835,-0.06310679611650485,-0.5194174757281553,-0.1262135922330097,-0.6844660194174758,-0.1796116504854369,-0.7864077669902912,-0.22815533980582525,-0.8689320388349514
0.0,0.0,-0.17757009345794392,-0.04205607476635514,-0.3317757009345794,-0.17757009345794392,-0.3177570093457944,-0.3317757009345794,-0.19158878504672897,-0.411214953271028,-0.3411214953271028,-0.4719626168224299,-0.411214953271028,-0.6635514018691588,-0.4439252336448598,-0.780373831775701,-0.46261682242990654,-0.8925233644859814,-0.24299065420560748,-0.5280373831775701,-0.3130841121495327,-0.7429906542056075,-0.35046728971962615,-0.8785046728971962,-0.38317757009345793,-1.0,-0.13551401869158877,-0.5327102803738317,-0.19158878504672897,-0.7383177570093458,-0.22897196261682243,-0.8598130841121495,-0.26635514018691586,-0.9719626168224299,-0.014018691588785047,-0.5,-0.06542056074766354,-0.6588785046728972,-0.10747663551401869,-0.7570093457943925,-0.14485981308411214,-0.8457943925233645
0.0,0.0,-0.18095238095238095,-0.0380952380952381,-0.3476190476190476,-0.1619047619047619,-0.34285714285714286,-0.3238095238095238,-0.21428571428571427,-0.4095238095238095,-0.37142857142857144,-0.4666666666666667,-0.4523809523809524,-0.6571428571428571,-0.49047619047619045,-0.780952380952381,-0.5190476190476191,-0.8904761904761904,-0.2761904761904762,-0.5285714285714286,-0.36666666666666664,-0.7428571428571429,-0.4142857142857143,-0.8761904761904762,-0.45714285714285713,-1.0,-0.16666666666666666,-0.5428571428571428,-0.24285714285714285,-0.7476190476190476,-0.2904761904761905,-0.8714285714285714,-0.3380952380952381,-0.9809523809523809,-0.04285714285714286,-0.5142857142857142,-0.1,-0.6761904761904762,-0.14761904761904762,-0.7761904761904762,-0.19523809523809524,-0.861904761904762
0.0,0.0,-0.17592592592592593,-0.05555555555555555,-0.3333333333333333,-0.19907407407407407,-0.32407407407407407,-0.35185185185185186,-0.18518518518518517,-0.41203703703703703,-0.3287037037037037,-0.4861111111111111,-0.3888888888888889,-0.6805555555555556,-0.4166666666666667,-0.8009259259259259,-0.4351851851851852,-0.9074074074074074,-0.23148148148148148,-0.5324074074074074,-0.30092592592592593,-0.7453703703703703,-0.33796296296296297,-0.8796296296296297,-0.37037037037037035,-1.0,-0.125,-0.5324074074074074,-0.18518518518518517,-0.7361111111111112,-0.2222222222222222,-0.8611111111111112,-0.25925925925925924,-0.9675925925925926,-0.009259259259259259,-0.49537037037037035,-0.05555555555555555,-0.6574074074074074,-0.09722222222222222,-0.7546296296296297,-0.13425925925925927,-0.8425925925925926
0.0,0.0,-0.15789473684210525,-0.07456140350877193,-0.2807017543859649,-0.2324561403508772,-0.2543859649122807,-0.38596491228070173,-0.12719298245614036,-0.4342105263157895,-0.23684210526315788,-0.5087719298245614,-0.2543859649122807,-0.7017543859649122,-0.25877192982456143,-0.8201754385964912,-0.2543859649122807,-0.9210526315789473,-0.14035087719298245,-0.5350877192982456,-0.15350877192982457,-0.75,-0.16666666666666666,-0.881578947368421,-0.17543859649122806,-1.0,-0.043859649122807015,-0.5175438596491229,-0.06140350877192982,-0.7192982456140351,-0.07456140350877193,-0.8421052631578947,-0.09210526315789473,-0.9429824561403509,0.05701754385964912,-0.4692982456140351,0.03508771929824561,-0.6228070175438597,0.017543859649122806,-0.7236842105263158,0.0,-0.8114035087719298
0.0,0.0,-0.1615720524017467,-0.07423580786026202,-0.2794759825327511,-0.22707423580786026,-0.24017467248908297,-0.38427947598253276,-0.11353711790393013,-0.43231441048034935,-0.22707423580786026,-0.5065502183406113,-0.23580786026200873,-0.6986899563318777,-0.2314410480349345,-0.8165938864628821,-0.22707423580786026,-0.9213973799126638,-0.1222707423580786,-0.5327510917030568,-0.13537117903930132,-0.7510917030567685,-0.13973799126637554,-0.8820960698689956,-0.14847161572052403,-1.0,-0.026200873362445413,-0.5152838427947598,-0.039301310043668124,-0.7161572052401747,-0.048034934497816595,-0.834061135371179,-0.0611353711790393,-0.9388646288209607,0.07423580786026202,-0.462882096069869,0.0611353711790393,-0.6200873362445415,0.048034934497816595,-0.7205240174672489,0.034934497816593885,-0.8078602620087336
0.0,0.0,-0.14912280701754385,-0.08333333333333333,-0.25,-0.24561403508771928,-0.19298245614035087,-0.38596491228070173,-0.09210526315789473,-0.4473684210526316,-0.2236842105263158,-0.5,-0.2675438596491228,-0.6842105263157895,-0.29385964912280704,-0.8026315789473685,-0.30701754385964913,-0.9078947368421053,-0.11403508771929824,-0.5307017543859649,-0.13596491228070176,-0.75,-0.14473684210526316,-0.8859649122807017,-0.15350877192982457,-1.0,-0.0043859649122807015,-0.5087719298245614,-0.008771929824561403,-0.7149122807017544,-0.008771929824561403,-0.8421052631578947,-0.013157894736842105,-0.956140350877193,0.10526315789473684,-0.4473684210526316,0.16228070175438597,-0.5964912280701754,0.19298245614035087,-0.7017543859649122,0.21929824561403508,-0.7982456140350878
0.0,0.0,-0.1504424778761062,-0.084070796460177,-0.25663716814159293,-0.24778761061946902,-0.19469026548672566,-0.3805309734513274,-0.084070796460177,-0.4247787610619469,-0.2345132743362832,-0.48672566371681414,-0.29646017699115046,-0.672566371681416,-0.33185840707964603,-0.7920353982300885,-0.36283185840707965,-0.8938053097345132,-0.12389380530973451,-0.5221238938053098,-0.15486725663716813,-0.7433628318584071,-0.17256637168141592,-0.8805309734513275,-0.1902654867256637,-1.0,-0.01327433628318584,-0.5088495575221239,-0.022123893805309734,-0.7123893805309734,-0.02654867256637168,-0.8407079646017699,-0.035398230088495575,-0.9513274336283186,0.09734513274336283,-0.45132743362831856,0.1415929203539823,-0.6017699115044248,0.168141592920354,-0.7079646017699115,0.18584070796460178,-0.8053097345132744
0.0,0.0,-0.15315315315315314,-0.07207207207207207,-0.2747747747747748,-0.22972972972972974,-0.21621621621621623,-0.36486486486486486,-0.0990990990990991,-0.4099099099099099,-0.26126126126126126,-0.481981981981982,-0.35135135135135137,-0.6576576576576577,-0.4009009009009009,-0.7702702702702703,-0.44144144144144143,-0.8693693693693694,-0.14864864864864866,-0.527027027027027,-0.1981981981981982,-0.7477477477477478,-0.22522522522522523,-0.8873873873873874,-0.24324324324324326,-1.0,-0.036036036036036036,-0.5180180180180181,-0.04504504504504504,-0.7252252252252253,-0.05405405405405406,-0.8513513513513513,-0.06306306306306306,-0.963963963963964,0.08108108108108109,-0.4594594594594595,0.15315315315315314,-0.6036036036036037,0.1981981981981982,-0.7072072072072072,0.23873873873873874,-0.8018018018018018
0.0,0.0,-0.15246636771300448,-0.08071748878923767,-0.26905829596412556,-0.23766816143497757,-0.20179372197309417,-0.36771300448430494,-0.08968609865470852,-0.4170403587443946,-0.25112107623318386,-0.484304932735426,-0.336322869955157,-0.6636771300448431,-0.38565022421524664,-0.7757847533632287,-0.4260089686098655,-0.874439461883408,-0.14349775784753363,-0.5291479820627802,-0.19282511210762332,-0.7488789237668162,-0.21973094170403587,-0.8834080717488789,-0.23766816143497757,-1.0,-0.03139013452914798,-0.515695067264574,-0.04035874439461883,-0.7219730941704036,-0.04932735426008968,-0.852017937219731,-0.053811659192825115,-0.9596412556053812,0.08968609865470852,-0.45739910313901344,0.16143497757847533,-0.6053811659192825,0.2062780269058296,-0.7130044843049327,0.24663677130044842,-0.8026905829596412
0.0,0.0,-0.15178571428571427,-0.08035714285714286,-0.26785714285714285,-0.24553571428571427,-0.19642857142857142,-0.36607142857142855,-0.05803571428571429,-0.38839285714285715,-0.22767857142857142,-0.49107142857142855,-0.30357142857142855,-0.6696428571428571,-0.3482142857142857,-0.7857142857142857,-0.3794642857142857,-0.8883928571428571,-0.12053571428571429,-0.5267857142857143,-0.16071428571428573,-0.75,-0.17857142857142858,-0.8839285714285714,-0.19196428571428573,-1.0,-0.008928571428571428,-0.5089285714285714,-0.008928571428571428,-0.71875,-0.013392857142857142,-0.8482142857142857,-0.013392857142857142,-0.9598214285714286,0.10714285714285714,-0.44642857142857145,0.19196428571428573,-0.5892857142857143,0.24553571428571427,-0.6919642857142857,0.29017857142857145,-0.7857142857142857
0.0,0.0,-0.14847161572052403,-0.09170305676855896,-0.24017467248908297,-0.26200873362445415,-0.16593886462882096,-0.37117903930131,-0.056768558951965066,-0.4148471615720524,-0.18340611353711792,-0.5065502183406113,-0.24017467248908297,-0.6855895196506551,-0.27510917030567683,-0.8034934497816594,-0.3056768558951965,-0.9082969432314411,-0.07423580786026202,-0.5327510917030568,-0.08733624454148471,-0.7510917030567685,-0.09606986899563319,-0.8864628820960698,-0.10480349344978165,-1.0,0.026200873362445413,-0.5065502183406113,0.043668122270742356,-0.7117903930131004,0.05240174672489083,-0.8384279475982532,0.05240174672489083,-0.9475982532751092,0.12663755458515283,-0.4366812227074236,0.22270742358078602,-0.5676855895196506,0.28820960698689957,-0.6593886462882096,0.3406113537117904,-0.74235807860262
0.0,0.0,-0.15086206896551724,-0.08189655172413793,-0.25862068965517243,-0.25,-0.1853448275862069,-0.375,-0.05172413793103448,-0.3922413793103448,-0.19827586206896552,-0.5,-0.2672413793103448,-0.6810344827586207,-0.30603448275862066,-0.7931034482758621,-0.33620689655172414,-0.8879310344827587,-0.08620689655172414,-0.5301724137931034,-0.10344827586206896,-0.75,-0.11206896551724138,-0.8879310344827587,-0.1206896551724138,-1.0,0.02586206896551724,-0.5043103448275862,0.04741379310344827,-0.7025862068965517,0.0603448275862069,-0.8275862068965517,0.07327586206896551,-0.9353448275862069,0.1336206896551724,-0.43103448275862066,0.23706896551724138,-0.5560344827586207,0.30603448275862066,-0.646551724137931,0.3706896551724138,-0.7198275862068966
0.0,0.0,-0.15702479338842976,-0.08677685950413223,-0.2644628099173554,-0.256198347107438,-0.19008264462809918,-0.38016528925619836,-0.06198347107438017,-0.40082644628099173,-0.2024793388429752,-0.49586776859504134,-0.2727272727272727,-0.6776859504132231,-0.30991735537190085,-0.7933884297520661,-0.3347107438016529,-0.8966942148760331,-0.09090909090909091,-0.5247933884297521,-0.1115702479338843,-0.7479338842975206,-0.12396694214876033,-0.8842975206611571,-0.128099173553719,-1.0,0.01652892561983471,-0.5041322314049587,0.0371900826446281,-0.7066115702479339,0.045454545454545456,-0.8347107438016529,0.049586776859504134,-0.9421487603305785,0.12396694214876033,-0.4380165289256198,0.2190082644628099,-0.5661157024793388,0.28512396694214875,-0.6611570247933884,0.33884297520661155,-0.7396694214876033
0.0,0.0,-0.14893617021276595,-0.0851063829787234,-0.25957446808510637,-0.24680851063829787,-0.19148936170212766,-0.3659574468085106,-0.07659574468085106,-0.39574468085106385,-0.18723404255319148,-0.502127659574468,-0.24680851063829787,-0.6851063829787234,-0.28085106382978725,-0.8,-0.3021276595744681,-0.902127659574468,-0.07234042553191489,-0.5276595744680851,-0.08936170212765958,-0.7489361702127659,-0.08936170212765958,-0.8851063829787233,-0.08936170212765958,-1.0,0.03404255319148936,-0.4978723404255319,0.059574468085106386,-0.6978723404255319,0.07659574468085106,-0.825531914893617,0.08936170212765958,-0.9319148936170213,0.13617021276595745,-0.425531914893617,0.23404255319148937,-0.5531914893617021,0.30638297872340425,-0.6425531914893617,0.3617021276595745,-0.7191489361702128
0.0,0.0,-0.14893617021276595,-0.09361702127659574,-0.2553191489361702,-0.2723404255319149,-0.1829787234042553,-0.39574468085106385,-0.05106382978723404,-0.4127659574468085,-0.1702127659574468,-0.5148936170212766,-0.22127659574468084,-0.6978723404255319,-0.24680851063829787,-0.8170212765957446,-0.26382978723404255,-0.9148936170212766,-0.059574468085106386,-0.5404255319148936,-0.06808510638297872,-0.7574468085106383,-0.06808510638297872,-0.8893617021276595,-0.06808510638297872,-1.0,0.0425531914893617,-0.5063829787234042,0.06808510638297872,-0.7021276595744681,0.0851063829787234,-0.8297872340425532,0.09787234042553192,-0.9361702127659575,0.14042553191489363,-0.4340425531914894,0.23404255319148937,-0.5617021276595745,0.3021276595744681,-0.6510638297872341,0.3617021276595745,-0.7319148936170212
0.0,0.0,-0.15086206896551724,-0.09051724137931035,-0.2543103448275862,-0.2543103448275862,-0.1939655172413793,-0.38362068965517243,-0.07327586206896551,-0.41379310344827586,-0.17672413793103448,-0.5086206896551724,-0.19827586206896552,-0.7025862068965517,-0.20689655172413793,-0.8189655172413793,-0.21120689655172414,-0.9224137931034483,-0.06465517241379311,-0.5258620689655172,-0.06465517241379311,-0.7456896551724138,-0.05603448275862069,-0.8793103448275862,-0.05172413793103448,-1.0,0.03879310344827586,-0.4956896551724138,0.05603448275862069,-0.6939655172413793,0.06896551724137931,-0.8189655172413793,0.07758620689655173,-0.9310344827586207,0.13793103448275862,-0.4224137931034483,0.1939655172413793,-0.5646551724137931,0.22413793103448276,-0.6637931034482759,0.2543103448275862,-0.7629310344827587
0.0,0.0,-0.14957264957264957,-0.09401709401709402,-0.25213675213675213,-0.2606837606837607,-0.18803418803418803,-0.3888888888888889,-0.06837606837606838,-0.4188034188034188,-0.1794871794871795,-0.5170940170940171,-0.19658119658119658,-0.7051282051282052,-0.20085470085470086,-0.8205128205128205,-0.20085470085470086,-0.9273504273504274,-0.06837606837606838,-0.5341880341880342,-0.0641025641025641,-0.7435897435897436,-0.05982905982905983,-0.8760683760683761,-0.05128205128205128,-1.0,0.03418803418803419,-0.5,0.05128205128205128,-0.6965811965811965,0.05982905982905983,-0.8205128205128205,0.0641025641025641,-0.9316239316239316,0.13247863247863248,-0.43162393162393164,0.16666666666666666,-0.5769230769230769,0.1794871794871795,-0.6837606837606838,0.18803418803418803,-0.7777777777777778
0.0,0.0,-0.15021459227467812,-0.09012875536480687,-0.2532188841201717,-0.2532188841201717,-0.19742489270386265,-0.38626609442060084,-0.0815450643776824,-0.4206008583690987,-0.18025751072961374,-0.5150214592274678,-0.19742489270386265,-0.703862660944206,-0.2017167381974249,-0.8197424892703863,-0.2017167381974249,-0.9227467811158798,-0.07296137339055794,-0.5278969957081545,-0.06866952789699571,-0.7424892703862661,-0.06437768240343347,-0.8755364806866953,-0.060085836909871244,-1.0,0.030042918454935622,-0.4978540772532189,0.04721030042918455,-0.6909871244635193,0.055793991416309016,-0.8154506437768241,0.060085836909871244,-0.927038626609442,0.12875536480686695,-0.4248927038626609,0.16738197424892703,-0.5708154506437768,0.18454935622317598,-0.6738197424892703,0.19313304721030042,-0.7725321888412017
0.0,0.0,-0.15584415584415584,-0.08658008658008658,-0.2597402597402597,-0.24675324675324675,-0.19913419913419914,-0.38095238095238093,-0.08225108225108226,-0.4155844155844156,-0.18614718614718614,-0.5064935064935064,-0.2077922077922078,-0.696969696969697,-0.21645021645021645,-0.8138528138528138,-0.22077922077922077,-0.922077922077922,-0.0735930735930736,-0.5238095238095238,-0.0735930735930736,-0.7402597402597403,-0.0735930735930736,-0.8787878787878788,-0.06926406926406926,-1.0,0.025974025974025976,-0.4935064935064935,0.047619047619047616,-0.6926406926406926,0.05627705627705628,-0.8181818181818182,0.06060606060606061,-0.935064935064935,0.12554112554112554,-0.42424242424242425,0.18181818181818182,-0.5714285714285714,0.21212121212121213,-0.670995670995671,0.22943722943722944,-0.7662337662337663
0.0,0.0,-0.15789473684210525,-0.08333333333333333,-0.2719298245614035,-0.25,-0.20614035087719298,-0.38596491228070173,-0.08333333333333333,-0.4166666666666667,-0.20175438596491227,-0.5043859649122807,-0.2543859649122807,-0.6885964912280702,-0.2894736842105263,-0.8070175438596491,-0.31140350877192985,-0.9078947368421053,-0.08771929824561403,-0.5307017543859649,-0.10526315789473684,-0.7456140350877193,-0.10526315789473684,-0.881578947368421,-0.10526315789473684,-1.0,0.021929824561403508,-0.5,0.043859649122807015,-0.7017543859649122,0.06140350877192982,-0.8289473684210527,0.07456140350877193,-0.9385964912280702,0.12719298245614036,-0.4298245614035088,0.21052631578947367,-0.5701754385964912,0.2675438596491228,-0.6666666666666666,0.3157894736842105,-0.7543859649122807
0.0,0.0,-0.16299559471365638,-0.08370044052863436,-0.2775330396475771,-0.2511013215859031,-0.21145374449339208,-0.3788546255506608,-0.08370044052863436,-0.4052863436123348,-0.21145374449339208,-0.4977973568281938,-0.28193832599118945,-0.6784140969162996,-0.32599118942731276,-0.7973568281938326,-0.3568281938325991,-0.8986784140969163,-0.1013215859030837,-0.5286343612334802,-0.12334801762114538,-0.748898678414097,-0.13656387665198239,-0.8854625550660793,-0.13656387665198239,-1.0,0.013215859030837005,-0.5066079295154186,0.030837004405286344,-0.7048458149779736,0.039647577092511016,-0.8370044052863436,0.048458149779735685,-0.947136563876652,0.11894273127753303,-0.44052863436123346,0.21145374449339208,-0.5726872246696035,0.2687224669603524,-0.6696035242290749,0.32158590308370044,-0.7533039647577092
0.0,0.0,-0.1592920353982301,-0.07964601769911504,-0.2743362831858407,-0.2345132743362832,-0.22123893805309736,-0.36283185840707965,-0.10619469026548672,-0.41150442477876104,-0.22123893805309736,-0.49557522123893805,-0.2920353982300885,-0.672566371681416,-0.336283185840708,-0.7876106194690266,-0.37168141592920356,-0.8893805309734514,-0.11061946902654868,-0.5309734513274337,-0.13716814159292035,-0.7433628318584071,-0.1504424778761062,-0.8805309734513275,-0.1592920353982301,-1.0,0.004424778761061947,-0.5088495575221239,0.017699115044247787,-0.7035398230088495,0.022123893805309734,-0.8362831858407079,0.022123893805309734,-0.9513274336283186,0.11504424778761062,-0.4424778761061947,0.2079646017699115,-0.5752212389380531,0.26548672566371684,-0.672566371681416,0.3185840707964602,-0.7610619469026548
0.0,0.0,-0.16228070175438597,-0.08333333333333333,-0.27631578947368424,-0.24561403508771928,-0.21052631578947367,-0.37280701754385964,-0.08771929824561403,-0.41228070175438597,-0.2236842105263158,-0.49122807017543857,-0.2982456140350877,-0.6754385964912281,-0.34210526315789475,-0.7894736842105263,-0.37280701754385964,-0.8947368421052632,-0.11403508771929824,-0.5263157894736842,-0.14473684210526316,-0.7456140350877193,-0.16666666666666666,-0.881578947368421,-0.18421052631578946,-1.0,-0.0043859649122807015,-0.5043859649122807,0.008771929824561403,-0.706140350877193,0.013157894736842105,-0.8421052631578947,0.008771929824561403,-0.956140350877193,0.10964912280701754,-0.43859649122807015,0.20175438596491227,-0.5745614035087719,0.2675438596491228,-0.6754385964912281,0.3201754385964912,-0.7631578947368421
0.0,0.0,-0.1743119266055046,-0.05504587155963303,-0.3302752293577982,-0.1926605504587156,-0.2981651376146789,-0.3302752293577982,-0.1743119266055046,-0.38073394495412843,-0.3394495412844037,-0.463302752293578,-0.46788990825688076,-0.6192660550458715,-0.5458715596330275,-0.7201834862385321,-0.6100917431192661,-0.8119266055045872,-0.23853211009174313,-0.5229357798165137,-0.3302752293577982,-0.7247706422018348,-0.38990825688073394,-0.8577981651376146,-0.44036697247706424,-0.9678899082568807,-0.12385321100917432,-0.5229357798165137,-0.16055045871559634,-0.7339449541284404,-0.1926605504587156,-0.8761467889908257,-0.22477064220183487,-1.0,0.0045871559633027525,-0.481651376146789,0.07339449541284404,-0.6376146788990825,0.11467889908256881,-0.7568807339449541,0.15137614678899083,-0.8623853211009175
0.0,0.0,-0.17674418604651163,-0.046511627906976744,-0.34418604651162793,-0.17674418604651163,-0.31627906976744186,-0.3209302325581395,-0.19534883720930232,-0.37209302325581395,-0.3674418604651163,-0.44651162790697674,-0.5023255813953489,-0.6,-0.586046511627907,-0.7023255813953488,-0.6558139534883721,-0.7953488372093023,-0.2651162790697674,-0.5162790697674419,-0.37209302325581395,-0.7162790697674418,-0.4372093023255814,-0.8465116279069768,-0.4930232558139535,-0.958139534883721,-0.14418604651162792,-0.5255813953488372,-0.19534883720930232,-0.7348837209302326,-0.23255813953488372,-0.8790697674418605,-0.26976744186046514,-1.0,-0.013953488372093023,-0.48372093023255813,0.046511627906976744,-0.6511627906976745,0.08372093023255814,-0.772093023255814,0.11162790697674418,-0.8790697674418605
0.0,0.0,-0.1784037558685446,-0.03755868544600939,-0.3568075117370892,-0.16901408450704225,-0.3427230046948357,-0.3192488262910798,-0.2112676056338028,-0.3755868544600939,-0.39906103286384975,-0.4460093896713615,-0.5492957746478874,-0.596244131455399,-0.6431924882629108,-0.6901408450704225,-0.7183098591549296,-0.7746478873239436,-0.3004694835680751,-0.5211267605633803,-0.41784037558685444,-0.7183098591549296,-0.48826291079812206,-0.8450704225352113,-0.5492957746478874,-0.9577464788732394,-0.1784037558685446,-0.5305164319248826,-0.23943661971830985,-0.7417840375586855,-0.2863849765258216,-0.8779342723004695,-0.3333333333333333,-1.0,-0.04225352112676056,-0.49765258215962443,0.004694835680751174,-0.6666666666666666,0.03755868544600939,-0.7934272300469484,0.06572769953051644,-0.9014084507042254
0.0,0.0,-0.16444444444444445,-0.07111111111111111,-0.29333333333333333,-0.21777777777777776,-0.25333333333333335,-0.35555555555555557,-0.14222222222222222,-0.41333333333333333,-0.27111111111111114,-0.47555555555555556,-0.36444444444444446,-0.6488888888888888,-0.4177777777777778,-0.7688888888888888,-0.4577777777777778,-0.8666666666666667,-0.1511111111111111,-0.5244444444444445,-0.2,-0.7466666666666667,-0.22666666666666666,-0.8844444444444445,-0.24888888888888888,-1.0,-0.03111111111111111,-0.5155555555555555,-0.02666666666666667,-0.7155555555555555,-0.02666666666666667,-0.8488888888888889,-0.03111111111111111,-0.96,0.08888888888888889,-0.4577777777777778,0.17777777777777778,-0.6,0.23555555555555555,-0.6977777777777778,0.28444444444444444,-0.7866666666666666
0.0,0.0,-0.1572052401746725,-0.09170305676855896,-0.2576419213973799,-0.2576419213973799,-0.1703056768558952,-0.37554585152838427,-0.048034934497816595,-0.4017467248908297,-0.18777292576419213,-0.49344978165938863,-0.25327510917030566,-0.6768558951965066,-0.2838427947598253,-0.7991266375545851,-0.30131004366812225,-0.8995633187772926,-0.06550218340611354,-0.519650655021834,-0.07423580786026202,-0.74235807860262,-0.07860262008733625,-0.8864628820960698,-0.07423580786026202,-1.0,0.05240174672489083,-0.4890829694323144,0.09606986899563319,-0.6899563318777293,0.1222707423580786,-0.8209606986899564,0.14410480349344978,-0.9344978165938864,0.1572052401746725,-0.4104803493449782,0.27510917030567683,-0.5327510917030568,0.3537117903930131,-0.6200873362445415,0.4148471615720524,-0.6986899563318777
0.0,0.0,-0.14782608695652175,-0.10869565217391304,-0.23043478260869565,-0.29130434782608694,-0.13478260869565217,-0.40869565217391307,-0.008695652173913044,-0.41304347826086957,-0.13043478260869565,-0.508695652173913,-0.16956521739130434,-0.7,-0.18695652173913044,-0.8217391304347826,-0.19130434782608696,-0.9217391304347826,-0.004347826086956522,-0.5217391304347826,0.013043478260869565,-0.7434782608695653,0.021739130434782608,-0.8826086956521739,0.034782608695652174,-1.0,0.10869565217391304,-0.4782608695652174,0.16956521739130434,-0.6739130434782609,0.20869565217391303,-0.8043478260869565,0.23478260869565218,-0.908695652173913,0.20869565217391303,-0.391304347826087,0.33043478260869563,-0.5,0.41739130434782606,-0.5782608695652174,0.4956521739130435,-0.6434782608695652
0.0,0.0,-0.14410480349344978,-0.1091703056768559,-0.22707423580786026,-0.29694323144104806,-0.13537117903930132,-0.4148471615720524,-0.004366812227074236,-0.4104803493449782,-0.11790393013100436,-0.519650655021834,-0.14847161572052403,-0.7161572052401747,-0.1572052401746725,-0.8384279475982532,-0.1572052401746725,-0.9388646288209607,0.008733624454148471,-0.5283842794759825,0.034934497816593885,-0.7510917030567685,0.056768558951965066,-0.8864628820960698,0.07423580786026202,-1.0,0.1222707423580786,-0.48034934497816595,0.19213973799126638,-0.6681222707423581,0.24017467248908297,-0.7947598253275109,0.27510917030567683,-0.8995633187772926,0.2183406113537118,-0.388646288209607,0.34497816593886466,-0.4890829694323144,0.4366812227074236,-0.5633187772925764,0.5152838427947598,-0.62882096069869
0.0,0.0,-0.15217391304347827,-0.09565217391304348,-0.25217391304347825,-0.28695652173913044,-0.18695652173913044,-0.4217391304347826,-0.06086956521739131,-0.4608695652173913,-0.16521739130434782,-0.5130434782608696,-0.21739130434782608,-0.7043478260869566,-0.2391304347826087,-0.8217391304347826,-0.25217391304347825,-0.9173913043478261,-0.0391304347826087,-0.5391304347826087,-0.043478260869565216,-0.7652173913043478,-0.043478260869565216,-0.9,-0.0391304347826087,-1.0,0.0782608695652174,-0.508695652173913,0.11739130434782609,-0.7130434782608696,0.1391304347826087,-0.8347826086956521,0.1608695652173913,-0.9391304347826087,0.1826086956521739,-0.43478260869565216,0.29130434782608694,-0.5521739130434783,0.3695652173913043,-0.6304347826086957,0.43478260869565216,-0.7043478260869566
0.0,0.0,-0.15021459227467812,-0.0944206008583691,-0.2532188841201717,-0.2703862660944206,-0.19313304721030042,-0.39914163090128757,-0.0815450643776824,-0.44635193133047213,-0.17167381974248927,-0.5107296137339056,-0.22746781115879827,-0.6952789699570815,-0.2532188841201717,-0.8111587982832618,-0.2703862660944206,-0.9055793991416309,-0.05150214592274678,-0.5364806866952789,-0.060085836909871244,-0.759656652360515,-0.060085836909871244,-0.8927038626609443,-0.055793991416309016,-1.0,0.06437768240343347,-0.5107296137339056,0.09871244635193133,-0.7124463519313304,0.12017167381974249,-0.8326180257510729,0.13733905579399142,-0.9356223175965666,0.16738197424892703,-0.43776824034334766,0.27467811158798283,-0.5536480686695279,0.351931330472103,-0.630901287553648,0.4206008583690987,-0.703862660944206
0.0,0.0,0.1375,-0.18333333333333332,0.17083333333333334,-0.3541666666666667,0.0625,-0.44166666666666665,-0.05,-0.45416666666666666,0.07083333333333333,-0.44583333333333336,0.0875,-0.7,0.08333333333333333,-0.8416666666666667,0.07916666666666666,-0.9458333333333333,-0.058333333333333334,-0.4375,-0.0875,-0.7125,-0.1125,-0.875,-0.12916666666666668,-1.0,-0.16666666666666666,-0.4083333333333333,-0.24583333333333332,-0.6416666666666667,-0.2875,-0.7833333333333333,-0.31666666666666665,-0.8833333333333333,-0.23333333333333334,-0.3625,-0.3416666666666667,-0.5208333333333334,-0.4166666666666667,-0.6125,-0.4791666666666667,-0.6875
0.0,0.0,0.12658227848101267,-0.1940928270042194,0.1518987341772152,-0.37130801687763715,0.0379746835443038,-0.4472573839662447,-0.0759493670886076,-0.45147679324894513,0.05907172995780591,-0.45147679324894513,0.06329113924050633,-0.70042194092827,0.05485232067510549,-0.8438818565400844,0.046413502109704644,-0.9535864978902954,-0.0759493670886076,-0.4388185654008439,-0.10970464135021098,-0.7130801687763713,-0.14345991561181434,-0.8776371308016878,-0.1729957805907173,-1.0,-0.18565400843881857,-0.4050632911392405,-0.270042194092827,-0.6455696202531646,-0.31645569620253167,-0.7805907172995781,-0.350210970464135,-0.8776371308016878,-0.25738396624472576,-0.3628691983122363,-0.3755274261603376,-0.5189873417721519,-0.45147679324894513,-0.6033755274261603,-0.5232067510548524,-0.6708860759493671
0.0,0.0,0.1206896551724138,-0.1939655172413793,0.13793103448275862,-0.3793103448275862,0.03879310344827586,-0.47844827586206895,-0.07327586206896551,-0.49137931034482757,0.05172413793103448,-0.4525862068965517,0.04310344827586207,-0.7112068965517241,0.03017241379310345,-0.8577586206896551,0.017241379310344827,-0.9655172413793104,-0.07758620689655173,-0.43103448275862066,-0.1336206896551724,-0.7112068965517241,-0.17672413793103448,-0.875,-0.21120689655172414,-1.0,-0.1853448275862069,-0.3879310344827586,-0.28448275862068967,-0.6293103448275862,-0.34913793103448276,-0.771551724137931,-0.3922413793103448,-0.875,-0.25862068965517243,-0.33620689655172414,-0.38362068965517243,-0.49137931034482757,-0.46551724137931033,-0.5689655172413793,-0.5387931034482759,-0.6379310344827587
0.0,0.0,0.09482758620689655,-0.21120689655172414,0.07758620689655173,-0.3879310344827586,-0.05172413793103448,-0.45689655172413796,-0.16810344827586207,-0.46551724137931033,0.06465517241379311,-0.44396551724137934,0.034482758620689655,-0.7068965517241379,0.01293103448275862,-0.8577586206896551,-0.008620689655172414,-0.9741379310344828,-0.0603448275862069,-0.41379310344827586,-0.125,-0.6982758620689655,-0.16810344827586207,-0.8706896551724138,-0.2025862068965517,-1.0,-0.1810344827586207,-0.375,-0.2801724137931034,-0.6293103448275862,-0.33189655172413796,-0.7758620689655172,-0.3706896551724138,-0.8879310344827587,-0.28448275862068967,-0.33620689655172414,-0.40948275862068967,-0.4956896551724138,-0.4956896551724138,-0.5862068965517241,-0.5732758620689655,-0.6594827586206896
0.0,0.0,0.1059322033898305,-0.2076271186440678,0.11016949152542373,-0.3813559322033898,0.00423728813559322,-0.461864406779661,-0.11016949152542373,-0.4788135593220339,0.07627118644067797,-0.4406779661016949,0.07203389830508475,-0.6991525423728814,0.0635593220338983,-0.847457627118644,0.059322033898305086,-0.9576271186440678,-0.0423728813559322,-0.4152542372881356,-0.0847457627118644,-0.7033898305084746,-0.11440677966101695,-0.8728813559322034,-0.13983050847457626,-1.0,-0.16101694915254236,-0.3728813559322034,-0.2330508474576271,-0.6313559322033898,-0.2754237288135593,-0.788135593220339,-0.3093220338983051,-0.9067796610169492,-0.2584745762711864,-0.326271186440678,-0.3601694915254237,-0.5,-0.4279661016949153,-0.597457627118644,-0.4915254237288136,-0.6822033898305084
0.0,0.0,0.14042553191489363,-0.18723404255319148,0.1829787234042553,-0.3446808510638298,0.08936170212765958,-0.4425531914893617,-0.02127659574468085,-0.46808510638297873,0.14042553191489363,-0.4297872340425532,0.17446808510638298,-0.676595744680851,0.1829787234042553,-0.8212765957446808,0.18723404255319148,-0.9276595744680851,0.00851063829787234,-0.4340425531914894,0.01276595744680851,-0.7148936170212766,0.00425531914893617,-0.8808510638297873,0.0,-1.0,-0.1148936170212766,-0.4085106382978723,-0.16170212765957448,-0.6638297872340425,-0.1829787234042553,-0.8170212765957446,-0.2,-0.9276595744680851,-0.2127659574468085,-0.3617021276595745,-0.2936170212765957,-0.5531914893617021,-0.3446808510638298,-0.6595744680851063,-0.39148936170212767,-0.7489361702127659
0.0,0.0,0.15450643776824036,-0.1759656652360515,0.19742489270386265,-0.33476394849785407,0.11587982832618025,-0.4334763948497854,0.008583690987124463,-0.4721030042918455,0.17167381974248927,-0.4291845493562232,0.23605150214592274,-0.6695278969957081,0.26180257510729615,-0.8111587982832618,0.27467811158798283,-0.9141630901287554,0.04721030042918455,-0.44206008583690987,0.07725321888412018,-0.7167381974248928,0.08583690987124463,-0.8798283261802575,0.09012875536480687,-1.0,-0.07725321888412018,-0.4248927038626609,-0.09871244635193133,-0.6824034334763949,-0.1072961373390558,-0.8369098712446352,-0.11587982832618025,-0.9527896995708155,-0.18025751072961374,-0.38197424892703863,-0.2446351931330472,-0.5793991416309013,-0.2918454935622318,-0.6909871244635193,-0.33476394849785407,-0.7896995708154506
0.0,0.0,0.16521739130434782,-0.16956521739130434,0.2217391304347826,-0.3217391304347826,0.13478260869565217,-0.4260869565217391,0.02608695652173913,-0.4652173913043478,0.1956521739130435,-0.4217391304347826,0.27391304347826084,-0.6565217391304348,0.30869565217391304,-0.7956521739130434,0.3347826086956522,-0.9,0.06956521739130435,-0.4434782608695652,0.11739130434782609,-0.7217391304347827,0.13043478260869565,-0.8826086956521739,0.1391304347826087,-1.0,-0.05217391304347826,-0.43043478260869567,-0.05217391304347826,-0.691304347826087,-0.05652173913043478,-0.8478260869565217,-0.06086956521739131,-0.9608695652173913,-0.1608695652173913,-0.39565217391304347,-0.21739130434782608,-0.591304347826087,-0.2608695652173913,-0.7043478260869566,-0.30434782608695654,-0.8043478260869565
0.0,0.0,0.18584070796460178,-0.14601769911504425,0.2610619469026549,-0.28761061946902655,0.18141592920353983,-0.4026548672566372,0.07964601769911504,-0.4557522123893805,0.22566371681415928,-0.40707964601769914,0.33185840707964603,-0.6460176991150443,0.3805309734513274,-0.7831858407079646,0.41150442477876104,-0.8849557522123894,0.09734513274336283,-0.4469026548672566,0.17256637168141592,-0.7212389380530974,0.20353982300884957,-0.8849557522123894,0.22123893805309736,-1.0,-0.030973451327433628,-0.4424778761061947,-0.004424778761061947,-0.7079646017699115,0.004424778761061947,-0.8628318584070797,0.008849557522123894,-0.9778761061946902,-0.13716814159292035,-0.415929203539823,-0.18141592920353983,-0.6150442477876106,-0.2168141592920354,-0.7256637168141593,-0.24778761061946902,-0.827433628318584
0.0,0.0,0.2,-0.11818181818181818,0.31363636363636366,-0.24545454545454545,0.2681818181818182,-0.37727272727272726,0.17272727272727273,-0.4409090909090909,0.29545454545454547,-0.39090909090909093,0.43636363636363634,-0.6136363636363636,0.5045454545454545,-0.7454545454545455,0.55,-0.8454545454545455,0.16818181818181818,-0.44545454545454544,0.2909090909090909,-0.7090909090909091,0.34545454545454546,-0.8727272727272727,0.37272727272727274,-0.9863636363636363,0.04090909090909091,-0.4590909090909091,0.10454545454545454,-0.7272727272727273,0.13636363636363635,-0.8863636363636364,0.15454545454545454,-1.0,-0.07727272727272727,-0.44545454545454544,-0.08636363636363636,-0.65,-0.10909090909090909,-0.7727272727272727,-0.1318181818181818,-0.8818181818181818
0.0,0.0,0.1963470319634703,-0.1232876712328767,0.3059360730593607,-0.2511415525114155,0.2648401826484018,-0.3835616438356164,0.1643835616438356,-0.45662100456621,0.273972602739726,-0.3881278538812785,0.4018264840182648,-0.6164383561643836,0.4657534246575342,-0.7579908675799086,0.5068493150684932,-0.8584474885844748,0.1506849315068493,-0.4429223744292237,0.2557077625570776,-0.7168949771689498,0.3013698630136986,-0.8812785388127854,0.3333333333333333,-1.0,0.0228310502283105,-0.45662100456621,0.0730593607305936,-0.726027397260274,0.1004566210045662,-0.8858447488584474,0.1232876712328767,-1.0,-0.091324200913242,-0.4429223744292237,-0.1095890410958904,-0.6484018264840182,-0.1278538812785388,-0.771689497716895,-0.1461187214611872,-0.8767123287671232
0.0,0.0,0.16521739130434782,-0.1565217391304348,0.2391304347826087,-0.30434782608695654,0.16521739130434782,-0.41304347826086957,0.06956521739130435,-0.4608695652173913,0.20434782608695654,-0.41304347826086957,0.29130434782608694,-0.6521739130434783,0.3347826086956522,-0.7913043478260869,0.3652173913043478,-0.8956521739130435,0.07391304347826087,-0.43478260869565216,0.13043478260869565,-0.7086956521739131,0.15217391304347827,-0.8782608695652174,0.16521739130434782,-1.0,-0.05217391304347826,-0.4260869565217391,-0.05217391304347826,-0.6956521739130435,-0.04782608695652174,-0.8521739130434782,-0.043478260869565216,-0.9695652173913043,-0.1565217391304348,-0.39565217391304347,-0.21739130434782608,-0.5956521739130435,-0.2608695652173913,-0.7130434782608696,-0.3,-0.8130434782608695
0.0,0.0,0.14042553191489363,-0.18723404255319148,0.17872340425531916,-0.3574468085106383,0.08936170212765958,-0.4595744680851064,-0.01276595744680851,-0.4978723404255319,0.1276595744680851,-0.43829787234042555,0.16170212765957448,-0.6893617021276596,0.1702127659574468,-0.8340425531914893,0.17872340425531916,-0.9446808510638298,-0.00425531914893617,-0.425531914893617,-0.03829787234042553,-0.7021276595744681,-0.059574468085106386,-0.8723404255319149,-0.07659574468085106,-1.0,-0.1276595744680851,-0.4,-0.19148936170212766,-0.6468085106382979,-0.23404255319148937,-0.7957446808510639,-0.25957446808510637,-0.9063829787234042,-0.2170212765957447,-0.3617021276595745,-0.3191489361702128,-0.5276595744680851,-0.39148936170212767,-0.6212765957446809,-0.4553191489361702,-0.6978723404255319
0.0,0.0,0.12605042016806722,-0.19327731092436976,0.13865546218487396,-0.3697478991596639,0.02100840336134454,-0.46218487394957986,-0.09663865546218488,-0.4831932773109244,0.10504201680672269,-0.4369747899159664,0.1134453781512605,-0.6890756302521008,0.11764705882352941,-0.8403361344537815,0.11764705882352941,-0.9537815126050421,-0.037815126050420166,-0.42436974789915966,-0.09663865546218488,-0.6974789915966386,-0.12605042016806722,-0.8697478991596639,-0.15126050420168066,-1.0,-0.15966386554621848,-0.3949579831932773,-0.25210084033613445,-0.6428571428571429,-0.3025210084033613,-0.7983193277310925,-0.3403361344537815,-0.9117647058823529,-0.25210084033613445,-0.36554621848739494,-0.3865546218487395,-0.5210084033613446,-0.47478991596638653,-0.6050420168067226,-0.5546218487394958,-0.680672268907563
0.0,0.0,0.13025210084033614,-0.18487394957983194,0.15126050420168066,-0.36134453781512604,0.037815126050420166,-0.46218487394957986,-0.07142857142857142,-0.48739495798319327,0.10504201680672269,-0.4327731092436975,0.12184873949579832,-0.680672268907563,0.13025210084033614,-0.8319327731092437,0.13865546218487396,-0.9453781512605042,-0.025210084033613446,-0.42857142857142855,-0.06302521008403361,-0.6974789915966386,-0.08403361344537816,-0.8697478991596639,-0.10084033613445378,-1.0,-0.14705882352941177,-0.39915966386554624,-0.22268907563025211,-0.6470588235294118,-0.2647058823529412,-0.7983193277310925,-0.29411764705882354,-0.9159663865546218,-0.23949579831932774,-0.36554621848739494,-0.3697478991596639,-0.5210084033613446,-0.453781512605042,-0.6092436974789915,-0.5252100840336135,-0.6890756302521008
0.0,0.0,0.12340425531914893,-0.19148936170212766,0.13617021276595745,-0.37446808510638296,0.01702127659574468,-0.46382978723404256,-0.10212765957446808,-0.4723404255319149,0.08085106382978724,-0.43829787234042555,0.07234042553191489,-0.6978723404255319,0.06382978723404255,-0.851063829787234,0.05106382978723404,-0.9659574468085106,-0.05531914893617021,-0.42127659574468085,-0.1276595744680851,-0.6978723404255319,-0.1702127659574468,-0.8723404255319149,-0.20851063829787234,-1.0,-0.1702127659574468,-0.3829787234042553,-0.2723404255319149,-0.625531914893617,-0.33191489361702126,-0.774468085106383,-0.37872340425531914,-0.8851063829787233,-0.25957446808510637,-0.3404255319148936,-0.3872340425531915,-0.49361702127659574,-0.4765957446808511,-0.5787234042553191,-0.548936170212766,-0.6510638297872341
0.0,0.0,0.100418410041841,-0.20502092050209206,0.100418410041841,-0.3891213389121339,-0.02092050209205021,-0.4686192468619247,-0.13389121338912133,-0.4769874476987448,0.06276150627615062,-0.4560669456066946,0.04602510460251046,-0.7154811715481172,0.03347280334728033,-0.8702928870292888,0.02510460251046025,-0.9790794979079498,-0.07112970711297072,-0.4309623430962343,-0.1506276150627615,-0.7071129707112971,-0.20502092050209206,-0.8744769874476988,-0.24686192468619247,-1.0,-0.18410041841004185,-0.38493723849372385,-0.301255230125523,-0.6317991631799164,-0.3723849372384937,-0.7740585774058577,-0.41841004184100417,-0.8828451882845189,-0.26359832635983266,-0.3389121338912134,-0.41422594142259417,-0.48535564853556484,-0.5062761506276151,-0.5648535564853556,-0.5857740585774058,-0.6359832635983264
0.0,0.0,0.1016949152542373,-0.2033898305084746,0.1059322033898305,-0.3855932203389831,-0.0211864406779661,-0.461864406779661,-0.13983050847457626,-0.4661016949152542,0.06779661016949153,-0.4491525423728814,0.05508474576271186,-0.7076271186440678,0.038135593220338986,-0.864406779661017,0.025423728813559324,-0.9788135593220338,-0.0635593220338983,-0.423728813559322,-0.1483050847457627,-0.7033898305084746,-0.19915254237288135,-0.8728813559322034,-0.24152542372881355,-1.0,-0.17796610169491525,-0.3813559322033898,-0.3008474576271186,-0.6313559322033898,-0.3686440677966102,-0.7754237288135594,-0.423728813559322,-0.885593220338983,-0.2669491525423729,-0.3389830508474576,-0.4152542372881356,-0.4872881355932203,-0.5084745762711864,-0.5635593220338984,-0.5889830508474576,-0.6313559322033898
0.0,0.0,0.13983050847457626,-0.1864406779661017,0.17372881355932204,-0.3516949152542373,0.08050847457627118,-0.4449152542372881,-0.029661016949152543,-0.4703389830508475,0.1228813559322034,-0.4406779661016949,0.1864406779661017,-0.6822033898305084,0.2076271186440678,-0.826271186440678,0.22033898305084745,-0.9279661016949152,-0.00423728813559322,-0.4406779661016949,0.012711864406779662,-0.711864406779661,0.01694915254237288,-0.8771186440677966,0.01694915254237288,-1.0,-0.1228813559322034,-0.4152542372881356,-0.17372881355932204,-0.652542372881356,-0.19491525423728814,-0.8050847457627118,-0.2076271186440678,-0.9194915254237288,-0.21610169491525424,-0.3771186440677966,-0.3220338983050847,-0.5296610169491526,-0.3855932203389831,-0.6228813559322034,-0.4364406779661017,-0.7033898305084746
0.0,0.0,0.15086206896551724,-0.16379310344827586,0.19827586206896552,-0.33189655172413796,0.11206896551724138,-0.4482758620689655,0.008620689655172414,-0.5043103448275862,0.1724137931034483,-0.41379310344827586,0.13793103448275862,-0.6853448275862069,0.1206896551724138,-0.8318965517241379,0.10344827586206896,-0.9439655172413793,0.04310344827586207,-0.40948275862068967,0.02586206896551724,-0.7112068965517241,0.01293103448275862,-0.8793103448275862,0.0,-1.0,-0.07758620689655173,-0.3879310344827586,-0.09913793103448276,-0.6681034482758621,-0.11637931034482758,-0.8275862068965517,-0.12931034482758622,-0.9396551724137931,-0.1896551724137931,-0.35344827586206895,-0.19827586206896552,-0.5689655172413793,-0.1939655172413793,-0.6939655172413793,-0.1896551724137931,-0.7974137931034483
0.0,0.0,0.14285714285714285,-0.17316017316017315,0.19047619047619047,-0.3463203463203463,0.09090909090909091,-0.4675324675324675,-0.025974025974025976,-0.5194805194805194,0.16017316017316016,-0.4199134199134199,0.10822510822510822,-0.6883116883116883,0.07792207792207792,-0.8354978354978355,0.05194805194805195,-0.948051948051948,0.03463203463203463,-0.4069264069264069,-0.004329004329004329,-0.7056277056277056,-0.030303030303030304,-0.8744588744588745,-0.047619047619047616,-1.0,-0.09090909090909091,-0.3852813852813853,-0.11688311688311688,-0.658008658008658,-0.13852813852813853,-0.8225108225108225,-0.1471861471861472,-0.9393939393939394,-0.20346320346320346,-0.35064935064935066,-0.21212121212121213,-0.5670995670995671,-0.21645021645021645,-0.696969696969697,-0.21212121212121213,-0.8008658008658008
0.0,0.0,0.14035087719298245,-0.16666666666666666,0.18859649122807018,-0.34210526315789475,0.07894736842105263,-0.4692982456140351,-0.04824561403508772,-0.5219298245614035,0.15350877192982457,-0.41228070175438597,0.09210526315789473,-0.6842105263157895,0.05263157894736842,-0.8289473684210527,0.017543859649122806,-0.9429824561403509,0.021929824561403508,-0.39473684210526316,-0.03070175438596491,-0.6973684210526315,-0.06140350877192982,-0.8728070175438597,-0.08333333333333333,-1.0,-0.10526315789473684,-0.3684210526315789,-0.14473684210526316,-0.6447368421052632,-0.16666666666666666,-0.8114035087719298,-0.17982456140350878,-0.9298245614035088,-0.2149122807017544,-0.3333333333333333,-0.2236842105263158,-0.5526315789473685,-0.22807017543859648,-0.6754385964912281,-0.22807017543859648,-0.7850877192982456
0.0,0.0,0.11353711790393013,-0.19213973799126638,0.1222707423580786,-0.3799126637554585,0.004366812227074236,-0.49344978165938863,-0.11790393013100436,-0.5283842794759825,0.09170305676855896,-0.4366812227074236,0.017467248908296942,-0.7030567685589519,-0.03056768558951965,-0.851528384279476,-0.06986899563318777,-0.9694323144104804,-0.034934497816593885,-0.40611353711790393,-0.11353711790393013,-0.6943231441048034,-0.16593886462882096,-0.868995633187773,-0.1965065502183406,-1.0,-0.15283842794759825,-0.3624454148471616,-0.2445414847161572,-0.6244541484716157,-0.30131004366812225,-0.7816593886462883,-0.33624454148471616,-0.8951965065502183,-0.24890829694323144,-0.314410480349345,-0.33624454148471616,-0.519650655021834,-0.39737991266375544,-0.6331877729257642,-0.4585152838427948,-0.7248908296943232
0.0,0.0,0.11555555555555555,-0.19111111111111112,0.1288888888888889,-0.38222222222222224,0.02666666666666667,-0.5066666666666667,-0.08888888888888889,-0.5555555555555556,0.10222222222222223,-0.4311111111111111,0.0044444444444444444,-0.7022222222222222,-0.057777777777777775,-0.8488888888888889,-0.10666666666666667,-0.96,-0.02666666666666667,-0.4,-0.12444444444444444,-0.7022222222222222,-0.18666666666666668,-0.8755555555555555,-0.22666666666666666,-1.0,-0.14666666666666667,-0.36,-0.23555555555555555,-0.6444444444444445,-0.28444444444444444,-0.8044444444444444,-0.32,-0.92,-0.25333333333333335,-0.32,-0.30666666666666664,-0.5466666666666666,-0.3288888888888889,-0.6711111111111111,-0.3422222222222222,-0.7688888888888888
0.0,0.0,0.11946902654867257,-0.18584070796460178,0.13716814159292035,-0.37168141592920356,0.030973451327433628,-0.504424778761062,-0.08849557522123894,-0.5530973451327433,0.11061946902654868,-0.43805309734513276,0.01327433628318584,-0.7079646017699115,-0.048672566371681415,-0.8495575221238938,-0.09734513274336283,-0.9601769911504425,-0.01327433628318584,-0.4026548672566372,-0.10619469026548672,-0.7035398230088495,-0.168141592920354,-0.8761061946902655,-0.2079646017699115,-1.0,-0.13274336283185842,-0.3584070796460177,-0.21238938053097345,-0.6460176991150443,-0.26548672566371684,-0.8053097345132744,-0.29646017699115046,-0.9203539823008849,-0.2345132743362832,-0.3141592920353982,-0.28761061946902655,-0.5398230088495575,-0.30973451327433627,-0.668141592920354,-0.3185840707964602,-0.7743362831858407
0.0,0.0,0.14285714285714285,-0.16883116883116883,0.19047619047619047,-0.3463203463203463,0.1038961038961039,-0.4805194805194805,0.0,-0.5454545454545454,0.16883116883116883,-0.41125541125541126,0.11688311688311688,-0.6796536796536796,0.08225108225108226,-0.8268398268398268,0.05627705627705628,-0.935064935064935,0.04329004329004329,-0.39826839826839827,0.004329004329004329,-0.696969696969697,-0.025974025974025976,-0.8744588744588745,-0.04329004329004329,-1.0,-0.07792207792207792,-0.37662337662337664,-0.10822510822510822,-0.6536796536796536,-0.12987012987012986,-0.8181818181818182,-0.1471861471861472,-0.935064935064935,-0.18614718614718614,-0.341991341991342,-0.2077922077922078,-0.5670995670995671,-0.21645021645021645,-0.696969696969697,-0.22077922077922077,-0.8008658008658008
0.0,0.0,0.16299559471365638,-0.14537444933920704,0.23348017621145375,-0.30837004405286345,0.17180616740088106,-0.45374449339207046,0.07488986784140969,-0.5242290748898678,0.21145374449339208,-0.3964757709251101,0.1894273127753304,-0.6696035242290749,0.16740088105726872,-0.8193832599118943,0.14537444933920704,-0.933920704845815,0.0881057268722467,-0.4008810572687225,0.07048458149779736,-0.7004405286343612,0.06167400881057269,-0.8722466960352423,0.05286343612334802,-1.0,-0.039647577092511016,-0.3920704845814978,-0.04405286343612335,-0.6696035242290749,-0.048458149779735685,-0.8325991189427313,-0.05286343612334802,-0.947136563876652,-0.15418502202643172,-0.3700440528634361,-0.14977973568281938,-0.5903083700440529,-0.14096916299559473,-0.7180616740088106,-0.13656387665198239,-0.8237885462555066
0.0,0.0,0.17333333333333334,-0.14666666666666667,0.24444444444444444,-0.31555555555555553,0.18222222222222223,-0.4666666666666667,0.08888888888888889,-0.5466666666666666,0.23555555555555555,-0.39111111111111113,0.2222222222222222,-0.6666666666666666,0.2088888888888889,-0.8177777777777778,0.19555555555555557,-0.9288888888888889,0.10222222222222223,-0.40444444444444444,0.10666666666666667,-0.7066666666666667,0.10666666666666667,-0.88,0.1111111111111111,-1.0,-0.02666666666666667,-0.4,-0.017777777777777778,-0.68,-0.013333333333333334,-0.8444444444444444,-0.008888888888888889,-0.9555555555555556,-0.14666666666666667,-0.38222222222222224,-0.1288888888888889,-0.6044444444444445,-0.12,-0.7288888888888889,-0.10666666666666667,-0.8355555555555556
0.0,0.0,0.17488789237668162,-0.13901345291479822,0.2556053811659193,-0.3094170403587444,0.19282511210762332,-0.452914798206278,0.09865470852017937,-0.5291479820627802,0.23766816143497757,-0.3901345291479821,0.23766816143497757,-0.6636771300448431,0.22869955156950672,-0.8161434977578476,0.21973094170403587,-0.9282511210762332,0.1031390134529148,-0.40358744394618834,0.1210762331838565,-0.7040358744394619,0.12556053811659193,-0.8789237668161435,0.13004484304932734,-1.0,-0.02242152466367713,-0.3991031390134529,-0.004484304932735426,-0.6816143497757847,0.0,-0.8475336322869955,0.004484304932735426,-0.9596412556053812,-0.14349775784753363,-0.38565022421524664,-0.1210762331838565,-0.6053811659192825,-0.1031390134529148,-0.7354260089686099,-0.08968609865470852,-0.8385650224215246
0.0,0.0,0.16017316017316016,-0.15584415584415584,0.22510822510822512,-0.329004329004329,0.15151515151515152,-0.47186147186147187,0.047619047619047616,-0.5411255411255411,0.2077922077922078,-0.39826839826839827,0.1774891774891775,-0.670995670995671,0.15584415584415584,-0.8138528138528138,0.13852813852813853,-0.9307359307359307,0.07792207792207792,-0.39826839826839827,0.05627705627705628,-0.7012987012987013,0.047619047619047616,-0.8744588744588745,0.03896103896103896,-1.0,-0.047619047619047616,-0.38961038961038963,-0.05627705627705628,-0.670995670995671,-0.06493506493506493,-0.8311688311688312,-0.06060606060606061,-0.948051948051948,-0.1645021645021645,-0.36363636363636365,-0.16017316017316016,-0.5844155844155844,-0.15151515151515152,-0.70995670995671,-0.14285714285714285,-0.8138528138528138
0.0,0.0,0.14285714285714285,-0.16883116883116883,0.19047619047619047,-0.35064935064935066,0.1038961038961039,-0.4935064935064935,0.0,-0.5584415584415584,0.1645021645021645,-0.4155844155844156,0.1038961038961039,-0.6883116883116883,0.06060606060606061,-0.8354978354978355,0.021645021645021644,-0.9437229437229437,0.03463203463203463,-0.4025974025974026,-0.017316017316017316,-0.7056277056277056,-0.05194805194805195,-0.8787878787878788,-0.0735930735930736,-1.0,-0.08658008658008658,-0.37662337662337664,-0.12121212121212122,-0.6623376623376623,-0.14285714285714285,-0.8268398268398268,-0.15151515151515152,-0.948051948051948,-0.19913419913419914,-0.3463203463203463,-0.21212121212121213,-0.5714285714285714,-0.21645021645021645,-0.7012987012987013,-0.21645021645021645,-0.8138528138528138
0.0,0.0,0.12280701754385964,-0.18859649122807018,0.13596491228070176,-0.37719298245614036,0.02631578947368421,-0.5043859649122807,-0.09210526315789473,-0.5614035087719298,0.13157894736842105,-0.4342105263157895,0.021929824561403508,-0.7017543859649122,-0.039473684210526314,-0.8508771929824561,-0.08771929824561403,-0.9605263157894737,0.0,-0.3991228070175439,-0.10087719298245613,-0.7017543859649122,-0.16228070175438597,-0.8728070175438597,-0.20175438596491227,-1.0,-0.12280701754385964,-0.35964912280701755,-0.20614035087719298,-0.6447368421052632,-0.25877192982456143,-0.8070175438596491,-0.2894736842105263,-0.9298245614035088,-0.23684210526315788,-0.3157894736842105,-0.2807017543859649,-0.5482456140350878,-0.3026315789473684,-0.6754385964912281,-0.3157894736842105,-0.7807017543859649
0.0,0.0,0.13617021276595745,-0.1829787234042553,0.17872340425531916,-0.3446808510638298,0.08936170212765958,-0.451063829787234,-0.02127659574468085,-0.48936170212765956,0.14468085106382977,-0.41702127659574467,0.16170212765957448,-0.6808510638297872,0.1702127659574468,-0.825531914893617,0.17872340425531916,-0.9319148936170213,0.00851063829787234,-0.4127659574468085,-0.01276595744680851,-0.7021276595744681,-0.02553191489361702,-0.8723404255319149,-0.03404255319148936,-1.0,-0.1148936170212766,-0.39574468085106385,-0.19148936170212766,-0.6510638297872341,-0.22127659574468084,-0.8,-0.23829787234042554,-0.9106382978723404,-0.2127659574468085,-0.3659574468085106,-0.3276595744680851,-0.5361702127659574,-0.4,-0.6212765957446809,-0.4595744680851064,-0.7021276595744681
0.0,0.0,0.16956521739130434,-0.14782608695652175,0.26956521739130435,-0.3,0.21304347826086956,-0.4217391304347826,0.10869565217391304,-0.4652173913043478,0.21304347826086956,-0.40869565217391307,0.2826086956521739,-0.6521739130434783,0.3173913043478261,-0.7913043478260869,0.34347826086956523,-0.8956521739130435,0.0782608695652174,-0.43043478260869567,0.11739130434782609,-0.7130434782608696,0.13478260869565217,-0.8782608695652174,0.14782608695652175,-1.0,-0.05217391304347826,-0.4260869565217391,-0.06956521739130435,-0.6956521739130435,-0.06956521739130435,-0.8565217391304348,-0.06956521739130435,-0.9739130434782609,-0.1608695652173913,-0.4,-0.23478260869565218,-0.6043478260869565,-0.28695652173913044,-0.717391304347826,-0.3347826086956522,-0.8173913043478261
0.0,0.0,0.20614035087719298,-0.12280701754385964,0.3157894736842105,-0.25877192982456143,0.2543859649122807,-0.39473684210526316,0.14912280701754385,-0.45614035087719296,0.2894736842105263,-0.39473684210526316,0.3991228070175439,-0.618421052631579,0.45614035087719296,-0.75,0.5,-0.8508771929824561,0.16666666666666666,-0.4473684210526316,0.2543859649122807,-0.7192982456140351,0.29385964912280704,-0.8771929824561403,0.32456140350877194,-0.9868421052631579,0.03508771929824561,-0.4692982456140351,0.08333333333333333,-0.7368421052631579,0.10964912280701754,-0.8903508771929824,0.13157894736842105,-1.0,-0.07894736842105263,-0.45614035087719296,-0.11403508771929824,-0.6710526315789473,-0.14473684210526316,-0.793859649122807,-0.17543859649122806,-0.8991228070175439
0.0,0.0,0.11065573770491803,-0.19672131147540983,0.12295081967213115,-0.38114754098360654,0.004098360655737705,-0.47950819672131145,-0.11475409836065574,-0.5040983606557377,0.11065573770491803,-0.4385245901639344,0.07377049180327869,-0.7049180327868853,0.06147540983606557,-0.8524590163934426,0.05327868852459016,-0.9631147540983607,-0.02459016393442623,-0.4098360655737705,-0.08196721311475409,-0.6926229508196722,-0.11475409836065574,-0.8647540983606558,-0.13934426229508196,-1.0,-0.15163934426229508,-0.3729508196721312,-0.25,-0.6352459016393442,-0.30327868852459017,-0.7868852459016393,-0.3360655737704918,-0.9057377049180327,-0.2540983606557377,-0.3401639344262295,-0.38934426229508196,-0.5163934426229508,-0.47950819672131145,-0.6065573770491803,-0.5573770491803278,-0.6885245901639344
