0.0,0.0,0.148,-0.096,0.248,-0.272,0.276,-0.424,0.196,-0.496,0.088,-0.52,0.096,-0.744,0.088,-0.88,0.068,-1.0,-0.036,-0.5,0.108,-0.532,0.152,-0.352,0.14,-0.24,-0.136,-0.444,0.032,-0.444,0.064,-0.272,0.048,-0.172,-0.22,-0.364,-0.072,-0.364,-0.028,-0.248,-0.04,-0.18
0.0,0.0,0.15810276679841898,-0.10276679841897234,0.2727272727272727,-0.2727272727272727,0.308300395256917,-0.42292490118577075,0.22529644268774704,-0.4901185770750988,0.11067193675889328,-0.5296442687747036,0.12648221343873517,-0.7470355731225297,0.12648221343873517,-0.8814229249011858,0.11462450592885376,-1.0,-0.011857707509881422,-0.5177865612648221,0.1422924901185771,-0.541501976284585,0.1857707509881423,-0.35968379446640314,0.16996047430830039,-0.25296442687747034,-0.11067193675889328,-0.4624505928853755,0.07114624505928854,-0.4505928853754941,0.10276679841897234,-0.28063241106719367,0.08300395256916997,-0.1857707509881423,-0.18972332015810275,-0.383399209486166,-0.03162055335968379,-0.37549407114624506,0.003952569169960474,-0.2648221343873518,-0.019762845849802372,-0.1976284584980237
0.0,0.0,0.16666666666666666,-0.11904761904761904,0.29365079365079366,-0.26587301587301587,0.3492063492063492,-0.39285714285714285,0.2857142857142857,-0.4603174603174603,0.15079365079365079,-0.5436507936507936,0.19047619047619047,-0.753968253968254,0.19444444444444445,-0.8849206349206349,0.19047619047619047,-1.0,0.023809523809523808,-0.5396825396825397,0.20238095238095238,-0.5317460317460317,0.2222222222222222,-0.35714285714285715,0.19444444444444445,-0.25396825396825395,-0.07539682539682539,-0.4880952380952381,0.12698412698412698,-0.44841269841269843,0.1388888888888889,-0.2857142857142857,0.1111111111111111,-0.19444444444444445,-0.15873015873015872,-0.4087301587301587,0.011904761904761904,-0.38095238095238093,0.03571428571428571,-0.27380952380952384,0.015873015873015872,-0.20634920634920634
0.0,0.0,0.18218623481781376,-0.10526315789473684,0.32793522267206476,-0.2388663967611336,0.4008097165991903,-0.3643724696356275,0.3319838056680162,-0.43724696356275305,0.2145748987854251,-0.5425101214574899,0.27530364372469635,-0.7530364372469636,0.30364372469635625,-0.8866396761133604,0.31983805668016196,-1.0,0.08906882591093117,-0.5506072874493927,0.2591093117408907,-0.5303643724696356,0.2591093117408907,-0.3360323886639676,0.22672064777327935,-0.22672064777327935,-0.016194331983805668,-0.5101214574898786,0.1700404858299595,-0.4534412955465587,0.1659919028340081,-0.2793522267206478,0.13360323886639677,-0.1862348178137652,-0.10931174089068826,-0.43724696356275305,0.048582995951417005,-0.3967611336032389,0.06477732793522267,-0.2793522267206478,0.04048582995951417,-0.2145748987854251
0.0,0.0,0.1680327868852459,-0.10655737704918032,0.3073770491803279,-0.27049180327868855,0.36885245901639346,-0.42213114754098363,0.29098360655737704,-0.5122950819672131,0.1885245901639344,-0.5409836065573771,0.22950819672131148,-0.7581967213114754,0.2459016393442623,-0.8852459016393442,0.2581967213114754,-1.0,0.0778688524590164,-0.5368852459016393,0.22950819672131148,-0.5942622950819673,0.23770491803278687,-0.4016393442622951,0.20491803278688525,-0.2827868852459016,-0.020491803278688523,-0.5040983606557377,0.13934426229508196,-0.5245901639344263,0.14754098360655737,-0.3360655737704918,0.12295081967213115,-0.22131147540983606,-0.11885245901639344,-0.4426229508196721,0.028688524590163935,-0.46311475409836067,0.06147540983606557,-0.3319672131147541,0.04918032786885246,-0.2459016393442623
0.0,0.0,0.16182572614107885,-0.1078838174273859,0.29045643153526973,-0.27385892116182575,0.35684647302904565,-0.42323651452282157,0.2946058091286307,-0.5228215767634855,0.16182572614107885,-0.5394190871369294,0.1908713692946058,-0.7551867219917012,0.1908713692946058,-0.8838174273858921,0.18672199170124482,-1.0,0.058091286307053944,-0.5311203319502075,0.2157676348547718,-0.6016597510373444,0.24066390041493776,-0.4149377593360996,0.21161825726141079,-0.2946058091286307,-0.03734439834024896,-0.4896265560165975,0.13278008298755187,-0.5352697095435685,0.15352697095435686,-0.34854771784232363,0.12863070539419086,-0.23651452282157676,-0.12863070539419086,-0.42738589211618255,0.029045643153526972,-0.4605809128630705,0.07053941908713693,-0.3360995850622407,0.05394190871369295,-0.25311203319502074
0.0,0.0,0.1506276150627615,-0.12133891213389121,0.26778242677824265,-0.2928870292887029,0.3263598326359833,-0.4476987447698745,0.25523012552301255,-0.5523012552301255,0.11715481171548117,-0.5397489539748954,0.11297071129707113,-0.7573221757322176,0.10460251046025104,-0.8870292887029289,0.08786610878661087,-1.0,0.016736401673640166,-0.5230125523012552,0.17154811715481172,-0.6192468619246861,0.21338912133891214,-0.4351464435146444,0.19665271966527198,-0.3138075313807531,-0.07112970711297072,-0.4811715481171548,0.10460251046025104,-0.5439330543933054,0.13807531380753138,-0.3598326359832636,0.12133891213389121,-0.24686192468619247,-0.14644351464435146,-0.41422594142259417,0.016736401673640166,-0.4686192468619247,0.06276150627615062,-0.3472803347280335,0.04602510460251046,-0.25523012552301255
0.0,0.0,0.14166666666666666,-0.14583333333333334,0.2375,-0.32083333333333336,0.2916666666666667,-0.4791666666666667,0.225,-0.5708333333333333,0.016666666666666666,-0.55,-0.004166666666666667,-0.7541666666666667,-0.029166666666666667,-0.8833333333333333,-0.0625,-1.0,-0.07916666666666666,-0.5208333333333334,0.12083333333333333,-0.6291666666666667,0.19583333333333333,-0.45416666666666666,0.175,-0.3458333333333333,-0.14583333333333334,-0.4666666666666667,0.08333333333333333,-0.55,0.14166666666666666,-0.37916666666666665,0.1125,-0.2791666666666667,-0.18333333333333332,-0.39166666666666666,0.016666666666666666,-0.4583333333333333,0.075,-0.3416666666666667,0.058333333333333334,-0.25833333333333336
0.0,0.0,0.14285714285714285,-0.15966386554621848,0.23109243697478993,-0.3403361344537815,0.2815126050420168,-0.4957983193277311,0.21428571428571427,-0.592436974789916,-0.01680672268907563,-0.5546218487394958,-0.04201680672268908,-0.7563025210084033,-0.07142857142857142,-0.8865546218487395,-0.1134453781512605,-1.0,-0.1092436974789916,-0.5168067226890757,0.10504201680672269,-0.6302521008403361,0.18907563025210083,-0.46638655462184875,0.17647058823529413,-0.36134453781512604,-0.16806722689075632,-0.4579831932773109,0.07563025210084033,-0.5462184873949579,0.14285714285714285,-0.3865546218487395,0.12605042016806722,-0.2857142857142857,-0.18907563025210083,-0.3739495798319328,0.01680672268907563,-0.453781512605042,0.07563025210084033,-0.3445378151260504,0.058823529411764705,-0.25630252100840334
0.0,0.0,0.17959183673469387,-0.19183673469387755,0.23265306122448978,-0.363265306122449,0.2612244897959184,-0.4897959183673469,0.2571428571428571,-0.6122448979591837,-0.036734693877551024,-0.563265306122449,-0.036734693877551024,-0.7551020408163265,-0.0653061224489796,-0.889795918367347,-0.10204081632653061,-1.0,-0.11428571428571428,-0.5061224489795918,0.17142857142857143,-0.6081632653061224,0.23265306122448978,-0.45714285714285713,0.19183673469387755,-0.3795918367346939,-0.1306122448979592,-0.42448979591836733,0.17551020408163265,-0.5142857142857142,0.21224489795918366,-0.3673469387755102,0.15510204081632653,-0.2979591836734694,-0.10204081632653061,-0.32653061224489793,0.1346938775510204,-0.39591836734693875,0.17551020408163265,-0.3020408163265306,0.1306122448979592,-0.23673469387755103
0.0,0.0,0.17695473251028807,-0.2222222222222222,0.2222222222222222,-0.4156378600823045,0.24691358024691357,-0.5596707818930041,0.2551440329218107,-0.6625514403292181,-0.04938271604938271,-0.5720164609053497,-0.053497942386831275,-0.7530864197530864,-0.0823045267489712,-0.8930041152263375,-0.11522633744855967,-1.0,-0.11934156378600823,-0.5020576131687243,0.18518518518518517,-0.6090534979423868,0.24691358024691357,-0.4609053497942387,0.20164609053497942,-0.3868312757201646,-0.13168724279835392,-0.40329218106995884,0.18518518518518517,-0.4897119341563786,0.2139917695473251,-0.35802469135802467,0.15637860082304528,-0.2962962962962963,-0.102880658436214,-0.29218106995884774,0.14814814814814814,-0.37448559670781895,0.18106995884773663,-0.29218106995884774,0.13580246913580246,-0.24279835390946503
0.0,0.0,0.15352697095435686,-0.2157676348547718,0.21161825726141079,-0.4107883817427386,0.24896265560165975,-0.5560165975103735,0.27800829875518673,-0.6680497925311203,0.024896265560165973,-0.5850622406639004,0.06224066390041494,-0.7593360995850622,0.05394190871369295,-0.8962655601659751,0.03319502074688797,-1.0,-0.04979253112033195,-0.5145228215767634,0.2863070539419087,-0.5601659751037344,0.3360995850622407,-0.43983402489626555,0.29045643153526973,-0.38589211618257263,-0.06639004149377593,-0.3983402489626556,0.27385892116182575,-0.42323651452282157,0.26556016597510373,-0.3153526970954357,0.1950207468879668,-0.2821576763485477,-0.04979253112033195,-0.2697095435684647,0.22821576763485477,-0.2987551867219917,0.23236514522821577,-0.23236514522821577,0.17012448132780084,-0.2033195020746888
0.0,0.0,0.16216216216216217,-0.23873873873873874,0.28378378378378377,-0.42792792792792794,0.3963963963963964,-0.5180180180180181,0.4189189189189189,-0.4864864864864865,0.04954954954954955,-0.6081081081081081,0.1036036036036036,-0.7657657657657657,0.09009009009009009,-0.8963963963963963,0.06756756756756757,-1.0,-0.04054054054054054,-0.5315315315315315,0.3108108108108108,-0.527027027027027,0.32432432432432434,-0.4099099099099099,0.2702702702702703,-0.38288288288288286,-0.07207207207207207,-0.3963963963963964,0.2927927927927928,-0.3783783783783784,0.25675675675675674,-0.30180180180180183,0.17117117117117117,-0.30180180180180183,-0.06306306306306306,-0.24774774774774774,0.24324324324324326,-0.24324324324324326,0.22072072072072071,-0.1981981981981982,0.14414414414414414,-0.1891891891891892
0.0,0.0,0.19545454545454546,-0.19545454545454546,0.33181818181818185,-0.36363636363636365,0.4636363636363636,-0.4409090909090909,0.5409090909090909,-0.4318181818181818,0.17727272727272728,-0.5909090909090909,0.2863636363636364,-0.7454545454545455,0.33636363636363636,-0.8909090909090909,0.36363636363636365,-1.0,0.08181818181818182,-0.5409090909090909,0.43636363636363634,-0.4772727272727273,0.41363636363636364,-0.35454545454545455,0.33181818181818185,-0.33636363636363636,0.02727272727272727,-0.41818181818181815,0.39090909090909093,-0.3409090909090909,0.33181818181818185,-0.2545454545454545,0.2409090909090909,-0.2636363636363636,0.013636363636363636,-0.2772727272727273,0.3090909090909091,-0.21818181818181817,0.2772727272727273,-0.16818181818181818,0.19545454545454546,-0.16818181818181818
0.0,0.0,0.21888412017167383,-0.1630901287553648,0.351931330472103,-0.3133047210300429,0.4592274678111588,-0.40772532188841204,0.5150214592274678,-0.44635193133047213,0.19313304721030042,-0.5965665236051502,0.296137339055794,-0.7553648068669528,0.33905579399141633,-0.8884120171673819,0.3605150214592275,-1.0,0.09012875536480687,-0.5579399141630901,0.41630901287553645,-0.4721030042918455,0.38197424892703863,-0.34334763948497854,0.30042918454935624,-0.3218884120171674,0.030042918454935622,-0.45064377682403434,0.3648068669527897,-0.34763948497854075,0.30472103004291845,-0.2532188841201717,0.2145922746781116,-0.2532188841201717,0.0,-0.31759656652360513,0.2703862660944206,-0.24892703862660945,0.24892703862660945,-0.18454935622317598,0.18454935622317598,-0.18025751072961374
0.0,0.0,0.2076271186440678,-0.13983050847457626,0.3347457627118644,-0.2711864406779661,0.423728813559322,-0.3686440677966102,0.4830508474576271,-0.4364406779661017,0.19915254237288135,-0.5847457627118644,0.3008474576271186,-0.7584745762711864,0.3432203389830508,-0.885593220338983,0.3644067796610169,-1.0,0.0847457627118644,-0.5550847457627118,0.3686440677966102,-0.5,0.3601694915254237,-0.3432203389830508,0.2838983050847458,-0.2923728813559322,0.00847457627118644,-0.461864406779661,0.3050847457627119,-0.3813559322033898,0.2838983050847458,-0.2457627118644068,0.2076271186440678,-0.21610169491525424,-0.0423728813559322,-0.3347457627118644,0.1906779661016949,-0.2754237288135593,0.19491525423728814,-0.1864406779661017,0.13983050847457626,-0.1652542372881356
0.0,0.0,0.18442622950819673,-0.11475409836065574,0.3319672131147541,-0.2581967213114754,0.4139344262295082,-0.38524590163934425,0.35655737704918034,-0.45901639344262296,0.20491803278688525,-0.5450819672131147,0.2827868852459016,-0.75,0.319672131147541,-0.8811475409836066,0.3483606557377049,-1.0,0.09016393442622951,-0.5532786885245902,0.2827868852459016,-0.5491803278688525,0.29508196721311475,-0.36885245901639346,0.26229508196721313,-0.26229508196721313,-0.004098360655737705,-0.5122950819672131,0.20491803278688525,-0.47540983606557374,0.20901639344262296,-0.30327868852459017,0.1721311475409836,-0.20491803278688525,-0.0778688524590164,-0.4426229508196721,0.0942622950819672,-0.4139344262295082,0.10655737704918032,-0.29918032786885246,0.07377049180327869,-0.22950819672131148
0.0,0.0,0.18454935622317598,-0.09871244635193133,0.34334763948497854,-0.2532188841201717,0.4291845493562232,-0.4034334763948498,0.36909871244635195,-0.4978540772532189,0.24892703862660945,-0.5493562231759657,0.33047210300429186,-0.7467811158798283,0.3776824034334764,-0.8798283261802575,0.41201716738197425,-1.0,0.13304721030042918,-0.5622317596566524,0.30042918454935624,-0.5879828326180258,0.30472103004291845,-0.3948497854077253,0.2703862660944206,-0.2703862660944206,0.030042918454935622,-0.5364806866952789,0.2145922746781116,-0.5321888412017167,0.2145922746781116,-0.33905579399141633,0.18025751072961374,-0.21888412017167383,-0.06866952789699571,-0.47639484978540775,0.10300429184549356,-0.463519313304721,0.12017167381974249,-0.33047210300429186,0.08583690987124463,-0.24892703862660945
0.0,0.0,0.15966386554621848,-0.10084033613445378,0.29831932773109243,-0.2773109243697479,0.3697478991596639,-0.42857142857142855,0.31512605042016806,-0.5210084033613446,0.1722689075630252,-0.5546218487394958,0.22268907563025211,-0.7605042016806722,0.25210084033613445,-0.8823529411764706,0.27310924369747897,-1.0,0.06722689075630252,-0.5546218487394958,0.23529411764705882,-0.6092436974789915,0.2689075630252101,-0.41596638655462187,0.24789915966386555,-0.28991596638655465,-0.025210084033613446,-0.5168067226890757,0.1638655462184874,-0.5378151260504201,0.18487394957983194,-0.3487394957983193,0.1638655462184874,-0.23109243697478993,-0.10504201680672269,-0.453781512605042,0.07563025210084033,-0.46218487394957986,0.10504201680672269,-0.3319327731092437,0.07983193277310924,-0.24789915966386555
0.0,0.0,0.15289256198347106,-0.1322314049586777,0.256198347107438,-0.2975206611570248,0.3140495867768595,-0.4462809917355372,0.2603305785123967,-0.5495867768595041,0.08677685950413223,-0.5537190082644629,0.09504132231404959,-0.756198347107438,0.08264462809917356,-0.8842975206611571,0.05785123966942149,-1.0,-0.01652892561983471,-0.5371900826446281,0.1652892561983471,-0.6074380165289256,0.2231404958677686,-0.4297520661157025,0.21487603305785125,-0.3181818181818182,-0.09504132231404959,-0.49173553719008267,0.1115702479338843,-0.5330578512396694,0.16115702479338842,-0.359504132231405,0.1446280991735537,-0.25206611570247933,-0.1487603305785124,-0.4214876033057851,0.03305785123966942,-0.45454545454545453,0.08677685950413223,-0.3347107438016529,0.07851239669421488,-0.24793388429752067
0.0,0.0,0.1440677966101695,-0.13983050847457626,0.24152542372881355,-0.3177966101694915,0.288135593220339,-0.4703389830508475,0.2288135593220339,-0.576271186440678,0.0635593220338983,-0.5550847457627118,0.059322033898305086,-0.7584745762711864,0.046610169491525424,-0.885593220338983,0.01694915254237288,-1.0,-0.038135593220338986,-0.5338983050847458,0.13983050847457626,-0.635593220338983,0.2076271186440678,-0.4533898305084746,0.19915254237288135,-0.3432203389830508,-0.11440677966101695,-0.4915254237288136,0.08898305084745763,-0.559322033898305,0.1440677966101695,-0.3813559322033898,0.1228813559322034,-0.2754237288135593,-0.17372881355932204,-0.423728813559322,0.012711864406779662,-0.4745762711864407,0.07203389830508475,-0.3516949152542373,0.05508474576271186,-0.2627118644067797
0.0,0.0,0.14285714285714285,-0.14285714285714285,0.23376623376623376,-0.329004329004329,0.2813852813852814,-0.48917748917748916,0.22077922077922077,-0.6060606060606061,0.030303030303030304,-0.5541125541125541,0.017316017316017316,-0.7619047619047619,-0.004329004329004329,-0.8874458874458875,-0.03896103896103896,-1.0,-0.06926406926406926,-0.5281385281385281,0.11255411255411256,-0.6406926406926406,0.19913419913419914,-0.47619047619047616,0.19913419913419914,-0.3593073593073593,-0.14285714285714285,-0.48484848484848486,0.06493506493506493,-0.5757575757575758,0.13852813852813853,-0.4069264069264069,0.12987012987012986,-0.2943722943722944,-0.19480519480519481,-0.41125541125541126,0.0,-0.48484848484848486,0.06493506493506493,-0.3593073593073593,0.05194805194805195,-0.2683982683982684
0.0,0.0,0.13333333333333333,-0.16,0.20444444444444446,-0.36444444444444446,0.2311111111111111,-0.5244444444444445,0.1511111111111111,-0.6222222222222222,-0.057777777777777775,-0.56,-0.12,-0.76,-0.17333333333333334,-0.8888888888888888,-0.22666666666666666,-1.0,-0.15555555555555556,-0.5155555555555555,0.022222222222222223,-0.6444444444444445,0.14666666666666667,-0.5022222222222222,0.1688888888888889,-0.39111111111111113,-0.21777777777777776,-0.4488888888888889,0.0,-0.5733333333333334,0.10222222222222223,-0.4222222222222222,0.11555555555555555,-0.3111111111111111,-0.24,-0.3688888888888889,-0.04,-0.4711111111111111,0.04,-0.36,0.04,-0.27111111111111114
0.0,0.0,0.125,-0.1875,0.16517857142857142,-0.39732142857142855,0.17410714285714285,-0.5535714285714286,0.12053571428571429,-0.6517857142857143,-0.12946428571428573,-0.5758928571428571,-0.20089285714285715,-0.7633928571428571,-0.26785714285714285,-0.8928571428571429,-0.33035714285714285,-1.0,-0.21875,-0.5133928571428571,-0.026785714285714284,-0.6607142857142857,0.10714285714285714,-0.5178571428571429,0.13839285714285715,-0.4017857142857143,-0.26339285714285715,-0.4330357142857143,-0.04017857142857143,-0.5669642857142857,0.08035714285714286,-0.41964285714285715,0.09821428571428571,-0.3125,-0.26785714285714285,-0.3392857142857143,-0.07142857142857142,-0.45089285714285715,0.017857142857142856,-0.35267857142857145,0.026785714285714284,-0.26785714285714285
0.0,0.0,0.1111111111111111,-0.21333333333333335,0.1511111111111111,-0.41333333333333333,0.17333333333333334,-0.5688888888888889,0.14666666666666667,-0.6533333333333333,-0.17333333333333334,-0.5777777777777777,-0.24888888888888888,-0.7644444444444445,-0.3244444444444444,-0.8977777777777778,-0.39555555555555555,-1.0,-0.26222222222222225,-0.49777777777777776,-0.02666666666666667,-0.6311111111111111,0.10666666666666667,-0.49777777777777776,0.11555555555555555,-0.40444444444444444,-0.29333333333333333,-0.40444444444444444,-0.044444444444444446,-0.5288888888888889,0.06666666666666667,-0.39111111111111113,0.07555555555555556,-0.29333333333333333,-0.28888888888888886,-0.29777777777777775,-0.08888888888888889,-0.4088888888888889,-0.0044444444444444444,-0.3288888888888889,-0.0044444444444444444,-0.2577777777777778
0.0,0.0,0.12162162162162163,-0.24324324324324326,0.15765765765765766,-0.43243243243243246,0.14864864864864866,-0.5855855855855856,0.0990990990990991,-0.5900900900900901,-0.2072072072072072,-0.581081081081081,-0.2972972972972973,-0.7657657657657657,-0.38738738738738737,-0.9009009009009009,-0.4774774774774775,-1.0,-0.2972972972972973,-0.4864864864864865,-0.036036036036036036,-0.5945945945945946,0.09009009009009009,-0.4594594594594595,0.08108108108108109,-0.3738738738738739,-0.3153153153153153,-0.3738738738738739,-0.03153153153153153,-0.4774774774774775,0.06306306306306306,-0.35135135135135137,0.04954954954954955,-0.2702702702702703,-0.2882882882882883,-0.26126126126126126,-0.06756756756756757,-0.35135135135135137,0.013513513513513514,-0.28378378378378377,0.013513513513513514,-0.22972972972972974
0.0,0.0,0.1141552511415525,-0.2557077625570776,0.1461187214611872,-0.4520547945205479,0.1278538812785388,-0.6073059360730594,0.0867579908675799,-0.589041095890411,-0.2237442922374429,-0.5799086757990868,-0.3242009132420091,-0.7671232876712328,-0.4246575342465753,-0.8995433789954338,-0.5159817351598174,-1.0,-0.319634703196347,-0.4794520547945205,-0.0547945205479452,-0.5844748858447488,0.0821917808219178,-0.4474885844748858,0.0684931506849315,-0.3744292237442922,-0.3378995433789954,-0.3515981735159817,-0.0547945205479452,-0.4520547945205479,0.045662100456621,-0.3333333333333333,0.0273972602739726,-0.2648401826484018,-0.3105022831050228,-0.228310502283105,-0.0821917808219178,-0.3105022831050228,0.0045662100456621,-0.2557077625570776,-0.0045662100456621,-0.2100456621004566
0.0,0.0,0.12735849056603774,-0.22169811320754718,0.19339622641509435,-0.39622641509433965,0.2028301886792453,-0.5235849056603774,0.1792452830188679,-0.5188679245283019,-0.15566037735849056,-0.5754716981132075,-0.2358490566037736,-0.7594339622641509,-0.33490566037735847,-0.8962264150943396,-0.42452830188679247,-1.0,-0.2688679245283019,-0.4811320754716981,0.018867924528301886,-0.5330188679245284,0.1320754716981132,-0.41037735849056606,0.12264150943396226,-0.33962264150943394,-0.29245283018867924,-0.33962264150943394,0.0330188679245283,-0.37264150943396224,0.11320754716981132,-0.2830188679245283,0.08962264150943396,-0.2358490566037736,-0.2641509433962264,-0.19811320754716982,0.0047169811320754715,-0.22641509433962265,0.07547169811320754,-0.18867924528301888,0.06132075471698113,-0.16037735849056603
0.0,0.0,0.12962962962962962,-0.21296296296296297,0.19907407407407407,-0.39351851851851855,0.21296296296296297,-0.5185185185185185,0.19444444444444445,-0.49537037037037035,-0.12962962962962962,-0.5740740740740741,-0.2037037037037037,-0.7592592592592593,-0.2916666666666667,-0.8935185185185185,-0.375,-1.0,-0.24537037037037038,-0.48148148148148145,0.041666666666666664,-0.5185185185185185,0.14814814814814814,-0.4027777777777778,0.13425925925925927,-0.3333333333333333,-0.2777777777777778,-0.3425925925925926,0.05092592592592592,-0.3611111111111111,0.125,-0.27314814814814814,0.10185185185185185,-0.22685185185185186,-0.25925925925925924,-0.2037037037037037,0.013888888888888888,-0.2222222222222222,0.08333333333333333,-0.17592592592592593,0.06944444444444445,-0.1527777777777778
0.0,0.0,0.1336405529953917,-0.22580645161290322,0.2119815668202765,-0.4055299539170507,0.24423963133640553,-0.5207373271889401,0.23963133640552994,-0.4838709677419355,-0.10138248847926268,-0.5852534562211982,-0.14285714285714285,-0.7603686635944701,-0.21658986175115208,-0.8940092165898618,-0.2857142857142857,-1.0,-0.22119815668202766,-0.4976958525345622,0.0967741935483871,-0.5069124423963134,0.17050691244239632,-0.3870967741935484,0.1336405529953917,-0.34101382488479265,-0.2534562211981567,-0.35944700460829493,0.10138248847926268,-0.3456221198156682,0.1336405529953917,-0.2626728110599078,0.08294930875576037,-0.23963133640552994,-0.23963133640552994,-0.2119815668202765,0.05069124423963134,-0.2073732718894009,0.08294930875576037,-0.16129032258064516,0.041474654377880185,-0.14285714285714285
0.0,0.0,0.14351851851851852,-0.20833333333333334,0.22685185185185186,-0.37037037037037035,0.26851851851851855,-0.48148148148148145,0.2638888888888889,-0.47685185185185186,-0.06944444444444445,-0.5787037037037037,-0.08333333333333333,-0.7546296296296297,-0.1388888888888889,-0.8888888888888888,-0.18981481481481483,-1.0,-0.19444444444444445,-0.5,0.125,-0.5046296296296297,0.18981481481481483,-0.375,0.14814814814814814,-0.3287037037037037,-0.24074074074074073,-0.36574074074074076,0.12037037037037036,-0.33796296296296297,0.14814814814814814,-0.24537037037037038,0.09259259259259259,-0.2175925925925926,-0.2361111111111111,-0.2175925925925926,0.06018518518518518,-0.2037037037037037,0.09259259259259259,-0.14814814814814814,0.046296296296296294,-0.125
0.0,0.0,0.16455696202531644,-0.16033755274261605,0.25738396624472576,-0.3080168776371308,0.29535864978902954,-0.41350210970464135,0.31223628691983124,-0.45569620253164556,0.029535864978902954,-0.569620253164557,0.0379746835443038,-0.7552742616033755,0.02109704641350211,-0.890295358649789,-0.008438818565400843,-1.0,-0.10126582278481013,-0.5189873417721519,0.16877637130801687,-0.4936708860759494,0.2320675105485232,-0.3459915611814346,0.19831223628691982,-0.2742616033755274,-0.16877637130801687,-0.4092827004219409,0.12236286919831224,-0.3628691983122363,0.16455696202531644,-0.24050632911392406,0.11814345991561181,-0.1940928270042194,-0.19831223628691982,-0.28270042194092826,0.0379746835443038,-0.25738396624472576,0.08860759493670886,-0.18143459915611815,0.05485232067510549,-0.14767932489451477
0.0,0.0,0.18454935622317598,-0.15021459227467812,0.296137339055794,-0.296137339055794,0.3605150214592275,-0.39914163090128757,0.3776824034334764,-0.4291845493562232,0.1072961373390558,-0.575107296137339,0.1759656652360515,-0.7553648068669528,0.2017167381974249,-0.8841201716738197,0.21888412017167383,-1.0,-0.017167381974248927,-0.5407725321888412,0.26180257510729615,-0.4978540772532189,0.2918454935622318,-0.3218884120171674,0.2317596566523605,-0.26609442060085836,-0.0944206008583691,-0.44206008583690987,0.2017167381974249,-0.38626609442060084,0.20600858369098712,-0.24034334763948498,0.14163090128755365,-0.20600858369098712,-0.13733905579399142,-0.3218884120171674,0.09871244635193133,-0.2918454935622318,0.12446351931330472,-0.2017167381974249,0.07725321888412018,-0.17167381974248927
0.0,0.0,0.21621621621621623,-0.17567567567567569,0.34234234234234234,-0.33783783783783783,0.44594594594594594,-0.4369369369369369,0.4774774774774775,-0.44594594594594594,0.15315315315315314,-0.6126126126126126,0.2702702702702703,-0.7702702702702703,0.32882882882882886,-0.8918918918918919,0.36936936936936937,-1.0,0.036036036036036036,-0.5765765765765766,0.35585585585585583,-0.4954954954954955,0.34684684684684686,-0.32882882882882886,0.2702702702702703,-0.2972972972972973,-0.036036036036036036,-0.46846846846846846,0.2927927927927928,-0.3783783783783784,0.2702702702702703,-0.24774774774774774,0.18468468468468469,-0.23423423423423423,-0.07657657657657657,-0.3333333333333333,0.18018018018018017,-0.28378378378378377,0.19369369369369369,-0.20270270270270271,0.14414414414414414,-0.18468468468468469
0.0,0.0,0.25853658536585367,-0.18536585365853658,0.4292682926829268,-0.36097560975609755,0.5658536585365853,-0.45365853658536587,0.551219512195122,-0.4195121951219512,0.24390243902439024,-0.6439024390243903,0.4195121951219512,-0.7853658536585366,0.5170731707317073,-0.9024390243902439,0.6,-1.0,0.11707317073170732,-0.6048780487804878,0.4682926829268293,-0.47317073170731705,0.4195121951219512,-0.3170731707317073,0.32195121951219513,-0.3024390243902439,0.03414634146341464,-0.4926829268292683,0.3951219512195122,-0.35121951219512193,0.33170731707317075,-0.23414634146341465,0.23414634146341465,-0.24390243902439024,-0.01951219512195122,-0.34146341463414637,0.2682926829268293,-0.25365853658536586,0.25365853658536586,-0.18048780487804877,0.18048780487804877,-0.18048780487804877
0.0,0.0,0.28342245989304815,-0.1925133689839572,0.48663101604278075,-0.3582887700534759,0.6417112299465241,-0.43315508021390375,0.6844919786096256,-0.41711229946524064,0.32620320855614976,-0.6844919786096256,0.5721925133689839,-0.7967914438502673,0.7058823529411765,-0.9037433155080213,0.8181818181818182,-1.0,0.20320855614973263,-0.6363636363636364,0.5989304812834224,-0.44919786096256686,0.5240641711229946,-0.29411764705882354,0.4117647058823529,-0.2887700534759358,0.11764705882352941,-0.5080213903743316,0.5080213903743316,-0.32620320855614976,0.42245989304812837,-0.2192513368983957,0.32085561497326204,-0.24064171122994651,0.053475935828877004,-0.34759358288770054,0.37967914438502676,-0.23529411764705882,0.3422459893048128,-0.16042780748663102,0.2620320855614973,-0.16042780748663102
0.0,0.0,0.27167630057803466,-0.21965317919075145,0.5028901734104047,-0.3988439306358382,0.6994219653179191,-0.4508670520231214,0.7861271676300579,-0.3988439306358382,0.3930635838150289,-0.6994219653179191,0.6878612716763006,-0.7803468208092486,0.8554913294797688,-0.8728323699421965,1.0,-0.953757225433526,0.2658959537572254,-0.6416184971098265,0.6878612716763006,-0.41040462427745666,0.5895953757225434,-0.2832369942196532,0.4682080924855491,-0.30057803468208094,0.16184971098265896,-0.5028901734104047,0.5838150289017341,-0.28901734104046245,0.47398843930635837,-0.2138728323699422,0.36416184971098264,-0.2543352601156069,0.08670520231213873,-0.32947976878612717,0.4393063583815029,-0.1907514450867052,0.3930635838150289,-0.14450867052023122,0.2947976878612717,-0.16184971098265896
0.0,0.0,0.245,-0.125,0.405,-0.245,0.515,-0.345,0.555,-0.43,0.295,-0.63,0.49,-0.775,0.615,-0.89,0.705,-1.0,0.16,-0.63,0.465,-0.53,0.435,-0.345,0.35,-0.295,0.07,-0.555,0.375,-0.44,0.34,-0.27,0.26,-0.225,0.005,-0.44,0.245,-0.36,0.235,-0.25,0.16,-0.22
0.0,0.0,0.23645320197044334,-0.11822660098522167,0.4187192118226601,-0.26108374384236455,0.5320197044334976,-0.39408866995073893,0.4827586206896552,-0.47783251231527096,0.3054187192118227,-0.6157635467980296,0.47783251231527096,-0.7783251231527094,0.5911330049261084,-0.8916256157635468,0.6798029556650246,-1.0,0.1724137931034483,-0.6354679802955665,0.41379310344827586,-0.5911330049261084,0.39408866995073893,-0.3793103448275862,0.3251231527093596,-0.27586206896551724,0.06403940886699508,-0.5960591133004927,0.31527093596059114,-0.5123152709359606,0.29064039408866993,-0.31527093596059114,0.2315270935960591,-0.22167487684729065,-0.024630541871921183,-0.5123152709359606,0.18719211822660098,-0.458128078817734,0.18719211822660098,-0.3251231527093596,0.1330049261083744,-0.2561576354679803
0.0,0.0,0.17272727272727273,-0.12272727272727273,0.3090909090909091,-0.2818181818181818,0.37727272727272726,-0.42272727272727273,0.32272727272727275,-0.5181818181818182,0.18181818181818182,-0.5636363636363636,0.23636363636363636,-0.7636363636363637,0.2681818181818182,-0.8863636363636364,0.2863636363636364,-1.0,0.07727272727272727,-0.5636363636363636,0.24545454545454545,-0.6090909090909091,0.2681818181818182,-0.42727272727272725,0.23636363636363636,-0.3,-0.013636363636363636,-0.5318181818181819,0.17727272727272728,-0.5454545454545454,0.19090909090909092,-0.36363636363636365,0.16363636363636364,-0.24545454545454545,-0.09545454545454546,-0.4681818181818182,0.08181818181818182,-0.4954545454545455,0.11363636363636363,-0.36363636363636365,0.09545454545454546,-0.2636363636363636
0.0,0.0,0.16818181818181818,-0.1318181818181818,0.3,-0.29545454545454547,0.36363636363636365,-0.4409090909090909,0.30454545454545456,-0.5363636363636364,0.1590909090909091,-0.5636363636363636,0.21363636363636362,-0.7636363636363637,0.2409090909090909,-0.8818181818181818,0.2636363636363636,-1.0,0.05909090909090909,-0.5636363636363636,0.2318181818181818,-0.6318181818181818,0.2590909090909091,-0.44545454545454544,0.2318181818181818,-0.31363636363636366,-0.03636363636363636,-0.5318181818181819,0.16363636363636364,-0.5681818181818182,0.18181818181818182,-0.38181818181818183,0.1590909090909091,-0.2590909090909091,-0.11818181818181818,-0.4681818181818182,0.06818181818181818,-0.509090909090909,0.10909090909090909,-0.37727272727272726,0.09545454545454546,-0.2772727272727273
0.0,0.0,0.1511111111111111,-0.16,0.25333333333333335,-0.3422222222222222,0.29777777777777775,-0.5022222222222222,0.22666666666666666,-0.6,0.08,-0.5688888888888889,0.09333333333333334,-0.7733333333333333,0.11555555555555555,-0.8933333333333333,0.12,-1.0,-0.008888888888888889,-0.5555555555555556,0.14666666666666667,-0.6666666666666666,0.2,-0.48444444444444446,0.19111111111111112,-0.36,-0.08888888888888889,-0.5155555555555555,0.08888888888888889,-0.6044444444444445,0.14222222222222222,-0.4311111111111111,0.13777777777777778,-0.30666666666666664,-0.16,-0.4533333333333333,0.0044444444444444444,-0.5288888888888889,0.07555555555555556,-0.40444444444444444,0.08,-0.3022222222222222
0.0,0.0,0.14410480349344978,-0.14847161572052403,0.2314410480349345,-0.314410480349345,0.2794759825327511,-0.4585152838427948,0.25327510917030566,-0.5502183406113537,0.017467248908296942,-0.5545851528384279,0.008733624454148471,-0.759825327510917,-0.004366812227074236,-0.8908296943231441,-0.026200873362445413,-1.0,-0.07423580786026202,-0.5240174672489083,0.1572052401746725,-0.6026200873362445,0.22270742358078602,-0.4366812227074236,0.1965065502183406,-0.3318777292576419,-0.13100436681222707,-0.47161572052401746,0.11790393013100436,-0.519650655021834,0.16593886462882096,-0.3537117903930131,0.13973799126637554,-0.2576419213973799,-0.1572052401746725,-0.39737991266375544,0.043668122270742356,-0.4410480349344978,0.09606986899563319,-0.32751091703056767,0.08733624454148471,-0.24890829694323144
0.0,0.0,0.13839285714285715,-0.15178571428571427,0.22767857142857142,-0.33482142857142855,0.27232142857142855,-0.48660714285714285,0.23214285714285715,-0.5892857142857143,0.03125,-0.5714285714285714,0.03571428571428571,-0.7767857142857143,0.04017857142857143,-0.9017857142857143,0.03571428571428571,-1.0,-0.06696428571428571,-0.5491071428571429,0.11607142857142858,-0.6473214285714286,0.19196428571428573,-0.47767857142857145,0.18303571428571427,-0.36160714285714285,-0.13839285714285715,-0.5,0.07589285714285714,-0.5758928571428571,0.14285714285714285,-0.4017857142857143,0.12946428571428573,-0.29464285714285715,-0.1875,-0.42857142857142855,0.008928571428571428,-0.48660714285714285,0.08035714285714286,-0.3705357142857143,0.08482142857142858,-0.28125
0.0,0.0,0.13636363636363635,-0.16363636363636364,0.21363636363636362,-0.35909090909090907,0.2545454545454545,-0.509090909090909,0.2,-0.6272727272727273,-0.02727272727272727,-0.5818181818181818,-0.02727272727272727,-0.7772727272727272,-0.03636363636363636,-0.9,-0.05909090909090909,-1.0,-0.12272727272727273,-0.5545454545454546,0.07727272727272727,-0.6772727272727272,0.16818181818181818,-0.5181818181818182,0.16818181818181818,-0.40454545454545454,-0.18181818181818182,-0.5,0.045454545454545456,-0.6045454545454545,0.12272727272727273,-0.43636363636363634,0.11818181818181818,-0.32272727272727275,-0.20454545454545456,-0.42272727272727273,-0.00909090909090909,-0.5045454545454545,0.06818181818181818,-0.39090909090909093,0.07272727272727272,-0.3
0.0,0.0,0.13574660633484162,-0.167420814479638,0.2171945701357466,-0.3574660633484163,0.2669683257918552,-0.5158371040723982,0.21266968325791855,-0.6289592760180995,-0.02262443438914027,-0.5746606334841629,0.004524886877828055,-0.7737556561085973,0.0,-0.8959276018099548,-0.01809954751131222,-1.0,-0.11764705882352941,-0.5520361990950227,0.07692307692307693,-0.6787330316742082,0.17647058823529413,-0.5294117647058824,0.18099547511312217,-0.416289592760181,-0.17647058823529413,-0.502262443438914,0.049773755656108594,-0.6108597285067874,0.13122171945701358,-0.4479638009049774,0.13122171945701358,-0.334841628959276,-0.19909502262443438,-0.4253393665158371,0.0,-0.502262443438914,0.07239819004524888,-0.3891402714932127,0.07239819004524888,-0.29411764705882354
0.0,0.0,0.14644351464435146,-0.18410041841004185,0.19665271966527198,-0.3514644351464435,0.23430962343096234,-0.4811715481171548,0.21338912133891214,-0.5774058577405857,-0.058577405857740586,-0.5606694560669456,-0.0502092050209205,-0.7573221757322176,-0.06694560669456066,-0.891213389121339,-0.100418410041841,-1.0,-0.14225941422594143,-0.5104602510460251,0.10460251046025104,-0.6150627615062761,0.18828451882845187,-0.47280334728033474,0.1589958158995816,-0.38493723849372385,-0.17154811715481172,-0.4309623430962343,0.09623430962343096,-0.5271966527196653,0.16317991631799164,-0.3891213389121339,0.13389121338912133,-0.3054393305439331,-0.1506276150627615,-0.33472803347280333,0.058577405857740586,-0.40585774058577406,0.11715481171548117,-0.3179916317991632,0.100418410041841,-0.2510460251046025
0.0,0.0,0.1646586345381526,-0.18072289156626506,0.2248995983935743,-0.3373493975903614,0.26506024096385544,-0.4578313253012048,0.26506024096385544,-0.5261044176706827,-0.012048192771084338,-0.5662650602409639,0.03614457831325301,-0.7550200803212851,0.040160642570281124,-0.8875502008032129,0.040160642570281124,-1.0,-0.10040160642570281,-0.5060240963855421,0.1927710843373494,-0.5421686746987951,0.2289156626506024,-0.3895582329317269,0.17670682730923695,-0.3253012048192771,-0.13253012048192772,-0.40963855421686746,0.17269076305220885,-0.42570281124497994,0.18072289156626506,-0.2931726907630522,0.11646586345381527,-0.24497991967871485,-0.12449799196787148,-0.2931726907630522,0.10441767068273092,-0.3172690763052209,0.13253012048192772,-0.24497991967871485,0.09236947791164658,-0.20883534136546184
0.0,0.0,0.14937759336099585,-0.11203319502074689,0.27385892116182575,-0.2863070539419087,0.26141078838174275,-0.44398340248962653,0.13278008298755187,-0.48132780082987553,0.15767634854771784,-0.5435684647302904,0.21991701244813278,-0.7551867219917012,0.25311203319502074,-0.8838174273858921,0.2821576763485477,-1.0,0.03319502074688797,-0.5186721991701245,0.0954356846473029,-0.5975103734439834,0.12863070539419086,-0.4190871369294606,0.13278008298755187,-0.2946058091286307,-0.07883817427385892,-0.46473029045643155,-0.012448132780082987,-0.5186721991701245,0.04564315352697095,-0.34024896265560167,0.06639004149377593,-0.21991701244813278,-0.18672199170124482,-0.38589211618257263,-0.11618257261410789,-0.43983402489626555,-0.04979253112033195,-0.3153526970954357,-0.024896265560165973,-0.22821576763485477
0.0,0.0,0.14893617021276595,-0.11063829787234042,0.2680851063829787,-0.2936170212765957,0.25957446808510637,-0.4553191489361702,0.13617021276595745,-0.4978723404255319,0.16595744680851063,-0.5319148936170213,0.225531914893617,-0.7617021276595745,0.26382978723404255,-0.8851063829787233,0.2936170212765957,-1.0,0.0425531914893617,-0.502127659574468,0.08936170212765958,-0.6085106382978723,0.12340425531914893,-0.42127659574468085,0.1276595744680851,-0.28936170212765955,-0.07234042553191489,-0.4425531914893617,-0.02553191489361702,-0.5276595744680851,0.03404255319148936,-0.3446808510638298,0.059574468085106386,-0.2170212765957447,-0.1829787234042553,-0.3659574468085106,-0.1276595744680851,-0.451063829787234,-0.06382978723404255,-0.3276595744680851,-0.03829787234042553,-0.23404255319148937
0.0,0.0,0.11382113821138211,-0.12195121951219512,0.18292682926829268,-0.3130081300813008,0.10569105691056911,-0.43902439024390244,-0.028455284552845527,-0.45121951219512196,0.07317073170731707,-0.5365853658536586,0.08536585365853659,-0.7642276422764228,0.09349593495934959,-0.8943089430894309,0.09349593495934959,-1.0,-0.04065040650406504,-0.483739837398374,-0.06910569105691057,-0.5691056910569106,-0.012195121951219513,-0.3983739837398374,0.02032520325203252,-0.2926829268292683,-0.13821138211382114,-0.4065040650406504,-0.17479674796747968,-0.4715447154471545,-0.08130081300813008,-0.3130081300813008,-0.024390243902439025,-0.21544715447154472,-0.22764227642276422,-0.3089430894308943,-0.24390243902439024,-0.3617886178861789,-0.15853658536585366,-0.26422764227642276,-0.1016260162601626,-0.2032520325203252
0.0,0.0,0.10483870967741936,-0.16129032258064516,0.15725806451612903,-0.35080645161290325,0.12096774193548387,-0.5,0.028225806451612902,-0.4717741935483871,-0.06451612903225806,-0.5524193548387096,-0.08064516129032258,-0.7580645161290323,-0.10080645161290322,-0.8870967741935484,-0.12096774193548387,-1.0,-0.18951612903225806,-0.5,-0.0846774193548387,-0.5403225806451613,0.008064516129032258,-0.4153225806451613,0.056451612903225805,-0.3185483870967742,-0.2782258064516129,-0.40725806451612906,-0.13709677419354838,-0.43548387096774194,-0.028225806451612902,-0.3185483870967742,0.03225806451612903,-0.22580645161290322,-0.3346774193548387,-0.29838709677419356,-0.20161290322580644,-0.32661290322580644,-0.10483870967741936,-0.25806451612903225,-0.056451612903225805,-0.20161290322580644
0.0,0.0,0.1350210970464135,-0.11392405063291139,0.22362869198312235,-0.29535864978902954,0.16877637130801687,-0.4472573839662447,0.03375527426160337,-0.48945147679324896,0.16877637130801687,-0.5189873417721519,0.22362869198312235,-0.7510548523206751,0.2616033755274262,-0.8818565400843882,0.2911392405063291,-1.0,0.046413502109704644,-0.48945147679324896,0.05907172995780591,-0.6075949367088608,0.07172995780590717,-0.43037974683544306,0.0759493670886076,-0.3080168776371308,-0.06751054852320675,-0.4345991561181435,-0.0759493670886076,-0.5274261603375527,-0.016877637130801686,-0.3459915611814346,0.012658227848101266,-0.22784810126582278,-0.17721518987341772,-0.35443037974683544,-0.17721518987341772,-0.4345991561181435,-0.10970464135021098,-0.31645569620253167,-0.06329113924050633,-0.2320675105485232
0.0,0.0,0.09583333333333334,-0.13333333333333333,0.1375,-0.3125,0.0375,-0.44583333333333336,-0.1,-0.4875,0.1,-0.5291666666666667,0.12916666666666668,-0.7583333333333333,0.15416666666666667,-0.8875,0.16666666666666666,-1.0,-0.020833333333333332,-0.49583333333333335,-0.058333333333333334,-0.5958333333333333,-0.029166666666666667,-0.42083333333333334,-0.004166666666666667,-0.30833333333333335,-0.125,-0.43333333333333335,-0.175,-0.49583333333333335,-0.10416666666666667,-0.3416666666666667,-0.05416666666666667,-0.24166666666666667,-0.2125,-0.3541666666666667,-0.24583333333333332,-0.425,-0.17916666666666667,-0.32083333333333336,-0.125,-0.24583333333333332
0.0,0.0,0.06751054852320675,-0.13924050632911392,0.05907172995780591,-0.31223628691983124,-0.09282700421940929,-0.3924050632911392,-0.22784810126582278,-0.4008438818565401,-0.04219409282700422,-0.5316455696202531,-0.08438818565400844,-0.7552742616033755,-0.10126582278481013,-0.8860759493670886,-0.12658227848101267,-1.0,-0.1518987341772152,-0.459915611814346,-0.22784810126582278,-0.5232067510548524,-0.14767932489451477,-0.379746835443038,-0.08016877637130802,-0.28270042194092826,-0.23628691983122363,-0.3670886075949367,-0.3080168776371308,-0.4050632911392405,-0.189873417721519,-0.28270042194092826,-0.10970464135021098,-0.20253164556962025,-0.2911392405063291,-0.25738396624472576,-0.33755274261603374,-0.29535864978902954,-0.24472573839662448,-0.21940928270042195,-0.1729957805907173,-0.16033755274261605
0.0,0.0,0.08979591836734693,-0.1306122448979592,0.12244897959183673,-0.3020408163265306,-0.004081632653061225,-0.4122448979591837,-0.13877551020408163,-0.42857142857142855,0.05714285714285714,-0.5346938775510204,0.07346938775510205,-0.7591836734693878,0.09387755102040816,-0.8857142857142857,0.09795918367346938,-1.0,-0.061224489795918366,-0.4816326530612245,-0.10204081632653061,-0.5673469387755102,-0.061224489795918366,-0.4,-0.02857142857142857,-0.2938775510204082,-0.15510204081632653,-0.4122448979591837,-0.21224489795918366,-0.46938775510204084,-0.1306122448979592,-0.3224489795918367,-0.06938775510204082,-0.22448979591836735,-0.22857142857142856,-0.3224489795918367,-0.27755102040816326,-0.3877551020408163,-0.20408163265306123,-0.2979591836734694,-0.14285714285714285,-0.22448979591836735
0.0,0.0,0.07692307692307693,-0.145748987854251,0.06477732793522267,-0.31983805668016196,-0.06882591093117409,-0.41700404858299595,-0.20647773279352227,-0.44129554655870445,0.02834008097165992,-0.5465587044534413,0.032388663967611336,-0.7611336032388664,0.03643724696356275,-0.8866396761133604,0.03643724696356275,-1.0,-0.0931174089068826,-0.4939271255060729,-0.1659919028340081,-0.5708502024291497,-0.11740890688259109,-0.41295546558704455,-0.06477732793522267,-0.3117408906882591,-0.19433198380566802,-0.41700404858299595,-0.27125506072874495,-0.46558704453441296,-0.17813765182186234,-0.32793522267206476,-0.10931174089068826,-0.2388663967611336,-0.2631578947368421,-0.32388663967611336,-0.31983805668016196,-0.38866396761133604,-0.242914979757085,-0.29554655870445345,-0.1700404858299595,-0.22267206477732793
0.0,0.0,0.0931174089068826,-0.13765182186234817,0.1417004048582996,-0.3157894736842105,0.044534412955465584,-0.3967611336032389,-0.08906882591093117,-0.3724696356275304,-0.048582995951417005,-0.5263157894736842,-0.06882591093117409,-0.7530364372469636,-0.08097165991902834,-0.8866396761133604,-0.10121457489878542,-1.0,-0.1659919028340081,-0.4574898785425101,-0.145748987854251,-0.4979757085020243,-0.06477732793522267,-0.3562753036437247,-0.012145748987854251,-0.25101214574898784,-0.2591093117408907,-0.3643724696356275,-0.23481781376518218,-0.39271255060728744,-0.11336032388663968,-0.2631578947368421,-0.032388663967611336,-0.1659919028340081,-0.3360323886639676,-0.25101214574898784,-0.32793522267206476,-0.30364372469635625,-0.2145748987854251,-0.23481781376518218,-0.12955465587044535,-0.17408906882591094
0.0,0.0,0.11538461538461539,-0.11965811965811966,0.2094017094017094,-0.2692307692307692,0.1752136752136752,-0.36324786324786323,0.06837606837606838,-0.3247863247863248,0.02564102564102564,-0.5341880341880342,0.05555555555555555,-0.7435897435897436,0.07264957264957266,-0.8846153846153846,0.08547008547008547,-1.0,-0.12393162393162394,-0.49572649572649574,0.0,-0.47863247863247865,0.04700854700854701,-0.3333333333333333,0.042735042735042736,-0.2564102564102564,-0.23076923076923078,-0.41452991452991456,-0.06837606837606838,-0.3504273504273504,-0.004273504273504274,-0.2264957264957265,0.0,-0.16666666666666666,-0.3076923076923077,-0.3076923076923077,-0.16666666666666666,-0.26495726495726496,-0.08974358974358974,-0.18376068376068377,-0.06837606837606838,-0.1452991452991453
0.0,0.0,0.08163265306122448,-0.12653061224489795,0.08979591836734693,-0.2938775510204082,-0.036734693877551024,-0.3836734693877551,-0.15918367346938775,-0.40408163265306124,0.061224489795918366,-0.5387755102040817,0.08163265306122448,-0.7591836734693878,0.08979591836734693,-0.8857142857142857,0.08979591836734693,-1.0,-0.04897959183673469,-0.49387755102040815,-0.10612244897959183,-0.563265306122449,-0.08163265306122448,-0.4,-0.0326530612244898,-0.30612244897959184,-0.14285714285714285,-0.42857142857142855,-0.20816326530612245,-0.47346938775510206,-0.14285714285714285,-0.32653061224489793,-0.07755102040816327,-0.24897959183673468,-0.20816326530612245,-0.33877551020408164,-0.2653061224489796,-0.4,-0.19591836734693877,-0.3142857142857143,-0.1346938775510204,-0.24081632653061225
0.0,0.0,0.07024793388429752,-0.1322314049586777,0.049586776859504134,-0.30165289256198347,-0.09504132231404959,-0.3760330578512397,-0.22727272727272727,-0.39669421487603307,0.02066115702479339,-0.5371900826446281,0.024793388429752067,-0.7520661157024794,0.024793388429752067,-0.8842975206611571,0.02066115702479339,-1.0,-0.09090909090909091,-0.49173553719008267,-0.17768595041322313,-0.5413223140495868,-0.14049586776859505,-0.3925619834710744,-0.08264462809917356,-0.30578512396694213,-0.18181818181818182,-0.4214876033057851,-0.2603305785123967,-0.4380165289256198,-0.1859504132231405,-0.30578512396694213,-0.11570247933884298,-0.2396694214876033,-0.24380165289256198,-0.3347107438016529,-0.30578512396694213,-0.3677685950413223,-0.23553719008264462,-0.2809917355371901,-0.1652892561983471,-0.2190082644628099
0.0,0.0,0.10222222222222223,-0.14666666666666667,0.13333333333333333,-0.3466666666666667,0.017777777777777778,-0.47555555555555556,-0.12,-0.49777777777777776,0.057777777777777775,-0.5288888888888889,0.044444444444444446,-0.7511111111111111,0.04,-0.8844444444444445,0.02666666666666667,-1.0,-0.06222222222222222,-0.48444444444444446,-0.10222222222222223,-0.5866666666666667,-0.05333333333333334,-0.41333333333333333,-0.017777777777777778,-0.3111111111111111,-0.16,-0.4222222222222222,-0.21777777777777776,-0.49777777777777776,-0.1288888888888889,-0.3377777777777778,-0.07555555555555556,-0.24888888888888888,-0.25333333333333335,-0.3377777777777778,-0.29777777777777775,-0.4222222222222222,-0.2222222222222222,-0.31555555555555553,-0.1688888888888889,-0.24444444444444444
0.0,0.0,0.09734513274336283,-0.13716814159292035,0.13274336283185842,-0.3407079646017699,0.022123893805309734,-0.4646017699115044,-0.11946902654867257,-0.48672566371681414,0.04424778761061947,-0.5265486725663717,0.030973451327433628,-0.7566371681415929,0.02654867256637168,-0.8849557522123894,0.017699115044247787,-1.0,-0.07079646017699115,-0.4823008849557522,-0.10619469026548672,-0.5752212389380531,-0.048672566371681415,-0.4026548672566372,-0.017699115044247787,-0.3053097345132743,-0.168141592920354,-0.415929203539823,-0.22123893805309736,-0.4911504424778761,-0.12389380530973451,-0.336283185840708,-0.07964601769911504,-0.24336283185840707,-0.25663716814159293,-0.33185840707964603,-0.3008849557522124,-0.41150442477876104,-0.2168141592920354,-0.3141592920353982,-0.168141592920354,-0.24336283185840707
0.0,0.0,0.10775862068965517,-0.1336206896551724,0.1810344827586207,-0.3275862068965517,0.10775862068965517,-0.45689655172413796,-0.03017241379310345,-0.45689655172413796,0.03017241379310345,-0.521551724137931,0.017241379310344827,-0.75,0.021551724137931036,-0.8836206896551724,0.01293103448275862,-1.0,-0.08620689655172414,-0.4698275862068966,-0.06896551724137931,-0.5646551724137931,-0.004310344827586207,-0.3922413793103448,0.008620689655172414,-0.29310344827586204,-0.17672413793103448,-0.40086206896551724,-0.16810344827586207,-0.47413793103448276,-0.07327586206896551,-0.31896551724137934,-0.04310344827586207,-0.22844827586206898,-0.2629310344827586,-0.3103448275862069,-0.25862068965517243,-0.4051724137931034,-0.16810344827586207,-0.3103448275862069,-0.1336206896551724,-0.23706896551724138
0.0,0.0,0.11403508771929824,-0.14035087719298245,0.17105263157894737,-0.33771929824561403,0.07456140350877193,-0.47368421052631576,-0.05701754385964912,-0.5219298245614035,0.10964912280701754,-0.5263157894736842,0.12719298245614036,-0.7543859649122807,0.14912280701754385,-0.8859649122807017,0.15350877192982457,-1.0,-0.013157894736842105,-0.4956140350877193,-0.043859649122807015,-0.6008771929824561,-0.008771929824561403,-0.4298245614035088,0.008771929824561403,-0.3201754385964912,-0.11842105263157894,-0.44298245614035087,-0.16228070175438597,-0.5307017543859649,-0.09210526315789473,-0.3684210526315789,-0.04824561403508772,-0.2631578947368421,-0.21929824561403508,-0.3684210526315789,-0.2543859649122807,-0.4605263157894737,-0.18421052631578946,-0.35526315789473684,-0.14035087719298245,-0.2719298245614035
0.0,0.0,0.08936170212765958,-0.1574468085106383,0.13191489361702127,-0.34893617021276596,0.07659574468085106,-0.4808510638297872,-0.029787234042553193,-0.4595744680851064,-0.0851063829787234,-0.5446808510638298,-0.12340425531914893,-0.7574468085106383,-0.14893617021276595,-0.8893617021276595,-0.1829787234042553,-1.0,-0.2,-0.4765957446808511,-0.12340425531914893,-0.5404255319148936,-0.03404255319148936,-0.3872340425531915,-0.02127659574468085,-0.2936170212765957,-0.28085106382978725,-0.3829787234042553,-0.20425531914893616,-0.4425531914893617,-0.09787234042553192,-0.30638297872340425,-0.06382978723404255,-0.2170212765957447,-0.3446808510638298,-0.2723404255319149,-0.2851063829787234,-0.33617021276595743,-0.17872340425531916,-0.2680851063829787,-0.1276595744680851,-0.2127659574468085
0.0,0.0,0.11814345991561181,-0.12658227848101267,0.18143459915611815,-0.31223628691983124,0.08860759493670886,-0.4430379746835443,-0.05063291139240506,-0.4936708860759494,0.12658227848101267,-0.5232067510548524,0.14767932489451477,-0.7552742616033755,0.16455696202531644,-0.8818565400843882,0.16877637130801687,-1.0,0.004219409282700422,-0.4978902953586498,-0.029535864978902954,-0.5822784810126582,0.0,-0.4050632911392405,0.02531645569620253,-0.29957805907172996,-0.10126582278481013,-0.4472573839662447,-0.1518987341772152,-0.5147679324894515,-0.08438818565400844,-0.3459915611814346,-0.0379746835443038,-0.25316455696202533,-0.19831223628691982,-0.37130801687763715,-0.24050632911392406,-0.4472573839662447,-0.1729957805907173,-0.3333333333333333,-0.12658227848101267,-0.25738396624472576
0.0,0.0,0.09913793103448276,-0.125,0.16810344827586207,-0.31896551724137934,0.06465517241379311,-0.3879310344827586,-0.0603448275862069,-0.33189655172413796,-0.08620689655172414,-0.5344827586206896,-0.1336206896551724,-0.7456896551724138,-0.16810344827586207,-0.8836206896551724,-0.20689655172413793,-1.0,-0.23706896551724138,-0.47844827586206895,-0.13793103448275862,-0.4482758620689655,-0.06465517241379311,-0.3232758620689655,-0.0603448275862069,-0.2672413793103448,-0.3232758620689655,-0.3793103448275862,-0.21982758620689655,-0.31896551724137934,-0.125,-0.21982758620689655,-0.09482758620689655,-0.1853448275862069,-0.38362068965517243,-0.25862068965517243,-0.3103448275862069,-0.21982758620689655,-0.21120689655172414,-0.16379310344827586,-0.16379310344827586,-0.15086206896551724
0.0,0.0,0.1,-0.13333333333333333,0.1875,-0.32083333333333336,0.13333333333333333,-0.4166666666666667,0.03333333333333333,-0.3333333333333333,-0.05416666666666667,-0.5291666666666667,-0.0625,-0.7375,-0.07083333333333333,-0.8791666666666667,-0.09166666666666666,-1.0,-0.21666666666666667,-0.4791666666666667,-0.0625,-0.45,0.0125,-0.325,-0.008333333333333333,-0.275,-0.30833333333333335,-0.38333333333333336,-0.12083333333333333,-0.325,-0.05,-0.22083333333333333,-0.07083333333333333,-0.1875,-0.36666666666666664,-0.26666666666666666,-0.20833333333333334,-0.225,-0.1375,-0.175,-0.1375,-0.1625
0.0,0.0,0.13043478260869565,-0.10144927536231885,0.26570048309178745,-0.25120772946859904,0.17391304347826086,-0.30917874396135264,0.028985507246376812,-0.2608695652173913,0.03864734299516908,-0.5458937198067633,0.07246376811594203,-0.7342995169082126,0.09178743961352658,-0.8743961352657005,0.0966183574879227,-1.0,-0.1497584541062802,-0.5410628019323671,-0.028985507246376812,-0.41545893719806765,0.03864734299516908,-0.2753623188405797,0.04830917874396135,-0.24154589371980675,-0.2753623188405797,-0.45893719806763283,-0.12560386473429952,-0.2753623188405797,-0.05314009661835749,-0.18357487922705315,-0.04830917874396135,-0.2028985507246377,-0.3671497584541063,-0.34782608695652173,-0.23671497584541062,-0.19806763285024154,-0.1497584541062802,-0.13043478260869565,-0.13526570048309178,-0.15458937198067632
0.0,0.0,0.15196078431372548,-0.08333333333333333,0.24019607843137256,-0.23039215686274508,0.07352941176470588,-0.25980392156862747,-0.09803921568627451,-0.23529411764705882,0.07352941176470588,-0.5245098039215687,0.0784313725490196,-0.7303921568627451,0.07352941176470588,-0.8725490196078431,0.058823529411764705,-1.0,-0.08823529411764706,-0.5441176470588235,-0.10294117647058823,-0.4166666666666667,-0.0392156862745098,-0.2647058823529412,0.00980392156862745,-0.22058823529411764,-0.21568627450980393,-0.49019607843137253,-0.22058823529411764,-0.3333333333333333,-0.14215686274509803,-0.22549019607843138,-0.0784313725490196,-0.22058823529411764,-0.31862745098039214,-0.4117647058823529,-0.30392156862745096,-0.27941176470588236,-0.22058823529411764,-0.19117647058823528,-0.16666666666666666,-0.18137254901960784
0.0,0.0,0.1341991341991342,-0.09090909090909091,0.23809523809523808,-0.2554112554112554,0.12121212121212122,-0.3593073593073593,-0.030303030303030304,-0.3852813852813853,0.15584415584415584,-0.5021645021645021,0.18614718614718614,-0.7445887445887446,0.2077922077922078,-0.8744588744588745,0.22077922077922077,-1.0,0.030303030303030304,-0.48484848484848486,0.0,-0.5194805194805194,0.017316017316017316,-0.3333333333333333,0.047619047619047616,-0.2554112554112554,-0.07792207792207792,-0.4458874458874459,-0.13852813852813853,-0.4675324675324675,-0.08658008658008658,-0.2987012987012987,-0.025974025974025976,-0.22943722943722944,-0.16883116883116883,-0.38961038961038963,-0.22943722943722944,-0.4155844155844156,-0.16883116883116883,-0.2987012987012987,-0.10822510822510822,-0.22510822510822512
0.0,0.0,0.12552301255230125,-0.13389121338912133,0.20502092050209206,-0.3179916317991632,0.15481171548117154,-0.4686192468619247,0.03347280334728033,-0.5481171548117155,0.24267782426778242,-0.5188284518828452,0.3179916317991632,-0.7489539748953975,0.3723849372384937,-0.8828451882845189,0.4100418410041841,-1.0,0.11297071129707113,-0.5188284518828452,0.100418410041841,-0.6401673640167364,0.07531380753138076,-0.45188284518828453,0.07531380753138076,-0.33472803347280333,-0.012552301255230125,-0.49372384937238495,-0.04602510460251046,-0.5941422594142259,-0.02510460251046025,-0.40585774058577406,-0.0041841004184100415,-0.29707112970711297,-0.1297071129707113,-0.4476987447698745,-0.15481171548117154,-0.5523012552301255,-0.12133891213389121,-0.42677824267782427,-0.100418410041841,-0.3305439330543933
0.0,0.0,0.11618257261410789,-0.14522821576763487,0.16597510373443983,-0.3360995850622407,0.08298755186721991,-0.4979253112033195,-0.04564315352697095,-0.5684647302904564,0.2157676348547718,-0.5477178423236515,0.27800829875518673,-0.7676348547717843,0.3153526970954357,-0.8879668049792531,0.34854771784232363,-1.0,0.07883817427385892,-0.5394190871369294,0.07053941908713693,-0.6721991701244814,0.058091286307053944,-0.4979253112033195,0.06639004149377593,-0.4024896265560166,-0.04564315352697095,-0.5062240663900415,-0.07468879668049792,-0.6058091286307054,-0.04564315352697095,-0.43568464730290457,-0.024896265560165973,-0.34024896265560167,-0.14937759336099585,-0.43983402489626555,-0.17842323651452283,-0.5601659751037344,-0.13278008298755187,-0.45643153526970953,-0.11203319502074689,-0.35269709543568467
0.0,0.0,0.11965811965811966,-0.19230769230769232,0.1623931623931624,-0.3974358974358974,0.08547008547008547,-0.5726495726495726,-0.029914529914529916,-0.6538461538461539,0.19230769230769232,-0.5769230769230769,0.23504273504273504,-0.782051282051282,0.2606837606837607,-0.8931623931623932,0.28205128205128205,-1.0,0.0641025641025641,-0.5641025641025641,0.038461538461538464,-0.7094017094017094,0.038461538461538464,-0.5470085470085471,0.05555555555555555,-0.452991452991453,-0.05555555555555555,-0.5256410256410257,-0.09401709401709402,-0.6410256410256411,-0.05555555555555555,-0.47435897435897434,-0.03418803418803419,-0.3803418803418803,-0.16666666666666666,-0.452991452991453,-0.19658119658119658,-0.5726495726495726,-0.14957264957264957,-0.47435897435897434,-0.11965811965811966,-0.3888888888888889
0.0,0.0,0.1650943396226415,-0.16981132075471697,0.21226415094339623,-0.41509433962264153,0.14150943396226415,-0.6273584905660378,0.009433962264150943,-0.7122641509433962,0.19339622641509435,-0.5330188679245284,0.24528301886792453,-0.75,0.2783018867924528,-0.8820754716981132,0.2971698113207547,-1.0,0.06132075471698113,-0.5330188679245284,0.05660377358490566,-0.7122641509433962,0.07547169811320754,-0.5754716981132075,0.07547169811320754,-0.4669811320754717,-0.0660377358490566,-0.5047169811320755,-0.07547169811320754,-0.6509433962264151,-0.018867924528301886,-0.4716981132075472,-0.009433962264150943,-0.33962264150943394,-0.19811320754716982,-0.4528301886792453,-0.19339622641509435,-0.5943396226415094,-0.12735849056603774,-0.49056603773584906,-0.10849056603773585,-0.3867924528301887
0.0,0.0,0.12389380530973451,-0.1902654867256637,0.15486725663716813,-0.42920353982300885,0.0752212389380531,-0.6017699115044248,-0.06637168141592921,-0.6283185840707964,0.022123893805309734,-0.5575221238938053,0.008849557522123894,-0.7699115044247787,0.008849557522123894,-0.8893805309734514,-0.004424778761061947,-1.0,-0.08849557522123894,-0.5176991150442478,-0.09734513274336283,-0.672566371681416,-0.030973451327433628,-0.5353982300884956,-0.004424778761061947,-0.415929203539823,-0.1902654867256637,-0.4557522123893805,-0.19911504424778761,-0.6061946902654868,-0.09734513274336283,-0.45132743362831856,-0.05752212389380531,-0.3185840707964602,-0.29646017699115046,-0.37168141592920356,-0.28761061946902655,-0.5265486725663717,-0.19469026548672566,-0.43805309734513276,-0.1504424778761062,-0.336283185840708
0.0,0.0,0.11160714285714286,-0.19642857142857142,0.13392857142857142,-0.4330357142857143,0.05803571428571429,-0.5982142857142857,-0.07589285714285714,-0.6160714285714286,-0.05357142857142857,-0.5669642857142857,-0.09375,-0.7723214285714286,-0.11160714285714286,-0.8928571428571429,-0.13839285714285715,-1.0,-0.15625,-0.5089285714285714,-0.14732142857142858,-0.6651785714285714,-0.05803571428571429,-0.5089285714285714,-0.022321428571428572,-0.39285714285714285,-0.24107142857142858,-0.4330357142857143,-0.22767857142857142,-0.5803571428571429,-0.11607142857142858,-0.4330357142857143,-0.06696428571428571,-0.3080357142857143,-0.33482142857142855,-0.33482142857142855,-0.3080357142857143,-0.49107142857142855,-0.20089285714285715,-0.40625,-0.15178571428571427,-0.3125
0.0,0.0,0.13157894736842105,-0.18421052631578946,0.18421052631578946,-0.40789473684210525,0.12719298245614036,-0.5833333333333334,-0.008771929824561403,-0.6228070175438597,-0.0043859649122807015,-0.5657894736842105,-0.03070175438596491,-0.7763157894736842,-0.043859649122807015,-0.8947368421052632,-0.06140350877192982,-1.0,-0.10526315789473684,-0.5219298245614035,-0.07894736842105263,-0.6754385964912281,-0.0043859649122807015,-0.5175438596491229,0.021929824561403508,-0.40350877192982454,-0.19736842105263158,-0.45614035087719296,-0.16228070175438597,-0.6052631578947368,-0.06140350877192982,-0.43859649122807015,-0.02631578947368421,-0.3157894736842105,-0.29385964912280704,-0.36403508771929827,-0.2412280701754386,-0.5087719298245614,-0.14473684210526316,-0.41228070175438597,-0.10964912280701754,-0.3157894736842105
0.0,0.0,0.1834862385321101,-0.13761467889908258,0.2798165137614679,-0.38073394495412843,0.24770642201834864,-0.591743119266055,0.11467889908256881,-0.6605504587155964,0.22935779816513763,-0.536697247706422,0.2889908256880734,-0.7568807339449541,0.3302752293577982,-0.8853211009174312,0.3532110091743119,-1.0,0.10550458715596331,-0.536697247706422,0.12385321100917432,-0.7155963302752294,0.13761467889908258,-0.573394495412844,0.13302752293577982,-0.463302752293578,-0.022935779816513763,-0.5091743119266054,0.0,-0.6605504587155964,0.04128440366972477,-0.463302752293578,0.04128440366972477,-0.3211009174311927,-0.1559633027522936,-0.46788990825688076,-0.11009174311926606,-0.6100917431192661,-0.06422018348623854,-0.48623853211009177,-0.05963302752293578,-0.3761467889908257
0.0,0.0,0.11836734693877551,-0.11836734693877551,0.17551020408163265,-0.30612244897959184,0.06938775510204082,-0.42857142857142855,-0.0653061224489796,-0.46938775510204084,0.1306122448979592,-0.5142857142857142,0.1469387755102041,-0.7510204081632653,0.16326530612244897,-0.8816326530612245,0.17142857142857143,-1.0,0.012244897959183673,-0.4816326530612245,-0.036734693877551024,-0.5551020408163265,-0.012244897959183673,-0.3795918367346939,0.0163265306122449,-0.27755102040816326,-0.09387755102040816,-0.4326530612244898,-0.1673469387755102,-0.5020408163265306,-0.09795918367346938,-0.3306122448979592,-0.044897959183673466,-0.23673469387755103,-0.18775510204081633,-0.363265306122449,-0.24489795918367346,-0.42448979591836733,-0.17959183673469387,-0.3142857142857143,-0.12653061224489795,-0.24081632653061225
0.0,0.0,0.10569105691056911,-0.10975609756097561,0.15040650406504066,-0.2886178861788618,0.024390243902439025,-0.36585365853658536,-0.11382113821138211,-0.37398373983739835,0.06097560975609756,-0.516260162601626,0.044715447154471545,-0.7520325203252033,0.04065040650406504,-0.8821138211382114,0.032520325203252036,-1.0,-0.056910569105691054,-0.4715447154471545,-0.0975609756097561,-0.516260162601626,-0.056910569105691054,-0.34959349593495936,-0.016260162601626018,-0.26422764227642276,-0.15853658536585366,-0.4105691056910569,-0.21138211382113822,-0.4349593495934959,-0.13821138211382114,-0.2764227642276423,-0.07317073170731707,-0.21544715447154472,-0.23577235772357724,-0.3333333333333333,-0.2845528455284553,-0.35772357723577236,-0.21544715447154472,-0.25203252032520324,-0.15853658536585366,-0.2032520325203252
0.0,0.0,0.10548523206751055,-0.12236286919831224,0.1308016877637131,-0.3037974683544304,-0.03375527426160337,-0.3291139240506329,-0.1940928270042194,-0.31223628691983124,-0.04219409282700422,-0.5189873417721519,-0.11814345991561181,-0.7468354430379747,-0.16033755274261605,-0.8818565400843882,-0.20675105485232068,-1.0,-0.16033755274261605,-0.459915611814346,-0.17721518987341772,-0.46835443037974683,-0.10548523206751055,-0.3206751054852321,-0.05485232067510549,-0.25738396624472576,-0.2489451476793249,-0.379746835443038,-0.270042194092827,-0.3670886075949367,-0.16455696202531644,-0.24472573839662448,-0.0970464135021097,-0.21518987341772153,-0.3080168776371308,-0.2869198312236287,-0.32489451476793246,-0.2742616033755274,-0.22362869198312235,-0.19831223628691982,-0.15611814345991562,-0.17721518987341772
0.0,0.0,0.10416666666666667,-0.12083333333333333,0.16666666666666666,-0.3,0.058333333333333334,-0.36666666666666664,-0.08333333333333333,-0.3333333333333333,-0.04583333333333333,-0.525,-0.09583333333333334,-0.7458333333333333,-0.125,-0.8833333333333333,-0.15833333333333333,-1.0,-0.17916666666666667,-0.4791666666666667,-0.1375,-0.4625,-0.0625,-0.32083333333333336,-0.03333333333333333,-0.25416666666666665,-0.2708333333333333,-0.3958333333333333,-0.23333333333333334,-0.3416666666666667,-0.125,-0.225,-0.07083333333333333,-0.18333333333333332,-0.3416666666666667,-0.2916666666666667,-0.3125,-0.24583333333333332,-0.20833333333333334,-0.175,-0.14583333333333334,-0.15833333333333333
0.0,0.0,0.12704918032786885,-0.11885245901639344,0.22540983606557377,-0.29508196721311475,0.1557377049180328,-0.4385245901639344,0.020491803278688523,-0.5,0.20081967213114754,-0.5204918032786885,0.2540983606557377,-0.7459016393442623,0.2827868852459016,-0.8811475409836066,0.30327868852459017,-1.0,0.07377049180327869,-0.5122950819672131,0.05327868852459016,-0.5983606557377049,0.05327868852459016,-0.4057377049180328,0.06147540983606557,-0.29098360655737704,-0.040983606557377046,-0.47540983606557374,-0.0860655737704918,-0.5409836065573771,-0.045081967213114756,-0.35655737704918034,-0.012295081967213115,-0.25,-0.15163934426229508,-0.4180327868852459,-0.18442622950819673,-0.4959016393442623,-0.13934426229508196,-0.36885245901639346,-0.10245901639344263,-0.28688524590163933
0.0,0.0,0.13865546218487396,-0.12184873949579832,0.24369747899159663,-0.3025210084033613,0.21428571428571427,-0.46638655462184875,0.09663865546218488,-0.5504201680672269,0.2647058823529412,-0.5210084033613446,0.35294117647058826,-0.7436974789915967,0.40756302521008403,-0.8781512605042017,0.4495798319327731,-1.0,0.13865546218487396,-0.5210084033613446,0.13025210084033614,-0.6470588235294118,0.10084033613445378,-0.4579831932773109,0.09243697478991597,-0.33613445378151263,0.012605042016806723,-0.5042016806722689,-0.01680672268907563,-0.6008403361344538,-0.008403361344537815,-0.4117647058823529,0.008403361344537815,-0.29411764705882354,-0.10084033613445378,-0.47058823529411764,-0.11764705882352941,-0.5672268907563025,-0.10084033613445378,-0.4369747899159664,-0.07983193277310924,-0.3403361344537815
0.0,0.0,0.16299559471365638,-0.1145374449339207,0.28634361233480177,-0.30837004405286345,0.28634361233480177,-0.5066079295154186,0.16740088105726872,-0.6123348017621145,0.3436123348017621,-0.5242290748898678,0.44933920704845814,-0.748898678414097,0.5198237885462555,-0.8854625550660793,0.5770925110132159,-1.0,0.20704845814977973,-0.5374449339207048,0.22026431718061673,-0.6872246696035242,0.17180616740088106,-0.5022026431718062,0.14977973568281938,-0.3744493392070485,0.07488986784140969,-0.5330396475770925,0.06607929515418502,-0.6563876651982379,0.05726872246696035,-0.4581497797356828,0.05726872246696035,-0.32158590308370044,-0.05286343612334802,-0.5022026431718062,-0.04405286343612335,-0.6255506607929515,-0.03524229074889868,-0.4933920704845815,-0.030837004405286344,-0.3832599118942731
0.0,0.0,0.1673469387755102,-0.11428571428571428,0.31020408163265306,-0.2693877551020408,0.30612244897959184,-0.4204081632653061,0.17959183673469387,-0.4775510204081633,0.2693877551020408,-0.5306122448979592,0.37551020408163266,-0.7551020408163265,0.44081632653061226,-0.8816326530612245,0.4897959183673469,-1.0,0.1346938775510204,-0.5306122448979592,0.19183673469387755,-0.6163265306122448,0.1673469387755102,-0.40816326530612246,0.1306122448979592,-0.3020408163265306,0.00816326530612245,-0.49795918367346936,0.04897959183673469,-0.5836734693877551,0.0653061224489796,-0.3795918367346939,0.044897959183673466,-0.2693877551020408,-0.1306122448979592,-0.43673469387755104,-0.08571428571428572,-0.5346938775510204,-0.036734693877551024,-0.39591836734693875,-0.0326530612244898,-0.3020408163265306
0.0,0.0,0.15767634854771784,-0.0995850622406639,0.2987551867219917,-0.26141078838174275,0.26556016597510373,-0.3983402489626556,0.12863070539419086,-0.4315352697095436,0.23236514522821577,-0.5394190871369294,0.33195020746887965,-0.7593360995850622,0.4066390041493776,-0.8838174273858921,0.46473029045643155,-1.0,0.0912863070539419,-0.5352697095435685,0.13692946058091288,-0.5809128630705395,0.12448132780082988,-0.37344398340248963,0.1037344398340249,-0.26556016597510373,-0.03319502074688797,-0.49377593360995853,-0.008298755186721992,-0.5228215767634855,0.024896265560165973,-0.3278008298755187,0.029045643153526972,-0.22821576763485477,-0.16182572614107885,-0.4190871369294606,-0.14522821576763487,-0.48132780082987553,-0.08713692946058091,-0.34439834024896265,-0.06224066390041494,-0.26141078838174275
0.0,0.0,0.1375,-0.09166666666666666,0.25416666666666665,-0.24583333333333332,0.16666666666666666,-0.3333333333333333,0.020833333333333332,-0.3375,0.14166666666666666,-0.5291666666666667,0.1875,-0.75,0.21666666666666667,-0.8791666666666667,0.23333333333333334,-1.0,0.0,-0.5375,0.004166666666666667,-0.48333333333333334,0.029166666666666667,-0.31666666666666665,0.04583333333333333,-0.24583333333333332,-0.125,-0.49166666666666664,-0.12916666666666668,-0.4,-0.06666666666666667,-0.24583333333333332,-0.016666666666666666,-0.2,-0.23333333333333334,-0.4166666666666667,-0.22916666666666666,-0.3458333333333333,-0.15833333333333333,-0.23333333333333334,-0.10416666666666667,-0.19166666666666668
0.0,0.0,0.13389121338912133,-0.10460251046025104,0.26359832635983266,-0.2719665271966527,0.200836820083682,-0.37656903765690375,0.06694560669456066,-0.33472803347280333,0.07112970711297072,-0.5439330543933054,0.100418410041841,-0.7405857740585774,0.11715481171548117,-0.8744769874476988,0.11715481171548117,-1.0,-0.08786610878661087,-0.5271966527196653,0.016736401673640166,-0.4769874476987448,0.06276150627615062,-0.32217573221757323,0.03765690376569038,-0.27615062761506276,-0.200836820083682,-0.45188284518828453,-0.08368200836820083,-0.3682008368200837,-0.016736401673640166,-0.2384937238493724,-0.02092050209205021,-0.20502092050209206,-0.28870292887029286,-0.3472803347280335,-0.18410041841004185,-0.2928870292887029,-0.10460251046025104,-0.20502092050209206,-0.09205020920502092,-0.18410041841004185
0.0,0.0,0.1016260162601626,-0.11382113821138211,0.12601626016260162,-0.2886178861788618,-0.032520325203252036,-0.3780487804878049,-0.16666666666666666,-0.4065040650406504,0.1016260162601626,-0.5284552845528455,0.0975609756097561,-0.7560975609756098,0.09349593495934959,-0.8821138211382114,0.08943089430894309,-1.0,-0.028455284552845527,-0.4959349593495935,-0.07723577235772358,-0.556910569105691,-0.056910569105691054,-0.4065040650406504,-0.024390243902439025,-0.33739837398373984,-0.13821138211382114,-0.44308943089430897,-0.2032520325203252,-0.491869918699187,-0.14227642276422764,-0.34959349593495936,-0.08943089430894309,-0.3008130081300813,-0.22357723577235772,-0.3699186991869919,-0.2804878048780488,-0.4268292682926829,-0.21951219512195122,-0.34146341463414637,-0.17073170731707318,-0.2845528455284553
0.0,0.0,0.07881773399014778,-0.1330049261083744,0.08374384236453201,-0.3054187192118227,-0.03940886699507389,-0.4088669950738916,-0.18719211822660098,-0.4433497536945813,-0.0049261083743842365,-0.5270935960591133,-0.04433497536945813,-0.7536945812807881,-0.06403940886699508,-0.8866995073891626,-0.08374384236453201,-1.0,-0.12315270935960591,-0.46798029556650245,-0.1625615763546798,-0.5517241379310345,-0.09852216748768473,-0.3842364532019704,-0.059113300492610835,-0.29064039408866993,-0.21674876847290642,-0.39408866995073893,-0.27586206896551724,-0.45320197044334976,-0.1724137931034483,-0.3103448275862069,-0.10837438423645321,-0.22660098522167488,-0.2955665024630542,-0.30049261083743845,-0.35467980295566504,-0.35960591133004927,-0.2561576354679803,-0.27586206896551724,-0.1921182266009852,-0.21182266009852216
0.0,0.0,0.08737864077669903,-0.1262135922330097,0.11650485436893204,-0.32038834951456313,0.0048543689320388345,-0.4077669902912621,-0.14563106796116504,-0.39805825242718446,-0.038834951456310676,-0.5242718446601942,-0.0825242718446602,-0.7524271844660194,-0.0970873786407767,-0.883495145631068,-0.11650485436893204,-1.0,-0.15048543689320387,-0.46116504854368934,-0.1650485436893204,-0.529126213592233,-0.09223300970873786,-0.36893203883495146,-0.05825242718446602,-0.2766990291262136,-0.23300970873786409,-0.3737864077669903,-0.27184466019417475,-0.4320388349514563,-0.1553398058252427,-0.28640776699029125,-0.0970873786407767,-0.20388349514563106,-0.3106796116504854,-0.2669902912621359,-0.34951456310679613,-0.33495145631067963,-0.24271844660194175,-0.25728155339805825,-0.18446601941747573,-0.19902912621359223
0.0,0.0,0.1024390243902439,-0.17073170731707318,0.17073170731707318,-0.35121951219512193,0.14634146341463414,-0.4878048780487805,0.05365853658536585,-0.43902439024390244,-0.07804878048780488,-0.5560975609756098,-0.06829268292682927,-0.751219512195122,-0.06341463414634146,-0.8878048780487805,-0.06829268292682927,-1.0,-0.2048780487804878,-0.4975609756097561,-0.03414634146341464,-0.551219512195122,0.04878048780487805,-0.3951219512195122,0.024390243902439025,-0.33170731707317075,-0.2780487804878049,-0.4,-0.08780487804878048,-0.43902439024390244,-0.00975609756097561,-0.3121951219512195,-0.03414634146341464,-0.24878048780487805,-0.3170731707317073,-0.28292682926829266,-0.16097560975609757,-0.33170731707317075,-0.08292682926829269,-0.2634146341463415,-0.08780487804878048,-0.2146341463414634
0.0,0.0,0.09216589861751152,-0.21658986175115208,0.15207373271889402,-0.4009216589861751,0.2534562211981567,-0.5161290322580645,0.3456221198156682,-0.5944700460829493,-0.05069124423963134,-0.543778801843318,0.009216589861751152,-0.7419354838709677,0.02304147465437788,-0.8940092165898618,0.02304147465437788,-1.0,-0.07834101382488479,-0.45622119815668205,0.2350230414746544,-0.5806451612903226,0.31336405529953915,-0.4976958525345622,0.2903225806451613,-0.4377880184331797,-0.05069124423963134,-0.34101382488479265,0.2488479262672811,-0.45622119815668205,0.271889400921659,-0.3686635944700461,0.21658986175115208,-0.31336405529953915,0.004608294930875576,-0.22580645161290322,0.23963133640552994,-0.3317972350230415,0.2534562211981567,-0.2764976958525346,0.20276497695852536,-0.2350230414746544
0.0,0.0,-0.0794392523364486,-0.19626168224299065,-0.04205607476635514,-0.411214953271028,0.06542056074766354,-0.5560747663551402,0.17289719626168223,-0.6121495327102804,-0.0514018691588785,-0.4485981308411215,0.02336448598130841,-0.719626168224299,0.0514018691588785,-0.8785046728971962,0.07476635514018691,-1.0,0.056074766355140186,-0.38317757009345793,0.22429906542056074,-0.616822429906542,0.19626168224299065,-0.5420560747663551,0.14018691588785046,-0.45794392523364486,0.16355140186915887,-0.3037383177570093,0.29906542056074764,-0.5233644859813084,0.2616822429906542,-0.46261682242990654,0.21962616822429906,-0.397196261682243,0.26635514018691586,-0.22429906542056074,0.3644859813084112,-0.43457943925233644,0.32710280373831774,-0.3925233644859813,0.2897196261682243,-0.3364485981308411
0.0,0.0,-0.18446601941747573,-0.16990291262135923,-0.22330097087378642,-0.41262135922330095,-0.11650485436893204,-0.587378640776699,0.014563106796116505,-0.6262135922330098,-0.08737864077669903,-0.3737864077669903,-0.06310679611650485,-0.6893203883495146,-0.05339805825242718,-0.8592233009708737,-0.043689320388349516,-1.0,0.07766990291262135,-0.35436893203883496,0.038834951456310676,-0.6504854368932039,-0.03398058252427184,-0.6067961165048543,-0.05825242718446602,-0.5194174757281553,0.19902912621359223,-0.33495145631067963,0.13106796116504854,-0.5970873786407767,0.05825242718446602,-0.558252427184466,0.043689320388349516,-0.47572815533980584,0.28640776699029125,-0.3155339805825243,0.21844660194174756,-0.529126213592233,0.15048543689320387,-0.5,0.14563106796116504,-0.4320388349514563
0.0,0.0,-0.1941747572815534,-0.16019417475728157,-0.2669902912621359,-0.39805825242718446,-0.1941747572815534,-0.5776699029126213,-0.08737864077669903,-0.6067961165048543,-0.0048543689320388345,-0.4029126213592233,-0.04854368932038835,-0.7184466019417476,-0.05339805825242718,-0.8689320388349514,-0.05339805825242718,-1.0,0.13106796116504854,-0.4077669902912621,-0.024271844660194174,-0.6262135922330098,-0.0970873786407767,-0.5485436893203883,-0.10194174757281553,-0.47572815533980584,0.2087378640776699,-0.4077669902912621,0.043689320388349516,-0.5825242718446602,-0.024271844660194174,-0.5242718446601942,-0.03398058252427184,-0.45145631067961167,0.24757281553398058,-0.4077669902912621,0.11650485436893204,-0.5485436893203883,0.05339805825242718,-0.5048543689320388,0.043689320388349516,-0.44660194174757284
0.0,0.0,-0.19704433497536947,-0.1330049261083744,-0.29064039408866993,-0.3694581280788177,-0.24630541871921183,-0.5566502463054187,-0.15270935960591134,-0.6009852216748769,0.009852216748768473,-0.4236453201970443,-0.019704433497536946,-0.7142857142857143,-0.014778325123152709,-0.8620689655172413,-0.009852216748768473,-1.0,0.13793103448275862,-0.42857142857142855,-0.06403940886699508,-0.6009852216748769,-0.1477832512315271,-0.5024630541871922,-0.14285714285714285,-0.42857142857142855,0.1724137931034483,-0.43349753694581283,-0.024630541871921183,-0.5714285714285714,-0.09359605911330049,-0.4975369458128079,-0.08866995073891626,-0.42857142857142855,0.16748768472906403,-0.43842364532019706,0.014778325123152709,-0.541871921182266,-0.03940886699507389,-0.4876847290640394,-0.03940886699507389,-0.4236453201970443
