0.0,0.0,-0.1583011583011583,-0.07722007722007722,-0.2702702702702703,-0.21621621621621623,-0.2084942084942085,-0.33976833976833976,-0.06563706563706563,-0.3667953667953668,-0.20463320463320464,-0.5057915057915058,-0.23166023166023167,-0.7451737451737451,-0.22393822393822393,-0.8803088803088803,-0.2277992277992278,-1.0,-0.08494208494208494,-0.4942084942084942,-0.12355212355212356,-0.5637065637065637,-0.13127413127413126,-0.3783783783783784,-0.138996138996139,-0.2857142857142857,0.03088803088803089,-0.4555984555984556,0.003861003861003861,-0.4826254826254826,-0.04247104247104247,-0.3127413127413127,-0.07335907335907337,-0.22007722007722008,0.1274131274131274,-0.38996138996138996,0.09652509652509653,-0.3938223938223938,0.03088803088803089,-0.277992277992278,-0.015444015444015444,-0.21235521235521235
0.0,0.0,-0.15444015444015444,-0.07335907335907337,-0.277992277992278,-0.21621621621621623,-0.2277992277992278,-0.3474903474903475,-0.08108108108108109,-0.36293436293436293,-0.1969111969111969,-0.5328185328185329,-0.21235521235521235,-0.7567567567567568,-0.2084942084942085,-0.8841698841698842,-0.20463320463320464,-1.0,-0.0694980694980695,-0.5212355212355212,-0.11196911196911197,-0.583011583011583,-0.13513513513513514,-0.39768339768339767,-0.14285714285714285,-0.3088803088803089,0.04633204633204633,-0.4749034749034749,0.007722007722007722,-0.4555984555984556,-0.05019305019305019,-0.29343629343629346,-0.08108108108108109,-0.22007722007722008,0.14285714285714285,-0.4015444015444015,0.0888030888030888,-0.3590733590733591,0.019305019305019305,-0.24324324324324326,-0.015444015444015444,-0.19305019305019305
0.0,0.0,-0.15503875968992248,-0.06976744186046512,-0.29069767441860467,-0.23255813953488372,-0.31007751937984496,-0.375968992248062,-0.18992248062015504,-0.3643410852713178,-0.1744186046511628,-0.5465116279069767,-0.1821705426356589,-0.7596899224806202,-0.18604651162790697,-0.8875968992248062,-0.17829457364341086,-1.0,-0.03488372093023256,-0.5426356589147286,-0.13565891472868216,-0.5658914728682171,-0.17829457364341086,-0.3953488372093023,-0.15891472868217055,-0.32170542635658916,0.07751937984496124,-0.4844961240310077,-0.046511627906976744,-0.4186046511627907,-0.09689922480620156,-0.2751937984496124,-0.08527131782945736,-0.23255813953488372,0.16279069767441862,-0.3953488372093023,0.04263565891472868,-0.313953488372093,0.003875968992248062,-0.22093023255813954,0.023255813953488372,-0.19767441860465115
0.0,0.0,-0.1717557251908397,-0.08015267175572519,-0.3015267175572519,-0.24427480916030533,-0.3435114503816794,-0.3893129770992366,-0.24427480916030533,-0.37786259541984735,-0.16793893129770993,-0.5458015267175572,-0.17557251908396945,-0.7595419847328244,-0.17938931297709923,-0.8893129770992366,-0.1717557251908397,-1.0,-0.030534351145038167,-0.5381679389312977,-0.15267175572519084,-0.5687022900763359,-0.20610687022900764,-0.4122137404580153,-0.1946564885496183,-0.3320610687022901,0.07251908396946564,-0.4770992366412214,-0.08396946564885496,-0.41603053435114506,-0.13740458015267176,-0.2786259541984733,-0.1183206106870229,-0.23282442748091603,0.14122137404580154,-0.37786259541984735,0.0,-0.3015267175572519,-0.03816793893129771,-0.21374045801526717,-0.015267175572519083,-0.19083969465648856
0.0,0.0,-0.19305019305019305,-0.12355212355212356,-0.2972972972972973,-0.25868725868725867,-0.35135135135135137,-0.38223938223938225,-0.29343629343629346,-0.4092664092664093,-0.11196911196911197,-0.555984555984556,-0.1274131274131274,-0.752895752895753,-0.138996138996139,-0.888030888030888,-0.138996138996139,-1.0,0.015444015444015444,-0.5328185328185329,-0.20077220077220076,-0.5405405405405406,-0.24324324324324326,-0.3783783783783784,-0.1969111969111969,-0.3204633204633205,0.10038610038610038,-0.4555984555984556,-0.13513513513513514,-0.4092664092664093,-0.16988416988416988,-0.27413127413127414,-0.11969111969111969,-0.24324324324324326,0.138996138996139,-0.3474903474903475,-0.05791505791505792,-0.29343629343629346,-0.08494208494208494,-0.2084942084942085,-0.04247104247104247,-0.1891891891891892
0.0,0.0,-0.18846153846153846,-0.12307692307692308,-0.29615384615384616,-0.2653846153846154,-0.35384615384615387,-0.38846153846153847,-0.3038461538461538,-0.4153846153846154,-0.1076923076923077,-0.5538461538461539,-0.13076923076923078,-0.7576923076923077,-0.1423076923076923,-0.8884615384615384,-0.1423076923076923,-1.0,0.015384615384615385,-0.5269230769230769,-0.2,-0.5576923076923077,-0.24615384615384617,-0.38461538461538464,-0.19615384615384615,-0.33076923076923076,0.1,-0.45384615384615384,-0.13846153846153847,-0.4230769230769231,-0.16923076923076924,-0.2846153846153846,-0.11538461538461539,-0.25,0.1423076923076923,-0.35,-0.057692307692307696,-0.3076923076923077,-0.08461538461538462,-0.21923076923076923,-0.038461538461538464,-0.2
0.0,0.0,-0.20784313725490197,-0.12941176470588237,-0.3215686274509804,-0.25882352941176473,-0.38823529411764707,-0.36470588235294116,-0.3607843137254902,-0.4196078431372549,-0.12156862745098039,-0.5607843137254902,-0.1607843137254902,-0.7568627450980392,-0.1803921568627451,-0.8901960784313725,-0.19215686274509805,-1.0,-0.00392156862745098,-0.5254901960784314,-0.25882352941176473,-0.5490196078431373,-0.29411764705882354,-0.3843137254901961,-0.23529411764705882,-0.32941176470588235,0.07058823529411765,-0.45098039215686275,-0.20784313725490197,-0.4196078431372549,-0.2235294117647059,-0.2823529411764706,-0.15294117647058825,-0.25098039215686274,0.10196078431372549,-0.34901960784313724,-0.12549019607843137,-0.3137254901960784,-0.1411764705882353,-0.2235294117647059,-0.08627450980392157,-0.20392156862745098
0.0,0.0,-0.20233463035019456,-0.14007782101167315,-0.311284046692607,-0.26459143968871596,-0.3735408560311284,-0.3657587548638132,-0.3852140077821012,-0.4474708171206226,-0.09727626459143969,-0.556420233463035,-0.14396887159533073,-0.7509727626459144,-0.16731517509727625,-0.8910505836575876,-0.1828793774319066,-1.0,0.007782101167315175,-0.5175097276264592,-0.26848249027237353,-0.5291828793774319,-0.3035019455252918,-0.377431906614786,-0.2490272373540856,-0.33073929961089493,0.058365758754863814,-0.4357976653696498,-0.23735408560311283,-0.4046692607003891,-0.245136186770428,-0.2801556420233463,-0.17898832684824903,-0.2529182879377432,0.07003891050583658,-0.33073929961089493,-0.17509727626459143,-0.30739299610894943,-0.1828793774319066,-0.22178988326848248,-0.12062256809338522,-0.20622568093385213
0.0,0.0,-0.20238095238095238,-0.15476190476190477,-0.2976190476190476,-0.2896825396825397,-0.3531746031746032,-0.3888888888888889,-0.3888888888888889,-0.45634920634920634,-0.07539682539682539,-0.5515873015873016,-0.10714285714285714,-0.7420634920634921,-0.12698412698412698,-0.8809523809523809,-0.1388888888888889,-1.0,0.015873015873015872,-0.49603174603174605,-0.2777777777777778,-0.5277777777777778,-0.3253968253968254,-0.376984126984127,-0.2698412698412698,-0.31746031746031744,0.047619047619047616,-0.4007936507936508,-0.25793650793650796,-0.4007936507936508,-0.2777777777777778,-0.2777777777777778,-0.21031746031746032,-0.24206349206349206,0.04365079365079365,-0.2896825396825397,-0.20238095238095238,-0.3055555555555556,-0.2222222222222222,-0.2222222222222222,-0.1626984126984127,-0.19444444444444445
0.0,0.0,-0.1975806451612903,-0.1814516129032258,-0.2701612903225806,-0.3548387096774194,-0.29838709677419356,-0.4879032258064516,-0.33064516129032256,-0.5685483870967742,-0.056451612903225805,-0.5564516129032258,-0.10483870967741936,-0.7419354838709677,-0.125,-0.8790322580645161,-0.13709677419354838,-1.0,0.012096774193548387,-0.4879032258064516,-0.2862903225806452,-0.5403225806451613,-0.32661290322580644,-0.4153225806451613,-0.2782258064516129,-0.3548387096774194,0.020161290322580645,-0.3870967741935484,-0.2903225806451613,-0.4112903225806452,-0.2903225806451613,-0.3024193548387097,-0.21370967741935484,-0.2661290322580645,-0.008064516129032258,-0.2782258064516129,-0.25806451612903225,-0.2903225806451613,-0.2540322580645161,-0.21774193548387097,-0.1814516129032258,-0.18951612903225806
0.0,0.0,-0.06198347107438017,-0.19834710743801653,-0.128099173553719,-0.38016528925619836,-0.23140495867768596,-0.49173553719008267,-0.3305785123966942,-0.5619834710743802,-0.012396694214876033,-0.512396694214876,-0.08264462809917356,-0.7272727272727273,-0.10743801652892562,-0.871900826446281,-0.11570247933884298,-1.0,-0.008264462809917356,-0.4380165289256198,-0.3181818181818182,-0.5619834710743802,-0.3347107438016529,-0.45454545454545453,-0.26859504132231404,-0.39669421487603307,-0.05371900826446281,-0.33884297520661155,-0.3512396694214876,-0.44214876033057854,-0.3347107438016529,-0.3512396694214876,-0.25206611570247933,-0.3140495867768595,-0.11570247933884298,-0.2396694214876033,-0.34297520661157027,-0.32644628099173556,-0.32231404958677684,-0.2603305785123967,-0.24793388429752067,-0.2231404958677686
0.0,0.0,0.008547008547008548,-0.20512820512820512,-0.05128205128205128,-0.3974358974358974,-0.18803418803418803,-0.5085470085470085,-0.31196581196581197,-0.5726495726495726,0.021367521367521368,-0.48717948717948717,-0.042735042735042736,-0.7264957264957265,-0.06837606837606838,-0.8760683760683761,-0.07692307692307693,-1.0,-0.008547008547008548,-0.405982905982906,-0.3076923076923077,-0.5726495726495726,-0.3247863247863248,-0.47435897435897434,-0.2564102564102564,-0.41025641025641024,-0.07692307692307693,-0.3076923076923077,-0.36324786324786323,-0.452991452991453,-0.3418803418803419,-0.358974358974359,-0.2564102564102564,-0.3076923076923077,-0.15384615384615385,-0.21367521367521367,-0.358974358974359,-0.3247863247863248,-0.32905982905982906,-0.2606837606837607,-0.2564102564102564,-0.2222222222222222
0.0,0.0,0.03070175438596491,-0.20614035087719298,-0.03508771929824561,-0.4166666666666667,-0.17982456140350878,-0.543859649122807,-0.2982456140350877,-0.6228070175438597,0.043859649122807015,-0.4605263157894737,0.0,-0.7192982456140351,-0.021929824561403508,-0.8728070175438597,-0.03508771929824561,-1.0,-0.013157894736842105,-0.39035087719298245,-0.2675438596491228,-0.5921052631578947,-0.27631578947368424,-0.5,-0.2149122807017544,-0.4298245614035088,-0.10087719298245613,-0.3026315789473684,-0.3333333333333333,-0.4824561403508772,-0.31140350877192985,-0.3991228070175439,-0.2412280701754386,-0.34210526315789475,-0.20175438596491227,-0.21929824561403508,-0.36403508771929827,-0.3815789473684211,-0.33771929824561403,-0.3201754385964912,-0.2850877192982456,-0.2631578947368421
0.0,0.0,0.05855855855855856,-0.2072072072072072,0.009009009009009009,-0.42342342342342343,-0.13513513513513514,-0.5495495495495496,-0.26576576576576577,-0.6036036036036037,0.04504504504504504,-0.44144144144144143,0.009009009009009009,-0.7162162162162162,-0.013513513513513514,-0.8738738738738738,-0.02702702702702703,-1.0,-0.05855855855855856,-0.3783783783783784,-0.23873873873873874,-0.6171171171171171,-0.23873873873873874,-0.5405405405405406,-0.18018018018018017,-0.45495495495495497,-0.16216216216216217,-0.30180180180180183,-0.32432432432432434,-0.5,-0.2927927927927928,-0.4369369369369369,-0.23423423423423423,-0.36936936936936937,-0.26126126126126126,-0.22072072072072071,-0.36936936936936937,-0.4009009009009009,-0.3333333333333333,-0.36036036036036034,-0.2882882882882883,-0.2972972972972973
0.0,0.0,0.11894273127753303,-0.1894273127753304,0.1145374449339207,-0.4052863436123348,-0.004405286343612335,-0.5374449339207048,-0.11894273127753303,-0.5859030837004405,0.07048458149779736,-0.42731277533039647,0.03524229074889868,-0.7136563876651982,0.02643171806167401,-0.8766519823788547,0.013215859030837005,-1.0,-0.07929515418502203,-0.3920704845814978,-0.1762114537444934,-0.6563876651982379,-0.13215859030837004,-0.6035242290748899,-0.09251101321585903,-0.5154185022026432,-0.19823788546255505,-0.3392070484581498,-0.2687224669603524,-0.5594713656387665,-0.20704845814977973,-0.5110132158590308,-0.17180616740088106,-0.44052863436123346,-0.28634361233480177,-0.28634361233480177,-0.31718061674008813,-0.4581497797356828,-0.2599118942731278,-0.42731277533039647,-0.23348017621145375,-0.3700440528634361
0.0,0.0,0.14222222222222222,-0.18222222222222223,0.1688888888888889,-0.39555555555555555,0.07555555555555556,-0.5511111111111111,-0.02666666666666667,-0.6133333333333333,0.08,-0.41333333333333333,0.06222222222222222,-0.7155555555555555,0.057777777777777775,-0.8711111111111111,0.04,-1.0,-0.08,-0.39555555555555555,-0.10222222222222223,-0.6666666666666666,-0.035555555555555556,-0.6222222222222222,0.0,-0.5333333333333333,-0.20444444444444446,-0.36444444444444446,-0.19111111111111112,-0.5955555555555555,-0.12444444444444444,-0.5466666666666666,-0.10666666666666667,-0.4622222222222222,-0.28888888888888886,-0.3288888888888889,-0.24444444444444444,-0.49777777777777776,-0.18666666666666668,-0.4622222222222222,-0.17777777777777778,-0.4
0.0,0.0,0.16589861751152074,-0.15668202764976957,0.23963133640552994,-0.3686635944700461,0.18433179723502305,-0.543778801843318,0.09216589861751152,-0.6175115207373272,0.07834101382488479,-0.4055299539170507,0.06451612903225806,-0.7142857142857143,0.06451612903225806,-0.8709677419354839,0.04608294930875576,-1.0,-0.08294930875576037,-0.4055299539170507,-0.013824884792626729,-0.6497695852534562,0.055299539170506916,-0.5944700460829493,0.07834101382488479,-0.5023041474654378,-0.1889400921658986,-0.391705069124424,-0.09216589861751152,-0.5714285714285714,-0.03686635944700461,-0.5161290322580645,-0.02304147465437788,-0.4377880184331797,-0.2534562211981567,-0.37327188940092165,-0.15207373271889402,-0.5023041474654378,-0.10138248847926268,-0.45622119815668205,-0.10138248847926268,-0.39631336405529954
0.0,0.0,0.18932038834951456,-0.1262135922330097,0.2912621359223301,-0.3300970873786408,0.25728155339805825,-0.5242718446601942,0.1553398058252427,-0.5922330097087378,0.08737864077669903,-0.4223300970873786,0.0970873786407767,-0.7184466019417476,0.0970873786407767,-0.8737864077669902,0.0825242718446602,-1.0,-0.06310679611650485,-0.4368932038834951,0.05825242718446602,-0.5970873786407767,0.12135922330097088,-0.5242718446601942,0.12135922330097088,-0.4368932038834951,-0.14563106796116504,-0.4223300970873786,-0.019417475728155338,-0.5388349514563107,0.02912621359223301,-0.470873786407767,0.02912621359223301,-0.3932038834951456,-0.19902912621359223,-0.4029126213592233,-0.0825242718446602,-0.5,-0.038834951456310676,-0.441747572815534,-0.043689320388349516,-0.3737864077669903
0.0,0.0,0.21182266009852216,-0.12315270935960591,0.31527093596059114,-0.33004926108374383,0.2955665024630542,-0.5270935960591133,0.19704433497536947,-0.5812807881773399,0.08374384236453201,-0.42857142857142855,0.10344827586206896,-0.7192118226600985,0.10344827586206896,-0.8768472906403941,0.08374384236453201,-1.0,-0.054187192118226604,-0.4433497536945813,0.09852216748768473,-0.5812807881773399,0.15270935960591134,-0.5024630541871922,0.1477832512315271,-0.4187192118226601,-0.12807881773399016,-0.42857142857142855,0.024630541871921183,-0.5221674876847291,0.07389162561576355,-0.45320197044334976,0.06403940886699508,-0.3793103448275862,-0.16748768472906403,-0.4088669950738916,-0.034482758620689655,-0.4876847290640394,0.0049261083743842365,-0.42857142857142855,-0.0049261083743842365,-0.3645320197044335
0.0,0.0,0.2048780487804878,-0.11707317073170732,0.32682926829268294,-0.3121951219512195,0.33170731707317075,-0.5073170731707317,0.23902439024390243,-0.5756097560975609,0.08780487804878048,-0.43414634146341463,0.11707317073170732,-0.7170731707317073,0.11707317073170732,-0.8682926829268293,0.0975609756097561,-1.0,-0.03902439024390244,-0.44878048780487806,0.13170731707317074,-0.6048780487804878,0.2048780487804878,-0.526829268292683,0.2097560975609756,-0.43902439024390244,-0.0975609756097561,-0.43902439024390244,0.05853658536585366,-0.5658536585365853,0.12195121951219512,-0.4975609756097561,0.13170731707317074,-0.4146341463414634,-0.12682926829268293,-0.4292682926829268,0.014634146341463415,-0.5219512195121951,0.06341463414634146,-0.47804878048780486,0.07317073170731707,-0.4146341463414634
0.0,0.0,-0.20388349514563106,-0.06796116504854369,-0.35436893203883496,-0.1650485436893204,-0.44660194174757284,-0.2669902912621359,-0.3737864077669903,-0.28640776699029125,-0.27184466019417475,-0.5339805825242718,-0.3592233009708738,-0.7378640776699029,-0.4223300970873786,-0.883495145631068,-0.46116504854368934,-1.0,-0.11650485436893204,-0.5533980582524272,-0.3155339805825243,-0.49029126213592233,-0.32038834951456313,-0.3106796116504854,-0.2669902912621359,-0.25728155339805825,0.014563106796116505,-0.49514563106796117,-0.20388349514563106,-0.3592233009708738,-0.19902912621359223,-0.22330097087378642,-0.1407766990291262,-0.20388349514563106,0.10194174757281553,-0.3932038834951456,-0.0825242718446602,-0.2621359223300971,-0.08737864077669903,-0.16990291262135923,-0.038834951456310676,-0.1650485436893204
0.0,0.0,-0.21559633027522937,-0.10091743119266056,-0.3532110091743119,-0.21559633027522937,-0.42660550458715596,-0.3256880733944954,-0.38073394495412843,-0.3211009174311927,-0.21100917431192662,-0.5412844036697247,-0.2981651376146789,-0.7431192660550459,-0.3532110091743119,-0.8853211009174312,-0.3944954128440367,-1.0,-0.07339449541284404,-0.5321100917431193,-0.3165137614678899,-0.48623853211009177,-0.3256880733944954,-0.3165137614678899,-0.26605504587155965,-0.27522935779816515,0.022935779816513763,-0.45871559633027525,-0.23394495412844038,-0.3486238532110092,-0.22477064220183487,-0.22477064220183487,-0.1559633027522936,-0.21100917431192662,0.08256880733944955,-0.3440366972477064,-0.12844036697247707,-0.24311926605504589,-0.12844036697247707,-0.16055045871559634,-0.06880733944954129,-0.1559633027522936
0.0,0.0,-0.17050691244239632,-0.18433179723502305,-0.29493087557603687,-0.3640552995391705,-0.4055299539170507,-0.5023041474654378,-0.5253456221198156,-0.6129032258064516,-0.15668202764976957,-0.543778801843318,-0.29493087557603687,-0.7373271889400922,-0.3686635944700461,-0.880184331797235,-0.41935483870967744,-1.0,-0.08294930875576037,-0.4700460829493088,-0.43317972350230416,-0.46543778801843316,-0.4470046082949309,-0.3317972350230415,-0.3824884792626728,-0.2903225806451613,-0.055299539170506916,-0.3548387096774194,-0.391705069124424,-0.31336405529953915,-0.35944700460829493,-0.22119815668202766,-0.2672811059907834,-0.2119815668202765,-0.055299539170506916,-0.22580645161290322,-0.3271889400921659,-0.2073732718894009,-0.2995391705069124,-0.14746543778801843,-0.21658986175115208,-0.14746543778801843
0.0,0.0,-0.10526315789473684,-0.19617224880382775,-0.23444976076555024,-0.37320574162679426,-0.37799043062200954,-0.47368421052631576,-0.5023923444976076,-0.5263157894736842,-0.16267942583732056,-0.5358851674641149,-0.3157894736842105,-0.7368421052631579,-0.39712918660287083,-0.8755980861244019,-0.45454545454545453,-1.0,-0.12440191387559808,-0.44976076555023925,-0.49760765550239233,-0.46411483253588515,-0.49760765550239233,-0.3492822966507177,-0.4258373205741627,-0.31100478468899523,-0.1291866028708134,-0.32057416267942584,-0.4784688995215311,-0.3157894736842105,-0.44019138755980863,-0.23444976076555024,-0.3444976076555024,-0.22488038277511962,-0.14832535885167464,-0.18660287081339713,-0.42105263157894735,-0.18660287081339713,-0.3827751196172249,-0.1339712918660287,-0.2966507177033493,-0.1339712918660287
0.0,0.0,-0.04245283018867924,-0.2169811320754717,-0.1792452830188679,-0.41037735849056606,-0.3584905660377358,-0.5047169811320755,-0.5141509433962265,-0.5377358490566038,-0.14150943396226415,-0.5094339622641509,-0.30660377358490565,-0.7358490566037735,-0.39622641509433965,-0.8773584905660378,-0.4669811320754717,-1.0,-0.1650943396226415,-0.41037735849056606,-0.5283018867924528,-0.5188679245283019,-0.5235849056603774,-0.42452830188679247,-0.44339622641509435,-0.3867924528301887,-0.2169811320754717,-0.2830188679245283,-0.5518867924528302,-0.3867924528301887,-0.5141509433962265,-0.3113207547169811,-0.41509433962264153,-0.2783018867924528,-0.27358490566037735,-0.1509433962264151,-0.5283018867924528,-0.25,-0.49056603773584906,-0.2169811320754717,-0.4056603773584906,-0.19811320754716982
0.0,0.0,-0.015,-0.235,-0.16,-0.45,-0.35,-0.55,-0.51,-0.575,-0.11,-0.485,-0.29,-0.74,-0.395,-0.88,-0.475,-1.0,-0.19,-0.37,-0.51,-0.55,-0.57,-0.535,-0.57,-0.52,-0.275,-0.235,-0.56,-0.41,-0.525,-0.39,-0.445,-0.35,-0.355,-0.11,-0.56,-0.285,-0.525,-0.285,-0.46,-0.255
0.0,0.0,0.029850746268656716,-0.22388059701492538,-0.07462686567164178,-0.4626865671641791,-0.23383084577114427,-0.5920398009950248,-0.38308457711442784,-0.6169154228855721,-0.07462686567164178,-0.46766169154228854,-0.24875621890547264,-0.736318407960199,-0.3482587064676617,-0.8855721393034826,-0.43283582089552236,-1.0,-0.19402985074626866,-0.36318407960199006,-0.4626865671641791,-0.6019900497512438,-0.39800995024875624,-0.5572139303482587,-0.3034825870646766,-0.47761194029850745,-0.3034825870646766,-0.25870646766169153,-0.5124378109452736,-0.46766169154228854,-0.42786069651741293,-0.43781094527363185,-0.35323383084577115,-0.373134328358209,-0.3880597014925373,-0.16417910447761194,-0.527363184079602,-0.3482587064676617,-0.4527363184079602,-0.3333333333333333,-0.39800995024875624,-0.2736318407960199
0.0,0.0,0.06030150753768844,-0.24120603015075376,-0.04020100502512563,-0.49748743718592964,-0.21608040201005024,-0.628140703517588,-0.36683417085427134,-0.6432160804020101,-0.08040201005025126,-0.46733668341708545,-0.2562814070351759,-0.7386934673366834,-0.35175879396984927,-0.8844221105527639,-0.4371859296482412,-1.0,-0.23115577889447236,-0.36683417085427134,-0.4221105527638191,-0.6331658291457286,-0.3417085427135678,-0.6130653266331658,-0.25125628140703515,-0.5276381909547738,-0.34673366834170855,-0.27638190954773867,-0.47738693467336685,-0.5125628140703518,-0.3869346733668342,-0.4824120603015075,-0.32160804020100503,-0.4120603015075377,-0.4321608040201005,-0.20100502512562815,-0.5025125628140703,-0.3969849246231156,-0.4271356783919598,-0.37185929648241206,-0.38190954773869346,-0.31155778894472363
0.0,0.0,0.09595959595959595,-0.23737373737373738,0.050505050505050504,-0.4898989898989899,-0.10101010101010101,-0.6313131313131313,-0.23232323232323232,-0.6515151515151515,-0.0707070707070707,-0.4494949494949495,-0.24242424242424243,-0.7272727272727273,-0.3383838383838384,-0.8838383838383839,-0.43434343434343436,-1.0,-0.23737373737373738,-0.3686868686868687,-0.35353535353535354,-0.6565656565656566,-0.2676767676767677,-0.6363636363636364,-0.1919191919191919,-0.5505050505050505,-0.3484848484848485,-0.29292929292929293,-0.40404040404040403,-0.5404040404040404,-0.31313131313131315,-0.5151515151515151,-0.26262626262626265,-0.4393939393939394,-0.42424242424242425,-0.23232323232323232,-0.41414141414141414,-0.42424242424242425,-0.3333333333333333,-0.4090909090909091,-0.30303030303030304,-0.3484848484848485
0.0,0.0,0.125,-0.234375,0.10416666666666667,-0.5052083333333334,-0.03125,-0.671875,-0.17708333333333334,-0.7135416666666666,-0.06770833333333333,-0.46875,-0.24479166666666666,-0.75,-0.34375,-0.890625,-0.4479166666666667,-1.0,-0.234375,-0.3958333333333333,-0.3020833333333333,-0.6666666666666666,-0.21354166666666666,-0.6458333333333334,-0.15104166666666666,-0.5625,-0.3489583333333333,-0.328125,-0.3854166666666667,-0.5833333333333334,-0.3072916666666667,-0.5729166666666666,-0.2604166666666667,-0.5052083333333334,-0.4270833333333333,-0.2760416666666667,-0.46875,-0.4895833333333333,-0.4583333333333333,-0.5572916666666666,-0.4635416666666667,-0.578125
0.0,0.0,-0.12280701754385964,-0.15789473684210525,-0.17982456140350878,-0.35526315789473684,-0.15350877192982457,-0.5131578947368421,-0.03070175438596491,-0.49122807017543857,0.09649122807017543,-0.5877192982456141,0.18859649122807018,-0.7894736842105263,0.25877192982456143,-0.9078947368421053,0.32894736842105265,-1.0,0.2149122807017544,-0.5131578947368421,0.12280701754385964,-0.6008771929824561,-0.017543859649122806,-0.45614035087719296,-0.05701754385964912,-0.36403508771929827,0.2850877192982456,-0.41228070175438597,0.13596491228070176,-0.44298245614035087,0.008771929824561403,-0.31140350877192985,-0.0043859649122807015,-0.25,0.3201754385964912,-0.29385964912280704,0.15789473684210525,-0.29385964912280704,0.07456140350877193,-0.21929824561403508,0.08771929824561403,-0.18859649122807018
0.0,0.0,-0.1232876712328767,-0.1917808219178082,-0.1643835616438356,-0.3744292237442922,-0.1598173515981735,-0.5296803652968036,-0.0776255707762557,-0.5342465753424658,0.1461187214611872,-0.589041095890411,0.2420091324200913,-0.7853881278538812,0.3242009132420091,-0.908675799086758,0.4018264840182648,-1.0,0.2557077625570776,-0.4977168949771689,0.1004566210045662,-0.6073059360730594,-0.0502283105022831,-0.4748858447488584,-0.0730593607305936,-0.3926940639269406,0.3059360730593607,-0.3881278538812785,0.091324200913242,-0.4429223744292237,-0.0273972602739726,-0.3287671232876712,-0.0228310502283105,-0.2694063926940639,0.319634703196347,-0.2648401826484018,0.1141552511415525,-0.3013698630136986,0.0319634703196347,-0.2328767123287671,0.045662100456621,-0.1917808219178082
0.0,0.0,-0.12946428571428573,-0.23660714285714285,-0.14732142857142858,-0.4107142857142857,-0.14732142857142858,-0.5357142857142857,-0.13839285714285715,-0.6160714285714286,0.20089285714285715,-0.5625,0.26785714285714285,-0.7589285714285714,0.32589285714285715,-0.8928571428571429,0.38839285714285715,-1.0,0.26339285714285715,-0.47767857142857145,0.03571428571428571,-0.6473214285714286,-0.10267857142857142,-0.5446428571428571,-0.11160714285714286,-0.45535714285714285,0.26339285714285715,-0.3794642857142857,-0.013392857142857142,-0.5133928571428571,-0.10267857142857142,-0.41517857142857145,-0.08035714285714286,-0.34375,0.20982142857142858,-0.28125,-0.017857142857142856,-0.38392857142857145,-0.08035714285714286,-0.32142857142857145,-0.049107142857142856,-0.26339285714285715
0.0,0.0,-0.0945945945945946,-0.24774774774774774,-0.08558558558558559,-0.43243243243243246,-0.0945945945945946,-0.5630630630630631,-0.13513513513513514,-0.6306306306306306,0.24774774774774774,-0.5315315315315315,0.28378378378378377,-0.7432432432432432,0.3333333333333333,-0.8828828828828829,0.38738738738738737,-1.0,0.25225225225225223,-0.44594594594594594,0.0045045045045045045,-0.6621621621621622,-0.0945945945945946,-0.5630630630630631,-0.07657657657657657,-0.4864864864864865,0.1981981981981982,-0.36486486486486486,-0.07657657657657657,-0.536036036036036,-0.12162162162162163,-0.44144144144144143,-0.06306306306306306,-0.3738738738738739,0.10810810810810811,-0.2927927927927928,-0.10810810810810811,-0.4144144144144144,-0.13513513513513514,-0.34234234234234234,-0.08108108108108109,-0.2882882882882883
0.0,0.0,0.09004739336492891,-0.1848341232227488,0.10426540284360189,-0.3886255924170616,0.0,-0.5355450236966824,-0.10426540284360189,-0.5971563981042654,0.24644549763033174,-0.46445497630331756,0.2890995260663507,-0.7203791469194313,0.33649289099526064,-0.8720379146919431,0.3933649289099526,-1.0,0.1895734597156398,-0.38388625592417064,-0.052132701421800945,-0.6635071090047393,-0.11374407582938388,-0.5687203791469194,-0.07109004739336493,-0.4881516587677725,0.08530805687203792,-0.3080568720379147,-0.15165876777251186,-0.5592417061611374,-0.16113744075829384,-0.46919431279620855,-0.09004739336492891,-0.3886255924170616,-0.02843601895734597,-0.24644549763033174,-0.1990521327014218,-0.45023696682464454,-0.1990521327014218,-0.3791469194312796,-0.14218009478672985,-0.3080568720379147
0.0,0.0,0.1111111111111111,-0.17391304347826086,0.1497584541062802,-0.37681159420289856,0.0821256038647343,-0.5265700483091788,-0.014492753623188406,-0.6135265700483091,0.23671497584541062,-0.42995169082125606,0.2995169082125604,-0.7053140096618358,0.34299516908212563,-0.8647342995169082,0.38164251207729466,-1.0,0.15458937198067632,-0.3671497584541063,-0.033816425120772944,-0.6763285024154589,-0.0966183574879227,-0.5990338164251208,-0.06763285024154589,-0.5072463768115942,0.024154589371980676,-0.30917874396135264,-0.15458937198067632,-0.5893719806763285,-0.1642512077294686,-0.5072463768115942,-0.1111111111111111,-0.41545893719806765,-0.10144927536231885,-0.27053140096618356,-0.2222222222222222,-0.4975845410628019,-0.21256038647342995,-0.42995169082125606,-0.1642512077294686,-0.34782608695652173
0.0,0.0,0.125,-0.18269230769230768,0.1778846153846154,-0.39903846153846156,0.125,-0.5576923076923077,0.028846153846153848,-0.6442307692307693,0.23557692307692307,-0.41346153846153844,0.28846153846153844,-0.6971153846153846,0.3269230769230769,-0.8653846153846154,0.3605769230769231,-1.0,0.125,-0.3701923076923077,-0.02403846153846154,-0.6971153846153846,-0.07211538461538461,-0.6201923076923077,-0.04326923076923077,-0.5192307692307693,-0.009615384615384616,-0.3269230769230769,-0.14423076923076922,-0.6201923076923077,-0.15384615384615385,-0.5480769230769231,-0.11057692307692307,-0.4567307692307692,-0.14423076923076922,-0.2932692307692308,-0.22596153846153846,-0.5240384615384616,-0.20673076923076922,-0.47115384615384615,-0.16826923076923078,-0.39903846153846156
0.0,0.0,0.17412935323383086,-0.15422885572139303,0.24875621890547264,-0.39800995024875624,0.23383084577114427,-0.6019900497512438,0.14925373134328357,-0.7064676616915423,0.23383084577114427,-0.3781094527363184,0.3034825870646766,-0.6865671641791045,0.3582089552238806,-0.8606965174129353,0.39303482587064675,-1.0,0.06965174129353234,-0.38308457711442784,0.05472636815920398,-0.7263681592039801,0.07462686567164178,-0.6467661691542289,0.08955223880597014,-0.527363184079602,-0.0845771144278607,-0.3781094527363184,-0.07462686567164178,-0.6666666666666666,-0.03482587064676617,-0.5920398009950248,-0.024875621890547265,-0.4925373134328358,-0.208955223880597,-0.36318407960199006,-0.1691542288557214,-0.6019900497512438,-0.12935323383084577,-0.5373134328358209,-0.13432835820895522,-0.4527363184079602
0.0,0.0,0.21052631578947367,-0.1291866028708134,0.3062200956937799,-0.3349282296650718,0.31100478468899523,-0.5167464114832536,0.2535885167464115,-0.6172248803827751,0.23923444976076555,-0.37799043062200954,0.3492822966507177,-0.69377990430622,0.40669856459330145,-0.8660287081339713,0.4354066985645933,-1.0,0.07177033492822966,-0.4354066985645933,0.17703349282296652,-0.7129186602870813,0.215311004784689,-0.645933014354067,0.20574162679425836,-0.5406698564593302,-0.06220095693779904,-0.45933014354066987,0.06220095693779904,-0.6602870813397129,0.10047846889952153,-0.5933014354066986,0.08133971291866028,-0.5119617224880383,-0.16267942583732056,-0.4688995215311005,-0.03827751196172249,-0.583732057416268,-0.004784688995215311,-0.5167464114832536,-0.023923444976076555,-0.45454545454545453
0.0,0.0,0.21359223300970873,-0.11165048543689321,0.33980582524271846,-0.3106796116504854,0.34951456310679613,-0.5048543689320388,0.2815533980582524,-0.6116504854368932,0.24271844660194175,-0.3737864077669903,0.34951456310679613,-0.6941747572815534,0.41262135922330095,-0.8592233009708737,0.44660194174757284,-1.0,0.07281553398058252,-0.4368932038834951,0.19902912621359223,-0.6941747572815534,0.24271844660194175,-0.6213592233009708,0.22330097087378642,-0.5242718446601942,-0.05339805825242718,-0.46116504854368934,0.08737864077669903,-0.6504854368932039,0.1262135922330097,-0.5776699029126213,0.10194174757281553,-0.5,-0.14563106796116504,-0.47572815533980584,-0.009708737864077669,-0.5728155339805825,0.019417475728155338,-0.5048543689320388,-0.009708737864077669,-0.441747572815534
0.0,0.0,0.21844660194174756,-0.10679611650485436,0.3640776699029126,-0.30097087378640774,0.3883495145631068,-0.5,0.3155339805825243,-0.6019417475728155,0.2524271844660194,-0.3883495145631068,0.3592233009708738,-0.7038834951456311,0.42718446601941745,-0.8640776699029126,0.46601941747572817,-1.0,0.08737864077669903,-0.4563106796116505,0.22815533980582525,-0.6990291262135923,0.27184466019417475,-0.6262135922330098,0.2524271844660194,-0.529126213592233,-0.038834951456310676,-0.4854368932038835,0.11650485436893204,-0.6553398058252428,0.1553398058252427,-0.5825242718446602,0.1262135922330097,-0.5,-0.1262135922330097,-0.49029126213592233,0.0,-0.5728155339805825,0.02912621359223301,-0.5048543689320388,0.0,-0.441747572815534
0.0,0.0,0.22842639593908629,-0.08121827411167512,0.39593908629441626,-0.24873096446700507,0.45685279187817257,-0.4416243654822335,0.39593908629441626,-0.5532994923857868,0.25888324873096447,-0.39086294416243655,0.39593908629441626,-0.6040609137055838,0.38071065989847713,-0.5177664974619289,0.3197969543147208,-0.4467005076142132,0.13705583756345177,-0.4619289340101523,0.350253807106599,-0.7157360406091371,0.4720812182741117,-0.8730964467005076,0.5532994923857868,-1.0,0.030456852791878174,-0.5025380710659898,0.22842639593908629,-0.6395939086294417,0.24873096446700507,-0.5989847715736041,0.2233502538071066,-0.5279187817258884,-0.04568527918781726,-0.5126903553299492,0.1319796954314721,-0.5939086294416244,0.15228426395939088,-0.5329949238578681,0.13705583756345177,-0.467005076142132
0.0,0.0,-0.1826086956521739,-0.0782608695652174,-0.30869565217391304,-0.1956521739130435,-0.36086956521739133,-0.3130434782608696,-0.2782608695652174,-0.3217391304347826,-0.2,-0.5304347826086957,-0.25217391304347825,-0.7391304347826086,-0.2956521739130435,-0.8826086956521739,-0.32608695652173914,-1.0,-0.05652173913043478,-0.5347826086956522,-0.2217391304347826,-0.508695652173913,-0.24347826086956523,-0.34782608695652173,-0.20869565217391303,-0.2782608695652174,0.05652173913043478,-0.47391304347826085,-0.13043478260869565,-0.3826086956521739,-0.15217391304347827,-0.24347826086956523,-0.11739130434782609,-0.20434782608695654,0.13478260869565217,-0.3739130434782609,-0.02608695652173913,-0.2826086956521739,-0.04782608695652174,-0.19130434782608696,-0.013043478260869565,-0.16956521739130434
0.0,0.0,-0.2183406113537118,-0.12663755458515283,-0.3406113537117904,-0.24890829694323144,-0.42358078602620086,-0.35807860262008734,-0.4104803493449782,-0.35807860262008734,-0.15283842794759825,-0.5502183406113537,-0.22707423580786026,-0.74235807860262,-0.27074235807860264,-0.8820960698689956,-0.30131004366812225,-1.0,-0.034934497816593885,-0.519650655021834,-0.31004366812227074,-0.4847161572052402,-0.32751091703056767,-0.32751091703056767,-0.27074235807860264,-0.2838427947598253,0.034934497816593885,-0.4366812227074236,-0.2576419213973799,-0.34497816593886466,-0.24890829694323144,-0.2314410480349345,-0.18340611353711792,-0.21397379912663755,0.0611353711790393,-0.3231441048034934,-0.17467248908296942,-0.2445414847161572,-0.17467248908296942,-0.1703056768558952,-0.11353711790393013,-0.1615720524017467
0.0,0.0,-0.16585365853658537,-0.2,-0.2926829268292683,-0.36585365853658536,-0.4292682926829268,-0.43902439024390244,-0.5121951219512195,-0.424390243902439,-0.1024390243902439,-0.5463414634146342,-0.2,-0.7414634146341463,-0.23902439024390243,-0.8780487804878049,-0.25365853658536586,-1.0,-0.04878048780487805,-0.4682926829268293,-0.4195121951219512,-0.4926829268292683,-0.43414634146341463,-0.35609756097560974,-0.36097560975609755,-0.32195121951219513,-0.04390243902439024,-0.3463414634146341,-0.40487804878048783,-0.33170731707317075,-0.375609756097561,-0.23902439024390243,-0.28292682926829266,-0.23414634146341465,-0.08292682926829269,-0.22439024390243903,-0.36585365853658536,-0.2146341463414634,-0.34146341463414637,-0.15121951219512195,-0.2634146341463415,-0.15121951219512195
0.0,0.0,-0.12953367875647667,-0.21243523316062177,-0.2538860103626943,-0.39896373056994816,-0.39896373056994816,-0.5025906735751295,-0.5025906735751295,-0.5647668393782384,-0.08290155440414508,-0.5440414507772021,-0.12953367875647667,-0.7409326424870466,-0.13989637305699482,-0.8808290155440415,-0.12953367875647667,-1.0,-0.03626943005181347,-0.45595854922279794,-0.39896373056994816,-0.533678756476684,-0.44559585492227977,-0.41450777202072536,-0.39378238341968913,-0.35751295336787564,-0.046632124352331605,-0.33678756476683935,-0.39378238341968913,-0.35233160621761656,-0.38341968911917096,-0.26424870466321243,-0.29533678756476683,-0.24870466321243523,-0.08808290155440414,-0.21243523316062177,-0.3626943005181347,-0.22279792746113988,-0.3471502590673575,-0.16062176165803108,-0.2694300518134715,-0.15544041450777202
0.0,0.0,-0.057803468208092484,-0.2658959537572254,-0.14450867052023122,-0.48554913294797686,-0.27167630057803466,-0.5953757225433526,-0.3468208092485549,-0.630057803468208,0.06936416184971098,-0.5375722543352601,0.09248554913294797,-0.7341040462427746,0.12138728323699421,-0.8786127167630058,0.1676300578034682,-1.0,0.08670520231213873,-0.4277456647398844,-0.2658959537572254,-0.6242774566473989,-0.3699421965317919,-0.5606936416184971,-0.3583815028901734,-0.5086705202312138,0.028901734104046242,-0.2947976878612717,-0.34104046242774566,-0.43352601156069365,-0.35260115606936415,-0.3699421965317919,-0.2658959537572254,-0.32947976878612717,-0.06358381502890173,-0.18497109826589594,-0.3468208092485549,-0.30057803468208094,-0.3468208092485549,-0.26011560693641617,-0.2658959537572254,-0.23121387283236994
0.0,0.0,-0.049079754601226995,-0.27607361963190186,-0.15337423312883436,-0.5030674846625767,-0.3067484662576687,-0.6196319018404908,-0.3987730061349693,-0.6993865030674846,0.09815950920245399,-0.5276073619631901,0.11042944785276074,-0.7300613496932515,0.147239263803681,-0.8711656441717791,0.19631901840490798,-1.0,0.09815950920245399,-0.39263803680981596,-0.25766871165644173,-0.6073619631901841,-0.39263803680981596,-0.6073619631901841,-0.4233128834355828,-0.5766871165644172,0.024539877300613498,-0.25766871165644173,-0.36809815950920244,-0.4233128834355828,-0.4049079754601227,-0.4110429447852761,-0.3496932515337423,-0.38650306748466257,-0.08588957055214724,-0.1411042944785276,-0.3803680981595092,-0.3006134969325153,-0.3987730061349693,-0.3006134969325153,-0.32515337423312884,-0.2822085889570552
0.0,0.0,-0.12087912087912088,-0.25824175824175827,-0.2692307692307692,-0.45604395604395603,-0.43956043956043955,-0.510989010989011,-0.5274725274725275,-0.47802197802197804,-0.04395604395604396,-0.5384615384615384,-0.10989010989010989,-0.7307692307692307,-0.12637362637362637,-0.8736263736263736,-0.12637362637362637,-1.0,-0.01098901098901099,-0.41208791208791207,-0.42857142857142855,-0.510989010989011,-0.46703296703296704,-0.41208791208791207,-0.4010989010989011,-0.36813186813186816,-0.04395604395604396,-0.25824175824175827,-0.45604395604395603,-0.3131868131868132,-0.4175824175824176,-0.24175824175824176,-0.2967032967032967,-0.22527472527472528,-0.11538461538461539,-0.12637362637362637,-0.42857142857142855,-0.18681318681318682,-0.3956043956043956,-0.14285714285714285,-0.2967032967032967,-0.13186813186813187
0.0,0.0,-0.16374269005847952,-0.2573099415204678,-0.3567251461988304,-0.4619883040935672,-0.52046783625731,-0.543859649122807,-0.5906432748538012,-0.5555555555555556,-0.15789473684210525,-0.5380116959064327,-0.2631578947368421,-0.7309941520467836,-0.3333333333333333,-0.8713450292397661,-0.3742690058479532,-1.0,-0.10526315789473684,-0.4093567251461988,-0.5380116959064327,-0.47368421052631576,-0.6491228070175439,-0.391812865497076,-0.6491228070175439,-0.3333333333333333,-0.12280701754385964,-0.23976608187134502,-0.5497076023391813,-0.24561403508771928,-0.5321637426900585,-0.19298245614035087,-0.4269005847953216,-0.17543859649122806,-0.16374269005847952,-0.08187134502923976,-0.5146198830409356,-0.1111111111111111,-0.49707602339181284,-0.0935672514619883,-0.39766081871345027,-0.09941520467836257
0.0,0.0,-0.20081967213114754,-0.14344262295081966,-0.3155737704918033,-0.2827868852459016,-0.3770491803278688,-0.4016393442622951,-0.3401639344262295,-0.4672131147540984,-0.10245901639344263,-0.5778688524590164,-0.1598360655737705,-0.7622950819672131,-0.1885245901639344,-0.889344262295082,-0.20081967213114754,-1.0,0.00819672131147541,-0.5450819672131147,-0.25,-0.5860655737704918,-0.28688524590163933,-0.42213114754098363,-0.22540983606557377,-0.35655737704918034,0.07377049180327869,-0.47540983606557374,-0.20081967213114754,-0.47540983606557374,-0.22540983606557377,-0.3360655737704918,-0.16393442622950818,-0.29098360655737704,0.09836065573770492,-0.3770491803278688,-0.13524590163934427,-0.36885245901639346,-0.1557377049180328,-0.27459016393442626,-0.10245901639344263,-0.24180327868852458
0.0,0.0,-0.17355371900826447,-0.13636363636363635,-0.28512396694214875,-0.30165289256198347,-0.34297520661157027,-0.4380165289256198,-0.28512396694214875,-0.5165289256198347,-0.0743801652892562,-0.5743801652892562,-0.10743801652892562,-0.768595041322314,-0.12396694214876033,-0.8966942148760331,-0.128099173553719,-1.0,0.028925619834710745,-0.5537190082644629,-0.1859504132231405,-0.6363636363636364,-0.2396694214876033,-0.4669421487603306,-0.19421487603305784,-0.384297520661157,0.10330578512396695,-0.49586776859504134,-0.14049586776859505,-0.5247933884297521,-0.17355371900826447,-0.3677685950413223,-0.12396694214876033,-0.30578512396694213,0.13636363636363635,-0.4090909090909091,-0.0743801652892562,-0.41735537190082644,-0.10330578512396695,-0.30991735537190085,-0.049586776859504134,-0.2644628099173554
0.0,0.0,-0.15,-0.17916666666666667,-0.2125,-0.375,-0.22083333333333333,-0.5375,-0.14583333333333334,-0.575,0.075,-0.5791666666666667,0.1,-0.775,0.11666666666666667,-0.9,0.14583333333333334,-1.0,0.17083333333333334,-0.525,-0.0125,-0.6625,-0.12083333333333333,-0.5125,-0.1,-0.425,0.22083333333333333,-0.44583333333333336,-0.008333333333333333,-0.5375,-0.09166666666666666,-0.3958333333333333,-0.058333333333333334,-0.32083333333333336,0.225,-0.3541666666666667,0.0125,-0.4166666666666667,-0.04583333333333333,-0.32083333333333336,-0.004166666666666667,-0.25833333333333336
0.0,0.0,-0.12987012987012986,-0.22077922077922077,-0.16017316017316016,-0.41125541125541126,-0.15151515151515152,-0.5670995670995671,-0.07792207792207792,-0.6060606060606061,0.1774891774891775,-0.5800865800865801,0.23809523809523808,-0.7748917748917749,0.2813852813852814,-0.9047619047619048,0.33766233766233766,-1.0,0.26406926406926406,-0.49783549783549785,0.08658008658008658,-0.670995670995671,-0.05194805194805195,-0.5411255411255411,-0.04329004329004329,-0.45021645021645024,0.2943722943722944,-0.4069264069264069,0.06060606060606061,-0.5411255411255411,-0.047619047619047616,-0.42424242424242425,-0.017316017316017316,-0.3463203463203463,0.2727272727272727,-0.30735930735930733,0.06060606060606061,-0.41125541125541126,-0.017316017316017316,-0.329004329004329,0.012987012987012988,-0.26406926406926406
0.0,0.0,-0.20161290322580644,-0.14919354838709678,-0.3064516129032258,-0.2862903225806452,-0.3548387096774194,-0.4112903225806452,-0.3064516129032258,-0.4153225806451613,-0.08064516129032258,-0.5604838709677419,-0.11693548387096774,-0.7540322580645161,-0.12903225806451613,-0.8870967741935484,-0.13709677419354838,-1.0,0.036290322580645164,-0.5161290322580645,-0.21774193548387097,-0.5201612903225806,-0.25,-0.3709677419354839,-0.1935483870967742,-0.33064516129032256,0.0967741935483871,-0.4314516129032258,-0.17338709677419356,-0.3790322580645161,-0.1935483870967742,-0.2661290322580645,-0.13709677419354838,-0.24193548387096775,0.11290322580645161,-0.3185483870967742,-0.11693548387096774,-0.27419354838709675,-0.13709677419354838,-0.1975806451612903,-0.0846774193548387,-0.1774193548387097
0.0,0.0,-0.22072072072072071,-0.11711711711711711,-0.35135135135135137,-0.23873873873873874,-0.4099099099099099,-0.32432432432432434,-0.36936936936936937,-0.3108108108108108,-0.1891891891891892,-0.5495495495495496,-0.25675675675675674,-0.7522522522522522,-0.3108108108108108,-0.8918918918918919,-0.34684684684684686,-1.0,-0.04054054054054054,-0.5225225225225225,-0.2927927927927928,-0.47297297297297297,-0.32882882882882886,-0.30180180180180183,-0.2747747747747748,-0.25225225225225223,0.05405405405405406,-0.42792792792792794,-0.22522522522522523,-0.3153153153153153,-0.24324324324324326,-0.1981981981981982,-0.18018018018018017,-0.18468468468468469,0.0990990990990991,-0.30180180180180183,-0.13063063063063063,-0.20270270270270271,-0.15315315315315314,-0.13063063063063063,-0.0990990990990991,-0.12612612612612611
0.0,0.0,-0.17573221757322174,-0.16736401673640167,-0.26359832635983266,-0.33472803347280333,-0.29707112970711297,-0.45188284518828453,-0.2594142259414226,-0.40585774058577406,0.0,-0.5523012552301255,0.03347280334728033,-0.7531380753138075,0.058577405857740586,-0.891213389121339,0.08786610878661087,-1.0,0.11297071129707113,-0.48535564853556484,-0.13807531380753138,-0.5271966527196653,-0.2175732217573222,-0.38493723849372385,-0.17154811715481172,-0.32217573221757323,0.1589958158995816,-0.37656903765690375,-0.12133891213389121,-0.3723849372384937,-0.17573221757322174,-0.2719665271966527,-0.11715481171548117,-0.23430962343096234,0.15481171548117154,-0.25523012552301255,-0.07531380753138076,-0.25523012552301255,-0.11715481171548117,-0.19246861924686193,-0.06694560669456066,-0.16736401673640167
0.0,0.0,-0.1794871794871795,-0.1623931623931624,-0.2692307692307692,-0.2863247863247863,-0.3418803418803419,-0.37606837606837606,-0.358974358974359,-0.3717948717948718,-0.05982905982905983,-0.5299145299145299,-0.08974358974358974,-0.7350427350427351,-0.10256410256410256,-0.8846153846153846,-0.10683760683760683,-1.0,0.05555555555555555,-0.47435897435897434,-0.23931623931623933,-0.47863247863247865,-0.2863247863247863,-0.32905982905982906,-0.2222222222222222,-0.28205128205128205,0.1111111111111111,-0.36324786324786323,-0.21367521367521367,-0.31196581196581197,-0.2222222222222222,-0.21794871794871795,-0.14102564102564102,-0.2094017094017094,0.10683760683760683,-0.23931623931623933,-0.1581196581196581,-0.19230769230769232,-0.17094017094017094,-0.13675213675213677,-0.10683760683760683,-0.14102564102564102
0.0,0.0,-0.2009132420091324,-0.1461187214611872,-0.3242009132420091,-0.2648401826484018,-0.4155251141552511,-0.319634703196347,-0.4063926940639269,-0.2876712328767123,-0.1552511415525114,-0.5251141552511416,-0.2374429223744292,-0.726027397260274,-0.2968036529680365,-0.8767123287671232,-0.3287671232876712,-1.0,-0.0136986301369863,-0.4840182648401826,-0.319634703196347,-0.4200913242009132,-0.3515981735159817,-0.2557077625570776,-0.2831050228310502,-0.2191780821917808,0.0639269406392694,-0.3744292237442922,-0.2602739726027397,-0.2465753424657534,-0.2602739726027397,-0.1598173515981735,-0.1735159817351598,-0.1689497716894977,0.0958904109589041,-0.2374429223744292,-0.1735159817351598,-0.1415525114155251,-0.1872146118721461,-0.0867579908675799,-0.1141552511415525,-0.1050228310502283
0.0,0.0,-0.1572052401746725,-0.1965065502183406,-0.2183406113537118,-0.34497816593886466,-0.2663755458515284,-0.4410480349344978,-0.3056768558951965,-0.43231441048034935,0.039301310043668124,-0.5414847161572053,0.06550218340611354,-0.74235807860262,0.08733624454148471,-0.8864628820960698,0.1222707423580786,-1.0,0.13537117903930132,-0.462882096069869,-0.16593886462882096,-0.5240174672489083,-0.22707423580786026,-0.38427947598253276,-0.1615720524017467,-0.33624454148471616,0.1615720524017467,-0.3406113537117904,-0.16593886462882096,-0.36681222707423583,-0.1965065502183406,-0.27074235807860264,-0.11790393013100436,-0.2445414847161572,0.13100436681222707,-0.22270742358078602,-0.13537117903930132,-0.24017467248908297,-0.1572052401746725,-0.18340611353711792,-0.08733624454148471,-0.16593886462882096
0.0,0.0,-0.14084507042253522,-0.15492957746478872,-0.2112676056338028,-0.3192488262910798,-0.2112676056338028,-0.4694835680751174,-0.13145539906103287,-0.460093896713615,-0.004694835680751174,-0.5633802816901409,0.004694835680751174,-0.755868544600939,-0.004694835680751174,-0.892018779342723,0.0,-1.0,0.12206572769953052,-0.5164319248826291,-0.014084507042253521,-0.5727699530516432,-0.09389671361502347,-0.41784037558685444,-0.07981220657276995,-0.3474178403755869,0.20187793427230047,-0.431924882629108,0.03286384976525822,-0.45539906103286387,-0.04225352112676056,-0.3192488262910798,-0.018779342723004695,-0.2676056338028169,0.24413145539906103,-0.323943661971831,0.07981220657276995,-0.323943661971831,0.028169014084507043,-0.23943661971830985,0.06103286384976526,-0.20657276995305165
0.0,0.0,-0.13679245283018868,-0.12264150943396226,-0.24056603773584906,-0.2971698113207547,-0.2169811320754717,-0.45754716981132076,-0.08962264150943396,-0.47641509433962265,-0.08962264150943396,-0.5566037735849056,-0.10849056603773585,-0.7594339622641509,-0.12735849056603774,-0.8867924528301887,-0.1320754716981132,-1.0,0.03773584905660377,-0.5283018867924528,-0.04716981132075472,-0.6179245283018868,-0.09905660377358491,-0.42924528301886794,-0.08962264150943396,-0.33962264150943394,0.14150943396226415,-0.46226415094339623,0.04245283018867924,-0.5047169811320755,-0.02358490566037736,-0.33490566037735847,-0.02358490566037736,-0.25943396226415094,0.22641509433962265,-0.3632075471698113,0.12735849056603774,-0.4009433962264151,0.06132075471698113,-0.29245283018867924,0.06132075471698113,-0.24528301886792453
0.0,0.0,0.10328638497652583,-0.20187793427230047,0.07981220657276995,-0.39436619718309857,-0.023474178403755867,-0.48826291079812206,-0.13145539906103287,-0.5117370892018779,0.051643192488262914,-0.4413145539906103,-0.018779342723004695,-0.7276995305164319,-0.046948356807511735,-0.8826291079812206,-0.07981220657276995,-1.0,-0.09389671361502347,-0.40375586854460094,-0.18309859154929578,-0.6384976525821596,-0.13615023474178403,-0.5821596244131455,-0.09389671361502347,-0.49765258215962443,-0.2112676056338028,-0.3474178403755869,-0.27699530516431925,-0.568075117370892,-0.22535211267605634,-0.5258215962441315,-0.18779342723004694,-0.45539906103286387,-0.29577464788732394,-0.29577464788732394,-0.3192488262910798,-0.4647887323943662,-0.25821596244131456,-0.4507042253521127,-0.2300469483568075,-0.4131455399061033
0.0,0.0,0.14691943127962084,-0.1943127962085308,0.17535545023696683,-0.3933649289099526,0.08530805687203792,-0.5213270142180095,-0.023696682464454975,-0.5450236966824644,0.061611374407582936,-0.4265402843601896,0.03317535545023697,-0.7251184834123223,0.02843601895734597,-0.8767772511848341,0.009478672985781991,-1.0,-0.10426540284360189,-0.4075829383886256,-0.052132701421800945,-0.6350710900473934,0.004739336492890996,-0.5876777251184834,0.023696682464454975,-0.5071090047393365,-0.21800947867298578,-0.3791469194312796,-0.13270142180094788,-0.5592417061611374,-0.08056872037914692,-0.5118483412322274,-0.07109004739336493,-0.44075829383886256,-0.2890995260663507,-0.35545023696682465,-0.2037914691943128,-0.4834123222748815,-0.14691943127962084,-0.44075829383886256,-0.14218009478672985,-0.38388625592417064
0.0,0.0,0.15311004784688995,-0.20095693779904306,0.20095693779904306,-0.3923444976076555,0.12440191387559808,-0.5263157894736842,0.028708133971291867,-0.5598086124401914,0.03827751196172249,-0.45454545454545453,0.023923444976076555,-0.7416267942583732,0.014354066985645933,-0.8899521531100478,-0.004784688995215311,-1.0,-0.11961722488038277,-0.44019138755980863,-0.03349282296650718,-0.6172248803827751,0.019138755980861243,-0.5598086124401914,0.03349282296650718,-0.4880382775119617,-0.22009569377990432,-0.4019138755980861,-0.11004784688995216,-0.5358851674641149,-0.06220095693779904,-0.48325358851674644,-0.05263157894736842,-0.41626794258373206,-0.28708133971291866,-0.35406698564593303,-0.19138755980861244,-0.45454545454545453,-0.14354066985645933,-0.41626794258373206,-0.1291866028708134,-0.3588516746411483
0.0,0.0,-0.13901345291479822,-0.1210762331838565,-0.22869955156950672,-0.3004484304932735,-0.21076233183856502,-0.452914798206278,-0.1031390134529148,-0.5112107623318386,-0.07623318385650224,-0.547085201793722,-0.09417040358744394,-0.7488789237668162,-0.10762331838565023,-0.8834080717488789,-0.10762331838565023,-1.0,0.04035874439461883,-0.515695067264574,-0.02242152466367713,-0.6053811659192825,-0.08968609865470852,-0.42152466367713004,-0.09417040358744394,-0.32286995515695066,0.13901345291479822,-0.4484304932735426,0.04932735426008968,-0.4977578475336323,-0.02242152466367713,-0.33183856502242154,-0.02242152466367713,-0.25112107623318386,0.21524663677130046,-0.3542600896860987,0.1210762331838565,-0.39461883408071746,0.053811659192825115,-0.28699551569506726,0.04932735426008968,-0.23766816143497757
0.0,0.0,-0.13302752293577982,-0.10091743119266056,-0.22477064220183487,-0.28440366972477066,-0.16055045871559634,-0.43577981651376146,-0.022935779816513763,-0.481651376146789,-0.11467889908256881,-0.5229357798165137,-0.12385321100917432,-0.7431192660550459,-0.12385321100917432,-0.8761467889908257,-0.11926605504587157,-1.0,0.0045871559633027525,-0.48623853211009177,-0.0045871559633027525,-0.6055045871559633,-0.06422018348623854,-0.42660550458715596,-0.08256880733944955,-0.3302752293577982,0.11009174311926606,-0.42201834862385323,0.10091743119266056,-0.5229357798165137,0.013761467889908258,-0.3394495412844037,-0.022935779816513763,-0.24311926605504589,0.2018348623853211,-0.3348623853211009,0.1743119266055046,-0.41743119266055045,0.09174311926605505,-0.29357798165137616,0.05504587155963303,-0.22018348623853212
0.0,0.0,-0.15819209039548024,-0.1638418079096045,-0.24858757062146894,-0.3333333333333333,-0.2598870056497175,-0.384180790960452,-0.1977401129943503,-0.2768361581920904,0.03389830508474576,-0.5423728813559322,0.0847457627118644,-0.7457627118644068,0.10734463276836158,-0.8870056497175142,0.14689265536723164,-1.0,0.1977401129943503,-0.480225988700565,-0.03954802259887006,-0.4689265536723164,-0.13559322033898305,-0.3220338983050847,-0.096045197740113,-0.2655367231638418,0.2768361581920904,-0.3502824858757062,-0.005649717514124294,-0.2824858757062147,-0.07344632768361582,-0.2033898305084746,-0.022598870056497175,-0.192090395480226,0.2937853107344633,-0.20903954802259886,0.04519774011299435,-0.14689265536723164,0.005649717514124294,-0.1016949152542373,0.06779661016949153,-0.1016949152542373
0.0,0.0,-0.15254237288135594,-0.1977401129943503,-0.24293785310734464,-0.3615819209039548,-0.2937853107344633,-0.4406779661016949,-0.2768361581920904,-0.3728813559322034,0.05084745762711865,-0.5480225988700564,0.062146892655367235,-0.7401129943502824,0.07344632768361582,-0.8813559322033898,0.1016949152542373,-1.0,0.1977401129943503,-0.4745762711864407,-0.11299435028248588,-0.4632768361581921,-0.1751412429378531,-0.327683615819209,-0.10734463276836158,-0.288135593220339,0.2542372881355932,-0.3333333333333333,-0.0903954802259887,-0.2768361581920904,-0.11864406779661017,-0.22033898305084745,-0.03954802259887006,-0.21468926553672316,0.24293785310734464,-0.1807909604519774,-0.03954802259887006,-0.15254237288135594,-0.05649717514124294,-0.12994350282485875,0.01694915254237288,-0.13559322033898305
0.0,0.0,-0.14814814814814814,-0.24074074074074073,-0.24691358024691357,-0.4382716049382716,-0.36419753086419754,-0.5061728395061729,-0.4012345679012346,-0.42592592592592593,0.018518518518518517,-0.6172839506172839,-0.006172839506172839,-0.7777777777777778,0.018518518518518517,-0.8950617283950617,0.06172839506172839,-1.0,0.1419753086419753,-0.5185185185185185,-0.24074074074074073,-0.5061728395061729,-0.2777777777777778,-0.38271604938271603,-0.19135802469135801,-0.35802469135802467,0.17901234567901234,-0.35802469135802467,-0.22839506172839505,-0.3148148148148148,-0.21604938271604937,-0.25925925925925924,-0.10493827160493827,-0.25925925925925924,0.16049382716049382,-0.19135802469135801,-0.17901234567901234,-0.17901234567901234,-0.16666666666666666,-0.14814814814814814,-0.06790123456790123,-0.15432098765432098
0.0,0.0,-0.17714285714285713,-0.21142857142857144,-0.2914285714285714,-0.37142857142857144,-0.4057142857142857,-0.44571428571428573,-0.4228571428571429,-0.4114285714285714,-0.04,-0.5828571428571429,-0.12,-0.7485714285714286,-0.14285714285714285,-0.88,-0.13714285714285715,-1.0,0.07428571428571429,-0.5085714285714286,-0.3028571428571429,-0.46285714285714286,-0.32,-0.3314285714285714,-0.22285714285714286,-0.30857142857142855,0.12,-0.37142857142857144,-0.26857142857142857,-0.2857142857142857,-0.24571428571428572,-0.21714285714285714,-0.13714285714285715,-0.22857142857142856,0.11428571428571428,-0.21142857142857144,-0.2,-0.15428571428571428,-0.18285714285714286,-0.11428571428571428,-0.09142857142857143,-0.13142857142857142
0.0,0.0,-0.1693121693121693,-0.19576719576719576,-0.291005291005291,-0.3439153439153439,-0.4074074074074074,-0.4444444444444444,-0.48148148148148145,-0.5026455026455027,-0.12169312169312169,-0.5608465608465608,-0.2857142857142857,-0.7407407407407407,-0.38095238095238093,-0.8783068783068783,-0.4497354497354497,-1.0,-0.042328042328042326,-0.49206349206349204,-0.42857142857142855,-0.4656084656084656,-0.43915343915343913,-0.328042328042328,-0.35978835978835977,-0.291005291005291,-0.021164021164021163,-0.35978835978835977,-0.4021164021164021,-0.31216931216931215,-0.37566137566137564,-0.2222222222222222,-0.2804232804232804,-0.21693121693121692,-0.047619047619047616,-0.2222222222222222,-0.3439153439153439,-0.20634920634920634,-0.3333333333333333,-0.14814814814814814,-0.26455026455026454,-0.14285714285714285
0.0,0.0,-0.19101123595505617,-0.10112359550561797,-0.33707865168539325,-0.20786516853932585,-0.38202247191011235,-0.2696629213483146,-0.28651685393258425,-0.25280898876404495,-0.1797752808988764,-0.5674157303370787,-0.2752808988764045,-0.7528089887640449,-0.34831460674157305,-0.8876404494382022,-0.398876404494382,-1.0,-0.0056179775280898875,-0.5730337078651685,-0.2303370786516854,-0.4887640449438202,-0.25842696629213485,-0.29775280898876405,-0.20224719101123595,-0.25280898876404495,0.12921348314606743,-0.4887640449438202,-0.12359550561797752,-0.33146067415730335,-0.14606741573033707,-0.20224719101123595,-0.09550561797752809,-0.19101123595505617,0.21348314606741572,-0.3595505617977528,0.0,-0.2303370786516854,-0.033707865168539325,-0.1404494382022472,0.0056179775280898875,-0.1348314606741573
0.0,0.0,-0.17204301075268819,-0.053763440860215055,-0.3225806451612903,-0.1935483870967742,-0.26881720430107525,-0.2903225806451613,-0.0913978494623656,-0.27956989247311825,-0.21505376344086022,-0.553763440860215,-0.26344086021505375,-0.7526881720430108,-0.2956989247311828,-0.8763440860215054,-0.3225806451612903,-1.0,-0.043010752688172046,-0.5860215053763441,-0.12365591397849462,-0.5268817204301075,-0.14516129032258066,-0.34946236559139787,-0.12365591397849462,-0.2956989247311828,0.10215053763440861,-0.532258064516129,0.016129032258064516,-0.40860215053763443,-0.03225806451612903,-0.26881720430107525,-0.026881720430107527,-0.25806451612903225,0.22580645161290322,-0.44086021505376344,0.13440860215053763,-0.3279569892473118,0.07526881720430108,-0.22580645161290322,0.07526881720430108,-0.21505376344086022
0.0,0.0,-0.1657754010695187,-0.12299465240641712,-0.27807486631016043,-0.2620320855614973,-0.29411764705882354,-0.32085561497326204,-0.20320855614973263,-0.24598930481283424,-0.0427807486631016,-0.5240641711229946,-0.058823529411764705,-0.732620320855615,-0.06951871657754011,-0.8716577540106952,-0.06417112299465241,-1.0,0.12299465240641712,-0.5026737967914439,-0.10695187165775401,-0.44919786096256686,-0.1657754010695187,-0.2887700534759358,-0.11764705882352941,-0.24064171122994651,0.22459893048128343,-0.39572192513368987,-0.0374331550802139,-0.28342245989304815,-0.0855614973262032,-0.18716577540106952,-0.0427807486631016,-0.17647058823529413,0.26737967914438504,-0.2620320855614973,0.0427807486631016,-0.16042780748663102,0.0053475935828877,-0.0962566844919786,0.0481283422459893,-0.0962566844919786
0.0,0.0,-0.0718232044198895,-0.2596685082872928,-0.09944751381215469,-0.4585635359116022,-0.17679558011049723,-0.580110497237569,-0.281767955801105,-0.6519337016574586,0.2154696132596685,-0.5138121546961326,0.2265193370165746,-0.7292817679558011,0.2596685082872928,-0.8729281767955801,0.30386740331491713,-1.0,0.2596685082872928,-0.39779005524861877,-0.08287292817679558,-0.574585635359116,-0.19889502762430938,-0.48066298342541436,-0.17679558011049723,-0.40331491712707185,0.2154696132596685,-0.27071823204419887,-0.15469613259668508,-0.4088397790055249,-0.19337016574585636,-0.3314917127071823,-0.11602209944751381,-0.27624309392265195,0.13259668508287292,-0.15469613259668508,-0.16022099447513813,-0.27071823204419887,-0.19337016574585636,-0.23204419889502761,-0.1270718232044199,-0.19889502762430938
0.0,0.0,-0.03825136612021858,-0.28415300546448086,-0.06557377049180328,-0.5027322404371585,-0.15300546448087432,-0.6120218579234973,-0.26229508196721313,-0.6065573770491803,0.21311475409836064,-0.5081967213114754,0.2185792349726776,-0.726775956284153,0.23497267759562843,-0.8743169398907104,0.26229508196721313,-1.0,0.2459016393442623,-0.3879781420765027,-0.07650273224043716,-0.5956284153005464,-0.20218579234972678,-0.5081967213114754,-0.18032786885245902,-0.43169398907103823,0.18579234972677597,-0.26229508196721313,-0.16939890710382513,-0.4371584699453552,-0.20218579234972678,-0.34972677595628415,-0.12021857923497267,-0.2786885245901639,0.09836065573770492,-0.15300546448087432,-0.18579234972677597,-0.3005464480874317,-0.21311475409836064,-0.2459016393442623,-0.14207650273224043,-0.1912568306010929
0.0,0.0,-0.16831683168316833,-0.21287128712871287,-0.24257425742574257,-0.3811881188118812,-0.3069306930693069,-0.5099009900990099,-0.3712871287128713,-0.599009900990099,0.04950495049504951,-0.5544554455445545,0.019801980198019802,-0.7475247524752475,0.01485148514851485,-0.8861386138613861,0.019801980198019802,-1.0,0.13861386138613863,-0.47029702970297027,-0.16336633663366337,-0.5643564356435643,-0.24752475247524752,-0.4207920792079208,-0.19801980198019803,-0.3564356435643564,0.15841584158415842,-0.3564356435643564,-0.16336633663366337,-0.39603960396039606,-0.20297029702970298,-0.29207920792079206,-0.12871287128712872,-0.25742574257425743,0.13366336633663367,-0.23267326732673269,-0.13366336633663367,-0.25742574257425743,-0.16831683168316833,-0.19801980198019803,-0.10396039603960396,-0.1782178217821782
0.0,0.0,-0.16666666666666666,-0.09523809523809523,-0.3047619047619048,-0.2523809523809524,-0.2857142857142857,-0.3619047619047619,-0.14761904761904762,-0.319047619047619,-0.1380952380952381,-0.5428571428571428,-0.18095238095238095,-0.7476190476190476,-0.20952380952380953,-0.8809523809523809,-0.22380952380952382,-1.0,0.014285714285714285,-0.5476190476190477,-0.11904761904761904,-0.5476190476190477,-0.15714285714285714,-0.37142857142857144,-0.11904761904761904,-0.319047619047619,0.12857142857142856,-0.48095238095238096,-0.014285714285714285,-0.4142857142857143,-0.06666666666666667,-0.28095238095238095,-0.0380952380952381,-0.2571428571428571,0.21428571428571427,-0.3761904761904762,0.08095238095238096,-0.3142857142857143,0.023809523809523808,-0.22380952380952382,0.047619047619047616,-0.20476190476190476
0.0,0.0,-0.17307692307692307,-0.0625,-0.3173076923076923,-0.22115384615384615,-0.2403846153846154,-0.3557692307692308,-0.0673076923076923,-0.3557692307692308,-0.2548076923076923,-0.5240384615384616,-0.2932692307692308,-0.7451923076923077,-0.3173076923076923,-0.8701923076923077,-0.3317307692307692,-1.0,-0.10576923076923077,-0.5432692307692307,-0.15384615384615385,-0.5865384615384616,-0.16826923076923078,-0.3894230769230769,-0.15384615384615385,-0.3317307692307692,0.02403846153846154,-0.5048076923076923,-0.014423076923076924,-0.5,-0.057692307692307696,-0.3269230769230769,-0.0673076923076923,-0.28365384615384615,0.13942307692307693,-0.4375,0.10096153846153846,-0.4326923076923077,0.038461538461538464,-0.3076923076923077,0.02403846153846154,-0.2644230769230769
0.0,0.0,-0.17699115044247787,-0.12831858407079647,-0.29646017699115046,-0.3141592920353982,-0.3053097345132743,-0.47345132743362833,-0.20353982300884957,-0.4911504424778761,-0.11061946902654868,-0.5707964601769911,-0.12389380530973451,-0.7699115044247787,-0.13274336283185842,-0.8938053097345132,-0.12831858407079647,-1.0,0.01327433628318584,-0.5530973451327433,-0.11946902654867257,-0.6460176991150443,-0.17256637168141592,-0.4646017699115044,-0.1504424778761062,-0.37168141592920356,0.11061946902654868,-0.5,-0.05309734513274336,-0.5221238938053098,-0.10176991150442478,-0.35398230088495575,-0.0752212389380531,-0.2743362831858407,0.18141592920353983,-0.41150442477876104,0.022123893805309734,-0.4336283185840708,-0.017699115044247787,-0.3185840707964602,0.01327433628318584,-0.26548672566371684
0.0,0.0,-0.17410714285714285,-0.12946428571428573,-0.29017857142857145,-0.33035714285714285,-0.29017857142857145,-0.5133928571428571,-0.18303571428571427,-0.5669642857142857,-0.125,-0.5535714285714286,-0.11607142857142858,-0.7633928571428571,-0.12053571428571429,-0.8928571428571429,-0.10714285714285714,-1.0,-0.017857142857142856,-0.5223214285714286,-0.09375,-0.6741071428571429,-0.16517857142857142,-0.5044642857142857,-0.16071428571428573,-0.38392857142857145,0.07589285714285714,-0.4732142857142857,-0.022321428571428572,-0.5803571428571429,-0.09375,-0.41517857142857145,-0.08482142857142858,-0.30357142857142855,0.16964285714285715,-0.40625,0.06696428571428571,-0.5089285714285714,0.004464285714285714,-0.4017857142857143,0.013392857142857142,-0.3125
0.0,0.0,-0.13145539906103287,-0.16901408450704225,-0.1784037558685446,-0.38497652582159625,-0.16901408450704225,-0.5539906103286385,-0.09859154929577464,-0.596244131455399,0.11267605633802817,-0.5727699530516432,0.16901408450704225,-0.7746478873239436,0.20657276995305165,-0.9014084507042254,0.25821596244131456,-1.0,0.2112676056338028,-0.5164319248826291,0.07981220657276995,-0.6666666666666666,-0.04225352112676056,-0.5117370892018779,-0.03286384976525822,-0.41784037558685444,0.27230046948356806,-0.43661971830985913,0.10328638497652583,-0.5352112676056338,0.0,-0.38967136150234744,0.014084507042253521,-0.3051643192488263,0.3051643192488263,-0.3380281690140845,0.14084507042253522,-0.41784037558685444,0.06103286384976526,-0.3192488262910798,0.08450704225352113,-0.25821596244131456
0.0,0.0,-0.1323529411764706,-0.16176470588235295,-0.18137254901960784,-0.39215686274509803,-0.16176470588235295,-0.5686274509803921,-0.06862745098039216,-0.6323529411764706,0.0784313725490196,-0.5784313725490197,0.14705882352941177,-0.7794117647058824,0.1715686274509804,-0.9019607843137255,0.2107843137254902,-1.0,0.1715686274509804,-0.5294117647058824,0.06862745098039216,-0.6911764705882353,-0.05392156862745098,-0.5392156862745098,-0.07352941176470588,-0.4215686274509804,0.24019607843137256,-0.46078431372549017,0.09313725490196079,-0.5833333333333334,-0.014705882352941176,-0.4166666666666667,-0.014705882352941176,-0.3088235294117647,0.28431372549019607,-0.37254901960784315,0.14215686274509803,-0.4852941176470588,0.05392156862745098,-0.38235294117647056,0.05392156862745098,-0.29411764705882354
0.0,0.0,-0.15609756097560976,-0.12682926829268293,-0.2634146341463415,-0.32195121951219513,-0.2682926829268293,-0.4975609756097561,-0.16585365853658537,-0.5951219512195122,-0.13170731707317074,-0.5463414634146342,-0.14634146341463414,-0.7658536585365854,-0.16097560975609757,-0.8926829268292683,-0.16585365853658537,-1.0,-0.024390243902439025,-0.5219512195121951,-0.06829268292682927,-0.697560975609756,-0.13658536585365855,-0.551219512195122,-0.15609756097560976,-0.43414634146341463,0.07804878048780488,-0.47317073170731705,0.004878048780487805,-0.6,-0.07804878048780488,-0.43414634146341463,-0.09268292682926829,-0.3121951219512195,0.17073170731707318,-0.4,0.08780487804878048,-0.5024390243902439,0.004878048780487805,-0.3902439024390244,-0.00975609756097561,-0.2975609756097561
0.0,0.0,-0.17535545023696683,-0.0947867298578199,-0.32701421800947866,-0.27488151658767773,-0.3459715639810427,-0.45023696682464454,-0.20853080568720378,-0.5118483412322274,-0.26066350710900477,-0.5355450236966824,-0.32701421800947866,-0.7630331753554502,-0.38388625592417064,-0.8862559241706162,-0.4075829383886256,-1.0,-0.14218009478672985,-0.5213270142180095,-0.2037914691943128,-0.6729857819905213,-0.22274881516587677,-0.4786729857819905,-0.1990521327014218,-0.36492890995260663,-0.018957345971563982,-0.4834123222748815,-0.08530805687203792,-0.5829383886255924,-0.11374407582938388,-0.3886255924170616,-0.0995260663507109,-0.2843601895734597,0.0995260663507109,-0.4218009478672986,0.03317535545023697,-0.5071090047393365,-0.018957345971563982,-0.3744075829383886,-0.014218009478672985,-0.2843601895734597
0.0,0.0,-0.178743961352657,-0.09178743961352658,-0.3140096618357488,-0.25120772946859904,-0.3333333333333333,-0.4106280193236715,-0.2222222222222222,-0.4444444444444444,-0.24154589371980675,-0.5362318840579711,-0.33816425120772947,-0.7536231884057971,-0.391304347826087,-0.8792270531400966,-0.4251207729468599,-1.0,-0.10144927536231885,-0.5458937198067633,-0.20772946859903382,-0.6328502415458938,-0.21739130434782608,-0.4444444444444444,-0.1932367149758454,-0.3333333333333333,0.024154589371980676,-0.5169082125603864,-0.10144927536231885,-0.5072463768115942,-0.12560386473429952,-0.3285024154589372,-0.10628019323671498,-0.2318840579710145,0.13043478260869565,-0.4492753623188406,0.00966183574879227,-0.4444444444444444,-0.033816425120772944,-0.3188405797101449,-0.028985507246376812,-0.2463768115942029
0.0,0.0,-0.17674418604651163,-0.10697674418604651,-0.2930232558139535,-0.2744186046511628,-0.3209302325581395,-0.4325581395348837,-0.22325581395348837,-0.4744186046511628,-0.15348837209302327,-0.5488372093023256,-0.21395348837209302,-0.7627906976744186,-0.2558139534883721,-0.8837209302325582,-0.2744186046511628,-1.0,-0.023255813953488372,-0.5395348837209303,-0.14418604651162792,-0.627906976744186,-0.18604651162790697,-0.4372093023255814,-0.16279069767441862,-0.33488372093023255,0.08372093023255814,-0.4883720930232558,-0.06976744186046512,-0.5116279069767442,-0.10697674418604651,-0.3395348837209302,-0.08372093023255814,-0.2558139534883721,0.16279069767441862,-0.40930232558139534,0.023255813953488372,-0.4325581395348837,-0.023255813953488372,-0.31627906976744186,-0.009302325581395349,-0.2558139534883721
0.0,0.0,-0.18222222222222223,-0.13333333333333333,-0.29333333333333333,-0.3111111111111111,-0.31555555555555553,-0.4666666666666667,-0.21777777777777776,-0.44,-0.06666666666666667,-0.56,-0.10222222222222223,-0.7644444444444445,-0.13777777777777778,-0.8933333333333333,-0.15555555555555556,-1.0,0.04888888888888889,-0.5288888888888889,-0.12,-0.6,-0.18222222222222223,-0.43555555555555553,-0.14666666666666667,-0.35555555555555557,0.12444444444444444,-0.4577777777777778,-0.06666666666666667,-0.4711111111111111,-0.12444444444444444,-0.3333333333333333,-0.08888888888888889,-0.28,0.1688888888888889,-0.36,0.0,-0.36444444444444446,-0.044444444444444446,-0.27555555555555555,-0.013333333333333334,-0.23555555555555555
0.0,0.0,-0.13526570048309178,-0.23671497584541062,-0.15458937198067632,-0.43478260869565216,-0.1497584541062802,-0.5893719806763285,-0.14492753623188406,-0.6183574879227053,0.1642512077294686,-0.5700483091787439,0.24154589371980675,-0.7681159420289855,0.28019323671497587,-0.8985507246376812,0.33816425120772947,-1.0,0.2222222222222222,-0.4782608695652174,0.004830917874396135,-0.6763285024154589,-0.1111111111111111,-0.5458937198067633,-0.07729468599033816,-0.45893719806763283,0.20772946859903382,-0.38164251207729466,-0.033816425120772944,-0.5362318840579711,-0.12077294685990338,-0.42995169082125606,-0.06763285024154589,-0.36231884057971014,0.15458937198067632,-0.2898550724637681,-0.033816425120772944,-0.42028985507246375,-0.10144927536231885,-0.3526570048309179,-0.07246376811594203,-0.2898550724637681
0.0,0.0,-0.13425925925925927,-0.14814814814814814,-0.20833333333333334,-0.37037037037037035,-0.2037037037037037,-0.5462962962962963,-0.11574074074074074,-0.5787037037037037,0.013888888888888888,-0.5694444444444444,0.037037037037037035,-0.7731481481481481,0.041666666666666664,-0.8981481481481481,0.06018518518518518,-1.0,0.11574074074074074,-0.5277777777777778,0.013888888888888888,-0.6712962962962963,-0.08796296296296297,-0.5138888888888888,-0.10648148148148148,-0.39814814814814814,0.19444444444444445,-0.46296296296296297,0.06018518518518518,-0.5694444444444444,-0.032407407407407406,-0.41203703703703703,-0.037037037037037035,-0.3055555555555556,0.25,-0.37037037037037035,0.11574074074074074,-0.4675925925925926,0.032407407407407406,-0.37037037037037035,0.027777777777777776,-0.2824074074074074
0.0,0.0,-0.18137254901960784,-0.14215686274509803,-0.30392156862745096,-0.3480392156862745,-0.3088235294117647,-0.5392156862745098,-0.20098039215686275,-0.5980392156862745,-0.18627450980392157,-0.5588235294117647,-0.22058823529411764,-0.7696078431372549,-0.25,-0.8872549019607843,-0.2549019607843137,-1.0,-0.07352941176470588,-0.5392156862745098,-0.11764705882352941,-0.7058823529411765,-0.18627450980392157,-0.5392156862745098,-0.19607843137254902,-0.4117647058823529,0.03431372549019608,-0.4950980392156863,-0.0392156862745098,-0.6274509803921569,-0.10294117647058823,-0.45098039215686275,-0.10294117647058823,-0.3235294117647059,0.14215686274509803,-0.43137254901960786,0.05392156862745098,-0.5490196078431373,-0.014705882352941176,-0.4362745098039216,-0.0196078431372549,-0.3382352941176471
0.0,0.0,-0.15228426395939088,-0.17766497461928935,-0.2131979695431472,-0.41624365482233505,-0.19289340101522842,-0.6040609137055838,-0.1116751269035533,-0.6598984771573604,0.09137055837563451,-0.6040609137055838,0.14213197969543148,-0.7918781725888325,0.16751269035532995,-0.9086294416243654,0.20304568527918782,-1.0,0.17766497461928935,-0.5532994923857868,0.01015228426395939,-0.7258883248730964,-0.116751269035533,-0.5736040609137056,-0.1065989847715736,-0.467005076142132,0.22842639593908629,-0.47715736040609136,0.015228426395939087,-0.5989847715736041,-0.08121827411167512,-0.4467005076142132,-0.06091370558375635,-0.34517766497461927,0.23857868020304568,-0.38578680203045684,0.04060913705583756,-0.49238578680203043,-0.04060913705583756,-0.39086294416243655,-0.025380710659898477,-0.30456852791878175
0.0,0.0,-0.15422885572139303,-0.18407960199004975,-0.19900497512437812,-0.39303482587064675,-0.1890547263681592,-0.5572139303482587,-0.13930348258706468,-0.5970149253731343,0.09950248756218906,-0.5870646766169154,0.1791044776119403,-0.7761194029850746,0.21393034825870647,-0.900497512437811,0.263681592039801,-1.0,0.1890547263681592,-0.5223880597014925,0.009950248756218905,-0.7014925373134329,-0.1044776119402985,-0.5572139303482587,-0.0845771144278607,-0.4626865671641791,0.22388059701492538,-0.43781094527363185,0.0,-0.5572139303482587,-0.0845771144278607,-0.417910447761194,-0.03980099502487562,-0.34328358208955223,0.22388059701492538,-0.34328358208955223,0.01990049751243781,-0.43283582089552236,-0.04975124378109453,-0.3383084577114428,-0.009950248756218905,-0.26865671641791045
0.0,0.0,-0.19196428571428573,-0.16517857142857142,-0.2857142857142857,-0.33035714285714285,-0.32142857142857145,-0.46875,-0.26785714285714285,-0.48660714285714285,-0.03571428571428571,-0.5714285714285714,-0.017857142857142856,-0.7678571428571429,-0.013392857142857142,-0.8928571428571429,0.004464285714285714,-1.0,0.0625,-0.5223214285714286,-0.15178571428571427,-0.59375,-0.20982142857142858,-0.45089285714285715,-0.15625,-0.39285714285714285,0.11160714285714286,-0.4419642857142857,-0.125,-0.4642857142857143,-0.16517857142857142,-0.3482142857142857,-0.11160714285714286,-0.30357142857142855,0.125,-0.34375,-0.08035714285714286,-0.36607142857142855,-0.11607142857142858,-0.2857142857142857,-0.07142857142857142,-0.24553571428571427
0.0,0.0,-0.2102803738317757,-0.12149532710280374,-0.3317757009345794,-0.2757009345794392,-0.38317757009345793,-0.4158878504672897,-0.3130841121495327,-0.42990654205607476,-0.1588785046728972,-0.5700934579439252,-0.2336448598130841,-0.7663551401869159,-0.2803738317757009,-0.8878504672897196,-0.3130841121495327,-1.0,-0.037383177570093455,-0.5560747663551402,-0.22897196261682243,-0.5747663551401869,-0.2570093457943925,-0.411214953271028,-0.2102803738317757,-0.3411214953271028,0.0514018691588785,-0.5,-0.16355140186915887,-0.4672897196261682,-0.1822429906542056,-0.3177570093457944,-0.13551401869158877,-0.26635514018691586,0.102803738317757,-0.40654205607476634,-0.07476635514018691,-0.37383177570093457,-0.09813084112149532,-0.27102803738317754,-0.056074766355140186,-0.2336448598130841
0.0,0.0,-0.21359223300970873,-0.0970873786407767,-0.36893203883495146,-0.27184466019417475,-0.4029126213592233,-0.4320388349514563,-0.2912621359223301,-0.4368932038834951,-0.23786407766990292,-0.5825242718446602,-0.33495145631067963,-0.7766990291262136,-0.39805825242718446,-0.8932038834951457,-0.44660194174757284,-1.0,-0.0970873786407767,-0.5922330097087378,-0.2621359223300971,-0.587378640776699,-0.2766990291262136,-0.4029126213592233,-0.23300970873786409,-0.32524271844660196,0.009708737864077669,-0.5436893203883495,-0.17475728155339806,-0.5048543689320388,-0.18932038834951456,-0.33495145631067963,-0.14563106796116504,-0.2621359223300971,0.08737864077669903,-0.4563106796116505,-0.07766990291262135,-0.4320388349514563,-0.10679611650485436,-0.3155339805825243,-0.06796116504854369,-0.25728155339805825
0.0,0.0,-0.17647058823529413,-0.12217194570135746,-0.2895927601809955,-0.29411764705882354,-0.3212669683257919,-0.4479638009049774,-0.22624434389140272,-0.4343891402714932,-0.11312217194570136,-0.5565610859728507,-0.1493212669683258,-0.7647058823529411,-0.17194570135746606,-0.8914027149321267,-0.18099547511312217,-1.0,0.00904977375565611,-0.5429864253393665,-0.1493212669683258,-0.5882352941176471,-0.19004524886877827,-0.4253393665158371,-0.16289592760180996,-0.334841628959276,0.10407239819004525,-0.48868778280542985,-0.08144796380090498,-0.4841628959276018,-0.12217194570135746,-0.33031674208144796,-0.09049773755656108,-0.25339366515837103,0.16289592760180996,-0.40271493212669685,0.0,-0.40271493212669685,-0.04072398190045249,-0.2986425339366516,-0.013574660633484163,-0.23529411764705882
0.0,0.0,-0.14903846153846154,-0.2403846153846154,-0.1971153846153846,-0.4326923076923077,-0.20673076923076922,-0.5817307692307693,-0.18269230769230768,-0.5528846153846154,0.125,-0.6009615384615384,0.21634615384615385,-0.7740384615384616,0.2644230769230769,-0.8990384615384616,0.3269230769230769,-1.0,0.1971153846153846,-0.5096153846153846,-0.028846153846153848,-0.6538461538461539,-0.125,-0.5240384615384616,-0.07211538461538461,-0.44711538461538464,0.1971153846153846,-0.40384615384615385,-0.052884615384615384,-0.5144230769230769,-0.1201923076923077,-0.40865384615384615,-0.052884615384615384,-0.35096153846153844,0.15865384615384615,-0.2932692307692308,-0.052884615384615384,-0.39903846153846156,-0.10096153846153846,-0.33653846153846156,-0.057692307692307696,-0.28365384615384615
0.0,0.0,-0.20476190476190476,-0.2,-0.2714285714285714,-0.3761904761904762,-0.30952380952380953,-0.5047619047619047,-0.29523809523809524,-0.47619047619047616,0.023809523809523808,-0.5571428571428572,-0.0380952380952381,-0.7571428571428571,-0.04285714285714286,-0.8857142857142857,-0.01904761904761905,-1.0,0.09047619047619047,-0.5,-0.17142857142857143,-0.6,-0.23333333333333334,-0.45714285714285713,-0.18095238095238095,-0.3952380952380952,0.10952380952380952,-0.4142857142857143,-0.17142857142857143,-0.4666666666666667,-0.2,-0.3523809523809524,-0.13333333333333333,-0.30952380952380953,0.09047619047619047,-0.3142857142857143,-0.13333333333333333,-0.36666666666666664,-0.16666666666666666,-0.2857142857142857,-0.12380952380952381,-0.23809523809523808
