0.0,0.0,0.1610738255033557,-0.31543624161073824,0.3959731543624161,-0.5637583892617449,0.5302013422818792,-0.7986577181208053,0.5637583892617449,-1.0,0.6241610738255033,-0.348993288590604,0.9194630872483222,-0.37583892617449666,0.7986577181208053,-0.3959731543624161,0.6711409395973155,-0.3825503355704698,0.6375838926174496,-0.14093959731543623,0.9060402684563759,-0.2080536912751678,0.8053691275167785,-0.2483221476510067,0.6912751677852349,-0.22818791946308725,0.6241610738255033,0.03355704697986577,0.8523489932885906,-0.06040268456375839,0.7651006711409396,-0.087248322147651,0.6644295302013423,-0.06040268456375839,0.6040268456375839,0.18120805369127516,0.7919463087248322,0.0738255033557047,0.7248322147651006,0.04697986577181208,0.6308724832214765,0.0738255033557047
0.0,0.0,0.1554054054054054,-0.31756756756756754,0.3783783783783784,-0.5743243243243243,0.527027027027027,-0.7972972972972973,0.5540540540540541,-1.0,0.5878378378378378,-0.3581081081081081,0.9054054054054054,-0.38513513513513514,0.777027027027027,-0.40540540540540543,0.6486486486486487,-0.3918918918918919,0.6148648648648649,-0.14864864864864866,0.9054054054054054,-0.22297297297297297,0.7972972972972973,-0.25675675675675674,0.6756756756756757,-0.23648648648648649,0.6081081081081081,0.02702702702702703,0.8513513513513513,-0.06756756756756757,0.7635135135135135,-0.0945945945945946,0.6554054054054054,-0.06756756756756757,0.6013513513513513,0.16891891891891891,0.7972972972972973,0.06756756756756757,0.722972972972973,0.0472972972972973,0.6418918918918919,0.07432432432432433
0.0,0.0,0.15753424657534246,-0.3082191780821918,0.3904109589041096,-0.5684931506849316,0.541095890410959,-0.8013698630136986,0.5821917808219178,-1.0,0.5958904109589042,-0.3698630136986301,0.910958904109589,-0.3904109589041096,0.7945205479452054,-0.3972602739726027,0.6575342465753424,-0.3835616438356164,0.6232876712328768,-0.15753424657534246,0.9178082191780822,-0.2191780821917808,0.8082191780821918,-0.23972602739726026,0.6917808219178082,-0.2191780821917808,0.6164383561643836,0.0273972602739726,0.8835616438356164,-0.0410958904109589,0.7876712328767124,-0.0684931506849315,0.678082191780822,-0.04794520547945205,0.6027397260273972,0.18493150684931506,0.821917808219178,0.1095890410958904,0.7397260273972602,0.0821917808219178,0.6438356164383562,0.1095890410958904
0.0,0.0,0.14965986394557823,-0.2789115646258503,0.4013605442176871,-0.5578231292517006,0.54421768707483,-0.7959183673469388,0.5918367346938775,-1.0,0.46938775510204084,-0.36054421768707484,0.8571428571428571,-0.3741496598639456,0.7414965986394558,-0.3741496598639456,0.6054421768707483,-0.36054421768707484,0.47619047619047616,-0.14285714285714285,0.8775510204081632,-0.1836734693877551,0.7619047619047619,-0.20408163265306123,0.6122448979591837,-0.19047619047619047,0.46938775510204084,0.047619047619047616,0.8367346938775511,-0.006802721088435374,0.7278911564625851,-0.034013605442176874,0.5918367346938775,-0.02040816326530612,0.46938775510204084,0.20408163265306123,0.7551020408163265,0.1360544217687075,0.6666666666666666,0.10884353741496598,0.5578231292517006,0.1292517006802721
0.0,0.0,0.15862068965517243,-0.2896551724137931,0.4206896551724138,-0.5586206896551724,0.5793103448275863,-0.7862068965517242,0.6275862068965518,-1.0,0.5379310344827586,-0.3586206896551724,0.896551724137931,-0.38620689655172413,0.7724137931034483,-0.3931034482758621,0.6344827586206897,-0.3724137931034483,0.5517241379310345,-0.14482758620689656,0.9103448275862069,-0.2,0.7931034482758621,-0.22758620689655173,0.6551724137931034,-0.21379310344827587,0.5448275862068965,0.041379310344827586,0.8689655172413793,-0.020689655172413793,0.7724137931034483,-0.06206896551724138,0.6482758620689655,-0.041379310344827586,0.5448275862068965,0.2,0.8,0.12413793103448276,0.7241379310344828,0.08275862068965517,0.6206896551724138,0.10344827586206896
0.0,0.0,0.17123287671232876,-0.3150684931506849,0.4246575342465753,-0.5616438356164384,0.589041095890411,-0.7876712328767124,0.6438356164383562,-1.0,0.6095890410958904,-0.3356164383561644,0.9178082191780822,-0.3561643835616438,0.7945205479452054,-0.3835616438356164,0.6643835616438356,-0.3767123287671233,0.6232876712328768,-0.11643835616438356,0.9041095890410958,-0.1917808219178082,0.8082191780821918,-0.2328767123287671,0.684931506849315,-0.21232876712328766,0.6095890410958904,0.06164383561643835,0.8493150684931506,-0.0273972602739726,0.7671232876712328,-0.06164383561643835,0.6575342465753424,-0.0410958904109589,0.5958904109589042,0.21232876712328766,0.8013698630136986,0.11643835616438356,0.726027397260274,0.0821917808219178,0.6301369863013698,0.1095890410958904
0.0,0.0,0.17006802721088435,-0.32653061224489793,0.4013605442176871,-0.5714285714285714,0.564625850340136,-0.7959183673469388,0.6190476190476191,-1.0,0.673469387755102,-0.3333333333333333,0.9115646258503401,-0.3741496598639456,0.782312925170068,-0.3877551020408163,0.6598639455782312,-0.3741496598639456,0.6938775510204082,-0.12244897959183673,0.8843537414965986,-0.2108843537414966,0.782312925170068,-0.23809523809523808,0.673469387755102,-0.21768707482993196,0.673469387755102,0.05442176870748299,0.8299319727891157,-0.047619047619047616,0.7482993197278912,-0.07482993197278912,0.6462585034013606,-0.05442176870748299,0.6394557823129252,0.19727891156462585,0.7755102040816326,0.09523809523809523,0.7006802721088435,0.06802721088435375,0.6190476190476191,0.08843537414965986
0.0,0.0,0.16326530612244897,-0.3197278911564626,0.38095238095238093,-0.5578231292517006,0.5306122448979592,-0.782312925170068,0.5986394557823129,-1.0,0.7551020408163265,-0.3197278911564626,0.8163265306122449,-0.3945578231292517,0.6870748299319728,-0.3877551020408163,0.5782312925170068,-0.36054421768707484,0.7755102040816326,-0.10884353741496598,0.7687074829931972,-0.19047619047619047,0.6666666666666666,-0.20408163265306123,0.564625850340136,-0.1836734693877551,0.7210884353741497,0.07482993197278912,0.7006802721088435,-0.02040816326530612,0.6190476190476191,-0.04081632653061224,0.5170068027210885,-0.02040816326530612,0.6530612244897959,0.20408163265306123,0.6598639455782312,0.12244897959183673,0.5850340136054422,0.10204081632653061,0.4965986394557823,0.11564625850340136
0.0,0.0,0.10738255033557047,-0.3288590604026846,0.2751677852348993,-0.5704697986577181,0.40939597315436244,-0.7919463087248322,0.47651006711409394,-1.0,0.6644295302013423,-0.3624161073825503,0.6510067114093959,-0.42953020134228187,0.5302013422818792,-0.40939597315436244,0.4429530201342282,-0.37583892617449666,0.697986577181208,-0.15436241610738255,0.6375838926174496,-0.22818791946308725,0.5436241610738255,-0.2348993288590604,0.44966442953020136,-0.2080536912751678,0.6510067114093959,0.020134228187919462,0.5973154362416108,-0.06711409395973154,0.5167785234899329,-0.0738255033557047,0.42953020134228187,-0.04697986577181208,0.5838926174496645,0.15436241610738255,0.5570469798657718,0.0738255033557047,0.48322147651006714,0.06040268456375839,0.4161073825503356,0.08053691275167785
0.0,0.0,0.06451612903225806,-0.33548387096774196,0.2064516129032258,-0.5741935483870968,0.3161290322580645,-0.8,0.36774193548387096,-1.0,0.6064516129032258,-0.41935483870967744,0.567741935483871,-0.45806451612903226,0.45161290322580644,-0.4258064516129032,0.36774193548387096,-0.38064516129032255,0.6645161290322581,-0.21935483870967742,0.567741935483871,-0.2709677419354839,0.4774193548387097,-0.25806451612903225,0.3935483870967742,-0.21935483870967742,0.632258064516129,-0.04516129032258064,0.5419354838709678,-0.10967741935483871,0.4645161290322581,-0.10967741935483871,0.3870967741935484,-0.07741935483870968,0.5741935483870968,0.0967741935483871,0.5161290322580645,0.03870967741935484,0.45161290322580644,0.03225806451612903,0.3870967741935484,0.04516129032258064
0.0,0.0,0.05128205128205128,-0.3333333333333333,0.19230769230769232,-0.5897435897435898,0.30128205128205127,-0.8076923076923077,0.3525641025641026,-1.0,0.5897435897435898,-0.4230769230769231,0.5,-0.4807692307692308,0.38461538461538464,-0.4423076923076923,0.3076923076923077,-0.391025641025641,0.6346153846153846,-0.23717948717948717,0.5256410256410257,-0.30128205128205127,0.4358974358974359,-0.28846153846153844,0.358974358974359,-0.23717948717948717,0.6025641025641025,-0.07051282051282051,0.5064102564102564,-0.14743589743589744,0.4358974358974359,-0.14743589743589744,0.36538461538461536,-0.10897435897435898,0.5384615384615384,0.057692307692307696,0.48717948717948717,-0.00641025641025641,0.42948717948717946,-0.01282051282051282,0.36538461538461536,0.01282051282051282
0.0,0.0,0.10526315789473684,-0.3355263157894737,0.23684210526315788,-0.5855263157894737,0.3355263157894737,-0.8092105263157895,0.375,-1.0,0.6118421052631579,-0.4144736842105263,0.7236842105263158,-0.4276315789473684,0.6118421052631579,-0.40131578947368424,0.506578947368421,-0.3815789473684211,0.6710526315789473,-0.21052631578947367,0.7039473684210527,-0.2631578947368421,0.6052631578947368,-0.2565789473684211,0.506578947368421,-0.23026315789473684,0.6513157894736842,-0.019736842105263157,0.6644736842105263,-0.09868421052631579,0.5789473684210527,-0.09210526315789473,0.48026315789473684,-0.06578947368421052,0.6118421052631579,0.13157894736842105,0.625,0.05921052631578947,0.5460526315789473,0.05263157894736842,0.46710526315789475,0.07236842105263158
0.0,0.0,0.13245033112582782,-0.32450331125827814,0.2980132450331126,-0.5761589403973509,0.4105960264900662,-0.8013245033112583,0.44370860927152317,-1.0,0.6225165562913907,-0.39072847682119205,0.8013245033112583,-0.3973509933774834,0.6754966887417219,-0.37748344370860926,0.5629139072847682,-0.3576158940397351,0.6622516556291391,-0.17218543046357615,0.7880794701986755,-0.23178807947019867,0.6754966887417219,-0.23841059602649006,0.5695364238410596,-0.2119205298013245,0.6423841059602649,0.013245033112582781,0.7350993377483444,-0.06622516556291391,0.6423841059602649,-0.0728476821192053,0.543046357615894,-0.052980132450331126,0.6026490066225165,0.17218543046357615,0.6688741721854304,0.08609271523178808,0.5894039735099338,0.0728476821192053,0.5099337748344371,0.09271523178807947
0.0,0.0,0.15333333333333332,-0.30666666666666664,0.3466666666666667,-0.5733333333333334,0.4666666666666667,-0.8,0.5066666666666667,-1.0,0.5666666666666667,-0.36666666666666664,0.86,-0.36666666666666664,0.7533333333333333,-0.38,0.6266666666666667,-0.37333333333333335,0.5933333333333334,-0.16,0.86,-0.21333333333333335,0.7733333333333333,-0.23333333333333334,0.66,-0.20666666666666667,0.5866666666666667,0.02,0.8266666666666667,-0.04666666666666667,0.7533333333333333,-0.06666666666666667,0.6466666666666666,-0.04666666666666667,0.5866666666666667,0.17333333333333334,0.78,0.09333333333333334,0.7133333333333334,0.06666666666666667,0.6333333333333333,0.09333333333333334
0.0,0.0,0.16778523489932887,-0.28187919463087246,0.3959731543624161,-0.5570469798657718,0.5302013422818792,-0.7919463087248322,0.5704697986577181,-1.0,0.5369127516778524,-0.3691275167785235,0.8791946308724832,-0.348993288590604,0.7718120805369127,-0.348993288590604,0.6375838926174496,-0.3422818791946309,0.5369127516778524,-0.15436241610738255,0.8859060402684564,-0.1610738255033557,0.785234899328859,-0.18120805369127516,0.6510067114093959,-0.16778523489932887,0.5234899328859061,0.040268456375838924,0.8456375838926175,0.020134228187919462,0.7516778523489933,-0.006711409395973154,0.6241610738255033,0.0,0.5100671140939598,0.2080536912751678,0.7718120805369127,0.16778523489932887,0.6912751677852349,0.1342281879194631,0.5838926174496645,0.1476510067114094
0.0,0.0,0.17218543046357615,-0.26490066225165565,0.4370860927152318,-0.543046357615894,0.5761589403973509,-0.7814569536423841,0.6225165562913907,-1.0,0.45695364238410596,-0.37748344370860926,0.8874172185430463,-0.32450331125827814,0.7615894039735099,-0.31125827814569534,0.6158940397350994,-0.32450331125827814,0.423841059602649,-0.152317880794702,0.8807947019867549,-0.11258278145695365,0.7549668874172185,-0.12582781456953643,0.5960264900662252,-0.1390728476821192,0.40397350993377484,0.052980132450331126,0.8211920529801324,0.06622516556291391,0.7019867549668874,0.052980132450331126,0.5562913907284768,0.039735099337748346,0.39072847682119205,0.23178807947019867,0.7152317880794702,0.2119205298013245,0.6158940397350994,0.1986754966887417,0.4900662251655629,0.1986754966887417
0.0,0.0,0.18181818181818182,-0.24025974025974026,0.4675324675324675,-0.525974025974026,0.5974025974025974,-0.7662337662337663,0.6298701298701299,-1.0,0.38961038961038963,-0.36363636363636365,0.8441558441558441,-0.2792207792207792,0.7402597402597403,-0.2857142857142857,0.5909090909090909,-0.3246753246753247,0.33116883116883117,-0.14935064935064934,0.8376623376623377,-0.09090909090909091,0.7207792207792207,-0.12337662337662338,0.551948051948052,-0.14285714285714285,0.3051948051948052,0.05194805194805195,0.7662337662337663,0.08441558441558442,0.6428571428571429,0.045454545454545456,0.487012987012987,0.032467532467532464,0.2987012987012987,0.23376623376623376,0.6688311688311688,0.23376623376623376,0.577922077922078,0.19480519480519481,0.42857142857142855,0.18831168831168832
0.0,0.0,0.19078947368421054,-0.23026315789473684,0.48026315789473684,-0.5197368421052632,0.5921052631578947,-0.7631578947368421,0.631578947368421,-1.0,0.3618421052631579,-0.375,0.8223684210526315,-0.3026315789473684,0.6973684210526315,-0.28289473684210525,0.5328947368421053,-0.3092105263157895,0.28289473684210525,-0.16447368421052633,0.8092105263157895,-0.07894736842105263,0.6578947368421053,-0.09210526315789473,0.46710526315789475,-0.125,0.25,0.046052631578947366,0.7302631578947368,0.09868421052631579,0.5855263157894737,0.07236842105263158,0.4144736842105263,0.05263157894736842,0.24342105263157895,0.23684210526315788,0.625,0.23684210526315788,0.5197368421052632,0.19736842105263158,0.3618421052631579,0.18421052631578946
0.0,0.0,0.19375,-0.2625,0.4375,-0.53125,0.5375,-0.7625,0.56875,-1.0,0.275,-0.44375,0.71875,-0.3875,0.63125,-0.3625,0.46875,-0.38125,0.19375,-0.21875,0.73125,-0.16875,0.59375,-0.175,0.40625,-0.19375,0.16875,0.0,0.65625,0.0125,0.525,-0.00625,0.36875,-0.01875,0.175,0.18125,0.5625,0.1625,0.45,0.14375,0.2875,0.1375
0.0,0.0,0.1346153846153846,-0.24358974358974358,0.21153846153846154,-0.5384615384615384,0.26282051282051283,-0.7756410256410257,0.2948717948717949,-1.0,-0.07051282051282051,-0.48717948717948717,0.3717948717948718,-0.391025641025641,0.3141025641025641,-0.3333333333333333,0.16025641025641027,-0.34615384615384615,-0.16025641025641027,-0.2692307692307692,0.3525641025641026,-0.1794871794871795,0.25,-0.16666666666666666,0.09615384615384616,-0.20512820512820512,-0.1858974358974359,-0.057692307692307696,0.2948717948717949,0.019230769230769232,0.1858974358974359,0.019230769230769232,0.038461538461538464,-0.02564102564102564,-0.1858974358974359,0.1282051282051282,0.19230769230769232,0.1794871794871795,0.12179487179487179,0.16025641025641027,-0.019230769230769232,0.1346153846153846
0.0,0.0,0.13157894736842105,-0.24342105263157895,0.20394736842105263,-0.5328947368421053,0.24342105263157895,-0.7631578947368421,0.2631578947368421,-1.0,-0.09868421052631579,-0.47368421052631576,0.34868421052631576,-0.375,0.28289473684210525,-0.3026315789473684,0.13815789473684212,-0.3026315789473684,-0.18421052631578946,-0.25,0.3355263157894737,-0.16447368421052633,0.21710526315789475,-0.1513157894736842,0.05921052631578947,-0.17763157894736842,-0.20394736842105263,-0.03289473684210526,0.27631578947368424,0.039473684210526314,0.16447368421052633,0.039473684210526314,0.013157894736842105,0.006578947368421052,-0.19736842105263158,0.16447368421052633,0.19078947368421054,0.20394736842105263,0.10526315789473684,0.17763157894736842,-0.039473684210526314,0.1513157894736842
0.0,0.0,0.11728395061728394,-0.25308641975308643,0.10493827160493827,-0.5617283950617284,0.10493827160493827,-0.7962962962962963,0.11728395061728394,-1.0,-0.32098765432098764,-0.5987654320987654,-0.10493827160493827,-0.5493827160493827,-0.006172839506172839,-0.4382716049382716,-0.04938271604938271,-0.41975308641975306,-0.4567901234567901,-0.4382716049382716,-0.16049382716049382,-0.35185185185185186,-0.043209876543209874,-0.2716049382716049,-0.09259259259259259,-0.2839506172839506,-0.5123456790123457,-0.25308641975308643,-0.24074074074074073,-0.1728395061728395,-0.12962962962962962,-0.11728395061728394,-0.17901234567901234,-0.13580246913580246,-0.5308641975308642,-0.07407407407407407,-0.30246913580246915,-0.006172839506172839,-0.19753086419753085,0.018518518518518517,-0.2222222222222222,0.006172839506172839
0.0,0.0,0.024844720496894408,-0.2608695652173913,-0.08074534161490683,-0.5590062111801242,-0.13043478260869565,-0.8136645962732919,-0.11180124223602485,-1.0,-0.39751552795031053,-0.5590062111801242,-0.5527950310559007,-0.6086956521739131,-0.38509316770186336,-0.515527950310559,-0.2981366459627329,-0.4906832298136646,-0.4906832298136646,-0.38509316770186336,-0.6273291925465838,-0.4161490683229814,-0.40993788819875776,-0.33540372670807456,-0.35403726708074534,-0.3416149068322981,-0.5341614906832298,-0.21739130434782608,-0.6708074534161491,-0.2360248447204969,-0.4720496894409938,-0.18633540372670807,-0.4161490683229814,-0.2111801242236025,-0.5527950310559007,-0.055900621118012424,-0.6645962732919255,-0.049689440993788817,-0.5279503105590062,-0.037267080745341616,-0.4658385093167702,-0.062111801242236024
0.0,0.0,0.04294478527607362,-0.26380368098159507,-0.06134969325153374,-0.558282208588957,-0.11042944785276074,-0.8159509202453987,-0.09202453987730061,-1.0,-0.3987730061349693,-0.5705521472392638,-0.5521472392638037,-0.6134969325153374,-0.37423312883435583,-0.50920245398773,-0.3006134969325153,-0.49693251533742333,-0.49693251533742333,-0.3987730061349693,-0.6257668711656442,-0.4233128834355828,-0.38650306748466257,-0.3374233128834356,-0.3496932515337423,-0.3619631901840491,-0.5460122699386503,-0.2392638036809816,-0.6748466257668712,-0.25153374233128833,-0.4601226993865031,-0.19631901840490798,-0.4171779141104294,-0.22699386503067484,-0.5705521472392638,-0.07975460122699386,-0.6625766871165644,-0.06134969325153374,-0.5153374233128835,-0.05521472392638037,-0.4601226993865031,-0.07975460122699386
0.0,0.0,0.04216867469879518,-0.25903614457831325,-0.06626506024096386,-0.5662650602409639,-0.1144578313253012,-0.8253012048192772,-0.09036144578313253,-1.0,-0.42168674698795183,-0.5843373493975904,-0.5963855421686747,-0.608433734939759,-0.40963855421686746,-0.5120481927710844,-0.3192771084337349,-0.5060240963855421,-0.5180722891566265,-0.42168674698795183,-0.6626506024096386,-0.42168674698795183,-0.41566265060240964,-0.3373493975903614,-0.37349397590361444,-0.3795180722891566,-0.572289156626506,-0.26506024096385544,-0.7048192771084337,-0.25903614457831325,-0.4879518072289157,-0.20481927710843373,-0.43373493975903615,-0.2469879518072289,-0.6024096385542169,-0.1144578313253012,-0.6927710843373494,-0.08433734939759036,-0.536144578313253,-0.07228915662650602,-0.4759036144578313,-0.1144578313253012
0.0,0.0,0.02976190476190476,-0.2619047619047619,-0.047619047619047616,-0.5654761904761905,-0.041666666666666664,-0.8214285714285714,0.011904761904761904,-1.0,-0.4642857142857143,-0.5892857142857143,-0.6130952380952381,-0.5952380952380952,-0.43452380952380953,-0.49404761904761907,-0.35714285714285715,-0.49404761904761907,-0.5654761904761905,-0.44047619047619047,-0.6785714285714286,-0.4226190476190476,-0.4523809523809524,-0.34523809523809523,-0.4107142857142857,-0.38095238095238093,-0.6190476190476191,-0.2857142857142857,-0.7142857142857143,-0.25,-0.5119047619047619,-0.20833333333333334,-0.4583333333333333,-0.25595238095238093,-0.6369047619047619,-0.13690476190476192,-0.7083333333333334,-0.09523809523809523,-0.5535714285714286,-0.08928571428571429,-0.48214285714285715,-0.13690476190476192
0.0,0.0,0.05172413793103448,-0.26436781609195403,-0.034482758620689655,-0.5747126436781609,-0.034482758620689655,-0.8275862068965517,0.040229885057471264,-1.0,-0.43103448275862066,-0.5977011494252874,-0.5977011494252874,-0.603448275862069,-0.41379310344827586,-0.4942528735632184,-0.3160919540229885,-0.4942528735632184,-0.5287356321839081,-0.4367816091954023,-0.6551724137931034,-0.41954022988505746,-0.4425287356321839,-0.3275862068965517,-0.3793103448275862,-0.3735632183908046,-0.5862068965517241,-0.27586206896551724,-0.6954022988505747,-0.26436781609195403,-0.5,-0.20689655172413793,-0.43103448275862066,-0.25862068965517243,-0.603448275862069,-0.13218390804597702,-0.6724137931034483,-0.10919540229885058,-0.5287356321839081,-0.08620689655172414,-0.4540229885057471,-0.13218390804597702
0.0,0.0,0.03314917127071823,-0.2596685082872928,-0.0718232044198895,-0.574585635359116,-0.09944751381215469,-0.8287292817679558,-0.055248618784530384,-1.0,-0.4585635359116022,-0.56353591160221,-0.6298342541436464,-0.5966850828729282,-0.4419889502762431,-0.4972375690607735,-0.3370165745856354,-0.4861878453038674,-0.5469613259668509,-0.40331491712707185,-0.6906077348066298,-0.4088397790055249,-0.4696132596685083,-0.3314917127071823,-0.3867403314917127,-0.35359116022099446,-0.5911602209944752,-0.24861878453038674,-0.7182320441988951,-0.2430939226519337,-0.5138121546961326,-0.19889502762430938,-0.43646408839779005,-0.23756906077348067,-0.6022099447513812,-0.10497237569060773,-0.6795580110497238,-0.08839779005524862,-0.5303867403314917,-0.0718232044198895,-0.4530386740331492,-0.11049723756906077
0.0,0.0,0.01675977653631285,-0.2569832402234637,-0.1564245810055866,-0.5586592178770949,-0.2905027932960894,-0.8100558659217877,-0.329608938547486,-1.0,-0.5083798882681564,-0.5251396648044693,-0.6815642458100558,-0.553072625698324,-0.48044692737430167,-0.46368715083798884,-0.37988826815642457,-0.44692737430167595,-0.5810055865921788,-0.35195530726256985,-0.7374301675977654,-0.3575418994413408,-0.48044692737430167,-0.2849162011173184,-0.4301675977653631,-0.3128491620111732,-0.6145251396648045,-0.18994413407821228,-0.7430167597765364,-0.1787709497206704,-0.5195530726256983,-0.13966480446927373,-0.4692737430167598,-0.18435754189944134,-0.6201117318435754,-0.0335195530726257,-0.6983240223463687,0.0,-0.5363128491620112,0.0,-0.4860335195530726,-0.03910614525139665
0.0,0.0,0.005747126436781609,-0.26436781609195403,-0.1781609195402299,-0.5574712643678161,-0.3045977011494253,-0.8103448275862069,-0.3390804597701149,-1.0,-0.5517241379310345,-0.5344827586206896,-0.7126436781609196,-0.5459770114942529,-0.5,-0.46551724137931033,-0.40804597701149425,-0.4540229885057471,-0.6264367816091954,-0.3620689655172414,-0.764367816091954,-0.3505747126436782,-0.5,-0.28735632183908044,-0.4425287356321839,-0.3218390804597701,-0.6551724137931034,-0.1896551724137931,-0.764367816091954,-0.16666666666666666,-0.5344827586206896,-0.13793103448275862,-0.4827586206896552,-0.1839080459770115,-0.6494252873563219,-0.028735632183908046,-0.7241379310344828,0.011494252873563218,-0.5574712643678161,0.005747126436781609,-0.5,-0.04597701149425287
0.0,0.0,0.00558659217877095,-0.2681564245810056,-0.16759776536312848,-0.5586592178770949,-0.2849162011173184,-0.8100558659217877,-0.29608938547486036,-1.0,-0.5027932960893855,-0.5307262569832403,-0.6983240223463687,-0.5586592178770949,-0.5083798882681564,-0.4692737430167598,-0.3854748603351955,-0.44692737430167595,-0.5642458100558659,-0.35195530726256985,-0.7486033519553073,-0.3575418994413408,-0.4972067039106145,-0.2905027932960894,-0.41899441340782123,-0.31843575418994413,-0.5977653631284916,-0.18435754189944134,-0.7653631284916201,-0.1787709497206704,-0.547486033519553,-0.1452513966480447,-0.46368715083798884,-0.18994413407821228,-0.5977653631284916,-0.03910614525139665,-0.7262569832402235,-0.00558659217877095,-0.5642458100558659,-0.00558659217877095,-0.4860335195530726,-0.0446927374301676
0.0,0.0,0.00558659217877095,-0.2681564245810056,-0.16201117318435754,-0.5642458100558659,-0.26256983240223464,-0.8156424581005587,-0.2681564245810056,-1.0,-0.5139664804469274,-0.5307262569832403,-0.6927374301675978,-0.5586592178770949,-0.4972067039106145,-0.4692737430167598,-0.39106145251396646,-0.45251396648044695,-0.5865921787709497,-0.35195530726256985,-0.7486033519553073,-0.3575418994413408,-0.4972067039106145,-0.2905027932960894,-0.4301675977653631,-0.3128491620111732,-0.6145251396648045,-0.18994413407821228,-0.7597765363128491,-0.1787709497206704,-0.5363128491620112,-0.15083798882681565,-0.4692737430167598,-0.18994413407821228,-0.6145251396648045,-0.0335195530726257,-0.7262569832402235,-0.0111731843575419,-0.5642458100558659,-0.0111731843575419,-0.4972067039106145,-0.05027932960893855
0.0,0.0,0.011049723756906077,-0.26519337016574585,-0.14917127071823205,-0.5580110497237569,-0.23756906077348067,-0.8121546961325967,-0.2265193370165746,-1.0,-0.4972375690607735,-0.5303867403314917,-0.6850828729281768,-0.5580110497237569,-0.4861878453038674,-0.4696132596685083,-0.3756906077348066,-0.44751381215469616,-0.569060773480663,-0.35911602209944754,-0.7348066298342542,-0.35911602209944754,-0.4861878453038674,-0.292817679558011,-0.4143646408839779,-0.3149171270718232,-0.5966850828729282,-0.19889502762430938,-0.7458563535911602,-0.1878453038674033,-0.5248618784530387,-0.15469613259668508,-0.4530386740331492,-0.1878453038674033,-0.5966850828729282,-0.049723756906077346,-0.7071823204419889,-0.022099447513812154,-0.5469613259668509,-0.022099447513812154,-0.47513812154696133,-0.055248618784530384
0.0,0.0,0.00558659217877095,-0.2681564245810056,-0.13966480446927373,-0.5642458100558659,-0.21787709497206703,-0.8156424581005587,-0.19553072625698323,-1.0,-0.4972067039106145,-0.5307262569832403,-0.6815642458100558,-0.5642458100558659,-0.4860335195530726,-0.48044692737430167,-0.3743016759776536,-0.4581005586592179,-0.5698324022346368,-0.3575418994413408,-0.7430167597765364,-0.3743016759776536,-0.4972067039106145,-0.30726256983240224,-0.4245810055865922,-0.31843575418994413,-0.5977653631284916,-0.18994413407821228,-0.7597765363128491,-0.19553072625698323,-0.5363128491620112,-0.16201117318435754,-0.4692737430167598,-0.18994413407821228,-0.6033519553072626,-0.03910614525139665,-0.7206703910614525,-0.01675977653631285,-0.5642458100558659,-0.01675977653631285,-0.4860335195530726,-0.05027932960893855
0.0,0.0,0.016666666666666666,-0.2611111111111111,-0.12222222222222222,-0.5611111111111111,-0.19444444444444445,-0.8111111111111111,-0.16666666666666666,-1.0,-0.4888888888888889,-0.5388888888888889,-0.6722222222222223,-0.5777777777777777,-0.4722222222222222,-0.48333333333333334,-0.3611111111111111,-0.46111111111111114,-0.5611111111111111,-0.36666666666666664,-0.7277777777777777,-0.38333333333333336,-0.48333333333333334,-0.3055555555555556,-0.4111111111111111,-0.32222222222222224,-0.5944444444444444,-0.2,-0.75,-0.2,-0.5277777777777778,-0.16111111111111112,-0.46111111111111114,-0.19444444444444445,-0.6,-0.044444444444444446,-0.7111111111111111,-0.027777777777777776,-0.5555555555555556,-0.016666666666666666,-0.48333333333333334,-0.05
0.0,0.0,0.022222222222222223,-0.2611111111111111,-0.11666666666666667,-0.5722222222222222,-0.17222222222222222,-0.8222222222222222,-0.11666666666666667,-1.0,-0.4888888888888889,-0.5555555555555556,-0.6666666666666666,-0.5944444444444444,-0.4666666666666667,-0.5,-0.3611111111111111,-0.4777777777777778,-0.5666666666666667,-0.37777777777777777,-0.7166666666666667,-0.4,-0.4722222222222222,-0.32222222222222224,-0.4111111111111111,-0.3388888888888889,-0.6,-0.2111111111111111,-0.7388888888888889,-0.2222222222222222,-0.5166666666666667,-0.17777777777777778,-0.45555555555555555,-0.20555555555555555,-0.6055555555555555,-0.05555555555555555,-0.7,-0.03888888888888889,-0.5388888888888889,-0.03333333333333333,-0.4777777777777778,-0.07222222222222222
0.0,0.0,0.027472527472527472,-0.25824175824175827,-0.0989010989010989,-0.5659340659340659,-0.14835164835164835,-0.8186813186813187,-0.09340659340659341,-1.0,-0.47802197802197804,-0.5494505494505495,-0.6538461538461539,-0.5879120879120879,-0.45054945054945056,-0.4945054945054945,-0.3516483516483517,-0.4725274725274725,-0.5604395604395604,-0.3791208791208791,-0.7032967032967034,-0.4010989010989011,-0.45604395604395603,-0.3241758241758242,-0.4065934065934066,-0.34065934065934067,-0.5989010989010989,-0.21428571428571427,-0.7252747252747253,-0.22527472527472528,-0.5054945054945055,-0.1813186813186813,-0.45604395604395603,-0.21428571428571427,-0.6043956043956044,-0.06043956043956044,-0.6868131868131868,-0.04945054945054945,-0.5274725274725275,-0.04395604395604396,-0.4725274725274725,-0.07692307692307693
0.0,0.0,0.0273224043715847,-0.26229508196721313,-0.09289617486338798,-0.5737704918032787,-0.13114754098360656,-0.825136612021858,-0.06557377049180328,-1.0,-0.45901639344262296,-0.5519125683060109,-0.639344262295082,-0.6010928961748634,-0.4371584699453552,-0.5027322404371585,-0.33879781420765026,-0.48633879781420764,-0.5409836065573771,-0.3825136612021858,-0.6994535519125683,-0.41530054644808745,-0.44808743169398907,-0.3333333333333333,-0.3989071038251366,-0.34972677595628415,-0.5792349726775956,-0.2185792349726776,-0.726775956284153,-0.24043715846994534,-0.5027322404371585,-0.19672131147540983,-0.44808743169398907,-0.22404371584699453,-0.5901639344262295,-0.06557377049180328,-0.6994535519125683,-0.060109289617486336,-0.5409836065573771,-0.0546448087431694,-0.47540983606557374,-0.08196721311475409
0.0,0.0,0.038461538461538464,-0.26373626373626374,-0.08791208791208792,-0.5659340659340659,-0.13186813186813187,-0.8186813186813187,-0.08241758241758242,-1.0,-0.4340659340659341,-0.5384615384615384,-0.6153846153846154,-0.5659340659340659,-0.4175824175824176,-0.4835164835164835,-0.31868131868131866,-0.4725274725274725,-0.510989010989011,-0.36813186813186816,-0.6703296703296703,-0.37362637362637363,-0.4230769230769231,-0.3131868131868132,-0.36813186813186816,-0.34065934065934067,-0.5439560439560439,-0.2032967032967033,-0.6978021978021978,-0.2032967032967033,-0.47802197802197804,-0.16483516483516483,-0.41208791208791207,-0.2032967032967033,-0.554945054945055,-0.054945054945054944,-0.6648351648351648,-0.02197802197802198,-0.5054945054945055,-0.016483516483516484,-0.4340659340659341,-0.054945054945054944
0.0,0.0,0.02197802197802198,-0.25824175824175827,-0.12637362637362637,-0.554945054945055,-0.2032967032967033,-0.8076923076923077,-0.16483516483516483,-1.0,-0.46703296703296704,-0.5274725274725275,-0.6483516483516484,-0.5769230769230769,-0.44505494505494503,-0.489010989010989,-0.34615384615384615,-0.46703296703296704,-0.5439560439560439,-0.3626373626373626,-0.6978021978021978,-0.38461538461538464,-0.44505494505494503,-0.3131868131868132,-0.3901098901098901,-0.33516483516483514,-0.5769230769230769,-0.1978021978021978,-0.7087912087912088,-0.2087912087912088,-0.489010989010989,-0.17582417582417584,-0.4340659340659341,-0.2087912087912088,-0.5824175824175825,-0.04395604395604396,-0.6868131868131868,-0.038461538461538464,-0.532967032967033,-0.03296703296703297,-0.46703296703296704,-0.06043956043956044
0.0,0.0,0.017142857142857144,-0.2571428571428571,-0.14285714285714285,-0.5542857142857143,-0.2342857142857143,-0.8057142857142857,-0.24,-1.0,-0.49142857142857144,-0.5485714285714286,-0.6628571428571428,-0.5771428571428572,-0.45714285714285713,-0.48,-0.36,-0.46285714285714286,-0.5714285714285714,-0.37714285714285717,-0.7257142857142858,-0.38285714285714284,-0.4685714285714286,-0.3028571428571429,-0.4057142857142857,-0.33714285714285713,-0.6057142857142858,-0.2057142857142857,-0.7485714285714286,-0.2,-0.52,-0.16,-0.45714285714285713,-0.2,-0.6114285714285714,-0.04,-0.7142857142857143,-0.017142857142857144,-0.5428571428571428,-0.011428571428571429,-0.4742857142857143,-0.05142857142857143
0.0,0.0,0.027624309392265192,-0.2541436464088398,-0.10497237569060773,-0.5580110497237569,-0.17679558011049723,-0.8121546961325967,-0.13259668508287292,-1.0,-0.47513812154696133,-0.5414364640883977,-0.6464088397790055,-0.574585635359116,-0.4419889502762431,-0.48066298342541436,-0.34806629834254144,-0.46408839779005523,-0.5524861878453039,-0.3701657458563536,-0.6961325966850829,-0.3867403314917127,-0.4419889502762431,-0.30939226519337015,-0.39779005524861877,-0.3370165745856354,-0.585635359116022,-0.20441988950276244,-0.712707182320442,-0.20994475138121546,-0.49171270718232046,-0.1712707182320442,-0.4419889502762431,-0.20441988950276244,-0.5911602209944752,-0.049723756906077346,-0.6850828729281768,-0.03314917127071823,-0.5248618784530387,-0.03314917127071823,-0.4696132596685083,-0.06629834254143646
0.0,0.0,0.027472527472527472,-0.26373626373626374,-0.10989010989010989,-0.5659340659340659,-0.17582417582417584,-0.8186813186813187,-0.13186813186813187,-1.0,-0.46703296703296704,-0.554945054945055,-0.6483516483516484,-0.5824175824175825,-0.44505494505494503,-0.4945054945054945,-0.34615384615384615,-0.4725274725274725,-0.5494505494505495,-0.3791208791208791,-0.7032967032967034,-0.3956043956043956,-0.45054945054945056,-0.31868131868131866,-0.4010989010989011,-0.34065934065934067,-0.5824175824175825,-0.21428571428571427,-0.7197802197802198,-0.21978021978021978,-0.5,-0.1813186813186813,-0.45054945054945056,-0.21428571428571427,-0.5879120879120879,-0.06043956043956044,-0.6868131868131868,-0.04395604395604396,-0.5274725274725275,-0.04395604395604396,-0.46703296703296704,-0.07692307692307693
0.0,0.0,0.03389830508474576,-0.2655367231638418,-0.0903954802259887,-0.576271186440678,-0.11299435028248588,-0.8248587570621468,-0.03389830508474576,-1.0,-0.4576271186440678,-0.5706214689265536,-0.6384180790960452,-0.6045197740112994,-0.4350282485875706,-0.5141242937853108,-0.3333333333333333,-0.4971751412429379,-0.5480225988700564,-0.3954802259887006,-0.7005649717514124,-0.4124293785310734,-0.4463276836158192,-0.3333333333333333,-0.3954802259887006,-0.3559322033898305,-0.5932203389830508,-0.22598870056497175,-0.7231638418079096,-0.23163841807909605,-0.4971751412429379,-0.192090395480226,-0.4519774011299435,-0.22033898305084745,-0.5988700564971752,-0.07344632768361582,-0.6836158192090396,-0.05084745762711865,-0.5254237288135594,-0.04519774011299435,-0.4689265536723164,-0.0847457627118644
0.0,0.0,0.027624309392265192,-0.26519337016574585,-0.08287292817679558,-0.56353591160221,-0.12154696132596685,-0.8121546961325967,-0.06629834254143646,-1.0,-0.4530386740331492,-0.5303867403314917,-0.5580110497237569,-0.5414364640883977,-0.36464088397790057,-0.46408839779005523,-0.30939226519337015,-0.4530386740331492,-0.5414364640883977,-0.36464088397790057,-0.5966850828729282,-0.35911602209944754,-0.35359116022099446,-0.2983425414364641,-0.35359116022099446,-0.32044198895027626,-0.574585635359116,-0.19337016574585636,-0.5966850828729282,-0.18232044198895028,-0.3867403314917127,-0.16022099447513813,-0.3867403314917127,-0.19337016574585636,-0.574585635359116,-0.03867403314917127,-0.574585635359116,-0.022099447513812154,-0.4198895027624309,-0.03314917127071823,-0.39226519337016574,-0.06077348066298342
0.0,0.0,0.0449438202247191,-0.2640449438202247,-0.06179775280898876,-0.5617977528089888,-0.10112359550561797,-0.8089887640449438,-0.056179775280898875,-1.0,-0.48314606741573035,-0.550561797752809,-0.5,-0.5112359550561798,-0.33146067415730335,-0.4438202247191011,-0.3202247191011236,-0.449438202247191,-0.5898876404494382,-0.38202247191011235,-0.5280898876404494,-0.3146067415730337,-0.3089887640449438,-0.2696629213483146,-0.34831460674157305,-0.3089887640449438,-0.6235955056179775,-0.20224719101123595,-0.5393258426966292,-0.1404494382022472,-0.34831460674157305,-0.12921348314606743,-0.38202247191011235,-0.1797752808988764,-0.6179775280898876,-0.03932584269662921,-0.5337078651685393,0.016853932584269662,-0.38764044943820225,0.011235955056179775,-0.38764044943820225,-0.028089887640449437
0.0,0.0,0.05142857142857143,-0.26285714285714284,-0.04,-0.5657142857142857,-0.09142857142857143,-0.8,-0.08571428571428572,-1.0,-0.5314285714285715,-0.5257142857142857,-0.4228571428571429,-0.46285714285714286,-0.26285714285714284,-0.4114285714285714,-0.2857142857142857,-0.4228571428571429,-0.6457142857142857,-0.3485714285714286,-0.44,-0.26285714285714284,-0.24571428571428572,-0.24,-0.29714285714285715,-0.26857142857142857,-0.6628571428571428,-0.15428571428571428,-0.44571428571428573,-0.08,-0.2742857142857143,-0.08571428571428572,-0.3314285714285714,-0.12571428571428572,-0.6457142857142857,0.02857142857142857,-0.44,0.08571428571428572,-0.2857142857142857,0.06285714285714286,-0.3028571428571429,0.02857142857142857
0.0,0.0,0.05232558139534884,-0.29069767441860467,-0.040697674418604654,-0.5872093023255814,-0.09302325581395349,-0.8081395348837209,-0.09302325581395349,-1.0,-0.5465116279069767,-0.5116279069767442,-0.3546511627906977,-0.47093023255813954,-0.20348837209302326,-0.4127906976744186,-0.22093023255813954,-0.4069767441860465,-0.6337209302325582,-0.31976744186046513,-0.3488372093023256,-0.27325581395348836,-0.18023255813953487,-0.2558139534883721,-0.22093023255813954,-0.27325581395348836,-0.627906976744186,-0.11627906976744186,-0.3488372093023256,-0.09302325581395349,-0.20348837209302326,-0.09302325581395349,-0.2441860465116279,-0.11627906976744186,-0.5930232558139535,0.06395348837209303,-0.3430232558139535,0.08139534883720931,-0.21511627906976744,0.05813953488372093,-0.22674418604651161,0.029069767441860465
0.0,0.0,0.05263157894736842,-0.2982456140350877,-0.029239766081871343,-0.5847953216374269,-0.08187134502923976,-0.8070175438596491,-0.10526315789473684,-1.0,-0.5321637426900585,-0.47368421052631576,-0.27485380116959063,-0.4619883040935672,-0.14619883040935672,-0.39766081871345027,-0.1871345029239766,-0.38011695906432746,-0.5964912280701754,-0.26900584795321636,-0.2573099415204678,-0.27485380116959063,-0.12280701754385964,-0.24561403508771928,-0.17543859649122806,-0.24561403508771928,-0.5847953216374269,-0.07017543859649122,-0.2631578947368421,-0.0935672514619883,-0.13450292397660818,-0.0935672514619883,-0.1871345029239766,-0.10526315789473684,-0.5380116959064327,0.10526315789473684,-0.27485380116959063,0.08187134502923976,-0.15789473684210525,0.05847953216374269,-0.18128654970760233,0.04093567251461988
0.0,0.0,0.06395348837209303,-0.29069767441860467,0.011627906976744186,-0.5813953488372093,-0.029069767441860465,-0.8023255813953488,-0.03488372093023256,-1.0,-0.43023255813953487,-0.47674418604651164,-0.1744186046511628,-0.4418604651162791,-0.06395348837209303,-0.38372093023255816,-0.09302325581395349,-0.37209302325581395,-0.5116279069767442,-0.2616279069767442,-0.1511627906976744,-0.25,-0.03488372093023256,-0.23837209302325582,-0.08139534883720931,-0.25,-0.5116279069767442,-0.06395348837209303,-0.14534883720930233,-0.06395348837209303,-0.046511627906976744,-0.0755813953488372,-0.09883720930232558,-0.0872093023255814,-0.47093023255813954,0.12209302325581395,-0.16279069767441862,0.11627906976744186,-0.06976744186046512,0.0872093023255814,-0.10465116279069768,0.06976744186046512
0.0,0.0,0.08383233532934131,-0.281437125748503,0.029940119760479042,-0.5688622754491018,-0.005988023952095809,-0.7964071856287425,-0.023952095808383235,-1.0,-0.41916167664670656,-0.4550898203592814,-0.12574850299401197,-0.40718562874251496,-0.023952095808383235,-0.3592814371257485,-0.059880239520958084,-0.3592814371257485,-0.5089820359281437,-0.2275449101796407,-0.09580838323353294,-0.2155688622754491,-0.017964071856287425,-0.20958083832335328,-0.07784431137724551,-0.2275449101796407,-0.5029940119760479,-0.023952095808383235,-0.09580838323353294,-0.023952095808383235,-0.023952095808383235,-0.03592814371257485,-0.08982035928143713,-0.05389221556886228,-0.46107784431137727,0.16167664670658682,-0.11976047904191617,0.15568862275449102,-0.04790419161676647,0.1317365269461078,-0.10179640718562874,0.11976047904191617
0.0,0.0,0.09696969696969697,-0.2787878787878788,0.03636363636363636,-0.5636363636363636,0.0,-0.793939393939394,-0.006060606060606061,-1.0,-0.40606060606060607,-0.43636363636363634,-0.12727272727272726,-0.40606060606060607,-0.01818181818181818,-0.34545454545454546,-0.07272727272727272,-0.3333333333333333,-0.49696969696969695,-0.20606060606060606,-0.07878787878787878,-0.19393939393939394,0.012121212121212121,-0.1696969696969697,-0.06666666666666667,-0.18181818181818182,-0.48484848484848486,0.006060606060606061,-0.08484848484848485,0.006060606060606061,0.006060606060606061,0.012121212121212121,-0.07272727272727272,0.0,-0.43636363636363634,0.2,-0.09090909090909091,0.20606060606060606,-0.006060606060606061,0.20606060606060606,-0.06666666666666667,0.20606060606060606
0.0,0.0,0.11042944785276074,-0.26993865030674846,0.05521472392638037,-0.5644171779141104,0.03680981595092025,-0.7975460122699386,0.03067484662576687,-1.0,-0.3803680981595092,-0.44785276073619634,-0.11042944785276074,-0.4110429447852761,-0.006134969325153374,-0.3496932515337423,-0.05521472392638037,-0.34355828220858897,-0.48466257668711654,-0.22085889570552147,-0.04294478527607362,-0.17791411042944785,0.03680981595092025,-0.1656441717791411,-0.06748466257668712,-0.18404907975460122,-0.4723926380368098,0.0,-0.04294478527607362,0.018404907975460124,0.024539877300613498,0.018404907975460124,-0.06748466257668712,0.006134969325153374,-0.4233128834355828,0.19631901840490798,-0.0736196319018405,0.22085889570552147,0.0,0.22085889570552147,-0.06748466257668712,0.2147239263803681
0.0,0.0,0.0736196319018405,-0.26993865030674846,0.04294478527607362,-0.5644171779141104,0.024539877300613498,-0.7975460122699386,0.012269938650306749,-1.0,-0.4049079754601227,-0.4539877300613497,-0.04294478527607362,-0.4294478527607362,0.0,-0.3619631901840491,-0.09202453987730061,-0.3496932515337423,-0.4785276073619632,-0.2085889570552147,0.006134969325153374,-0.2085889570552147,0.0,-0.1901840490797546,-0.12883435582822086,-0.19631901840490798,-0.44785276073619634,0.012269938650306749,0.0,0.0,0.0,0.0,-0.1165644171779141,-0.012269938650306749,-0.38650306748466257,0.2085889570552147,-0.03067484662576687,0.19631901840490798,-0.012269938650306749,0.19631901840490798,-0.11042944785276074,0.19631901840490798
0.0,0.0,0.09090909090909091,-0.2597402597402597,0.09740259740259741,-0.551948051948052,0.08441558441558442,-0.7857142857142857,0.05194805194805195,-1.0,-0.36363636363636365,-0.44805194805194803,0.07142857142857142,-0.4090909090909091,0.05844155844155844,-0.35714285714285715,-0.07142857142857142,-0.33766233766233766,-0.42857142857142855,-0.18181818181818182,0.11038961038961038,-0.16883116883116883,0.03896103896103896,-0.16883116883116883,-0.11688311688311688,-0.17532467532467533,-0.38961038961038963,0.045454545454545456,0.08441558441558442,0.05194805194805195,0.03896103896103896,0.03896103896103896,-0.09740259740259741,0.012987012987012988,-0.3116883116883117,0.2532467532467532,0.045454545454545456,0.2597402597402597,0.006493506493506494,0.23376623376623376,-0.11688311688311688,0.21428571428571427
0.0,0.0,0.09090909090909091,-0.24675324675324675,0.09740259740259741,-0.538961038961039,0.07792207792207792,-0.7792207792207793,0.05194805194805195,-1.0,-0.35064935064935066,-0.42857142857142855,0.05844155844155844,-0.4090909090909091,0.025974025974025976,-0.37012987012987014,-0.09740259740259741,-0.36363636363636365,-0.42857142857142855,-0.16883116883116883,0.11038961038961038,-0.14935064935064934,0.01948051948051948,-0.16883116883116883,-0.13636363636363635,-0.18831168831168832,-0.3961038961038961,0.06493506493506493,0.09740259740259741,0.06493506493506493,0.03896103896103896,0.045454545454545456,-0.1038961038961039,0.01948051948051948,-0.3181818181818182,0.2727272727272727,0.07142857142857142,0.2727272727272727,0.01948051948051948,0.24675324675324675,-0.11688311688311688,0.24025974025974026
0.0,0.0,0.07741935483870968,-0.2645161290322581,0.05806451612903226,-0.5548387096774193,0.03870967741935484,-0.7935483870967742,-0.0064516129032258064,-1.0,-0.36774193548387096,-0.4129032258064516,0.025806451612903226,-0.3935483870967742,0.0064516129032258064,-0.36774193548387096,-0.1032258064516129,-0.36774193548387096,-0.41935483870967744,-0.15483870967741936,0.1032258064516129,-0.15483870967741936,0.012903225806451613,-0.16129032258064516,-0.13548387096774195,-0.17419354838709677,-0.3741935483870968,0.07096774193548387,0.08387096774193549,0.06451612903225806,0.01935483870967742,0.04516129032258064,-0.12258064516129032,0.01935483870967742,-0.2967741935483871,0.27741935483870966,0.04516129032258064,0.25806451612903225,-0.012903225806451613,0.22580645161290322,-0.15483870967741936,0.2064516129032258
0.0,0.0,0.06622516556291391,-0.271523178807947,0.059602649006622516,-0.5496688741721855,0.019867549668874173,-0.7814569536423841,-0.039735099337748346,-1.0,-0.3576158940397351,-0.39072847682119205,0.07947019867549669,-0.37748344370860926,0.046357615894039736,-0.3576158940397351,-0.08609271523178808,-0.3443708609271523,-0.39072847682119205,-0.11920529801324503,0.1390728476821192,-0.1390728476821192,0.046357615894039736,-0.152317880794702,-0.10596026490066225,-0.152317880794702,-0.3443708609271523,0.10596026490066225,0.12582781456953643,0.08609271523178808,0.059602649006622516,0.052980132450331126,-0.08609271523178808,0.033112582781456956,-0.2582781456953642,0.31125827814569534,0.08609271523178808,0.2847682119205298,0.033112582781456956,0.25165562913907286,-0.10596026490066225,0.23841059602649006
0.0,0.0,0.059602649006622516,-0.271523178807947,0.026490066225165563,-0.543046357615894,0.006622516556291391,-0.7814569536423841,-0.039735099337748346,-1.0,-0.3841059602649007,-0.3841059602649007,0.059602649006622516,-0.3509933774834437,0.052980132450331126,-0.33774834437086093,-0.06622516556291391,-0.33112582781456956,-0.41721854304635764,-0.09933774834437085,0.11920529801324503,-0.11258278145695365,0.046357615894039736,-0.1390728476821192,-0.09271523178807947,-0.1390728476821192,-0.36423841059602646,0.13245033112582782,0.11258278145695365,0.09933774834437085,0.052980132450331126,0.06622516556291391,-0.09933774834437085,0.046357615894039736,-0.271523178807947,0.33112582781456956,0.0728476821192053,0.2913907284768212,0.019867549668874173,0.24503311258278146,-0.11258278145695365,0.23178807947019867
0.0,0.0,0.07947019867549669,-0.25165562913907286,0.09271523178807947,-0.5364238410596026,0.07947019867549669,-0.7748344370860927,0.033112582781456956,-1.0,-0.2847682119205298,-0.37748344370860926,0.1390728476821192,-0.3576158940397351,0.07947019867549669,-0.3443708609271523,-0.046357615894039736,-0.33774834437086093,-0.33774834437086093,-0.11920529801324503,0.1986754966887417,-0.11920529801324503,0.07947019867549669,-0.1390728476821192,-0.06622516556291391,-0.152317880794702,-0.2980132450331126,0.10596026490066225,0.17880794701986755,0.08609271523178808,0.09271523178807947,0.059602649006622516,-0.046357615894039736,0.046357615894039736,-0.2185430463576159,0.304635761589404,0.13245033112582782,0.2781456953642384,0.06622516556291391,0.23841059602649006,-0.0728476821192053,0.23178807947019867
0.0,0.0,0.08163265306122448,-0.25170068027210885,0.09523809523809523,-0.5238095238095238,0.08163265306122448,-0.7755102040816326,0.027210884353741496,-1.0,-0.2857142857142857,-0.3741496598639456,0.17687074829931973,-0.35374149659863946,0.1360544217687075,-0.3333333333333333,0.0,-0.3333333333333333,-0.3197278911564626,-0.10884353741496598,0.23809523809523808,-0.12244897959183673,0.1292517006802721,-0.1360544217687075,-0.034013605442176874,-0.14965986394557823,-0.272108843537415,0.10884353741496598,0.22448979591836735,0.08163265306122448,0.1360544217687075,0.061224489795918366,-0.013605442176870748,0.034013605442176874,-0.19727891156462585,0.29931972789115646,0.17006802721088435,0.2653061224489796,0.10204081632653061,0.23129251700680273,-0.027210884353741496,0.23129251700680273
0.0,0.0,0.0728476821192053,-0.23841059602649006,0.10596026490066225,-0.5099337748344371,0.10596026490066225,-0.7682119205298014,0.059602649006622516,-1.0,-0.2119205298013245,-0.3708609271523179,0.24503311258278146,-0.3708609271523179,0.17880794701986755,-0.33112582781456956,0.033112582781456956,-0.31788079470198677,-0.25165562913907286,-0.11920529801324503,0.304635761589404,-0.1390728476821192,0.17880794701986755,-0.1390728476821192,0.0,-0.1456953642384106,-0.2119205298013245,0.09933774834437085,0.2913907284768212,0.059602649006622516,0.19205298013245034,0.052980132450331126,0.026490066225165563,0.046357615894039736,-0.1456953642384106,0.2913907284768212,0.23841059602649006,0.23841059602649006,0.15894039735099338,0.2185430463576159,0.013245033112582781,0.2251655629139073
0.0,0.0,0.07954545454545454,-0.3125,0.13068181818181818,-0.5965909090909091,0.1590909090909091,-0.8068181818181818,0.14772727272727273,-1.0,-0.05113636363636364,-0.36363636363636365,0.2556818181818182,-0.4090909090909091,0.2784090909090909,-0.3977272727272727,0.24431818181818182,-0.39204545454545453,-0.05113636363636364,-0.1590909090909091,0.3522727272727273,-0.2215909090909091,0.3352272727272727,-0.25,0.26136363636363635,-0.25,-0.011363636363636364,0.022727272727272728,0.35795454545454547,-0.045454545454545456,0.32954545454545453,-0.09090909090909091,0.26704545454545453,-0.11363636363636363,0.045454545454545456,0.1534090909090909,0.3181818181818182,0.10795454545454546,0.3068181818181818,0.05113636363636364,0.26704545454545453,0.03409090909090909
0.0,0.0,0.11046511627906977,-0.28488372093023256,0.22093023255813954,-0.5697674418604651,0.27325581395348836,-0.7965116279069767,0.2558139534883721,-1.0,0.03488372093023256,-0.37790697674418605,0.4476744186046512,-0.4418604651162791,0.38372093023255816,-0.38953488372093026,0.25,-0.37790697674418605,0.023255813953488372,-0.16279069767441862,0.5,-0.2558139534883721,0.3953488372093023,-0.21511627906976744,0.2558139534883721,-0.19186046511627908,0.06976744186046512,0.011627906976744186,0.5058139534883721,-0.09883720930232558,0.38953488372093026,-0.06976744186046512,0.2616279069767442,-0.046511627906976744,0.13372093023255813,0.13953488372093023,0.46511627906976744,0.040697674418604654,0.36627906976744184,0.05813953488372093,0.23837209302325582,0.08139534883720931
0.0,0.0,0.12716763005780346,-0.2947976878612717,0.24855491329479767,-0.5780346820809249,0.2947976878612717,-0.7976878612716763,0.27167630057803466,-1.0,0.05202312138728324,-0.3988439306358382,0.45664739884393063,-0.4508670520231214,0.3872832369942196,-0.4046242774566474,0.26011560693641617,-0.4046242774566474,0.028901734104046242,-0.18497109826589594,0.5086705202312138,-0.2658959537572254,0.3988439306358382,-0.23121387283236994,0.26011560693641617,-0.2138728323699422,0.06358381502890173,-0.011560693641618497,0.5144508670520231,-0.10982658959537572,0.3930635838150289,-0.08092485549132948,0.26011560693641617,-0.06358381502890173,0.12138728323699421,0.12138728323699421,0.47398843930635837,0.03468208092485549,0.37572254335260113,0.046242774566473986,0.23121387283236994,0.06936416184971098
0.0,0.0,0.12,-0.2914285714285714,0.26857142857142857,-0.5828571428571429,0.33714285714285713,-0.8057142857142857,0.32,-1.0,0.08,-0.41714285714285715,0.49142857142857144,-0.46285714285714286,0.42857142857142855,-0.42857142857142855,0.2914285714285714,-0.42857142857142855,0.06285714285714286,-0.2,0.5257142857142857,-0.28,0.42857142857142855,-0.2571428571428571,0.29714285714285715,-0.25142857142857145,0.10285714285714286,-0.02857142857142857,0.5257142857142857,-0.12,0.41714285714285715,-0.10857142857142857,0.2914285714285714,-0.09714285714285714,0.16,0.10857142857142857,0.4857142857142857,0.017142857142857144,0.3942857142857143,0.022857142857142857,0.26285714285714284,0.045714285714285714
0.0,0.0,0.10240963855421686,-0.2891566265060241,0.2469879518072289,-0.5783132530120482,0.3132530120481928,-0.8012048192771084,0.2891566265060241,-1.0,0.05421686746987952,-0.3674698795180723,0.4939759036144578,-0.4036144578313253,0.43373493975903615,-0.4036144578313253,0.2891566265060241,-0.41566265060240964,0.03614457831325301,-0.12650602409638553,0.536144578313253,-0.2289156626506024,0.42771084337349397,-0.23493975903614459,0.28313253012048195,-0.22289156626506024,0.08433734939759036,0.05421686746987952,0.5481927710843374,-0.060240963855421686,0.42771084337349397,-0.07228915662650602,0.2891566265060241,-0.060240963855421686,0.15060240963855423,0.1927710843373494,0.5120481927710844,0.08433734939759036,0.40963855421686746,0.07228915662650602,0.26506024096385544,0.0963855421686747
0.0,0.0,0.10285714285714286,-0.2914285714285714,0.26285714285714284,-0.5885714285714285,0.33714285714285713,-0.8057142857142857,0.3314285714285714,-1.0,0.10285714285714286,-0.4114285714285714,0.52,-0.44571428571428573,0.4514285714285714,-0.4342857142857143,0.30857142857142855,-0.4342857142857143,0.08571428571428572,-0.18285714285714286,0.56,-0.26285714285714284,0.44571428571428573,-0.26285714285714284,0.29714285714285715,-0.25142857142857145,0.12571428571428572,-0.005714285714285714,0.56,-0.10285714285714286,0.44,-0.10857142857142857,0.30857142857142855,-0.09714285714285714,0.18285714285714286,0.13714285714285715,0.5142857142857142,0.04,0.41714285714285715,0.02857142857142857,0.2857142857142857,0.05142857142857143
0.0,0.0,0.1005586592178771,-0.2905027932960894,0.2681564245810056,-0.5865921787709497,0.35195530726256985,-0.8100558659217877,0.329608938547486,-1.0,0.11173184357541899,-0.4134078212290503,0.5363128491620112,-0.44692737430167595,0.4692737430167598,-0.441340782122905,0.329608938547486,-0.43575418994413406,0.10614525139664804,-0.18994413407821228,0.5642458100558659,-0.2737430167597765,0.46368715083798884,-0.2849162011173184,0.31843575418994413,-0.2681564245810056,0.1452513966480447,-0.0111731843575419,0.5642458100558659,-0.11731843575418995,0.46368715083798884,-0.12849162011173185,0.3407821229050279,-0.11731843575418995,0.2011173184357542,0.12290502793296089,0.5195530726256983,0.01675977653631285,0.43575418994413406,0.00558659217877095,0.3128491620111732,0.0223463687150838
0.0,0.0,0.08743169398907104,-0.2786885245901639,0.28415300546448086,-0.5901639344262295,0.3825136612021858,-0.8087431693989071,0.37158469945355194,-1.0,0.18032786885245902,-0.4426229508196721,0.6065573770491803,-0.46994535519125685,0.5409836065573771,-0.47540983606557374,0.3989071038251366,-0.4808743169398907,0.18032786885245902,-0.2185792349726776,0.644808743169399,-0.2896174863387978,0.546448087431694,-0.3224043715846995,0.3989071038251366,-0.30601092896174864,0.2185792349726776,-0.03825136612021858,0.6284153005464481,-0.1366120218579235,0.5355191256830601,-0.16939890710382513,0.41530054644808745,-0.16393442622950818,0.273224043715847,0.10382513661202186,0.5846994535519126,-0.01639344262295082,0.5136612021857924,-0.04371584699453552,0.3989071038251366,-0.03825136612021858
0.0,0.0,0.07777777777777778,-0.2722222222222222,0.28888888888888886,-0.5888888888888889,0.39444444444444443,-0.8055555555555556,0.38333333333333336,-1.0,0.20555555555555555,-0.45,0.6277777777777778,-0.49444444444444446,0.55,-0.4888888888888889,0.4111111111111111,-0.48333333333333334,0.20555555555555555,-0.22777777777777777,0.6722222222222223,-0.3111111111111111,0.5555555555555556,-0.3388888888888889,0.40555555555555556,-0.31666666666666665,0.24444444444444444,-0.05,0.65,-0.15,0.5444444444444444,-0.18333333333333332,0.4166666666666667,-0.16666666666666666,0.29444444444444445,0.08888888888888889,0.6111111111111112,-0.027777777777777776,0.5222222222222223,-0.06666666666666667,0.39444444444444443,-0.05
0.0,0.0,0.06629834254143646,-0.27071823204419887,0.2596685082872928,-0.574585635359116,0.3425414364640884,-0.8011049723756906,0.3259668508287293,-1.0,0.23204419889502761,-0.40331491712707185,0.6353591160220995,-0.48066298342541436,0.5524861878453039,-0.46408839779005523,0.4198895027624309,-0.44751381215469616,0.2541436464088398,-0.19889502762430938,0.6795580110497238,-0.2983425414364641,0.580110497237569,-0.3149171270718232,0.44751381215469616,-0.2983425414364641,0.292817679558011,-0.027624309392265192,0.6629834254143646,-0.143646408839779,0.569060773480663,-0.1712707182320442,0.4530386740331492,-0.14917127071823205,0.3314917127071823,0.10497237569060773,0.6187845303867403,-0.016574585635359115,0.5524861878453039,-0.04419889502762431,0.4530386740331492,-0.022099447513812154
0.0,0.0,0.06989247311827956,-0.2849462365591398,0.24731182795698925,-0.5913978494623656,0.3172043010752688,-0.8172043010752689,0.2903225806451613,-1.0,0.26881720430107525,-0.43010752688172044,0.6451612903225806,-0.5161290322580645,0.553763440860215,-0.5,0.43010752688172044,-0.478494623655914,0.3118279569892473,-0.23118279569892472,0.6989247311827957,-0.34408602150537637,0.5967741935483871,-0.3548387096774194,0.46774193548387094,-0.3279569892473118,0.3602150537634409,-0.05913978494623656,0.6935483870967742,-0.1881720430107527,0.6021505376344086,-0.20430107526881722,0.489247311827957,-0.1774193548387097,0.4032258064516129,0.06989247311827956,0.6666666666666666,-0.05913978494623656,0.5913978494623656,-0.07526881720430108,0.4946236559139785,-0.043010752688172046
0.0,0.0,0.06842105263157895,-0.2894736842105263,0.25263157894736843,-0.5789473684210527,0.3263157894736842,-0.8105263157894737,0.30526315789473685,-1.0,0.29473684210526313,-0.4263157894736842,0.6684210526315789,-0.5157894736842106,0.5684210526315789,-0.5,0.4421052631578947,-0.47368421052631576,0.34210526315789475,-0.22105263157894736,0.7105263157894737,-0.3473684210526316,0.6105263157894737,-0.35789473684210527,0.4842105263157895,-0.33157894736842103,0.3894736842105263,-0.05789473684210526,0.7,-0.2,0.6157894736842106,-0.21578947368421053,0.5052631578947369,-0.18947368421052632,0.43157894736842106,0.06842105263157895,0.6736842105263158,-0.07368421052631578,0.6,-0.08947368421052632,0.5105263157894737,-0.05789473684210526
0.0,0.0,0.07650273224043716,-0.31693989071038253,0.2568306010928962,-0.5846994535519126,0.3551912568306011,-0.8087431693989071,0.33879781420765026,-1.0,0.4098360655737705,-0.4207650273224044,0.7377049180327869,-0.5191256830601093,0.6174863387978142,-0.5136612021857924,0.4972677595628415,-0.4808743169398907,0.46994535519125685,-0.22404371584699453,0.7595628415300546,-0.366120218579235,0.6502732240437158,-0.39344262295081966,0.5409836065573771,-0.34972677595628415,0.5027322404371585,-0.060109289617486336,0.7377049180327869,-0.21311475409836064,0.644808743169399,-0.24043715846994534,0.5573770491803278,-0.19672131147540983,0.5245901639344263,0.06557377049180328,0.7103825136612022,-0.08196721311475409,0.639344262295082,-0.10382513661202186,0.5683060109289617,-0.06557377049180328
0.0,0.0,0.20245398773006135,-0.32515337423312884,0.4601226993865031,-0.5398773006134969,0.6380368098159509,-0.7484662576687117,0.6748466257668712,-0.9693251533742331,0.6809815950920245,-0.25153374233128833,1.0,-0.27607361963190186,0.8650306748466258,-0.3312883435582822,0.7177914110429447,-0.3312883435582822,0.6687116564417178,-0.018404907975460124,0.9386503067484663,-0.11042944785276074,0.8282208588957055,-0.17791411042944785,0.7055214723926381,-0.1656441717791411,0.6196319018404908,0.15337423312883436,0.8588957055214724,0.049079754601226995,0.7730061349693251,-0.006134969325153374,0.656441717791411,0.006134969325153374,0.5766871165644172,0.2883435582822086,0.7607361963190185,0.17791411042944785,0.6871165644171779,0.12883435582822086,0.588957055214724,0.1411042944785276
0.0,0.0,0.23353293413173654,-0.2934131736526946,0.5209580838323353,-0.46107784431137727,0.7425149700598802,-0.6347305389221557,0.844311377245509,-0.8263473053892215,0.7365269461077845,-0.17365269461077845,1.0,-0.1497005988023952,0.8922155688622755,-0.20958083832335328,0.7604790419161677,-0.23353293413173654,0.6946107784431138,0.04790419161676647,0.9101796407185628,0.0,0.8203592814371258,-0.0718562874251497,0.7065868263473054,-0.07784431137724551,0.6227544910179641,0.20958083832335328,0.8083832335329342,0.1317365269461078,0.7365269461077845,0.0718562874251497,0.6287425149700598,0.0658682634730539,0.5508982035928144,0.33532934131736525,0.7065868263473054,0.24550898203592814,0.6407185628742516,0.19760479041916168,0.5508982035928144,0.19760479041916168
0.0,0.0,0.23780487804878048,-0.2926829268292683,0.5426829268292683,-0.4634146341463415,0.7621951219512195,-0.6341463414634146,0.8658536585365854,-0.823170731707317,0.725609756097561,-0.15853658536585366,1.0,-0.13414634146341464,0.8841463414634146,-0.20121951219512196,0.7439024390243902,-0.22560975609756098,0.6829268292682927,0.06097560975609756,0.9024390243902439,0.018292682926829267,0.8109756097560976,-0.054878048780487805,0.6951219512195121,-0.06707317073170732,0.6036585365853658,0.22560975609756098,0.7926829268292683,0.1524390243902439,0.7195121951219512,0.09146341463414634,0.6097560975609756,0.08536585365853659,0.5304878048780488,0.3475609756097561,0.6951219512195121,0.2682926829268293,0.6341463414634146,0.21951219512195122,0.5426829268292683,0.21951219512195122
0.0,0.0,0.17073170731707318,-0.3475609756097561,0.4024390243902439,-0.5853658536585366,0.5548780487804879,-0.7987804878048781,0.6036585365853658,-1.0,0.725609756097561,-0.3719512195121951,0.8841463414634146,-0.39634146341463417,0.7682926829268293,-0.4024390243902439,0.6524390243902439,-0.39634146341463417,0.75,-0.1524390243902439,0.8414634146341463,-0.21951219512195122,0.7439024390243902,-0.23780487804878048,0.6463414634146342,-0.21951219512195122,0.7012195121951219,0.036585365853658534,0.774390243902439,-0.04878048780487805,0.7012195121951219,-0.06097560975609756,0.5975609756097561,-0.042682926829268296,0.6402439024390244,0.18292682926829268,0.6951219512195121,0.10365853658536585,0.6280487804878049,0.09146341463414634,0.5426829268292683,0.10365853658536585
0.0,0.0,0.13450292397660818,-0.3333333333333333,0.3333333333333333,-0.5789473684210527,0.4678362573099415,-0.8011695906432749,0.5146198830409356,-1.0,0.7134502923976608,-0.39766081871345027,0.783625730994152,-0.4269005847953216,0.6666666666666666,-0.4093567251461988,0.5614035087719298,-0.391812865497076,0.7485380116959064,-0.1871345029239766,0.7543859649122807,-0.24561403508771928,0.6549707602339181,-0.24561403508771928,0.5497076023391813,-0.2222222222222222,0.7076023391812866,-0.005847953216374269,0.6900584795321637,-0.08187134502923976,0.6140350877192983,-0.08187134502923976,0.5146198830409356,-0.05847953216374269,0.6432748538011696,0.14035087719298245,0.631578947368421,0.06432748538011696,0.5555555555555556,0.05847953216374269,0.47953216374269003,0.07602339181286549
0.0,0.0,0.06914893617021277,-0.32978723404255317,0.1702127659574468,-0.5851063829787234,0.2127659574468085,-0.8191489361702128,0.16489361702127658,-1.0,0.5478723404255319,-0.4308510638297872,0.6648936170212766,-0.5425531914893617,0.5478723404255319,-0.526595744680851,0.4521276595744681,-0.4787234042553192,0.6117021276595744,-0.25,0.675531914893617,-0.39361702127659576,0.5797872340425532,-0.39361702127659576,0.5,-0.34574468085106386,0.6117021276595744,-0.09042553191489362,0.675531914893617,-0.2393617021276596,0.601063829787234,-0.24468085106382978,0.5106382978723404,-0.20212765957446807,0.5904255319148937,0.031914893617021274,0.6542553191489362,-0.09574468085106383,0.5851063829787234,-0.10638297872340426,0.5159574468085106,-0.06914893617021277
0.0,0.0,0.02127659574468085,-0.32978723404255317,0.0851063829787234,-0.5904255319148937,0.10638297872340426,-0.8297872340425532,0.026595744680851064,-1.0,0.4095744680851064,-0.5212765957446809,0.5851063829787234,-0.6170212765957447,0.4787234042553192,-0.5691489361702128,0.39361702127659576,-0.5212765957446809,0.5,-0.3617021276595745,0.6223404255319149,-0.4787234042553192,0.526595744680851,-0.4627659574468085,0.4521276595744681,-0.40425531914893614,0.5425531914893617,-0.20212765957446807,0.6276595744680851,-0.324468085106383,0.5478723404255319,-0.30851063829787234,0.4734042553191489,-0.25,0.5638297872340425,-0.06382978723404255,0.6382978723404256,-0.17553191489361702,0.5638297872340425,-0.1702127659574468,0.5053191489361702,-0.1276595744680851
0.0,0.0,0.0,-0.31891891891891894,0.03783783783783784,-0.6054054054054054,0.021621621621621623,-0.8432432432432433,-0.07027027027027027,-1.0,0.32432432432432434,-0.5459459459459459,0.5405405405405406,-0.6810810810810811,0.44324324324324327,-0.6324324324324324,0.3567567567567568,-0.5783783783783784,0.43243243243243246,-0.3891891891891892,0.6108108108108108,-0.5513513513513514,0.518918918918919,-0.5243243243243243,0.44324324324324327,-0.4648648648648649,0.5027027027027027,-0.23783783783783785,0.6324324324324324,-0.3945945945945946,0.5567567567567567,-0.372972972972973,0.4918918918918919,-0.31351351351351353,0.5567567567567567,-0.10810810810810811,0.6486486486486487,-0.25405405405405407,0.5783783783783784,-0.23783783783783785,0.5243243243243243,-0.1837837837837838
0.0,0.0,0.0106951871657754,-0.31016042780748665,0.0481283422459893,-0.5935828877005348,0.03208556149732621,-0.8342245989304813,-0.058823529411764705,-1.0,0.3155080213903743,-0.5133689839572193,0.5454545454545454,-0.6417112299465241,0.44919786096256686,-0.5935828877005348,0.3582887700534759,-0.5401069518716578,0.41711229946524064,-0.34759358288770054,0.6149732620320856,-0.5133689839572193,0.5294117647058824,-0.4919786096256685,0.44919786096256686,-0.42780748663101603,0.48663101604278075,-0.1925133689839572,0.6417112299465241,-0.3582887700534759,0.5668449197860963,-0.33689839572192515,0.4919786096256685,-0.27807486631016043,0.5401069518716578,-0.06417112299465241,0.6577540106951871,-0.2192513368983957,0.5935828877005348,-0.20855614973262032,0.5347593582887701,-0.1497326203208556
0.0,0.0,0.032432432432432434,-0.32432432432432434,0.10270270270270271,-0.5945945945945946,0.11351351351351352,-0.8324324324324325,0.03783783783783784,-1.0,0.35135135135135137,-0.5027027027027027,0.6054054054054054,-0.6054054054054054,0.5081081081081081,-0.5675675675675675,0.41081081081081083,-0.5243243243243243,0.44324324324324327,-0.32972972972972975,0.6594594594594595,-0.4648648648648649,0.572972972972973,-0.4540540540540541,0.4864864864864865,-0.4,0.5027027027027027,-0.16756756756756758,0.6702702702702703,-0.3081081081081081,0.5945945945945946,-0.2918918918918919,0.518918918918919,-0.24324324324324326,0.5513513513513514,-0.032432432432432434,0.6756756756756757,-0.16756756756756758,0.6054054054054054,-0.15675675675675677,0.5459459459459459,-0.10810810810810811
0.0,0.0,0.060109289617486336,-0.3114754098360656,0.15846994535519127,-0.5846994535519126,0.1912568306010929,-0.825136612021858,0.12568306010928962,-1.0,0.40437158469945356,-0.47540983606557374,0.6612021857923497,-0.5737704918032787,0.5519125683060109,-0.5355191256830601,0.453551912568306,-0.4918032786885246,0.4808743169398907,-0.3005464480874317,0.7049180327868853,-0.4207650273224044,0.6065573770491803,-0.41530054644808745,0.5081967213114754,-0.366120218579235,0.5191256830601093,-0.1366120218579235,0.6994535519125683,-0.2568306010928962,0.6174863387978142,-0.2459016393442623,0.5355191256830601,-0.19672131147540983,0.546448087431694,0.00546448087431694,0.6721311475409836,-0.1092896174863388,0.5956284153005464,-0.1092896174863388,0.5300546448087432,-0.060109289617486336
0.0,0.0,0.03723404255319149,-0.30851063829787234,0.12234042553191489,-0.5904255319148937,0.13297872340425532,-0.824468085106383,0.0851063829787234,-1.0,0.3670212765957447,-0.4946808510638298,0.6223404255319149,-0.5904255319148937,0.5159574468085106,-0.5531914893617021,0.4148936170212766,-0.5106382978723404,0.44148936170212766,-0.32978723404255317,0.675531914893617,-0.4521276595744681,0.5797872340425532,-0.43617021276595747,0.48404255319148937,-0.3882978723404255,0.48936170212765956,-0.1702127659574468,0.6861702127659575,-0.2925531914893617,0.6063829787234043,-0.28191489361702127,0.5159574468085106,-0.23404255319148937,0.5212765957446809,-0.031914893617021274,0.675531914893617,-0.15425531914893617,0.5957446808510638,-0.15425531914893617,0.526595744680851,-0.10638297872340426
0.0,0.0,-0.01098901098901099,-0.2967032967032967,0.02197802197802198,-0.6043956043956044,-0.02197802197802198,-0.8406593406593407,-0.13736263736263737,-1.0,0.21978021978021978,-0.554945054945055,0.5164835164835165,-0.6978021978021978,0.43956043956043955,-0.6318681318681318,0.34065934065934067,-0.5824175824175825,0.31868131868131866,-0.3956043956043956,0.5989010989010989,-0.5604395604395604,0.510989010989011,-0.510989010989011,0.41208791208791207,-0.45604395604395603,0.4065934065934066,-0.23626373626373626,0.6593406593406593,-0.4065934065934066,0.5714285714285714,-0.3626373626373626,0.4725274725274725,-0.3076923076923077,0.4835164835164835,-0.09340659340659341,0.6703296703296703,-0.24725274725274726,0.5934065934065934,-0.21428571428571427,0.5054945054945055,-0.15934065934065933
0.0,0.0,-0.05,-0.3111111111111111,-0.06111111111111111,-0.6111111111111112,-0.12222222222222222,-0.85,-0.24444444444444444,-1.0,0.19444444444444445,-0.5666666666666667,0.4166666666666667,-0.7444444444444445,0.3333333333333333,-0.6777777777777778,0.25,-0.6111111111111112,0.32222222222222224,-0.4222222222222222,0.5055555555555555,-0.6277777777777778,0.4222222222222222,-0.5888888888888889,0.35,-0.5166666666666667,0.42777777777777776,-0.2833333333333333,0.5722222222222222,-0.48333333333333334,0.5,-0.45,0.42777777777777776,-0.38333333333333336,0.5111111111111111,-0.16666666666666666,0.6111111111111112,-0.35,0.5388888888888889,-0.32222222222222224,0.48333333333333334,-0.25555555555555554
0.0,0.0,-0.08571428571428572,-0.30857142857142855,-0.09714285714285714,-0.6057142857142858,-0.14285714285714285,-0.8514285714285714,-0.25142857142857145,-1.0,0.25142857142857145,-0.6228571428571429,0.3485714285714286,-0.7485714285714286,0.28,-0.6742857142857143,0.2057142857142857,-0.5942857142857143,0.3942857142857143,-0.49142857142857144,0.44,-0.6,0.3657142857142857,-0.5542857142857143,0.3028571428571429,-0.49142857142857144,0.4857142857142857,-0.3485714285714286,0.5028571428571429,-0.45714285714285713,0.44,-0.4228571428571429,0.37714285714285717,-0.36,0.5485714285714286,-0.21142857142857144,0.5657142857142857,-0.3142857142857143,0.49714285714285716,-0.2857142857142857,0.44571428571428573,-0.2342857142857143
0.0,0.0,-0.061452513966480445,-0.3128491620111732,-0.055865921787709494,-0.5977653631284916,-0.0893854748603352,-0.8324022346368715,-0.16759776536312848,-1.0,0.31843575418994413,-0.6424581005586593,0.3854748603351955,-0.7039106145251397,0.3128491620111732,-0.6145251396648045,0.24581005586592178,-0.547486033519553,0.45251396648044695,-0.5139664804469274,0.46368715083798884,-0.547486033519553,0.3854748603351955,-0.49162011173184356,0.3240223463687151,-0.43575418994413406,0.5363128491620112,-0.3575418994413408,0.5139664804469274,-0.39664804469273746,0.44692737430167595,-0.35195530726256985,0.3854748603351955,-0.29608938547486036,0.5810055865921788,-0.20670391061452514,0.5586592178770949,-0.25139664804469275,0.4860335195530726,-0.21787709497206703,0.43575418994413406,-0.17318435754189945
0.0,0.0,-0.05291005291005291,-0.31746031746031744,-0.010582010582010581,-0.6031746031746031,-0.010582010582010581,-0.8359788359788359,-0.08465608465608465,-1.0,0.3862433862433862,-0.6349206349206349,0.3492063492063492,-0.6825396825396826,0.2804232804232804,-0.6031746031746031,0.2328042328042328,-0.544973544973545,0.5079365079365079,-0.49206349206349204,0.4444444444444444,-0.5291005291005291,0.37566137566137564,-0.47619047619047616,0.328042328042328,-0.41798941798941797,0.5608465608465608,-0.328042328042328,0.49206349206349204,-0.38095238095238093,0.42857142857142855,-0.3439153439153439,0.37566137566137564,-0.2962962962962963,0.5714285714285714,-0.19047619047619047,0.5396825396825397,-0.24867724867724866,0.48148148148148145,-0.2222222222222222,0.42857142857142855,-0.17989417989417988
0.0,0.0,-0.042105263157894736,-0.3157894736842105,0.005263157894736842,-0.6,0.015789473684210527,-0.8368421052631579,-0.05263157894736842,-1.0,0.4052631578947368,-0.6105263157894737,0.34210526315789475,-0.6421052631578947,0.2631578947368421,-0.5684210526315789,0.21578947368421053,-0.5,0.5210526315789473,-0.4631578947368421,0.4368421052631579,-0.49473684210526314,0.35789473684210527,-0.4473684210526316,0.3105263157894737,-0.38421052631578945,0.5631578947368421,-0.3,0.47368421052631576,-0.3473684210526316,0.4105263157894737,-0.3105263157894737,0.3526315789473684,-0.25263157894736843,0.5631578947368421,-0.15789473684210525,0.5105263157894737,-0.2,0.45263157894736844,-0.1736842105263158,0.4,-0.13157894736842105
0.0,0.0,-0.03763440860215054,-0.3172043010752688,0.005376344086021506,-0.5967741935483871,0.021505376344086023,-0.8333333333333334,-0.043010752688172046,-1.0,0.41397849462365593,-0.6021505376344086,0.3387096774193548,-0.6182795698924731,0.26344086021505375,-0.5483870967741935,0.22043010752688172,-0.4838709677419355,0.5268817204301075,-0.45698924731182794,0.41935483870967744,-0.45698924731182794,0.34408602150537637,-0.41397849462365593,0.2956989247311828,-0.3548387096774194,0.5645161290322581,-0.2903225806451613,0.45161290322580644,-0.3064516129032258,0.3870967741935484,-0.27419354838709675,0.3333333333333333,-0.22580645161290322,0.5645161290322581,-0.13978494623655913,0.5,-0.16129032258064516,0.44086021505376344,-0.13978494623655913,0.3924731182795699,-0.10752688172043011
0.0,0.0,-0.042328042328042326,-0.31746031746031744,0.021164021164021163,-0.5978835978835979,0.047619047619047616,-0.8253968253968254,0.005291005291005291,-1.0,0.41798941798941797,-0.5925925925925926,0.31746031746031744,-0.6243386243386243,0.2328042328042328,-0.5502645502645502,0.19576719576719576,-0.48148148148148145,0.5185185185185185,-0.4497354497354497,0.3862433862433862,-0.48148148148148145,0.31216931216931215,-0.43915343915343913,0.2751322751322751,-0.37037037037037035,0.5396825396825397,-0.2857142857142857,0.41798941798941797,-0.3386243386243386,0.35978835978835977,-0.31216931216931215,0.31746031746031744,-0.25396825396825395,0.5238095238095238,-0.15343915343915343,0.4497354497354497,-0.19576719576719576,0.3968253968253968,-0.17989417989417988,0.35978835978835977,-0.13227513227513227
0.0,0.0,-0.05759162303664921,-0.31413612565445026,-0.02617801047120419,-0.6073298429319371,-0.041884816753926704,-0.8429319371727748,-0.12041884816753927,-1.0,0.3717277486910995,-0.6335078534031413,0.2931937172774869,-0.6387434554973822,0.2198952879581152,-0.5602094240837696,0.17801047120418848,-0.49214659685863876,0.4869109947643979,-0.49214659685863876,0.39790575916230364,-0.5130890052356021,0.3298429319371728,-0.46596858638743455,0.2774869109947644,-0.39790575916230364,0.5340314136125655,-0.3298429319371728,0.43455497382198954,-0.3612565445026178,0.3769633507853403,-0.3298429319371728,0.3193717277486911,-0.2670157068062827,0.5445026178010471,-0.18848167539267016,0.4816753926701571,-0.225130890052356,0.418848167539267,-0.19895287958115182,0.36649214659685864,-0.14659685863874344
0.0,0.0,-0.06951871657754011,-0.32085561497326204,-0.06417112299465241,-0.6042780748663101,-0.11229946524064172,-0.839572192513369,-0.20320855614973263,-1.0,0.3582887700534759,-0.6363636363636364,0.25668449197860965,-0.6631016042780749,0.18716577540106952,-0.5828877005347594,0.15508021390374332,-0.5080213903743316,0.47593582887700536,-0.5026737967914439,0.37967914438502676,-0.5294117647058824,0.31016042780748665,-0.48128342245989303,0.2620320855614973,-0.41711229946524064,0.5187165775401069,-0.3422459893048128,0.41711229946524064,-0.37967914438502676,0.3582887700534759,-0.34759358288770054,0.3048128342245989,-0.28342245989304815,0.5240641711229946,-0.19786096256684493,0.47058823529411764,-0.24064171122994651,0.4117647058823529,-0.21390374331550802,0.36363636363636365,-0.1657754010695187
0.0,0.0,-0.031746031746031744,-0.31216931216931215,0.010582010582010581,-0.6031746031746031,0.010582010582010581,-0.8412698412698413,-0.06349206349206349,-1.0,0.4126984126984127,-0.6031746031746031,0.35978835978835977,-0.6296296296296297,0.2804232804232804,-0.5555555555555556,0.2328042328042328,-0.49206349206349204,0.5185185185185185,-0.455026455026455,0.4656084656084656,-0.48148148148148145,0.3968253968253968,-0.4444444444444444,0.3333333333333333,-0.3862433862433862,0.5608465608465608,-0.291005291005291,0.5026455026455027,-0.328042328042328,0.43915343915343913,-0.30158730158730157,0.37566137566137564,-0.24867724867724866,0.5608465608465608,-0.14814814814814814,0.544973544973545,-0.19047619047619047,0.48148148148148145,-0.1693121693121693,0.42328042328042326,-0.12698412698412698
0.0,0.0,0.0,-0.32275132275132273,0.07936507936507936,-0.5925925925925926,0.1111111111111111,-0.8253968253968254,0.06349206349206349,-1.0,0.4656084656084656,-0.5661375661375662,0.42857142857142855,-0.582010582010582,0.3439153439153439,-0.5132275132275133,0.2804232804232804,-0.4603174603174603,0.5661375661375662,-0.4074074074074074,0.4973544973544973,-0.42328042328042326,0.4126984126984127,-0.3862433862433862,0.3492063492063492,-0.3333333333333333,0.582010582010582,-0.2328042328042328,0.5079365079365079,-0.26455026455026454,0.43915343915343913,-0.24338624338624337,0.37037037037037035,-0.20105820105820105,0.5661375661375662,-0.08465608465608465,0.5185185185185185,-0.1111111111111111,0.4603174603174603,-0.10052910052910052,0.4021164021164021,-0.06878306878306878
0.0,0.0,0.016304347826086956,-0.31521739130434784,0.09782608695652174,-0.5869565217391305,0.13043478260869565,-0.8206521739130435,0.08695652173913043,-1.0,0.4891304347826087,-0.5217391304347826,0.41847826086956524,-0.5489130434782609,0.33152173913043476,-0.4891304347826087,0.2717391304347826,-0.42934782608695654,0.5760869565217391,-0.3641304347826087,0.4782608695652174,-0.3858695652173913,0.3967391304347826,-0.358695652173913,0.33152173913043476,-0.29891304347826086,0.5815217391304348,-0.19021739130434784,0.483695652173913,-0.22826086956521738,0.41847826086956524,-0.21195652173913043,0.34782608695652173,-0.16847826086956522,0.5543478260869565,-0.043478260869565216,0.5,-0.07065217391304347,0.44021739130434784,-0.06521739130434782,0.3804347826086957,-0.03260869565217391
