0.0,0.0,-0.1282051282051282,-0.3076923076923077,-0.3141025641025641,-0.5705128205128205,-0.4423076923076923,-0.8012820512820513,-0.46794871794871795,-1.0,-0.4807692307692308,-0.38461538461538464,-0.7884615384615384,-0.4423076923076923,-0.6730769230769231,-0.42948717948717946,-0.532051282051282,-0.41025641025641024,-0.5128205128205128,-0.16666666666666666,-0.8461538461538461,-0.27564102564102566,-0.7307692307692307,-0.28846153846153844,-0.5961538461538461,-0.26282051282051283,-0.5192307692307693,0.01282051282051282,-0.8076923076923077,-0.11538461538461539,-0.7115384615384616,-0.1346153846153846,-0.5961538461538461,-0.10256410256410256,-0.5192307692307693,0.16025641025641027,-0.7307692307692307,0.019230769230769232,-0.6410256410256411,0.0,-0.5576923076923077,0.03205128205128205
0.0,0.0,-0.12179487179487179,-0.30128205128205127,-0.3141025641025641,-0.5641025641025641,-0.4423076923076923,-0.7948717948717948,-0.47435897435897434,-1.0,-0.46794871794871795,-0.40384615384615385,-0.7948717948717948,-0.42948717948717946,-0.6794871794871795,-0.4230769230769231,-0.5384615384615384,-0.41025641025641024,-0.48717948717948717,-0.1794871794871795,-0.8269230769230769,-0.26282051282051283,-0.717948717948718,-0.27564102564102566,-0.5769230769230769,-0.2564102564102564,-0.4935897435897436,0.01282051282051282,-0.8012820512820513,-0.10897435897435898,-0.6987179487179487,-0.11538461538461539,-0.5769230769230769,-0.08974358974358974,-0.5,0.17307692307692307,-0.7307692307692307,0.03205128205128205,-0.6346153846153846,0.02564102564102564,-0.5384615384615384,0.057692307692307696
0.0,0.0,-0.11320754716981132,-0.3081761006289308,-0.3018867924528302,-0.5660377358490566,-0.42138364779874216,-0.7987421383647799,-0.4591194968553459,-1.0,-0.4528301886792453,-0.41509433962264153,-0.7672955974842768,-0.4528301886792453,-0.6477987421383647,-0.44654088050314467,-0.5094339622641509,-0.4276729559748428,-0.4779874213836478,-0.20125786163522014,-0.8050314465408805,-0.2830188679245283,-0.6918238993710691,-0.29559748427672955,-0.559748427672956,-0.27044025157232704,-0.4968553459119497,-0.006289308176100629,-0.7924528301886793,-0.12578616352201258,-0.6855345911949685,-0.13836477987421383,-0.5723270440251572,-0.11320754716981132,-0.5031446540880503,0.1509433962264151,-0.7295597484276729,0.012578616352201259,-0.6289308176100629,0.0,-0.5345911949685535,0.031446540880503145
0.0,0.0,-0.10625,-0.30625,-0.2875,-0.56875,-0.40625,-0.8,-0.4375,-1.0,-0.44375,-0.41875,-0.7625,-0.44375,-0.64375,-0.43125,-0.50625,-0.41875,-0.48125,-0.2,-0.8,-0.28125,-0.6875,-0.2875,-0.55,-0.25625,-0.49375,-0.00625,-0.775,-0.11875,-0.66875,-0.125,-0.55625,-0.1,-0.5,0.15,-0.7125,0.025,-0.61875,0.0125,-0.525,0.04375
0.0,0.0,-0.09876543209876543,-0.32098765432098764,-0.2716049382716049,-0.5864197530864198,-0.3765432098765432,-0.808641975308642,-0.4074074074074074,-1.0,-0.41358024691358025,-0.4506172839506173,-0.6975308641975309,-0.49382716049382713,-0.5864197530864198,-0.47530864197530864,-0.4567901234567901,-0.46296296296296297,-0.4506172839506173,-0.24691358024691357,-0.7469135802469136,-0.3271604938271605,-0.6358024691358025,-0.3271604938271605,-0.5123456790123457,-0.30246913580246915,-0.4691358024691358,-0.05555555555555555,-0.7345679012345679,-0.16049382716049382,-0.6358024691358025,-0.16666666666666666,-0.5246913580246914,-0.1419753086419753,-0.47530864197530864,0.10493827160493827,-0.6975308641975309,-0.012345679012345678,-0.6049382716049383,-0.024691358024691357,-0.5123456790123457,0.0
0.0,0.0,-0.07058823529411765,-0.3235294117647059,-0.21764705882352942,-0.5764705882352941,-0.31176470588235294,-0.8058823529411765,-0.31176470588235294,-1.0,-0.45294117647058824,-0.49411764705882355,-0.6529411764705882,-0.5294117647058824,-0.5529411764705883,-0.5,-0.45294117647058824,-0.4823529411764706,-0.5176470588235295,-0.3058823529411765,-0.7058823529411765,-0.38235294117647056,-0.611764705882353,-0.37058823529411766,-0.5117647058823529,-0.3411764705882353,-0.5529411764705883,-0.12941176470588237,-0.6941176470588235,-0.23529411764705882,-0.6176470588235294,-0.22941176470588234,-0.5235294117647059,-0.2,-0.5588235294117647,0.01764705882352941,-0.6764705882352942,-0.09411764705882353,-0.5941176470588235,-0.09411764705882353,-0.5176470588235295,-0.07058823529411765
0.0,0.0,-0.040229885057471264,-0.3218390804597701,-0.1781609195402299,-0.5804597701149425,-0.25862068965517243,-0.8103448275862069,-0.25287356321839083,-1.0,-0.4367816091954023,-0.5287356321839081,-0.6206896551724138,-0.5517241379310345,-0.5344827586206896,-0.5172413793103449,-0.4367816091954023,-0.4942528735632184,-0.5229885057471264,-0.3505747126436782,-0.6781609195402298,-0.41954022988505746,-0.5919540229885057,-0.39655172413793105,-0.4942528735632184,-0.3563218390804598,-0.5689655172413793,-0.1781609195402299,-0.6839080459770115,-0.27586206896551724,-0.6149425287356322,-0.25862068965517243,-0.5287356321839081,-0.22413793103448276,-0.5862068965517241,-0.028735632183908046,-0.6781609195402298,-0.13793103448275862,-0.6091954022988506,-0.12643678160919541,-0.5344827586206896,-0.09770114942528736
0.0,0.0,-0.062146892655367235,-0.3220338983050847,-0.1977401129943503,-0.5819209039548022,-0.2711864406779661,-0.8135593220338984,-0.24858757062146894,-1.0,-0.423728813559322,-0.4745762711864407,-0.632768361581921,-0.519774011299435,-0.536723163841808,-0.4915254237288136,-0.4350282485875706,-0.4689265536723164,-0.4858757062146893,-0.2937853107344633,-0.6836158192090396,-0.3785310734463277,-0.5932203389830508,-0.3672316384180791,-0.4915254237288136,-0.3389830508474576,-0.519774011299435,-0.11864406779661017,-0.6892655367231638,-0.23728813559322035,-0.6045197740112994,-0.23163841807909605,-0.5141242937853108,-0.1977401129943503,-0.5254237288135594,0.02824858757062147,-0.655367231638418,-0.096045197740113,-0.576271186440678,-0.096045197740113,-0.5028248587570622,-0.062146892655367235
0.0,0.0,-0.0903954802259887,-0.3220338983050847,-0.24858757062146894,-0.5819209039548022,-0.3220338983050847,-0.8135593220338984,-0.3107344632768362,-1.0,-0.4463276836158192,-0.4463276836158192,-0.6610169491525424,-0.5141242937853108,-0.5536723163841808,-0.4915254237288136,-0.4406779661016949,-0.4576271186440678,-0.4971751412429379,-0.2598870056497175,-0.7175141242937854,-0.3615819209039548,-0.615819209039548,-0.3559322033898305,-0.5084745762711864,-0.3220338983050847,-0.519774011299435,-0.0847457627118644,-0.7062146892655368,-0.2033898305084746,-0.6214689265536724,-0.20903954802259886,-0.5254237288135594,-0.1751412429378531,-0.5254237288135594,0.062146892655367235,-0.672316384180791,-0.06779661016949153,-0.5932203389830508,-0.07344632768361582,-0.5141242937853108,-0.04519774011299435
0.0,0.0,-0.10326086956521739,-0.31521739130434784,-0.2717391304347826,-0.5706521739130435,-0.3641304347826087,-0.8043478260869565,-0.3532608695652174,-1.0,-0.44565217391304346,-0.391304347826087,-0.717391304347826,-0.46195652173913043,-0.6032608695652174,-0.4673913043478261,-0.4782608695652174,-0.44565217391304346,-0.4945652173913043,-0.1956521739130435,-0.7554347826086957,-0.30434782608695654,-0.657608695652174,-0.33152173913043476,-0.5380434782608695,-0.30434782608695654,-0.5163043478260869,-0.02717391304347826,-0.7336956521739131,-0.16304347826086957,-0.6467391304347826,-0.1793478260869565,-0.5489130434782609,-0.15217391304347827,-0.5271739130434783,0.10869565217391304,-0.6847826086956522,-0.03260869565217391,-0.6141304347826086,-0.05434782608695652,-0.5380434782608695,-0.02717391304347826
0.0,0.0,-0.16759776536312848,-0.30726256983240224,-0.39106145251396646,-0.547486033519553,-0.5251396648044693,-0.7877094972067039,-0.547486033519553,-1.0,-0.553072625698324,-0.329608938547486,-0.8379888268156425,-0.3854748603351955,-0.7150837988826816,-0.39664804469273746,-0.5865921787709497,-0.37988826815642457,-0.5754189944134078,-0.11731843575418995,-0.8659217877094972,-0.21787709497206703,-0.7653631284916201,-0.25139664804469275,-0.6368715083798883,-0.2346368715083799,-0.5754189944134078,0.061452513966480445,-0.8156424581005587,-0.0670391061452514,-0.7262569832402235,-0.1005586592178771,-0.6256983240223464,-0.0782122905027933,-0.5642458100558659,0.19553072625698323,-0.7597765363128491,0.061452513966480445,-0.6871508379888268,0.0223463687150838,-0.6033519553072626,0.03910614525139665
0.0,0.0,-0.15469613259668508,-0.30386740331491713,-0.36464088397790057,-0.5469613259668509,-0.47513812154696133,-0.7845303867403315,-0.48066298342541436,-1.0,-0.5193370165745856,-0.3314917127071823,-0.8121546961325967,-0.3812154696132597,-0.6961325966850829,-0.39226519337016574,-0.56353591160221,-0.3812154696132597,-0.5359116022099447,-0.12154696132596685,-0.8397790055248618,-0.20994475138121546,-0.7458563535911602,-0.23756906077348067,-0.6132596685082873,-0.2265193370165746,-0.5303867403314917,0.055248618784530384,-0.7845303867403315,-0.055248618784530384,-0.7016574585635359,-0.08839779005524862,-0.5966850828729282,-0.0718232044198895,-0.5248618784530387,0.19337016574585636,-0.7182320441988951,0.06629834254143646,-0.6519337016574586,0.03314917127071823,-0.56353591160221,0.049723756906077346
0.0,0.0,-0.14124293785310735,-0.288135593220339,-0.3502824858757062,-0.5423728813559322,-0.4576271186440678,-0.7853107344632768,-0.4576271186440678,-1.0,-0.4858757062146893,-0.327683615819209,-0.807909604519774,-0.3785310734463277,-0.6949152542372882,-0.3898305084745763,-0.5649717514124294,-0.384180790960452,-0.5084745762711864,-0.12429378531073447,-0.8305084745762712,-0.21468926553672316,-0.7288135593220338,-0.24293785310734464,-0.5932203389830508,-0.23163841807909605,-0.5084745762711864,0.05084745762711865,-0.7796610169491526,-0.07344632768361582,-0.6892655367231638,-0.1016949152542373,-0.5819209039548022,-0.07909604519774012,-0.5028248587570622,0.1864406779661017,-0.711864406779661,0.05084745762711865,-0.6384180790960452,0.022598870056497175,-0.5536723163841808,0.03954802259887006
0.0,0.0,-0.10614525139664804,-0.3016759776536313,-0.2905027932960894,-0.5642458100558659,-0.3854748603351955,-0.7988826815642458,-0.3743016759776536,-1.0,-0.43575418994413406,-0.3854748603351955,-0.7541899441340782,-0.46368715083798884,-0.6368715083798883,-0.46368715083798884,-0.5083798882681564,-0.45251396648044695,-0.48044692737430167,-0.18994413407821228,-0.7988826815642458,-0.30726256983240224,-0.6927374301675978,-0.3240223463687151,-0.5642458100558659,-0.29608938547486036,-0.5027932960893855,-0.01675977653631285,-0.770949720670391,-0.16759776536312848,-0.6703910614525139,-0.18435754189944134,-0.5642458100558659,-0.15083798882681565,-0.5139664804469274,0.11731843575418995,-0.7094972067039106,-0.0446927374301676,-0.6312849162011173,-0.061452513966480445,-0.547486033519553,-0.0335195530726257
0.0,0.0,-0.096045197740113,-0.3220338983050847,-0.24858757062146894,-0.576271186440678,-0.3333333333333333,-0.807909604519774,-0.3163841807909605,-1.0,-0.4350282485875706,-0.423728813559322,-0.6949152542372882,-0.4858757062146893,-0.5875706214689266,-0.4745762711864407,-0.4689265536723164,-0.4463276836158192,-0.4858757062146893,-0.23163841807909605,-0.7344632768361582,-0.3333333333333333,-0.6384180790960452,-0.3333333333333333,-0.5254237288135594,-0.3050847457627119,-0.5141242937853108,-0.062146892655367235,-0.7288135593220338,-0.1807909604519774,-0.6440677966101694,-0.192090395480226,-0.5423728813559322,-0.15819209039548024,-0.519774011299435,0.0847457627118644,-0.7005649717514124,-0.04519774011299435,-0.6214689265536724,-0.05649717514124294,-0.5423728813559322,-0.02824858757062147
0.0,0.0,-0.0872093023255814,-0.31976744186046513,-0.23255813953488372,-0.5872093023255814,-0.3023255813953488,-0.813953488372093,-0.28488372093023256,-1.0,-0.4127906976744186,-0.4476744186046512,-0.6802325581395349,-0.5116279069767442,-0.5755813953488372,-0.48255813953488375,-0.45348837209302323,-0.45930232558139533,-0.47093023255813954,-0.2558139534883721,-0.7209302325581395,-0.3546511627906977,-0.6162790697674418,-0.3488372093023256,-0.5,-0.313953488372093,-0.5,-0.08139534883720931,-0.7209302325581395,-0.20348837209302326,-0.627906976744186,-0.19767441860465115,-0.5290697674418605,-0.16279069767441862,-0.5116279069767442,0.06976744186046512,-0.7034883720930233,-0.05813953488372093,-0.627906976744186,-0.06395348837209303,-0.5348837209302325,-0.029069767441860465
0.0,0.0,-0.10112359550561797,-0.3089887640449438,-0.2696629213483146,-0.5730337078651685,-0.34269662921348315,-0.8089887640449438,-0.3202247191011236,-1.0,-0.38202247191011235,-0.4044943820224719,-0.6910112359550562,-0.48314606741573035,-0.5786516853932584,-0.46629213483146065,-0.449438202247191,-0.43820224719101125,-0.4157303370786517,-0.19662921348314608,-0.7471910112359551,-0.3202247191011236,-0.6404494382022472,-0.3258426966292135,-0.5112359550561798,-0.29213483146067415,-0.4438202247191011,-0.02247191011235955,-0.7471910112359551,-0.16292134831460675,-0.6460674157303371,-0.1797752808988764,-0.5337078651685393,-0.14606741573033707,-0.4606741573033708,0.11797752808988764,-0.702247191011236,-0.028089887640449437,-0.6235955056179775,-0.05056179775280899,-0.5337078651685393,-0.016853932584269662
0.0,0.0,-0.09090909090909091,-0.30113636363636365,-0.26704545454545453,-0.5738636363636364,-0.3465909090909091,-0.8068181818181818,-0.3181818181818182,-1.0,-0.36363636363636365,-0.39204545454545453,-0.6875,-0.48295454545454547,-0.5738636363636364,-0.4602272727272727,-0.44886363636363635,-0.4318181818181818,-0.3977272727272727,-0.1875,-0.7443181818181818,-0.3181818181818182,-0.6363636363636364,-0.3125,-0.5056818181818182,-0.2784090909090909,-0.4318181818181818,-0.011363636363636364,-0.75,-0.1590909090909091,-0.6420454545454546,-0.17045454545454544,-0.5284090909090909,-0.13636363636363635,-0.4602272727272727,0.125,-0.6988636363636364,-0.028409090909090908,-0.6193181818181818,-0.03977272727272727,-0.5284090909090909,-0.005681818181818182
0.0,0.0,-0.09659090909090909,-0.30113636363636365,-0.26704545454545453,-0.5738636363636364,-0.3522727272727273,-0.8068181818181818,-0.32954545454545453,-1.0,-0.4090909090909091,-0.42613636363636365,-0.7045454545454546,-0.48295454545454547,-0.6193181818181818,-0.4715909090909091,-0.5170454545454546,-0.4659090909090909,-0.44886363636363635,-0.22727272727272727,-0.7443181818181818,-0.32954545454545453,-0.6420454545454546,-0.3352272727272727,-0.5227272727272727,-0.30113636363636365,-0.4772727272727273,-0.05113636363636364,-0.7386363636363636,-0.18181818181818182,-0.6420454545454546,-0.1875,-0.5340909090909091,-0.1534090909090909,-0.48863636363636365,0.09659090909090909,-0.6931818181818182,-0.03977272727272727,-0.6136363636363636,-0.05113636363636364,-0.5340909090909091,-0.022727272727272728
0.0,0.0,-0.09826589595375723,-0.30057803468208094,-0.27167630057803466,-0.5722543352601156,-0.35260115606936415,-0.8092485549132948,-0.3352601156069364,-1.0,-0.3930635838150289,-0.4161849710982659,-0.6878612716763006,-0.4624277456647399,-0.5838150289017341,-0.4508670520231214,-0.4682080924855491,-0.43352601156069365,-0.42196531791907516,-0.2023121387283237,-0.7341040462427746,-0.30057803468208094,-0.630057803468208,-0.3063583815028902,-0.5028901734104047,-0.2774566473988439,-0.43352601156069365,-0.017341040462427744,-0.7225433526011561,-0.13872832369942195,-0.6242774566473989,-0.15028901734104047,-0.5144508670520231,-0.12138728323699421,-0.44508670520231214,0.1329479768786127,-0.6647398843930635,0.005780346820809248,-0.5838150289017341,-0.005780346820809248,-0.49710982658959535,0.023121387283236993
0.0,0.0,-0.10734463276836158,-0.2994350282485876,-0.2937853107344633,-0.5706214689265536,-0.3785310734463277,-0.807909604519774,-0.3728813559322034,-1.0,-0.3389830508474576,-0.3898305084745763,-0.6949152542372882,-0.4463276836158192,-0.5932203389830508,-0.4350282485875706,-0.4576271186440678,-0.4124293785310734,-0.3559322033898305,-0.1807909604519774,-0.7457627118644068,-0.2768361581920904,-0.6384180790960452,-0.2937853107344633,-0.5028248587570622,-0.2655367231638418,-0.384180790960452,0.0,-0.7401129943502824,-0.12429378531073447,-0.6384180790960452,-0.14124293785310735,-0.5141242937853108,-0.11864406779661017,-0.4067796610169492,0.13559322033898305,-0.6836158192090396,0.011299435028248588,-0.5988700564971752,-0.005649717514124294,-0.4971751412429379,0.022598870056497175
0.0,0.0,-0.12643678160919541,-0.2988505747126437,-0.3333333333333333,-0.5689655172413793,-0.43103448275862066,-0.8045977011494253,-0.4482758620689655,-1.0,-0.3333333333333333,-0.3735632183908046,-0.7183908045977011,-0.43103448275862066,-0.603448275862069,-0.42528735632183906,-0.45977011494252873,-0.40804597701149425,-0.3448275862068966,-0.15517241379310345,-0.7758620689655172,-0.25862068965517243,-0.6551724137931034,-0.27586206896551724,-0.5057471264367817,-0.2471264367816092,-0.367816091954023,0.022988505747126436,-0.7528735632183908,-0.09770114942528736,-0.6379310344827587,-0.1206896551724138,-0.5114942528735632,-0.09770114942528736,-0.39655172413793105,0.15517241379310345,-0.6839080459770115,0.028735632183908046,-0.5977011494252874,0.005747126436781609,-0.4885057471264368,0.034482758620689655
0.0,0.0,-0.1111111111111111,-0.2631578947368421,-0.32748538011695905,-0.5672514619883041,-0.42105263157894735,-0.8011695906432749,-0.4444444444444444,-1.0,-0.23391812865497075,-0.4269005847953216,-0.6666666666666666,-0.4327485380116959,-0.5614035087719298,-0.4093567251461988,-0.40350877192982454,-0.39766081871345027,-0.23976608187134502,-0.19298245614035087,-0.7076023391812866,-0.2573099415204678,-0.5730994152046783,-0.25146198830409355,-0.39766081871345027,-0.21637426900584794,-0.2631578947368421,0.0,-0.6842105263157895,-0.07602339181286549,-0.5555555555555556,-0.07602339181286549,-0.40350877192982454,-0.04678362573099415,-0.30994152046783624,0.1695906432748538,-0.6374269005847953,0.07602339181286549,-0.5380116959064327,0.06432748538011696,-0.40350877192982454,0.09941520467836257
0.0,0.0,-0.09941520467836257,-0.2631578947368421,-0.28654970760233917,-0.5614035087719298,-0.38011695906432746,-0.7894736842105263,-0.391812865497076,-1.0,-0.19298245614035087,-0.4269005847953216,-0.631578947368421,-0.43859649122807015,-0.52046783625731,-0.42105263157894735,-0.3742690058479532,-0.4152046783625731,-0.19883040935672514,-0.19298245614035087,-0.6783625730994152,-0.2573099415204678,-0.5380116959064327,-0.2573099415204678,-0.3742690058479532,-0.2222222222222222,-0.22807017543859648,0.005847953216374269,-0.6491228070175439,-0.07602339181286549,-0.5263157894736842,-0.08187134502923976,-0.38011695906432746,-0.05847953216374269,-0.2807017543859649,0.17543859649122806,-0.5964912280701754,0.08187134502923976,-0.49707602339181284,0.06432748538011696,-0.3742690058479532,0.08771929824561403
0.0,0.0,-0.1130952380952381,-0.25595238095238093,-0.31547619047619047,-0.5535714285714286,-0.4107142857142857,-0.7857142857142857,-0.42857142857142855,-1.0,-0.21428571428571427,-0.4226190476190476,-0.6607142857142857,-0.4226190476190476,-0.5476190476190477,-0.39880952380952384,-0.39880952380952384,-0.39285714285714285,-0.20833333333333334,-0.19047619047619047,-0.7023809523809523,-0.24404761904761904,-0.5595238095238095,-0.23809523809523808,-0.3869047619047619,-0.20833333333333334,-0.2261904761904762,0.011904761904761904,-0.6726190476190477,-0.06547619047619048,-0.5416666666666666,-0.06547619047619048,-0.3869047619047619,-0.041666666666666664,-0.27380952380952384,0.18452380952380953,-0.6130952380952381,0.10119047619047619,-0.5119047619047619,0.07738095238095238,-0.375,0.10714285714285714
0.0,0.0,-0.05084745762711865,-0.327683615819209,-0.1694915254237288,-0.5875706214689266,-0.24293785310734464,-0.8248587570621468,-0.23163841807909605,-1.0,-0.4463276836158192,-0.5028248587570622,-0.6101694915254238,-0.5649717514124294,-0.519774011299435,-0.5254237288135594,-0.4293785310734463,-0.4858757062146893,-0.5254237288135594,-0.3389830508474576,-0.6384180790960452,-0.4293785310734463,-0.559322033898305,-0.4067796610169492,-0.4745762711864407,-0.3615819209039548,-0.5649717514124294,-0.1807909604519774,-0.6384180790960452,-0.2937853107344633,-0.5649717514124294,-0.2768361581920904,-0.4858757062146893,-0.23163841807909605,-0.5819209039548022,-0.03954802259887006,-0.6271186440677966,-0.15819209039548024,-0.559322033898305,-0.15254237288135594,-0.4915254237288136,-0.11864406779661017
0.0,0.0,-0.034482758620689655,-0.3160919540229885,-0.15517241379310345,-0.5862068965517241,-0.21839080459770116,-0.8160919540229885,-0.20689655172413793,-1.0,-0.5229885057471264,-0.5517241379310345,-0.43103448275862066,-0.4885057471264368,-0.3448275862068966,-0.42528735632183906,-0.3160919540229885,-0.39655172413793105,-0.6091954022988506,-0.3850574712643678,-0.4942528735632184,-0.3563218390804598,-0.40804597701149425,-0.3160919540229885,-0.367816091954023,-0.28160919540229884,-0.6379310344827587,-0.21839080459770116,-0.5287356321839081,-0.21264367816091953,-0.4540229885057471,-0.1896551724137931,-0.40804597701149425,-0.16091954022988506,-0.632183908045977,-0.06321839080459771,-0.5574712643678161,-0.07471264367816093,-0.47701149425287354,-0.06896551724137931,-0.4367816091954023,-0.04597701149425287
0.0,0.0,0.0,-0.3181818181818182,-0.10795454545454546,-0.5909090909090909,-0.1590909090909091,-0.8181818181818182,-0.13636363636363635,-1.0,-0.48295454545454547,-0.5511363636363636,-0.3977272727272727,-0.5,-0.3125,-0.4375,-0.2784090909090909,-0.4034090909090909,-0.5738636363636364,-0.38636363636363635,-0.45454545454545453,-0.35795454545454547,-0.36363636363636365,-0.3181818181818182,-0.32386363636363635,-0.2840909090909091,-0.5965909090909091,-0.22727272727272727,-0.4943181818181818,-0.2215909090909091,-0.4147727272727273,-0.19886363636363635,-0.3693181818181818,-0.17045454545454544,-0.5852272727272727,-0.06818181818181818,-0.5170454545454546,-0.07954545454545454,-0.4318181818181818,-0.0625,-0.3806818181818182,-0.03977272727272727
0.0,0.0,0.011428571428571429,-0.30857142857142855,-0.09142857142857143,-0.5828571428571429,-0.13714285714285715,-0.8114285714285714,-0.13142857142857142,-1.0,-0.48,-0.5542857142857143,-0.3657142857142857,-0.5028571428571429,-0.28,-0.44,-0.25142857142857145,-0.4057142857142857,-0.56,-0.38857142857142857,-0.41714285714285715,-0.3657142857142857,-0.3314285714285714,-0.32571428571428573,-0.3028571428571429,-0.2857142857142857,-0.5714285714285714,-0.22857142857142856,-0.4514285714285714,-0.2342857142857143,-0.37714285714285717,-0.21714285714285714,-0.33714285714285713,-0.18857142857142858,-0.5485714285714286,-0.08,-0.44571428571428573,-0.11428571428571428,-0.35428571428571426,-0.10285714285714286,-0.30857142857142855,-0.07428571428571429
0.0,0.0,0.005681818181818182,-0.3181818181818182,-0.09659090909090909,-0.5909090909090909,-0.14204545454545456,-0.8181818181818182,-0.14204545454545456,-1.0,-0.4772727272727273,-0.5625,-0.38636363636363635,-0.5227272727272727,-0.2897727272727273,-0.4602272727272727,-0.24431818181818182,-0.42045454545454547,-0.5625,-0.4034090909090909,-0.4602272727272727,-0.3977272727272727,-0.36363636363636365,-0.3522727272727273,-0.32386363636363635,-0.30113636363636365,-0.5795454545454546,-0.24431818181818182,-0.4943181818181818,-0.26704545454545453,-0.4147727272727273,-0.23863636363636365,-0.3693181818181818,-0.19886363636363635,-0.5681818181818182,-0.09659090909090909,-0.48863636363636365,-0.14204545454545456,-0.4090909090909091,-0.125,-0.36363636363636365,-0.08522727272727272
0.0,0.0,-0.005681818181818182,-0.3068181818181818,-0.11931818181818182,-0.5795454545454546,-0.16477272727272727,-0.8181818181818182,-0.1590909090909091,-1.0,-0.5056818181818182,-0.5397727272727273,-0.4375,-0.5056818181818182,-0.3352272727272727,-0.44886363636363635,-0.2840909090909091,-0.4090909090909091,-0.5852272727272727,-0.3806818181818182,-0.5,-0.3806818181818182,-0.4090909090909091,-0.3352272727272727,-0.35795454545454547,-0.2897727272727273,-0.5965909090909091,-0.2159090909090909,-0.5227272727272727,-0.2556818181818182,-0.4431818181818182,-0.23295454545454544,-0.39204545454545453,-0.19318181818181818,-0.5738636363636364,-0.07386363636363637,-0.5113636363636364,-0.11931818181818182,-0.42045454545454547,-0.10795454545454546,-0.375,-0.07954545454545454
0.0,0.0,-0.04371584699453552,-0.3114754098360656,-0.17486338797814208,-0.5792349726775956,-0.23497267759562843,-0.8142076502732241,-0.22404371584699453,-1.0,-0.5355191256830601,-0.5191256830601093,-0.5027322404371585,-0.546448087431694,-0.3989071038251366,-0.4918032786885246,-0.33879781420765026,-0.4371584699453552,-0.6120218579234973,-0.3551912568306011,-0.5573770491803278,-0.40437158469945356,-0.4644808743169399,-0.366120218579235,-0.4098360655737705,-0.3114754098360656,-0.6284153005464481,-0.19672131147540983,-0.5683060109289617,-0.2677595628415301,-0.48633879781420764,-0.2459016393442623,-0.43169398907103823,-0.19672131147540983,-0.6120218579234973,-0.0546448087431694,-0.5519125683060109,-0.1366120218579235,-0.46994535519125685,-0.12568306010928962,-0.4207650273224044,-0.08196721311475409
0.0,0.0,-0.06896551724137931,-0.3103448275862069,-0.22988505747126436,-0.5747126436781609,-0.3160919540229885,-0.8103448275862069,-0.3103448275862069,-1.0,-0.4540229885057471,-0.43103448275862066,-0.6551724137931034,-0.5344827586206896,-0.5804597701149425,-0.5402298850574713,-0.4827586206896552,-0.5287356321839081,-0.5287356321839081,-0.25287356321839083,-0.6839080459770115,-0.39080459770114945,-0.5919540229885057,-0.39655172413793105,-0.4942528735632184,-0.3563218390804598,-0.5689655172413793,-0.09195402298850575,-0.6724137931034483,-0.2471264367816092,-0.5977011494252874,-0.2471264367816092,-0.5114942528735632,-0.20689655172413793,-0.5804597701149425,0.040229885057471264,-0.6494252873563219,-0.11494252873563218,-0.5804597701149425,-0.11494252873563218,-0.5172413793103449,-0.08620689655172414
0.0,0.0,-0.09770114942528736,-0.2988505747126437,-0.2988505747126437,-0.5574712643678161,-0.41379310344827586,-0.7988505747126436,-0.41379310344827586,-1.0,-0.4482758620689655,-0.41379310344827586,-0.7413793103448276,-0.47126436781609193,-0.6206896551724138,-0.45977011494252873,-0.4942528735632184,-0.4367816091954023,-0.4827586206896552,-0.20689655172413793,-0.7701149425287356,-0.2988505747126437,-0.6666666666666666,-0.3103448275862069,-0.5459770114942529,-0.28160919540229884,-0.5057471264367817,-0.028735632183908046,-0.7471264367816092,-0.14367816091954022,-0.6494252873563219,-0.15517241379310345,-0.5459770114942529,-0.12643678160919541,-0.5172413793103449,0.12643678160919541,-0.6896551724137931,-0.005747126436781609,-0.6091954022988506,-0.017241379310344827,-0.5229885057471264,0.011494252873563218
0.0,0.0,-0.12138728323699421,-0.28901734104046245,-0.34104046242774566,-0.5433526011560693,-0.44508670520231214,-0.7803468208092486,-0.45664739884393063,-1.0,-0.30057803468208094,-0.3468208092485549,-0.7283236994219653,-0.4046242774566474,-0.6242774566473989,-0.4277456647398844,-0.48554913294797686,-0.4161849710982659,-0.3179190751445087,-0.1329479768786127,-0.8034682080924855,-0.23699421965317918,-0.6878612716763006,-0.2832369942196532,-0.5375722543352601,-0.24855491329479767,-0.3468208092485549,0.03468208092485549,-0.7630057803468208,-0.08092485549132948,-0.653179190751445,-0.12716763005780346,-0.5260115606936416,-0.10404624277456648,-0.3872832369942196,0.16184971098265896,-0.6994219653179191,0.03468208092485549,-0.6184971098265896,-0.005780346820809248,-0.5144508670520231,0.023121387283236993
0.0,0.0,-0.12994350282485875,-0.2542372881355932,-0.2937853107344633,-0.5480225988700564,-0.3502824858757062,-0.7853107344632768,-0.3333333333333333,-1.0,-0.11864406779661017,-0.3728813559322034,-0.5819209039548022,-0.3785310734463277,-0.4745762711864407,-0.3615819209039548,-0.327683615819209,-0.3559322033898305,-0.1016949152542373,-0.12994350282485875,-0.632768361581921,-0.1807909604519774,-0.5028248587570622,-0.1864406779661017,-0.3389830508474576,-0.15819209039548024,-0.11864406779661017,0.06779661016949153,-0.6045197740112994,-0.005649717514124294,-0.4915254237288136,-0.01694915254237288,-0.3446327683615819,0.005649717514124294,-0.1751412429378531,0.23728813559322035,-0.5480225988700564,0.14689265536723164,-0.4519774011299435,0.12429378531073447,-0.3220338983050847,0.14689265536723164
0.0,0.0,-0.1657754010695187,-0.26737967914438504,-0.32620320855614976,-0.5721925133689839,-0.40106951871657753,-0.8074866310160428,-0.39037433155080214,-1.0,-0.1497326203208556,-0.4919786096256685,-0.5454545454545454,-0.5133689839572193,-0.47058823529411764,-0.43315508021390375,-0.3422459893048128,-0.42780748663101603,-0.12299465240641712,-0.2887700534759358,-0.5935828877005348,-0.3422459893048128,-0.5080213903743316,-0.2887700534759358,-0.3689839572192513,-0.26737967914438504,-0.13903743315508021,-0.10160427807486631,-0.5721925133689839,-0.1711229946524064,-0.49732620320855614,-0.13368983957219252,-0.3582887700534759,-0.12299465240641712,-0.18181818181818182,0.06417112299465241,-0.5347593582887701,-0.016042780748663103,-0.47058823529411764,-0.0106951871657754,-0.3422459893048128,0.0053475935828877
0.0,0.0,-0.17222222222222222,-0.2611111111111111,-0.3277777777777778,-0.5611111111111111,-0.39444444444444443,-0.8,-0.38333333333333336,-1.0,-0.12777777777777777,-0.46111111111111114,-0.5333333333333333,-0.4722222222222222,-0.45,-0.39444444444444443,-0.32222222222222224,-0.4,-0.1,-0.25,-0.5666666666666667,-0.3,-0.4722222222222222,-0.25,-0.3333333333333333,-0.2388888888888889,-0.1111111111111111,-0.06666666666666667,-0.5444444444444444,-0.13333333333333333,-0.46111111111111114,-0.09444444444444444,-0.32222222222222224,-0.07777777777777778,-0.15,0.08888888888888889,-0.5,0.022222222222222223,-0.42777777777777776,0.03333333333333333,-0.3,0.044444444444444446
0.0,0.0,-0.18032786885245902,-0.26229508196721313,-0.3333333333333333,-0.5683060109289617,-0.3879781420765027,-0.8032786885245902,-0.3825136612021858,-1.0,-0.1092896174863388,-0.46994535519125685,-0.5136612021857924,-0.48633879781420764,-0.4371584699453552,-0.4098360655737705,-0.30601092896174864,-0.4098360655737705,-0.07650273224043716,-0.26229508196721313,-0.5409836065573771,-0.31693989071038253,-0.4644808743169399,-0.26229508196721313,-0.3224043715846995,-0.25136612021857924,-0.08743169398907104,-0.08196721311475409,-0.5191256830601093,-0.15300546448087432,-0.44808743169398907,-0.1092896174863388,-0.30601092896174864,-0.09836065573770492,-0.1366120218579235,0.07103825136612021,-0.46994535519125685,0.0,-0.4098360655737705,0.00546448087431694,-0.28415300546448086,0.01639344262295082
0.0,0.0,-0.1774193548387097,-0.3064516129032258,-0.2903225806451613,-0.5860215053763441,-0.34946236559139787,-0.8010752688172043,-0.3655913978494624,-1.0,-0.06989247311827956,-0.5161290322580645,-0.45161290322580644,-0.5,-0.43010752688172044,-0.41935483870967744,-0.3118279569892473,-0.41397849462365593,-0.03763440860215054,-0.3064516129032258,-0.4731182795698925,-0.3279569892473118,-0.41935483870967744,-0.27419354838709675,-0.2903225806451613,-0.26881720430107525,-0.04838709677419355,-0.12365591397849462,-0.46236559139784944,-0.16129032258064516,-0.40860215053763443,-0.12903225806451613,-0.27956989247311825,-0.12365591397849462,-0.08602150537634409,0.03225806451612903,-0.41935483870967744,-0.010752688172043012,-0.3655913978494624,-0.005376344086021506,-0.24193548387096775,0.0
0.0,0.0,-0.17679558011049723,-0.287292817679558,-0.287292817679558,-0.580110497237569,-0.3149171270718232,-0.8066298342541437,-0.3149171270718232,-1.0,-0.03314917127071823,-0.4419889502762431,-0.430939226519337,-0.425414364640884,-0.40331491712707185,-0.3701657458563536,-0.2983425414364641,-0.36464088397790057,0.0055248618784530384,-0.2265193370165746,-0.4419889502762431,-0.24861878453038674,-0.3867403314917127,-0.2265193370165746,-0.2541436464088398,-0.22099447513812154,0.0,-0.04419889502762431,-0.4143646408839779,-0.08287292817679558,-0.36464088397790057,-0.07734806629834254,-0.23204419889502761,-0.07734806629834254,-0.03314917127071823,0.10497237569060773,-0.36464088397790057,0.055248618784530384,-0.30939226519337015,0.04419889502762431,-0.18232044198895028,0.04419889502762431
0.0,0.0,0.02631578947368421,-0.28289473684210525,0.09210526315789473,-0.5789473684210527,0.14473684210526316,-0.8355263157894737,0.125,-1.0,0.4144736842105263,-0.5526315789473685,0.5789473684210527,-0.5526315789473685,0.3815789473684211,-0.4868421052631579,0.2894736842105263,-0.48026315789473684,0.506578947368421,-0.39473684210526316,0.6513157894736842,-0.40131578947368424,0.3881578947368421,-0.34868421052631576,0.3355263157894737,-0.3881578947368421,0.5526315789473685,-0.23684210526315788,0.6842105263157895,-0.21710526315789475,0.4342105263157895,-0.20394736842105263,0.34868421052631576,-0.23684210526315788,0.5592105263157895,-0.09210526315789473,0.6644736842105263,-0.07894736842105263,0.48026315789473684,-0.07894736842105263,0.39473684210526316,-0.11842105263157894
0.0,0.0,0.006666666666666667,-0.2733333333333333,0.08666666666666667,-0.58,0.15333333333333332,-0.8266666666666667,0.14,-1.0,0.41333333333333333,-0.56,0.5733333333333334,-0.56,0.37333333333333335,-0.4866666666666667,0.2866666666666667,-0.48,0.5,-0.3933333333333333,0.6533333333333333,-0.4,0.38666666666666666,-0.3466666666666667,0.3466666666666667,-0.38,0.5466666666666666,-0.23333333333333334,0.68,-0.22,0.43333333333333335,-0.2,0.37333333333333335,-0.23333333333333334,0.56,-0.08,0.6666666666666666,-0.07333333333333333,0.4866666666666667,-0.08,0.41333333333333333,-0.10666666666666667
0.0,0.0,0.012903225806451613,-0.27741935483870966,0.09032258064516129,-0.5806451612903226,0.14838709677419354,-0.832258064516129,0.11612903225806452,-1.0,0.4064516129032258,-0.5612903225806452,0.5612903225806452,-0.5548387096774193,0.36129032258064514,-0.4838709677419355,0.2838709677419355,-0.4774193548387097,0.4838709677419355,-0.4064516129032258,0.632258064516129,-0.4064516129032258,0.3741935483870968,-0.3548387096774194,0.3419354838709677,-0.38064516129032255,0.5290322580645161,-0.24516129032258063,0.6645161290322581,-0.23870967741935484,0.4258064516129032,-0.2129032258064516,0.36774193548387096,-0.23870967741935484,0.5419354838709678,-0.1032258064516129,0.6451612903225806,-0.0967741935483871,0.4645161290322581,-0.0967741935483871,0.4064516129032258,-0.11612903225806452
0.0,0.0,0.01948051948051948,-0.2792207792207792,0.11688311688311688,-0.577922077922078,0.17532467532467533,-0.8246753246753247,0.15584415584415584,-1.0,0.42207792207792205,-0.538961038961039,0.564935064935065,-0.525974025974026,0.37012987012987014,-0.461038961038961,0.3116883116883117,-0.4805194805194805,0.5,-0.37012987012987014,0.6298701298701299,-0.36363636363636365,0.36363636363636365,-0.3181818181818182,0.35714285714285715,-0.36363636363636365,0.538961038961039,-0.2077922077922078,0.6493506493506493,-0.18181818181818182,0.4090909090909091,-0.17532467532467533,0.37662337662337664,-0.21428571428571427,0.5454545454545454,-0.05844155844155844,0.6428571428571429,-0.03896103896103896,0.4675324675324675,-0.05194805194805195,0.4090909090909091,-0.09090909090909091
0.0,0.0,-0.01818181818181818,-0.2545454545454545,0.07878787878787878,-0.5575757575757576,0.13333333333333333,-0.806060606060606,0.10909090909090909,-1.0,0.3878787878787879,-0.5696969696969697,0.4727272727272727,-0.49696969696969695,0.2909090909090909,-0.42424242424242425,0.2787878787878788,-0.48484848484848486,0.49696969696969695,-0.4121212121212121,0.5454545454545454,-0.3515151515151515,0.296969696969697,-0.2909090909090909,0.3151515151515151,-0.3575757575757576,0.5515151515151515,-0.24848484848484848,0.5818181818181818,-0.19393939393939394,0.3575757575757576,-0.16363636363636364,0.3575757575757576,-0.22424242424242424,0.5757575757575758,-0.10303030303030303,0.5878787878787879,-0.06060606060606061,0.41818181818181815,-0.06060606060606061,0.3878787878787879,-0.10303030303030303
0.0,0.0,-0.024390243902439025,-0.25609756097560976,0.054878048780487805,-0.5609756097560976,0.10975609756097561,-0.8109756097560976,0.08536585365853659,-1.0,0.36585365853658536,-0.5609756097560976,0.43902439024390244,-0.4878048780487805,0.2682926829268293,-0.4268292682926829,0.25609756097560976,-0.4817073170731707,0.4878048780487805,-0.4146341463414634,0.5182926829268293,-0.3353658536585366,0.27439024390243905,-0.2804878048780488,0.2865853658536585,-0.35365853658536583,0.5487804878048781,-0.25,0.5609756097560976,-0.17682926829268292,0.34146341463414637,-0.1524390243902439,0.3353658536585366,-0.22560975609756098,0.573170731707317,-0.10365853658536585,0.573170731707317,-0.04878048780487805,0.40853658536585363,-0.04878048780487805,0.3902439024390244,-0.10365853658536585
0.0,0.0,-0.05952380952380952,-0.24404761904761904,0.011904761904761904,-0.5476190476190477,0.05357142857142857,-0.7976190476190477,0.047619047619047616,-1.0,0.3869047619047619,-0.5595238095238095,0.35714285714285715,-0.47023809523809523,0.19047619047619047,-0.39285714285714285,0.19047619047619047,-0.43452380952380953,0.5238095238095238,-0.4226190476190476,0.4107142857142857,-0.2916666666666667,0.20833333333333334,-0.24404761904761904,0.23214285714285715,-0.31547619047619047,0.5773809523809523,-0.25,0.4523809523809524,-0.11904761904761904,0.2619047619047619,-0.10714285714285714,0.27976190476190477,-0.17857142857142858,0.5892857142857143,-0.08928571428571429,0.49404761904761907,0.011904761904761904,0.34523809523809523,0.017857142857142856,0.3392857142857143,-0.041666666666666664
0.0,0.0,-0.06395348837209303,-0.2441860465116279,0.011627906976744186,-0.5465116279069767,0.06395348837209303,-0.7848837209302325,0.05813953488372093,-1.0,0.436046511627907,-0.563953488372093,0.313953488372093,-0.4418604651162791,0.1686046511627907,-0.38372093023255816,0.18023255813953487,-0.43023255813953487,0.563953488372093,-0.4127906976744186,0.36627906976744184,-0.25,0.18023255813953487,-0.22674418604651161,0.21511627906976744,-0.29069767441860467,0.6104651162790697,-0.23255813953488372,0.4011627906976744,-0.09302325581395349,0.23255813953488372,-0.09302325581395349,0.2616279069767442,-0.16279069767441862,0.6104651162790697,-0.05813953488372093,0.46511627906976744,0.040697674418604654,0.3372093023255814,0.03488372093023256,0.3430232558139535,-0.01744186046511628
0.0,0.0,-0.07017543859649122,-0.24561403508771928,0.0,-0.543859649122807,0.04093567251461988,-0.783625730994152,0.03508771929824561,-1.0,0.42105263157894735,-0.543859649122807,0.26900584795321636,-0.4152046783625731,0.12280701754385964,-0.36257309941520466,0.14035087719298245,-0.39766081871345027,0.5497076023391813,-0.38011695906432746,0.30994152046783624,-0.22807017543859648,0.14035087719298245,-0.2222222222222222,0.16374269005847952,-0.26900584795321636,0.5906432748538012,-0.1871345029239766,0.3508771929824561,-0.07017543859649122,0.19883040935672514,-0.07602339181286549,0.22807017543859648,-0.1286549707602339,0.5906432748538012,-0.017543859649122806,0.42105263157894735,0.07602339181286549,0.2982456140350877,0.06432748538011696,0.30409356725146197,0.017543859649122806
0.0,0.0,-0.08433734939759036,-0.2469879518072289,-0.030120481927710843,-0.5481927710843374,0.006024096385542169,-0.7831325301204819,0.012048192771084338,-1.0,0.4036144578313253,-0.5180722891566265,0.21084337349397592,-0.39156626506024095,0.0783132530120482,-0.3493975903614458,0.0963855421686747,-0.3795180722891566,0.5240963855421686,-0.3433734939759036,0.2469879518072289,-0.19879518072289157,0.0963855421686747,-0.19879518072289157,0.12048192771084337,-0.2469879518072289,0.5662650602409639,-0.15060240963855423,0.30120481927710846,-0.04216867469879518,0.16265060240963855,-0.05421686746987952,0.1927710843373494,-0.10240963855421686,0.5602409638554217,0.030120481927710843,0.3795180722891566,0.10843373493975904,0.2710843373493976,0.10240963855421686,0.28313253012048195,0.060240963855421686
0.0,0.0,-0.09202453987730061,-0.24539877300613497,-0.049079754601226995,-0.5521472392638037,-0.024539877300613498,-0.7852760736196319,-0.018404907975460124,-1.0,0.36809815950920244,-0.5214723926380368,0.1165644171779141,-0.4049079754601227,0.006134969325153374,-0.3496932515337423,0.05521472392638037,-0.37423312883435583,0.49693251533742333,-0.34355828220858897,0.17177914110429449,-0.2085889570552147,0.06134969325153374,-0.2085889570552147,0.10429447852760736,-0.25766871165644173,0.5398773006134969,-0.147239263803681,0.22699386503067484,-0.05521472392638037,0.12269938650306748,-0.05521472392638037,0.17177914110429449,-0.09202453987730061,0.5398773006134969,0.024539877300613498,0.31901840490797545,0.09202453987730061,0.22699386503067484,0.09202453987730061,0.24539877300613497,0.06134969325153374
0.0,0.0,-0.09876543209876543,-0.24074074074074073,-0.06172839506172839,-0.5432098765432098,-0.037037037037037035,-0.7777777777777778,-0.037037037037037035,-1.0,0.35802469135802467,-0.5308641975308642,0.11728395061728394,-0.41358024691358025,0.0,-0.35185185185185186,0.043209876543209874,-0.3765432098765432,0.4876543209876543,-0.35802469135802467,0.16666666666666666,-0.22839506172839505,0.043209876543209874,-0.2222222222222222,0.08641975308641975,-0.2716049382716049,0.5370370370370371,-0.16049382716049382,0.2345679012345679,-0.08024691358024691,0.11728395061728394,-0.06790123456790123,0.15432098765432098,-0.09876543209876543,0.5370370370370371,0.012345679012345678,0.3271604938271605,0.07407407407407407,0.22839506172839505,0.08024691358024691,0.2345679012345679,0.04938271604938271
0.0,0.0,0.0,-0.29411764705882354,0.0457516339869281,-0.5882352941176471,0.08496732026143791,-0.8431372549019608,0.058823529411764705,-1.0,0.37254901960784315,-0.5882352941176471,0.5359477124183006,-0.6274509803921569,0.33986928104575165,-0.5294117647058824,0.24183006535947713,-0.5032679738562091,0.46405228758169936,-0.4444444444444444,0.6078431372549019,-0.477124183006536,0.35947712418300654,-0.39869281045751637,0.29411764705882354,-0.4117647058823529,0.5228758169934641,-0.29411764705882354,0.6666666666666666,-0.30718954248366015,0.43790849673202614,-0.2679738562091503,0.33986928104575165,-0.27450980392156865,0.5359477124183006,-0.1437908496732026,0.6666666666666666,-0.1568627450980392,0.49019607843137253,-0.1568627450980392,0.39215686274509803,-0.17647058823529413
0.0,0.0,0.032467532467532464,-0.2922077922077922,0.07142857142857142,-0.577922077922078,0.12337662337662338,-0.8376623376623377,0.09090909090909091,-1.0,0.4025974025974026,-0.551948051948052,0.5714285714285714,-0.5714285714285714,0.37012987012987014,-0.4935064935064935,0.2662337662337662,-0.4675324675324675,0.487012987012987,-0.3961038961038961,0.6428571428571429,-0.42207792207792205,0.38961038961038963,-0.35714285714285715,0.3051948051948052,-0.36363636363636365,0.5324675324675324,-0.24025974025974026,0.6883116883116883,-0.2532467532467532,0.45454545454545453,-0.22077922077922077,0.33766233766233766,-0.22727272727272727,0.5324675324675324,-0.1038961038961039,0.6688311688311688,-0.1038961038961039,0.5,-0.11038961038961038,0.3961038961038961,-0.13636363636363635
0.0,0.0,0.05194805194805195,-0.3051948051948052,0.1038961038961039,-0.577922077922078,0.17532467532467533,-0.8311688311688312,0.15584415584415584,-1.0,0.42857142857142855,-0.538961038961039,0.5974025974025974,-0.5584415584415584,0.4090909090909091,-0.4805194805194805,0.2922077922077922,-0.44155844155844154,0.512987012987013,-0.38311688311688313,0.6818181818181818,-0.4090909090909091,0.42207792207792205,-0.34415584415584416,0.3181818181818182,-0.33116883116883117,0.5454545454545454,-0.22077922077922077,0.7012987012987013,-0.23376623376623376,0.474025974025974,-0.2012987012987013,0.35064935064935066,-0.2012987012987013,0.5324675324675324,-0.07792207792207792,0.6753246753246753,-0.08441558441558442,0.5,-0.09740259740259741,0.4025974025974026,-0.12337662337662338
0.0,0.0,0.046357615894039736,-0.31125827814569534,0.09933774834437085,-0.5761589403973509,0.16556291390728478,-0.8278145695364238,0.1456953642384106,-1.0,0.41721854304635764,-0.5364238410596026,0.5960264900662252,-0.5629139072847682,0.3973509933774834,-0.4768211920529801,0.2847682119205298,-0.4370860927152318,0.5033112582781457,-0.3841059602649007,0.6821192052980133,-0.4105960264900662,0.423841059602649,-0.33774834437086093,0.31788079470198677,-0.33112582781456956,0.5364238410596026,-0.2251655629139073,0.7019867549668874,-0.23178807947019867,0.46357615894039733,-0.19205298013245034,0.3509933774834437,-0.19205298013245034,0.5231788079470199,-0.0728476821192053,0.6556291390728477,-0.0728476821192053,0.4900662251655629,-0.07947019867549669,0.3973509933774834,-0.10596026490066225
0.0,0.0,0.03289473684210526,-0.3026315789473684,0.09210526315789473,-0.5789473684210527,0.15789473684210525,-0.8289473684210527,0.13815789473684212,-1.0,0.4144736842105263,-0.5460526315789473,0.5789473684210527,-0.5592105263157895,0.3881578947368421,-0.47368421052631576,0.28289473684210525,-0.4473684210526316,0.4934210526315789,-0.39473684210526316,0.6710526315789473,-0.4144736842105263,0.4144736842105263,-0.34868421052631576,0.3157894736842105,-0.34868421052631576,0.5328947368421053,-0.23684210526315788,0.6973684210526315,-0.23684210526315788,0.4605263157894737,-0.20394736842105263,0.34210526315789475,-0.21052631578947367,0.5263157894736842,-0.08552631578947369,0.6513157894736842,-0.09210526315789473,0.48026315789473684,-0.09210526315789473,0.3881578947368421,-0.11842105263157894
0.0,0.0,-0.039735099337748346,-0.2913907284768212,-0.039735099337748346,-0.5894039735099338,-0.059602649006622516,-0.8410596026490066,-0.13245033112582782,-1.0,0.2781456953642384,-0.6026490066225165,0.4304635761589404,-0.6688741721854304,0.2582781456953642,-0.5562913907284768,0.16556291390728478,-0.5033112582781457,0.3841059602649007,-0.47019867549668876,0.5298013245033113,-0.5298013245033113,0.2980132450331126,-0.4304635761589404,0.2251655629139073,-0.4105960264900662,0.46357615894039733,-0.33112582781456956,0.609271523178808,-0.3841059602649007,0.39072847682119205,-0.304635761589404,0.2913907284768212,-0.2781456953642384,0.5033112582781457,-0.19205298013245034,0.6225165562913907,-0.23178807947019867,0.45695364238410596,-0.2052980132450331,0.3576158940397351,-0.19205298013245034
0.0,0.0,-0.01948051948051948,-0.2987012987012987,-0.045454545454545456,-0.5844155844155844,-0.05844155844155844,-0.8506493506493507,-0.11688311688311688,-1.0,0.2857142857142857,-0.6168831168831169,0.43506493506493504,-0.6818181818181818,0.2597402597402597,-0.5714285714285714,0.16883116883116883,-0.5194805194805194,0.38961038961038963,-0.487012987012987,0.5324675324675324,-0.5454545454545454,0.3051948051948052,-0.44155844155844154,0.22077922077922077,-0.4155844155844156,0.461038961038961,-0.34415584415584416,0.5974025974025974,-0.38961038961038963,0.38311688311688313,-0.3181818181818182,0.2727272727272727,-0.2922077922077922,0.487012987012987,-0.2077922077922078,0.6038961038961039,-0.24025974025974026,0.44155844155844154,-0.22077922077922077,0.34415584415584416,-0.22727272727272727
0.0,0.0,0.05844155844155844,-0.2857142857142857,0.16233766233766234,-0.5714285714285714,0.2532467532467532,-0.8181818181818182,0.22077922077922077,-1.0,0.4935064935064935,-0.4935064935064935,0.6948051948051948,-0.461038961038961,0.4675324675324675,-0.42207792207792205,0.35714285714285715,-0.42857142857142855,0.5454545454545454,-0.3181818181818182,0.7272727272727273,-0.2857142857142857,0.45454545454545453,-0.2727272727272727,0.38961038961038963,-0.3181818181818182,0.5584415584415584,-0.16233766233766234,0.7142857142857143,-0.11688311688311688,0.474025974025974,-0.13636363636363635,0.37662337662337664,-0.18181818181818182,0.5454545454545454,-0.025974025974025976,0.6753246753246753,0.006493506493506494,0.5,-0.01948051948051948,0.4155844155844156,-0.06493506493506493
0.0,0.0,0.05625,-0.28125,0.18125,-0.56875,0.2625,-0.825,0.2125,-1.0,0.475,-0.5,0.6875,-0.46875,0.45625,-0.41875,0.35625,-0.43125,0.53125,-0.3375,0.7125,-0.3,0.45,-0.28125,0.39375,-0.3375,0.55,-0.18125,0.70625,-0.1375,0.4625,-0.14375,0.375,-0.19375,0.54375,-0.05,0.6625,-0.0125,0.4875,-0.03125,0.40625,-0.08125
0.0,0.0,-0.1005586592178771,-0.2905027932960894,-0.12290502793296089,-0.5921787709497207,-0.11173184357541899,-0.8100558659217877,-0.0893854748603352,-1.0,0.18994413407821228,-0.5195530726256983,-0.19553072625698323,-0.5363128491620112,-0.2122905027932961,-0.46368715083798884,-0.10614525139664804,-0.4581005586592179,0.24581005586592178,-0.35195530726256985,-0.22905027932960895,-0.35195530726256985,-0.19553072625698323,-0.31843575418994413,-0.0782122905027933,-0.3240223463687151,0.24022346368715083,-0.17318435754189945,-0.20670391061452514,-0.18435754189944134,-0.15083798882681565,-0.17318435754189945,-0.0335195530726257,-0.17318435754189945,0.2011173184357542,-0.00558659217877095,-0.1452513966480447,-0.0446927374301676,-0.10614525139664804,-0.05027932960893855,0.00558659217877095,-0.05027932960893855
0.0,0.0,-0.11049723756906077,-0.292817679558011,-0.1270718232044199,-0.5966850828729282,-0.11602209944751381,-0.8121546961325967,-0.11049723756906077,-1.0,0.20994475138121546,-0.5580110497237569,-0.16022099447513813,-0.5469613259668509,-0.1878453038674033,-0.4530386740331492,-0.09392265193370165,-0.430939226519337,0.27624309392265195,-0.39779005524861877,-0.16022099447513813,-0.3756906077348066,-0.143646408839779,-0.3259668508287293,-0.03867403314917127,-0.32044198895027626,0.281767955801105,-0.2265193370165746,-0.1270718232044199,-0.2154696132596685,-0.09944751381215469,-0.19337016574585636,0.0,-0.18232044198895028,0.2541436464088398,-0.06077348066298342,-0.055248618784530384,-0.0718232044198895,-0.03314917127071823,-0.0718232044198895,0.06629834254143646,-0.0718232044198895
0.0,0.0,-0.12716763005780346,-0.28901734104046245,-0.1329479768786127,-0.6011560693641619,-0.1329479768786127,-0.8208092485549133,-0.15606936416184972,-1.0,0.24855491329479767,-0.6184971098265896,-0.06936416184971098,-0.5664739884393064,-0.11560693641618497,-0.45664739884393063,-0.028901734104046242,-0.4393063583815029,0.35260115606936415,-0.4682080924855491,-0.04046242774566474,-0.3872832369942196,-0.06358381502890173,-0.32947976878612717,0.03468208092485549,-0.3352601156069364,0.3872832369942196,-0.28901734104046245,0.017341040462427744,-0.23121387283236994,-0.005780346820809248,-0.1907514450867052,0.08670520231213873,-0.19653179190751446,0.3815028901734104,-0.11560693641618497,0.08670520231213873,-0.08670520231213873,0.07514450867052024,-0.06358381502890173,0.16184971098265896,-0.07514450867052024
0.0,0.0,-0.13372093023255813,-0.28488372093023256,-0.13953488372093023,-0.5930232558139535,-0.14534883720930233,-0.813953488372093,-0.16279069767441862,-1.0,0.23837209302325582,-0.6162790697674418,-0.09302325581395349,-0.563953488372093,-0.13953488372093023,-0.4418604651162791,-0.046511627906976744,-0.4127906976744186,0.3430232558139535,-0.46511627906976744,-0.06395348837209303,-0.38953488372093026,-0.08139534883720931,-0.31976744186046513,0.023255813953488372,-0.31976744186046513,0.37209302325581395,-0.28488372093023256,0.0,-0.22674418604651161,-0.011627906976744186,-0.18604651162790697,0.0872093023255814,-0.19186046511627908,0.36627906976744184,-0.11627906976744186,0.06976744186046512,-0.0872093023255814,0.06395348837209303,-0.06976744186046512,0.1569767441860465,-0.0755813953488372
0.0,0.0,-0.1134020618556701,-0.30927835051546393,-0.14432989690721648,-0.5927835051546392,-0.13402061855670103,-0.8144329896907216,-0.0979381443298969,-1.0,0.09278350515463918,-0.520618556701031,-0.28350515463917525,-0.520618556701031,-0.27319587628865977,-0.44329896907216493,-0.15979381443298968,-0.4381443298969072,0.10824742268041238,-0.33505154639175255,-0.3247422680412371,-0.36597938144329895,-0.27835051546391754,-0.32989690721649484,-0.15979381443298968,-0.32989690721649484,0.07731958762886598,-0.17525773195876287,-0.3247422680412371,-0.23711340206185566,-0.26804123711340205,-0.20618556701030927,-0.14948453608247422,-0.19072164948453607,0.02577319587628866,-0.041237113402061855,-0.27835051546391754,-0.10309278350515463,-0.2268041237113402,-0.0979381443298969,-0.10824742268041238,-0.08762886597938144
0.0,0.0,-0.10714285714285714,-0.3163265306122449,-0.15816326530612246,-0.6173469387755102,-0.1683673469387755,-0.826530612244898,-0.14795918367346939,-1.0,0.0,-0.4744897959183674,-0.32142857142857145,-0.5255102040816326,-0.29591836734693877,-0.47959183673469385,-0.20408163265306123,-0.4744897959183674,0.015306122448979591,-0.29591836734693877,-0.37244897959183676,-0.3673469387755102,-0.3010204081632653,-0.3520408163265306,-0.17346938775510204,-0.34183673469387754,0.0,-0.14795918367346939,-0.35714285714285715,-0.23979591836734693,-0.29081632653061223,-0.22959183673469388,-0.15816326530612246,-0.2193877551020408,-0.03571428571428571,-0.025510204081632654,-0.30612244897959184,-0.09693877551020408,-0.25,-0.10204081632653061,-0.12244897959183673,-0.10204081632653061
0.0,0.0,-0.1276595744680851,-0.2872340425531915,-0.24468085106382978,-0.6117021276595744,-0.2553191489361702,-0.8351063829787234,-0.19148936170212766,-1.0,-0.07446808510638298,-0.4148936170212766,-0.44148936170212766,-0.46808510638297873,-0.3829787234042553,-0.44148936170212766,-0.2872340425531915,-0.44680851063829785,-0.05851063829787234,-0.23404255319148937,-0.5,-0.3191489361702128,-0.4148936170212766,-0.31382978723404253,-0.2925531914893617,-0.30851063829787234,-0.0797872340425532,-0.09042553191489362,-0.4787234042553192,-0.19148936170212766,-0.4095744680851064,-0.18617021276595744,-0.2978723404255319,-0.17553191489361702,-0.12234042553191489,0.02127659574468085,-0.43617021276595747,-0.06914893617021277,-0.3723404255319149,-0.06382978723404255,-0.2553191489361702,-0.0425531914893617
0.0,0.0,-0.08433734939759036,-0.2710843373493976,-0.26506024096385544,-0.5662650602409639,-0.3192771084337349,-0.7951807228915663,-0.2710843373493976,-1.0,-0.2289156626506024,-0.42771084337349397,-0.6506024096385542,-0.46987951807228917,-0.5421686746987951,-0.4578313253012048,-0.39759036144578314,-0.4457831325301205,-0.2469879518072289,-0.21686746987951808,-0.6987951807228916,-0.29518072289156627,-0.5602409638554217,-0.30120481927710846,-0.4036144578313253,-0.26506024096385544,-0.2710843373493976,-0.03614457831325301,-0.6746987951807228,-0.13253012048192772,-0.5481927710843374,-0.14457831325301204,-0.40963855421686746,-0.12048192771084337,-0.3072289156626506,0.1144578313253012,-0.6144578313253012,0.0,-0.5240963855421686,-0.018072289156626505,-0.4036144578313253,0.018072289156626505
0.0,0.0,-0.08982035928143713,-0.281437125748503,-0.2934131736526946,-0.562874251497006,-0.3712574850299401,-0.7964071856287425,-0.3473053892215569,-1.0,-0.2994011976047904,-0.4550898203592814,-0.7005988023952096,-0.47904191616766467,-0.5988023952095808,-0.4491017964071856,-0.46107784431137727,-0.4311377245508982,-0.31736526946107785,-0.23353293413173654,-0.7485029940119761,-0.30538922155688625,-0.6167664670658682,-0.30538922155688625,-0.47305389221556887,-0.2754491017964072,-0.3473053892215569,-0.05389221556886228,-0.7305389221556886,-0.1437125748502994,-0.6107784431137725,-0.15568862275449102,-0.47305389221556887,-0.1317365269461078,-0.38323353293413176,0.08982035928143713,-0.688622754491018,-0.017964071856287425,-0.592814371257485,-0.029940119760479042,-0.47305389221556887,0.005988023952095809
0.0,0.0,-0.06626506024096386,-0.29518072289156627,-0.25301204819277107,-0.5662650602409639,-0.3373493975903614,-0.8012048192771084,-0.29518072289156627,-1.0,-0.3795180722891566,-0.4457831325301205,-0.7048192771084337,-0.5120481927710844,-0.6024096385542169,-0.4879518072289157,-0.4759036144578313,-0.463855421686747,-0.42771084337349397,-0.24096385542168675,-0.7409638554216867,-0.3493975903614458,-0.6325301204819277,-0.3433734939759036,-0.5120481927710844,-0.3132530120481928,-0.4578313253012048,-0.060240963855421686,-0.7349397590361446,-0.1927710843373494,-0.6325301204819277,-0.19879518072289157,-0.5240963855421686,-0.1686746987951807,-0.4819277108433735,0.0783132530120482,-0.7048192771084337,-0.05421686746987952,-0.6144578313253012,-0.06626506024096386,-0.5240963855421686,-0.030120481927710843
0.0,0.0,-0.0658682634730539,-0.30538922155688625,-0.23353293413173654,-0.562874251497006,-0.32934131736526945,-0.8023952095808383,-0.2934131736526946,-1.0,-0.437125748502994,-0.46107784431137727,-0.688622754491018,-0.5209580838323353,-0.5868263473053892,-0.49101796407185627,-0.47305389221556887,-0.46706586826347307,-0.49700598802395207,-0.2634730538922156,-0.7305389221556886,-0.3652694610778443,-0.6287425149700598,-0.3532934131736527,-0.5209580838323353,-0.32335329341317365,-0.5329341317365269,-0.08383233532934131,-0.718562874251497,-0.20958083832335328,-0.6287425149700598,-0.20958083832335328,-0.5329341317365269,-0.17365269461077845,-0.5449101796407185,0.059880239520958084,-0.6826347305389222,-0.07784431137724551,-0.5988023952095808,-0.07784431137724551,-0.5209580838323353,-0.03592814371257485
0.0,0.0,-0.04,-0.32,-0.12,-0.58,-0.135,-0.82,-0.075,-1.0,-0.38,-0.47,-0.555,-0.595,-0.455,-0.555,-0.355,-0.495,-0.48,-0.3,-0.635,-0.465,-0.545,-0.445,-0.455,-0.39,-0.535,-0.145,-0.665,-0.33,-0.58,-0.315,-0.5,-0.25,-0.565,-0.02,-0.655,-0.2,-0.58,-0.19,-0.52,-0.14
0.0,0.0,-0.010309278350515464,-0.31443298969072164,-0.061855670103092786,-0.5824742268041238,-0.05670103092783505,-0.8247422680412371,0.02577319587628866,-1.0,-0.3556701030927835,-0.5154639175257731,-0.4896907216494845,-0.6649484536082474,-0.3917525773195876,-0.6030927835051546,-0.30412371134020616,-0.5309278350515464,-0.4793814432989691,-0.36082474226804123,-0.5824742268041238,-0.5463917525773195,-0.4948453608247423,-0.5103092783505154,-0.4175257731958763,-0.4381443298969072,-0.5567010309278351,-0.21649484536082475,-0.6237113402061856,-0.41237113402061853,-0.5412371134020618,-0.38144329896907214,-0.4742268041237113,-0.30412371134020616,-0.6030927835051546,-0.0979381443298969,-0.6443298969072165,-0.26804123711340205,-0.5721649484536082,-0.25257731958762886,-0.5154639175257731,-0.20103092783505155
0.0,0.0,-0.20625,-0.3375,-0.48125,-0.575,-0.68125,-0.80625,-0.7875,-1.0,-0.6625,-0.3,-0.975,-0.3125,-0.85,-0.34375,-0.7,-0.35,-0.65625,-0.05,-0.975,-0.1125,-0.86875,-0.16875,-0.73125,-0.1625,-0.625,0.15,-0.9,0.05,-0.8125,0.00625,-0.69375,0.0125,-0.58125,0.3125,-0.81875,0.1875,-0.7375,0.1375,-0.64375,0.15
0.0,0.0,-0.2392638036809816,-0.2883435582822086,-0.5398773006134969,-0.4723926380368098,-0.7730061349693251,-0.6687116564417178,-0.8650306748466258,-0.8773006134969326,-0.6932515337423313,-0.2147239263803681,-1.0,-0.17791411042944785,-0.8834355828220859,-0.20245398773006135,-0.754601226993865,-0.22085889570552147,-0.656441717791411,0.018404907975460124,-0.9631901840490797,0.006134969325153374,-0.8711656441717791,-0.03680981595092025,-0.7423312883435583,-0.05521472392638037,-0.6012269938650306,0.22085889570552147,-0.8650306748466258,0.15337423312883436,-0.7852760736196319,0.11042944785276074,-0.6687116564417178,0.11042944785276074,-0.5460122699386503,0.3803680981595092,-0.7730061349693251,0.2822085889570552,-0.7055214723926381,0.2392638036809816,-0.6134969325153374,0.2331288343558282
0.0,0.0,-0.21153846153846154,-0.3076923076923077,-0.5128205128205128,-0.5256410256410257,-0.7243589743589743,-0.7371794871794872,-0.8012820512820513,-0.9487179487179487,-0.6730769230769231,-0.2692307692307692,-1.0,-0.24358974358974358,-0.8782051282051282,-0.28205128205128205,-0.7435897435897436,-0.30128205128205127,-0.6474358974358975,-0.03205128205128205,-0.9807692307692307,-0.057692307692307696,-0.8782051282051282,-0.10897435897435898,-0.7371794871794872,-0.12179487179487179,-0.6089743589743589,0.16666666666666666,-0.8910256410256411,0.08333333333333333,-0.8012820512820513,0.038461538461538464,-0.6858974358974359,0.038461538461538464,-0.5641025641025641,0.3269230769230769,-0.8012820512820513,0.21153846153846154,-0.7307692307692307,0.16666666666666666,-0.6346153846153846,0.16666666666666666
0.0,0.0,-0.14772727272727273,-0.3125,-0.36363636363636365,-0.5568181818181818,-0.4943181818181818,-0.7897727272727273,-0.5113636363636364,-1.0,-0.5,-0.3409090909090909,-0.8125,-0.4147727272727273,-0.6988636363636364,-0.4147727272727273,-0.5681818181818182,-0.39204545454545453,-0.5227272727272727,-0.125,-0.8238636363636364,-0.23295454545454544,-0.7215909090909091,-0.2556818181818182,-0.5965909090909091,-0.23295454545454544,-0.5284090909090909,0.056818181818181816,-0.7897727272727273,-0.08522727272727272,-0.6931818181818182,-0.10795454545454546,-0.5852272727272727,-0.07954545454545454,-0.5284090909090909,0.19886363636363635,-0.7272727272727273,0.05113636363636364,-0.6477272727272727,0.028409090909090908,-0.5568181818181818,0.05113636363636364
0.0,0.0,-0.0913978494623656,-0.3118279569892473,-0.24731182795698925,-0.5698924731182796,-0.3333333333333333,-0.8064516129032258,-0.3172043010752688,-1.0,-0.41397849462365593,-0.40860215053763443,-0.6881720430107527,-0.5,-0.5913978494623656,-0.4838709677419355,-0.4731182795698925,-0.45161290322580644,-0.4731182795698925,-0.21505376344086022,-0.7365591397849462,-0.34946236559139787,-0.6344086021505376,-0.34408602150537637,-0.5161290322580645,-0.3064516129032258,-0.5053763440860215,-0.04838709677419355,-0.7258064516129032,-0.20967741935483872,-0.6290322580645161,-0.20967741935483872,-0.532258064516129,-0.16666666666666666,-0.521505376344086,0.08602150537634409,-0.6827956989247311,-0.08064516129032258,-0.6021505376344086,-0.08602150537634409,-0.5268817204301075,-0.04838709677419355
0.0,0.0,-0.18309859154929578,-0.2535211267605634,-0.39906103286384975,-0.5539906103286385,-0.5211267605633803,-0.7887323943661971,-0.5446009389671361,-1.0,-0.215962441314554,-0.5117370892018779,-0.6150234741784038,-0.5258215962441315,-0.5446009389671361,-0.4272300469483568,-0.4225352112676056,-0.431924882629108,-0.16901408450704225,-0.3192488262910798,-0.6384976525821596,-0.3427230046948357,-0.5492957746478874,-0.27699530516431925,-0.40375586854460094,-0.2676056338028169,-0.1643192488262911,-0.13145539906103287,-0.6103286384976526,-0.16901408450704225,-0.5164319248826291,-0.12206572769953052,-0.3755868544600939,-0.11737089201877934,-0.19718309859154928,0.03755868544600939,-0.5492957746478874,-0.009389671361502348,-0.49295774647887325,-0.004694835680751174,-0.37089201877934275,-0.004694835680751174
0.0,0.0,-0.1724137931034483,-0.31896551724137934,-0.27586206896551724,-0.6120689655172413,-0.31896551724137934,-0.8275862068965517,-0.3146551724137931,-1.0,-0.05603448275862069,-0.5862068965517241,-0.34913793103448276,-0.5862068965517241,-0.3275862068965517,-0.4827586206896552,-0.22413793103448276,-0.47844827586206895,-0.008620689655172414,-0.40086206896551724,-0.3706896551724138,-0.4224137931034483,-0.3232758620689655,-0.3620689655172414,-0.20689655172413793,-0.3577586206896552,-0.004310344827586207,-0.23706896551724138,-0.3620689655172414,-0.27155172413793105,-0.3146551724137931,-0.22844827586206898,-0.2025862068965517,-0.22844827586206898,-0.02586206896551724,-0.09051724137931035,-0.31896551724137934,-0.1336206896551724,-0.28448275862068967,-0.125,-0.1810344827586207,-0.1206896551724138
0.0,0.0,-0.16097560975609757,-0.3121951219512195,-0.2682926829268293,-0.5951219512195122,-0.33170731707317075,-0.8097560975609757,-0.34146341463414637,-1.0,-0.04390243902439024,-0.5804878048780487,-0.37073170731707317,-0.5804878048780487,-0.34146341463414637,-0.47317073170731705,-0.22926829268292684,-0.4634146341463415,0.004878048780487805,-0.3853658536585366,-0.4,-0.4,-0.34146341463414637,-0.33658536585365856,-0.21951219512195122,-0.33170731707317075,0.0,-0.2048780487804878,-0.3902439024390244,-0.23902439024390243,-0.33170731707317075,-0.1951219512195122,-0.2097560975609756,-0.1902439024390244,-0.02926829268292683,-0.04390243902439024,-0.33658536585365856,-0.08780487804878048,-0.28780487804878047,-0.08292682926829269,-0.17560975609756097,-0.08292682926829269
0.0,0.0,-0.12935323383084577,-0.31343283582089554,-0.13930348258706468,-0.6069651741293532,-0.12935323383084577,-0.8208955223880597,-0.14427860696517414,-1.0,0.18407960199004975,-0.572139303482587,-0.17412935323383086,-0.5970149253731343,-0.21393034825870647,-0.4925373134328358,-0.12935323383084577,-0.4626865671641791,0.21393034825870647,-0.40298507462686567,-0.19402985074626866,-0.4427860696517413,-0.19402985074626866,-0.3781094527363184,-0.1044776119402985,-0.35323383084577115,0.1890547263681592,-0.23880597014925373,-0.19402985074626866,-0.2935323383084577,-0.1791044776119403,-0.2537313432835821,-0.07960199004975124,-0.22885572139303484,0.12935323383084577,-0.08955223880597014,-0.15920398009950248,-0.14925373134328357,-0.13930348258706468,-0.13930348258706468,-0.03980099502487562,-0.12437810945273632
0.0,0.0,-0.12698412698412698,-0.30158730158730157,-0.15343915343915343,-0.6031746031746031,-0.15873015873015872,-0.8148148148148148,-0.1746031746031746,-1.0,0.19047619047619047,-0.544973544973545,-0.18518518518518517,-0.5925925925925926,-0.2222222222222222,-0.48677248677248675,-0.13756613756613756,-0.4497354497354497,0.2222222222222222,-0.37566137566137564,-0.20634920634920634,-0.42857142857142855,-0.19576719576719576,-0.35978835978835977,-0.09523809523809523,-0.328042328042328,0.20105820105820105,-0.20105820105820105,-0.20634920634920634,-0.2698412698412698,-0.1746031746031746,-0.21693121693121692,-0.07407407407407407,-0.19047619047619047,0.14285714285714285,-0.047619047619047616,-0.164021164021164,-0.1164021164021164,-0.13227513227513227,-0.10052910052910052,-0.026455026455026454,-0.07407407407407407
0.0,0.0,-0.13114754098360656,-0.2896174863387978,-0.15846994535519127,-0.5901639344262295,-0.16393442622950818,-0.8087431693989071,-0.18032786885245902,-1.0,0.1912568306010929,-0.5081967213114754,-0.19672131147540983,-0.5519125683060109,-0.22404371584699453,-0.45901639344262296,-0.13114754098360656,-0.4262295081967213,0.22950819672131148,-0.3333333333333333,-0.2185792349726776,-0.3825136612021858,-0.18579234972677597,-0.32786885245901637,-0.07650273224043716,-0.30601092896174864,0.20218579234972678,-0.15846994535519127,-0.21311475409836064,-0.21311475409836064,-0.16939890710382513,-0.17486338797814208,-0.060109289617486336,-0.15300546448087432,0.14207650273224043,0.00546448087431694,-0.16939890710382513,-0.04918032786885246,-0.12021857923497267,-0.04371584699453552,0.0,-0.0273224043715847
0.0,0.0,-0.1523809523809524,-0.319047619047619,-0.21904761904761905,-0.6095238095238096,-0.2523809523809524,-0.819047619047619,-0.26666666666666666,-1.0,0.04285714285714286,-0.6047619047619047,-0.3,-0.6190476190476191,-0.2904761904761905,-0.49523809523809526,-0.1761904761904762,-0.4714285714285714,0.08571428571428572,-0.44285714285714284,-0.3238095238095238,-0.4523809523809524,-0.2761904761904762,-0.3761904761904762,-0.16666666666666666,-0.3619047619047619,0.0761904761904762,-0.28095238095238095,-0.30952380952380953,-0.3142857142857143,-0.2619047619047619,-0.2523809523809524,-0.14761904761904762,-0.23333333333333334,0.0380952380952381,-0.13333333333333333,-0.2619047619047619,-0.18095238095238095,-0.21904761904761905,-0.15714285714285714,-0.1,-0.14285714285714285
0.0,0.0,-0.14213197969543148,-0.3147208121827411,-0.2182741116751269,-0.5989847715736041,-0.25888324873096447,-0.8121827411167513,-0.2639593908629442,-1.0,0.050761421319796954,-0.5431472081218274,-0.30456852791878175,-0.5431472081218274,-0.2893401015228426,-0.4416243654822335,-0.17766497461928935,-0.4365482233502538,0.07614213197969544,-0.34517766497461927,-0.3350253807106599,-0.38071065989847713,-0.28426395939086296,-0.3197969543147208,-0.16243654822335024,-0.3147208121827411,0.05583756345177665,-0.17258883248730963,-0.3350253807106599,-0.233502538071066,-0.28426395939086296,-0.19289340101522842,-0.16243654822335024,-0.18781725888324874,0.01015228426395939,-0.025380710659898477,-0.29949238578680204,-0.09644670050761421,-0.25380710659898476,-0.09644670050761421,-0.13705583756345177,-0.09137055837563451
0.0,0.0,-0.14210526315789473,-0.3157894736842105,-0.22105263157894736,-0.6,-0.2631578947368421,-0.8157894736842105,-0.2736842105263158,-1.0,0.042105263157894736,-0.5526315789473685,-0.33157894736842103,-0.5473684210526316,-0.33157894736842103,-0.43157894736842106,-0.21052631578947367,-0.41578947368421054,0.07368421052631578,-0.3526315789473684,-0.35789473684210527,-0.3736842105263158,-0.3157894736842105,-0.30526315789473685,-0.19473684210526315,-0.3,0.05263157894736842,-0.1736842105263158,-0.3526315789473684,-0.21578947368421053,-0.3105263157894737,-0.16842105263157894,-0.18947368421052632,-0.15789473684210525,0.010526315789473684,-0.015789473684210527,-0.30526315789473685,-0.07368421052631578,-0.2789473684210526,-0.06315789473684211,-0.1736842105263158,-0.05789473684210526
0.0,0.0,-0.14720812182741116,-0.3197969543147208,-0.2436548223350254,-0.6040609137055838,-0.30456852791878175,-0.8121827411167513,-0.3147208121827411,-1.0,-0.01015228426395939,-0.5634517766497462,-0.3604060913705584,-0.5482233502538071,-0.3401015228426396,-0.4517766497461929,-0.22842639593908629,-0.4416243654822335,0.02030456852791878,-0.3553299492385787,-0.38578680203045684,-0.38071065989847713,-0.3299492385786802,-0.3197969543147208,-0.2131979695431472,-0.3096446700507614,0.005076142131979695,-0.17766497461928935,-0.38071065989847713,-0.2233502538071066,-0.3299492385786802,-0.18781725888324874,-0.20812182741116753,-0.17258883248730963,-0.030456852791878174,-0.02030456852791878,-0.3299492385786802,-0.08121827411167512,-0.28426395939086296,-0.07614213197969544,-0.17258883248730963,-0.06598984771573604
0.0,0.0,-0.16753926701570682,-0.31413612565445026,-0.2774869109947644,-0.6073298429319371,-0.32460732984293195,-0.8167539267015707,-0.31413612565445026,-1.0,-0.031413612565445025,-0.5497382198952879,-0.387434554973822,-0.5549738219895288,-0.3612565445026178,-0.45549738219895286,-0.24607329842931938,-0.44502617801047123,0.010471204188481676,-0.34554973821989526,-0.4031413612565445,-0.38219895287958117,-0.35602094240837695,-0.32460732984293195,-0.24083769633507854,-0.3089005235602094,-0.005235602094240838,-0.16230366492146597,-0.39790575916230364,-0.2198952879581152,-0.3507853403141361,-0.17801047120418848,-0.225130890052356,-0.16753926701570682,-0.041884816753926704,-0.005235602094240838,-0.35602094240837695,-0.06806282722513089,-0.3089005235602094,-0.05759162303664921,-0.18848167539267016,-0.041884816753926704
0.0,0.0,-0.16847826086956522,-0.29891304347826086,-0.2826086956521739,-0.6086956521739131,-0.33152173913043476,-0.8206521739130435,-0.32608695652173914,-1.0,-0.02717391304347826,-0.5434782608695652,-0.3967391304347826,-0.5434782608695652,-0.3641304347826087,-0.44565217391304346,-0.24456521739130435,-0.44021739130434784,0.005434782608695652,-0.32608695652173914,-0.41847826086956524,-0.3641304347826087,-0.3641304347826087,-0.30434782608695654,-0.23369565217391305,-0.28804347826086957,-0.010869565217391304,-0.1358695652173913,-0.41304347826086957,-0.19021739130434784,-0.358695652173913,-0.14673913043478262,-0.22826086956521738,-0.14130434782608695,-0.05434782608695652,0.021739130434782608,-0.375,-0.043478260869565216,-0.32065217391304346,-0.021739130434782608,-0.19021739130434784,-0.005434782608695652
0.0,0.0,-0.045714285714285714,-0.29714285714285715,0.03428571428571429,-0.5885714285714285,0.08,-0.8171428571428572,0.05714285714285714,-1.0,0.42857142857142855,-0.5942857142857143,0.3485714285714286,-0.6457142857142857,0.2057142857142857,-0.5142857142857142,0.22285714285714286,-0.49142857142857144,0.56,-0.46285714285714286,0.4,-0.4857142857142857,0.22285714285714286,-0.38285714285714284,0.2914285714285714,-0.38285714285714284,0.6,-0.29714285714285715,0.4685714285714286,-0.30857142857142855,0.29714285714285715,-0.26285714285714284,0.3485714285714286,-0.26285714285714284,0.6,-0.14285714285714285,0.5028571428571429,-0.13714285714285715,0.37142857142857144,-0.14857142857142858,0.38857142857142857,-0.15428571428571428
0.0,0.0,-0.046511627906976744,-0.28488372093023256,0.03488372093023256,-0.5813953488372093,0.06976744186046512,-0.813953488372093,0.046511627906976744,-1.0,0.4186046511627907,-0.6162790697674418,0.3430232558139535,-0.6453488372093024,0.19186046511627908,-0.5174418604651163,0.20930232558139536,-0.4941860465116279,0.5581395348837209,-0.48255813953488375,0.4069767441860465,-0.48255813953488375,0.21511627906976744,-0.38372093023255816,0.26744186046511625,-0.38372093023255816,0.6104651162790697,-0.3081395348837209,0.46511627906976744,-0.29651162790697677,0.28488372093023256,-0.2558139534883721,0.3313953488372093,-0.26744186046511625,0.6162790697674418,-0.1511627906976744,0.4883720930232558,-0.13372093023255813,0.3546511627906977,-0.13372093023255813,0.37209302325581395,-0.1511627906976744
0.0,0.0,-0.08571428571428572,-0.2857142857142857,-0.03428571428571429,-0.5828571428571429,-0.017142857142857144,-0.8057142857142857,-0.045714285714285714,-1.0,0.37142857142857144,-0.64,0.21714285714285714,-0.6457142857142857,0.09714285714285714,-0.5142857142857142,0.13714285714285715,-0.4857142857142857,0.5028571428571429,-0.5142857142857142,0.26857142857142857,-0.48,0.11428571428571428,-0.38857142857142857,0.17714285714285713,-0.38857142857142857,0.5485714285714286,-0.34285714285714286,0.3142857142857143,-0.30857142857142855,0.16,-0.26285714285714284,0.22285714285714286,-0.2742857142857143,0.5485714285714286,-0.17714285714285713,0.3485714285714286,-0.14857142857142858,0.22285714285714286,-0.13714285714285715,0.25142857142857145,-0.16
0.0,0.0,-0.07954545454545454,-0.2840909090909091,-0.03409090909090909,-0.5909090909090909,-0.022727272727272728,-0.8181818181818182,-0.056818181818181816,-1.0,0.3465909090909091,-0.6534090909090909,0.22727272727272727,-0.6590909090909091,0.10227272727272728,-0.5284090909090909,0.13636363636363635,-0.5113636363636364,0.4943181818181818,-0.5397727272727273,0.29545454545454547,-0.5,0.13636363636363635,-0.4034090909090909,0.19318181818181818,-0.4147727272727273,0.5511363636363636,-0.3693181818181818,0.35795454545454547,-0.32954545454545453,0.19886363636363635,-0.2784090909090909,0.2556818181818182,-0.30113636363636365,0.5625,-0.21022727272727273,0.39204545454545453,-0.17613636363636365,0.26704545454545453,-0.16477272727272727,0.2897727272727273,-0.19318181818181818
0.0,0.0,-0.08823529411764706,-0.2529411764705882,-0.047058823529411764,-0.5764705882352941,-0.03529411764705882,-0.8176470588235294,-0.08823529411764706,-1.0,0.29411764705882354,-0.6529411764705882,0.3235294117647059,-0.6352941176470588,0.17058823529411765,-0.5117647058823529,0.17647058823529413,-0.5352941176470588,0.4411764705882353,-0.5294117647058824,0.4117647058823529,-0.48823529411764705,0.2,-0.37058823529411766,0.2411764705882353,-0.4176470588235294,0.5235294117647059,-0.37058823529411766,0.5,-0.3352941176470588,0.29411764705882354,-0.2647058823529412,0.31176470588235294,-0.3,0.5705882352941176,-0.21764705882352942,0.5411764705882353,-0.19411764705882353,0.38235294117647056,-0.17058823529411765,0.3764705882352941,-0.2
0.0,0.0,0.005988023952095809,-0.2754491017964072,0.08982035928143713,-0.5748502994011976,0.1437125748502994,-0.8263473053892215,0.10179640718562874,-1.0,0.41317365269461076,-0.5568862275449101,0.5808383233532934,-0.5449101796407185,0.3652694610778443,-0.47305389221556887,0.2634730538922156,-0.46706586826347307,0.49700598802395207,-0.39520958083832336,0.6467065868263473,-0.38323353293413176,0.3772455089820359,-0.33532934131736525,0.31736526946107785,-0.3772455089820359,0.5329341317365269,-0.23353293413173654,0.6706586826347305,-0.2155688622754491,0.4251497005988024,-0.19760479041916168,0.3473053892215569,-0.2275449101796407,0.5389221556886228,-0.08982035928143713,0.6407185628742516,-0.07784431137724551,0.46706586826347307,-0.08383233532934131,0.38922155688622756,-0.11377245508982035
0.0,0.0,-0.07738095238095238,-0.2619047619047619,-0.047619047619047616,-0.5833333333333334,-0.041666666666666664,-0.8333333333333334,-0.10714285714285714,-1.0,0.24404761904761904,-0.5892857142857143,0.40476190476190477,-0.6607142857142857,0.22023809523809523,-0.5357142857142857,0.1488095238095238,-0.5119047619047619,0.34523809523809523,-0.44642857142857145,0.4880952380952381,-0.5178571428571429,0.25,-0.39880952380952384,0.20833333333333334,-0.4166666666666667,0.42857142857142855,-0.30952380952380953,0.5714285714285714,-0.36904761904761907,0.3333333333333333,-0.27976190476190477,0.27380952380952384,-0.2857142857142857,0.49404761904761907,-0.16666666666666666,0.6071428571428571,-0.21428571428571427,0.43452380952380953,-0.16666666666666666,0.3630952380952381,-0.16666666666666666
0.0,0.0,0.011627906976744186,-0.26744186046511625,0.09883720930232558,-0.5755813953488372,0.14534883720930233,-0.8313953488372093,0.08139534883720931,-1.0,0.3953488372093023,-0.5406976744186046,0.5755813953488372,-0.5174418604651163,0.36046511627906974,-0.4476744186046512,0.2558139534883721,-0.45348837209302323,0.48255813953488375,-0.38372093023255816,0.6395348837209303,-0.3546511627906977,0.37790697674418605,-0.313953488372093,0.313953488372093,-0.36046511627906974,0.5290697674418605,-0.22674418604651161,0.6744186046511628,-0.19767441860465115,0.436046511627907,-0.18023255813953487,0.3488372093023256,-0.22093023255813954,0.5465116279069767,-0.0872093023255814,0.6453488372093024,-0.06395348837209303,0.47674418604651164,-0.06976744186046512,0.3953488372093023,-0.11627906976744186
