0.0,0.0,0.1829787234042553,-0.07659574468085106,0.3276595744680851,-0.2297872340425532,0.4127659574468085,-0.3829787234042553,0.5063829787234042,-0.502127659574468,0.25957446808510637,-0.4808510638297872,0.3276595744680851,-0.6723404255319149,0.37446808510638296,-0.7914893617021277,0.41702127659574467,-0.8936170212765957,0.14042553191489363,-0.5148936170212766,0.1829787234042553,-0.7361702127659574,0.2170212765957447,-0.8765957446808511,0.251063829787234,-1.0,0.02553191489361702,-0.502127659574468,0.0425531914893617,-0.7021276595744681,0.07234042553191489,-0.8297872340425532,0.10638297872340426,-0.9446808510638298,-0.09361702127659574,-0.451063829787234,-0.11063829787234042,-0.6085106382978723,-0.11063829787234042,-0.7148936170212766,-0.10212765957446808,-0.8212765957446808
0.0,0.0,0.1799163179916318,-0.0794979079497908,0.32217573221757323,-0.23430962343096234,0.40585774058577406,-0.38493723849372385,0.49372384937238495,-0.497907949790795,0.24267782426778242,-0.48535564853556484,0.3179916317991632,-0.6778242677824268,0.36401673640167365,-0.7949790794979079,0.401673640167364,-0.899581589958159,0.1297071129707113,-0.5146443514644351,0.17154811715481172,-0.7364016736401674,0.20502092050209206,-0.8786610878661087,0.23430962343096234,-1.0,0.016736401673640166,-0.497907949790795,0.03347280334728033,-0.702928870292887,0.05439330543933055,-0.8326359832635983,0.0794979079497908,-0.9497907949790795,-0.09623430962343096,-0.4435146443514644,-0.11297071129707113,-0.5941422594142259,-0.11715481171548117,-0.702928870292887,-0.11297071129707113,-0.8075313807531381
0.0,0.0,0.175,-0.09166666666666666,0.3,-0.25416666666666665,0.37083333333333335,-0.4125,0.44583333333333336,-0.525,0.19166666666666668,-0.49166666666666664,0.25,-0.6916666666666667,0.2833333333333333,-0.8166666666666667,0.31666666666666665,-0.925,0.07083333333333333,-0.5166666666666667,0.08333333333333333,-0.7416666666666667,0.10416666666666667,-0.8833333333333333,0.125,-1.0,-0.041666666666666664,-0.4875,-0.0625,-0.6916666666666667,-0.05,-0.825,-0.03333333333333333,-0.9416666666666667,-0.15,-0.42083333333333334,-0.19583333333333333,-0.5708333333333333,-0.21666666666666667,-0.675,-0.22916666666666666,-0.7791666666666667
0.0,0.0,0.17012448132780084,-0.0954356846473029,0.29045643153526973,-0.26556016597510373,0.34439834024896265,-0.42738589211618255,0.4149377593360996,-0.5518672199170125,0.15352697095435686,-0.49377593360995853,0.2074688796680498,-0.6929460580912863,0.24066390041493776,-0.8174273858921162,0.2697095435684647,-0.9294605809128631,0.029045643153526972,-0.5103734439834025,0.03319502074688797,-0.7344398340248963,0.04564315352697095,-0.8796680497925311,0.058091286307053944,-1.0,-0.07883817427385892,-0.4730290456431535,-0.1078838174273859,-0.6763485477178424,-0.11203319502074689,-0.8132780082987552,-0.1078838174273859,-0.9336099585062241,-0.17842323651452283,-0.4024896265560166,-0.24066390041493776,-0.5477178423236515,-0.27385892116182575,-0.6514522821576764,-0.2987551867219917,-0.7551867219917012
0.0,0.0,0.18487394957983194,-0.07983193277310924,0.3319327731092437,-0.23529411764705882,0.42436974789915966,-0.3865546218487395,0.5126050420168067,-0.5042016806722689,0.23949579831932774,-0.4957983193277311,0.31512605042016806,-0.6848739495798319,0.36134453781512604,-0.8025210084033614,0.40756302521008403,-0.9033613445378151,0.11764705882352941,-0.5210084033613446,0.15546218487394958,-0.7436974789915967,0.18487394957983194,-0.8823529411764706,0.21008403361344538,-1.0,0.0,-0.5042016806722689,0.008403361344537815,-0.7058823529411765,0.02100840336134454,-0.8403361344537815,0.04201680672268908,-0.957983193277311,-0.1134453781512605,-0.4411764705882353,-0.14705882352941177,-0.5966386554621849,-0.16806722689075632,-0.7016806722689075,-0.17647058823529413,-0.8067226890756303
0.0,0.0,0.17573221757322174,-0.08368200836820083,0.30962343096234307,-0.24686192468619247,0.3807531380753138,-0.401673640167364,0.46443514644351463,-0.5146443514644351,0.19246861924686193,-0.48535564853556484,0.26778242677824265,-0.6778242677824268,0.32217573221757323,-0.7949790794979079,0.36401673640167365,-0.899581589958159,0.07531380753138076,-0.5104602510460251,0.100418410041841,-0.7405857740585774,0.12552301255230125,-0.8828451882845189,0.14644351464435146,-1.0,-0.03347280334728033,-0.48535564853556484,-0.03765690376569038,-0.6861924686192469,-0.02510460251046025,-0.8242677824267782,-0.008368200836820083,-0.9414225941422594,-0.14225941422594143,-0.41841004184100417,-0.1799163179916318,-0.5732217573221757,-0.200836820083682,-0.6778242677824268,-0.2175732217573222,-0.7824267782426778
0.0,0.0,0.15702479338842976,-0.11570247933884298,0.25206611570247933,-0.2975206611570248,0.28512396694214875,-0.4669421487603306,0.3347107438016529,-0.6033057851239669,0.07851239669421488,-0.5082644628099173,0.10743801652892562,-0.71900826446281,0.12396694214876033,-0.8471074380165289,0.1322314049586777,-0.9586776859504132,-0.04132231404958678,-0.5,-0.07024793388429752,-0.731404958677686,-0.08264462809917356,-0.8760330578512396,-0.09917355371900827,-1.0,-0.14049586776859505,-0.45041322314049587,-0.2024793388429752,-0.6446280991735537,-0.23140495867768596,-0.7851239669421488,-0.25206611570247933,-0.9090909090909091,-0.2231404958677686,-0.36363636363636365,-0.3140495867768595,-0.49586776859504134,-0.371900826446281,-0.5950413223140496,-0.4214876033057851,-0.6942148760330579
0.0,0.0,0.14893617021276595,-0.14042553191489363,0.22127659574468084,-0.3446808510638298,0.225531914893617,-0.5191489361702127,0.2425531914893617,-0.6595744680851063,0.01276595744680851,-0.5319148936170213,0.00851063829787234,-0.7404255319148936,-0.00851063829787234,-0.8723404255319149,-0.029787234042553193,-0.9829787234042553,-0.1148936170212766,-0.5106382978723404,-0.1829787234042553,-0.7319148936170212,-0.225531914893617,-0.8808510638297873,-0.2680851063829787,-1.0,-0.2127659574468085,-0.4425531914893617,-0.30638297872340425,-0.6340425531914894,-0.35319148936170214,-0.7659574468085106,-0.39574468085106385,-0.8893617021276595,-0.2851063829787234,-0.3446808510638298,-0.4,-0.46382978723404256,-0.4723404255319149,-0.5531914893617021,-0.5404255319148936,-0.6425531914893617
0.0,0.0,0.13392857142857142,-0.16964285714285715,0.18303571428571427,-0.4017857142857143,0.16964285714285715,-0.5892857142857143,0.17857142857142858,-0.7276785714285714,-0.05357142857142857,-0.5625,-0.08482142857142858,-0.7723214285714286,-0.11160714285714286,-0.8973214285714286,-0.13839285714285715,-1.0,-0.18303571428571427,-0.5267857142857143,-0.2767857142857143,-0.7410714285714286,-0.33035714285714285,-0.8705357142857143,-0.3794642857142857,-0.9732142857142857,-0.2767857142857143,-0.45089285714285715,-0.39732142857142855,-0.6339285714285714,-0.4642857142857143,-0.75,-0.5133928571428571,-0.8526785714285714,-0.3392857142857143,-0.34375,-0.4642857142857143,-0.45982142857142855,-0.5446428571428571,-0.5357142857142857,-0.6205357142857143,-0.6160714285714286
0.0,0.0,0.13333333333333333,-0.1511111111111111,0.19111111111111112,-0.38222222222222224,0.18222222222222223,-0.5777777777777777,0.19555555555555557,-0.72,-0.04888888888888889,-0.5511111111111111,-0.07111111111111111,-0.7644444444444445,-0.09777777777777778,-0.8933333333333333,-0.12444444444444444,-1.0,-0.17777777777777778,-0.5155555555555555,-0.26666666666666666,-0.7333333333333333,-0.32,-0.8666666666666667,-0.3688888888888889,-0.9733333333333334,-0.26666666666666666,-0.4444444444444444,-0.39111111111111113,-0.6266666666666667,-0.4533333333333333,-0.7511111111111111,-0.5066666666666667,-0.8533333333333334,-0.3333333333333333,-0.3377777777777778,-0.4577777777777778,-0.4488888888888889,-0.5377777777777778,-0.5288888888888889,-0.6088888888888889,-0.6088888888888889
0.0,0.0,0.14601769911504425,-0.14601769911504425,0.2168141592920354,-0.3672566371681416,0.2168141592920354,-0.5530973451327433,0.2345132743362832,-0.6946902654867256,-0.008849557522123894,-0.5619469026548672,-0.017699115044247787,-0.7654867256637168,-0.035398230088495575,-0.8938053097345132,-0.05752212389380531,-0.995575221238938,-0.1415929203539823,-0.5353982300884956,-0.21238938053097345,-0.7566371681415929,-0.252212389380531,-0.8893805309734514,-0.2831858407079646,-1.0,-0.23893805309734514,-0.4646017699115044,-0.3407079646017699,-0.6548672566371682,-0.3893805309734513,-0.7787610619469026,-0.42920353982300885,-0.8849557522123894,-0.30973451327433627,-0.36283185840707965,-0.42035398230088494,-0.48672566371681414,-0.49557522123893805,-0.5707964601769911,-0.5575221238938053,-0.6592920353982301
0.0,0.0,0.16,-0.13777777777777778,0.24,-0.3466666666666667,0.25333333333333335,-0.5288888888888889,0.28444444444444444,-0.6666666666666666,0.035555555555555556,-0.5511111111111111,0.04,-0.76,0.03111111111111111,-0.8888888888888888,0.017777777777777778,-0.9955555555555555,-0.10222222222222223,-0.5333333333333333,-0.16,-0.7555555555555555,-0.18666666666666668,-0.8888888888888888,-0.21333333333333335,-1.0,-0.20444444444444446,-0.4666666666666667,-0.28888888888888886,-0.6622222222222223,-0.3288888888888889,-0.7911111111111111,-0.36,-0.9066666666666666,-0.28,-0.3688888888888889,-0.38666666666666666,-0.49777777777777776,-0.4533333333333333,-0.5866666666666667,-0.5111111111111111,-0.68
0.0,0.0,0.16170212765957448,-0.1148936170212766,0.25957446808510637,-0.31063829787234043,0.2851063829787234,-0.48936170212765956,0.3276595744680851,-0.6170212765957447,0.08936170212765958,-0.5319148936170213,0.11063829787234042,-0.7404255319148936,0.11063829787234042,-0.8680851063829788,0.11063829787234042,-0.9744680851063829,-0.03829787234042553,-0.5276595744680851,-0.07234042553191489,-0.7531914893617021,-0.09361702127659574,-0.8893617021276595,-0.1148936170212766,-1.0,-0.14468085106382977,-0.4808510638297872,-0.20851063829787234,-0.676595744680851,-0.23404255319148937,-0.8042553191489362,-0.251063829787234,-0.9148936170212766,-0.23404255319148937,-0.3872340425531915,-0.32340425531914896,-0.5191489361702127,-0.3829787234042553,-0.6127659574468085,-0.4297872340425532,-0.7021276595744681
0.0,0.0,0.1652542372881356,-0.1059322033898305,0.288135593220339,-0.288135593220339,0.3389830508474576,-0.4576271186440678,0.3983050847457627,-0.5847457627118644,0.13983050847457626,-0.5211864406779662,0.17796610169491525,-0.7161016949152542,0.2033898305084746,-0.8347457627118644,0.22033898305084745,-0.940677966101695,0.012711864406779662,-0.5296610169491526,0.012711864406779662,-0.75,0.012711864406779662,-0.885593220338983,0.012711864406779662,-1.0,-0.09745762711864407,-0.4915254237288136,-0.1271186440677966,-0.6949152542372882,-0.13559322033898305,-0.826271186440678,-0.13559322033898305,-0.940677966101695,-0.19491525423728814,-0.4110169491525424,-0.2669491525423729,-0.5508474576271186,-0.3093220338983051,-0.6483050847457628,-0.3432203389830508,-0.7457627118644068
0.0,0.0,0.17154811715481172,-0.09205020920502092,0.301255230125523,-0.26778242677824265,0.3598326359832636,-0.4351464435146444,0.4351464435146444,-0.5606694560669456,0.16736401673640167,-0.5104602510460251,0.2217573221757322,-0.702928870292887,0.2510460251046025,-0.8242677824267782,0.2719665271966527,-0.9288702928870293,0.04602510460251046,-0.5230125523012552,0.05439330543933055,-0.7447698744769874,0.06276150627615062,-0.8828451882845189,0.07112970711297072,-1.0,-0.06694560669456066,-0.48535564853556484,-0.08368200836820083,-0.694560669456067,-0.08368200836820083,-0.8284518828451883,-0.0794979079497908,-0.9497907949790795,-0.16736401673640167,-0.4100418410041841,-0.2301255230125523,-0.5564853556485355,-0.26778242677824265,-0.6569037656903766,-0.2928870292887029,-0.7573221757322176
0.0,0.0,0.17427385892116182,-0.08713692946058091,0.3153526970954357,-0.24896265560165975,0.3983402489626556,-0.4066390041493776,0.48132780082987553,-0.5311203319502075,0.21161825726141079,-0.5020746887966805,0.2821576763485477,-0.6887966804979253,0.3278008298755187,-0.8091286307053942,0.3651452282157676,-0.9128630705394191,0.0912863070539419,-0.5269709543568465,0.12033195020746888,-0.7468879668049793,0.14522821576763487,-0.8838174273858921,0.16182572614107885,-1.0,-0.02074688796680498,-0.4979253112033195,-0.02074688796680498,-0.7053941908713693,-0.008298755186721992,-0.8381742738589212,0.008298755186721992,-0.9543568464730291,-0.13278008298755187,-0.4315352697095436,-0.17842323651452283,-0.5850622406639004,-0.2033195020746888,-0.6887966804979253,-0.21991701244813278,-0.7925311203319502
0.0,0.0,0.17842323651452283,-0.08298755186721991,0.3278008298755187,-0.24481327800829875,0.4066390041493776,-0.3983402489626556,0.49377593360995853,-0.5145228215767634,0.2157676348547718,-0.4979253112033195,0.2987551867219917,-0.6804979253112033,0.34854771784232363,-0.8008298755186722,0.3941908713692946,-0.9004149377593361,0.0954356846473029,-0.5228215767634855,0.13692946058091288,-0.7427385892116183,0.16597510373443983,-0.8838174273858921,0.18672199170124482,-1.0,-0.016597510373443983,-0.4979253112033195,-0.008298755186721992,-0.7053941908713693,0.012448132780082987,-0.8381742738589212,0.03319502074688797,-0.9585062240663901,-0.12863070539419086,-0.43568464730290457,-0.17012448132780084,-0.5892116182572614,-0.1908713692946058,-0.6970954356846473,-0.2033195020746888,-0.8008298755186722
0.0,0.0,0.2,-0.06086956521739131,0.3782608695652174,-0.20869565217391303,0.5,-0.3521739130434783,0.6130434782608696,-0.45217391304347826,0.3217391304347826,-0.4826086956521739,0.4391304347826087,-0.6652173913043479,0.5043478260869565,-0.7782608695652173,0.5608695652173913,-0.8782608695652174,0.20434782608695654,-0.5304347826086957,0.2826086956521739,-0.7478260869565218,0.33043478260869563,-0.8869565217391304,0.3739130434782609,-1.0,0.0782608695652174,-0.5304347826086957,0.13043478260869565,-0.7434782608695653,0.16956521739130434,-0.8782608695652174,0.21304347826086956,-0.9956521739130435,-0.05652173913043478,-0.48695652173913045,-0.06956521739130435,-0.6565217391304348,-0.06956521739130435,-0.7695652173913043,-0.06086956521739131,-0.8826086956521739
0.0,0.0,0.20087336244541484,-0.0611353711790393,0.388646288209607,-0.1965065502183406,0.519650655021834,-0.3318777292576419,0.6331877729257642,-0.42358078602620086,0.34934497816593885,-0.4759825327510917,0.4759825327510917,-0.6462882096069869,0.5502183406113537,-0.7554585152838428,0.611353711790393,-0.8471615720524017,0.2314410480349345,-0.5327510917030568,0.31877729257641924,-0.7510917030567685,0.37117903930131,-0.8864628820960698,0.4148471615720524,-1.0,0.10480349344978165,-0.537117903930131,0.16593886462882096,-0.7467248908296943,0.21397379912663755,-0.8777292576419214,0.2576419213973799,-0.9956331877729258,-0.03056768558951965,-0.4978165938864629,-0.034934497816593885,-0.6637554585152838,-0.034934497816593885,-0.777292576419214,-0.021834061135371178,-0.8908296943231441
0.0,0.0,0.19742489270386265,-0.06437768240343347,0.37339055793991416,-0.21030042918454936,0.49356223175965663,-0.34334763948497854,0.6051502145922747,-0.44206008583690987,0.3133047210300429,-0.47639484978540775,0.4291845493562232,-0.648068669527897,0.4978540772532189,-0.759656652360515,0.5536480686695279,-0.8540772532188842,0.19742489270386265,-0.5278969957081545,0.26609442060085836,-0.7424892703862661,0.3090128755364807,-0.8798283261802575,0.34763948497854075,-1.0,0.07296137339055794,-0.5236051502145923,0.12017167381974249,-0.7339055793991416,0.15450643776824036,-0.8669527896995708,0.19313304721030042,-0.9871244635193133,-0.05150214592274678,-0.48068669527896996,-0.06866952789699571,-0.648068669527897,-0.06866952789699571,-0.759656652360515,-0.06437768240343347,-0.871244635193133
0.0,0.0,0.20089285714285715,-0.0625,0.38839285714285715,-0.18303571428571427,0.5267857142857143,-0.30357142857142855,0.6383928571428571,-0.4017857142857143,0.3392857142857143,-0.4642857142857143,0.47767857142857145,-0.625,0.5669642857142857,-0.7276785714285714,0.6473214285714286,-0.8169642857142857,0.22767857142857142,-0.5267857142857143,0.32589285714285715,-0.7455357142857143,0.4017857142857143,-0.8839285714285714,0.46875,-1.0,0.10714285714285714,-0.53125,0.17410714285714285,-0.7455357142857143,0.23660714285714285,-0.875,0.30357142857142855,-0.9866071428571429,-0.022321428571428572,-0.4955357142857143,-0.008928571428571428,-0.6696428571428571,0.008928571428571428,-0.7901785714285714,0.04017857142857143,-0.9017857142857143
0.0,0.0,0.21171171171171171,-0.04504504504504504,0.4144144144144144,-0.15315315315315314,0.5765765765765766,-0.25675675675675674,0.7072072072072072,-0.33783783783783783,0.38738738738738737,-0.45045045045045046,0.545045045045045,-0.6126126126126126,0.6486486486486487,-0.7162162162162162,0.7342342342342343,-0.8063063063063063,0.2747747747747748,-0.5180180180180181,0.3963963963963964,-0.7387387387387387,0.4774774774774775,-0.8738738738738738,0.545045045045045,-0.990990990990991,0.14864864864864866,-0.536036036036036,0.23423423423423423,-0.7477477477477478,0.30180180180180183,-0.8828828828828829,0.36486486486486486,-1.0,0.009009009009009009,-0.509009009009009,0.03153153153153153,-0.6846846846846847,0.05405405405405406,-0.8063063063063063,0.08108108108108109,-0.9234234234234234
0.0,0.0,0.2191780821917808,-0.0319634703196347,0.4337899543378995,-0.1232876712328767,0.6164383561643836,-0.1872146118721461,0.7625570776255708,-0.2191780821917808,0.410958904109589,-0.4337899543378995,0.589041095890411,-0.589041095890411,0.6986301369863014,-0.6894977168949772,0.7853881278538812,-0.7808219178082192,0.3059360730593607,-0.5068493150684932,0.4429223744292237,-0.726027397260274,0.5296803652968036,-0.863013698630137,0.593607305936073,-0.9771689497716894,0.1872146118721461,-0.5296803652968036,0.2785388127853881,-0.7488584474885844,0.3515981735159817,-0.8858447488584474,0.4155251141552511,-1.0,0.0502283105022831,-0.5114155251141552,0.0776255707762557,-0.6894977168949772,0.1004566210045662,-0.8127853881278538,0.1324200913242009,-0.9269406392694064
0.0,0.0,0.22580645161290322,-0.03225806451612903,0.4377880184331797,-0.12442396313364056,0.6175115207373272,-0.18433179723502305,0.7603686635944701,-0.21658986175115208,0.41935483870967744,-0.43317972350230416,0.5990783410138248,-0.5944700460829493,0.7004608294930875,-0.695852534562212,0.7880184331797235,-0.783410138248848,0.31797235023041476,-0.5069124423963134,0.46543778801843316,-0.728110599078341,0.5529953917050692,-0.8617511520737328,0.6221198156682027,-0.9723502304147466,0.19815668202764977,-0.5299539170506913,0.2995391705069124,-0.7511520737327189,0.3824884792626728,-0.8847926267281107,0.45622119815668205,-1.0,0.06451612903225806,-0.5161290322580645,0.0967741935483871,-0.695852534562212,0.12903225806451613,-0.8202764976958525,0.16129032258064516,-0.9354838709677419
0.0,0.0,0.22790697674418606,-0.03255813953488372,0.44651162790697674,-0.11627906976744186,0.6372093023255814,-0.16744186046511628,0.7813953488372093,-0.1813953488372093,0.4186046511627907,-0.4325581395348837,0.5953488372093023,-0.5906976744186047,0.6976744186046512,-0.6930232558139535,0.7813953488372093,-0.7767441860465116,0.31627906976744186,-0.5069767441860465,0.4558139534883721,-0.7348837209302326,0.5488372093023256,-0.8697674418604651,0.6139534883720931,-0.9767441860465116,0.2,-0.5348837209302325,0.2930232558139535,-0.7534883720930232,0.3674418604651163,-0.8883720930232558,0.4418604651162791,-1.0,0.06511627906976744,-0.5209302325581395,0.09767441860465116,-0.7023255813953488,0.12558139534883722,-0.8232558139534883,0.16279069767441862,-0.9348837209302325
0.0,0.0,0.2168141592920354,-0.030973451327433628,0.42035398230088494,-0.12389380530973451,0.6061946902654868,-0.18584070796460178,0.7477876106194691,-0.21238938053097345,0.38495575221238937,-0.42920353982300885,0.5398230088495575,-0.588495575221239,0.6327433628318584,-0.6902654867256637,0.7079646017699115,-0.7831858407079646,0.2831858407079646,-0.5,0.39823008849557523,-0.7212389380530974,0.47345132743362833,-0.8584070796460177,0.5265486725663717,-0.9778761061946902,0.168141592920354,-0.5176991150442478,0.22123893805309736,-0.7345132743362832,0.26548672566371684,-0.8761061946902655,0.30973451327433627,-1.0,0.03982300884955752,-0.4911504424778761,0.035398230088495575,-0.6637168141592921,0.03982300884955752,-0.7831858407079646,0.048672566371681415,-0.8982300884955752
0.0,0.0,0.2025862068965517,-0.05172413793103448,0.3879310344827586,-0.16379310344827586,0.5387931034482759,-0.2629310344827586,0.6637931034482759,-0.3275862068965517,0.3448275862068966,-0.4525862068965517,0.4827586206896552,-0.6206896551724138,0.5646551724137931,-0.7241379310344828,0.6293103448275862,-0.8146551724137931,0.23275862068965517,-0.5172413793103449,0.3275862068965517,-0.7413793103448276,0.3922413793103448,-0.8793103448275862,0.4396551724137931,-0.9956896551724138,0.11206896551724138,-0.5258620689655172,0.15086206896551724,-0.7413793103448276,0.1853448275862069,-0.8793103448275862,0.21551724137931033,-1.0,-0.01293103448275862,-0.4870689655172414,-0.03879310344827586,-0.6551724137931034,-0.05172413793103448,-0.7672413793103449,-0.05172413793103448,-0.8793103448275862
0.0,0.0,0.20614035087719298,-0.043859649122807015,0.3991228070175439,-0.14035087719298245,0.5745614035087719,-0.20614035087719298,0.7149122807017544,-0.2412280701754386,0.35964912280701755,-0.4473684210526316,0.5131578947368421,-0.6096491228070176,0.6052631578947368,-0.7149122807017544,0.6798245614035088,-0.8026315789473685,0.2543859649122807,-0.5175438596491229,0.36403508771929827,-0.7412280701754386,0.4342105263157895,-0.8771929824561403,0.4824561403508772,-0.9956140350877193,0.13596491228070176,-0.5263157894736842,0.18421052631578946,-0.7456140350877193,0.21929824561403508,-0.881578947368421,0.2543859649122807,-1.0,0.008771929824561403,-0.4956140350877193,-0.013157894736842105,-0.6666666666666666,-0.021929824561403508,-0.7850877192982456,-0.021929824561403508,-0.9035087719298246
0.0,0.0,0.21428571428571427,-0.03571428571428571,0.42410714285714285,-0.13839285714285715,0.6026785714285714,-0.20535714285714285,0.7410714285714286,-0.24107142857142858,0.39732142857142855,-0.44642857142857145,0.5714285714285714,-0.6026785714285714,0.6741071428571429,-0.7053571428571429,0.7544642857142857,-0.7991071428571429,0.29464285714285715,-0.5133928571428571,0.42410714285714285,-0.7321428571428571,0.5089285714285714,-0.8660714285714286,0.5714285714285714,-0.9821428571428571,0.17857142857142858,-0.53125,0.23660714285714285,-0.7455357142857143,0.29464285714285715,-0.8839285714285714,0.34375,-1.0,0.049107142857142856,-0.5044642857142857,0.04017857142857143,-0.6830357142857143,0.044642857142857144,-0.8035714285714286,0.05357142857142857,-0.9241071428571429
0.0,0.0,0.19313304721030042,-0.055793991416309016,0.38197424892703863,-0.17167381974248927,0.5236051502145923,-0.27896995708154504,0.6394849785407726,-0.3562231759656652,0.33047210300429186,-0.4592274678111588,0.4721030042918455,-0.6223175965665236,0.5622317596566524,-0.7253218884120172,0.6351931330472103,-0.8068669527896996,0.21888412017167383,-0.51931330472103,0.30472103004291845,-0.7467811158798283,0.37339055793991416,-0.8841201716738197,0.4206008583690987,-0.9957081545064378,0.09871244635193133,-0.5236051502145923,0.13304721030042918,-0.7381974248927039,0.1630901287553648,-0.8798283261802575,0.19742489270386265,-1.0,-0.02145922746781116,-0.47639484978540775,-0.055793991416309016,-0.6437768240343348,-0.07296137339055794,-0.7553648068669528,-0.0815450643776824,-0.8669527896995708
0.0,0.0,0.19658119658119658,-0.05982905982905983,0.38461538461538464,-0.18376068376068377,0.5384615384615384,-0.2863247863247863,0.6623931623931624,-0.34615384615384615,0.3076923076923077,-0.452991452991453,0.4444444444444444,-0.6153846153846154,0.5256410256410257,-0.7222222222222222,0.5897435897435898,-0.811965811965812,0.19230769230769232,-0.5085470085470085,0.27350427350427353,-0.7393162393162394,0.3333333333333333,-0.8760683760683761,0.37606837606837606,-1.0,0.07692307692307693,-0.5128205128205128,0.09829059829059829,-0.7264957264957265,0.12393162393162394,-0.8717948717948718,0.1452991452991453,-1.0,-0.042735042735042736,-0.4658119658119658,-0.08547008547008547,-0.6324786324786325,-0.10683760683760683,-0.7435897435897436,-0.11965811965811966,-0.8547008547008547
0.0,0.0,0.175,-0.075,0.32916666666666666,-0.21666666666666667,0.4708333333333333,-0.325,0.5958333333333333,-0.39166666666666666,0.22916666666666666,-0.4666666666666667,0.3416666666666667,-0.6375,0.4083333333333333,-0.7541666666666667,0.45416666666666666,-0.8541666666666666,0.10833333333333334,-0.5083333333333333,0.14166666666666666,-0.7375,0.175,-0.8791666666666667,0.19166666666666668,-1.0,-0.008333333333333333,-0.49166666666666664,-0.029166666666666667,-0.7,-0.029166666666666667,-0.8375,-0.029166666666666667,-0.9625,-0.11666666666666667,-0.42916666666666664,-0.19583333333333333,-0.575,-0.24166666666666667,-0.675,-0.2791666666666667,-0.7791666666666667
0.0,0.0,0.18695652173913044,-0.08260869565217391,0.3521739130434783,-0.2391304347826087,0.48695652173913045,-0.3565217391304348,0.6043478260869565,-0.43478260869565216,0.22608695652173913,-0.4826086956521739,0.3391304347826087,-0.6565217391304348,0.4043478260869565,-0.7739130434782608,0.4608695652173913,-0.8739130434782608,0.10434782608695652,-0.5173913043478261,0.13478260869565217,-0.7434782608695653,0.16956521739130434,-0.8782608695652174,0.20434782608695654,-1.0,-0.017391304347826087,-0.5,-0.02608695652173913,-0.7,-0.008695652173913044,-0.8217391304347826,0.013043478260869565,-0.9391304347826087,-0.12608695652173912,-0.43478260869565216,-0.1826086956521739,-0.5826086956521739,-0.20869565217391303,-0.6826086956521739,-0.22608695652173913,-0.782608695652174
0.0,0.0,0.19909502262443438,-0.06787330316742081,0.38461538461538464,-0.20361990950226244,0.5294117647058824,-0.3212669683257919,0.6470588235294118,-0.4117647058823529,0.28054298642533937,-0.4751131221719457,0.40271493212669685,-0.6380090497737556,0.4841628959276018,-0.7420814479638009,0.5520361990950227,-0.8235294117647058,0.16289592760180996,-0.5248868778280543,0.22624434389140272,-0.746606334841629,0.29411764705882354,-0.8823529411764706,0.35294117647058826,-1.0,0.04524886877828054,-0.5203619909502263,0.07239819004524888,-0.7285067873303167,0.1085972850678733,-0.8552036199095022,0.15384615384615385,-0.9638009049773756,-0.07239819004524888,-0.4751131221719457,-0.09954751131221719,-0.6334841628959276,-0.10407239819004525,-0.746606334841629,-0.09502262443438914,-0.8597285067873304
0.0,0.0,0.2,-0.06818181818181818,0.39090909090909093,-0.19545454545454546,0.5318181818181819,-0.31363636363636366,0.6409090909090909,-0.4090909090909091,0.3,-0.4727272727272727,0.41363636363636364,-0.6363636363636364,0.4909090909090909,-0.7363636363636363,0.5590909090909091,-0.8136363636363636,0.18181818181818182,-0.5272727272727272,0.2590909090909091,-0.7454545454545455,0.32727272727272727,-0.8818181818181818,0.39545454545454545,-1.0,0.05909090909090909,-0.5272727272727272,0.09545454545454546,-0.7363636363636363,0.1409090909090909,-0.8636363636363636,0.19090909090909092,-0.9772727272727273,-0.06818181818181818,-0.4818181818181818,-0.08636363636363636,-0.65,-0.08181818181818182,-0.7636363636363637,-0.06818181818181818,-0.8772727272727273
0.0,0.0,0.20361990950226244,-0.07239819004524888,0.3891402714932127,-0.21266968325791855,0.5203619909502263,-0.34841628959276016,0.6289592760180995,-0.45248868778280543,0.2850678733031674,-0.4751131221719457,0.40271493212669685,-0.6470588235294118,0.4751131221719457,-0.755656108597285,0.5384615384615384,-0.8506787330316742,0.1583710407239819,-0.5248868778280543,0.22171945701357465,-0.751131221719457,0.27149321266968324,-0.8868778280542986,0.3257918552036199,-1.0,0.03619909502262444,-0.5203619909502263,0.06334841628959276,-0.7285067873303167,0.09954751131221719,-0.8552036199095022,0.14479638009049775,-0.9683257918552036,-0.09049773755656108,-0.47058823529411764,-0.11312217194570136,-0.6334841628959276,-0.12217194570135746,-0.746606334841629,-0.11764705882352941,-0.8597285067873304
0.0,0.0,0.1965065502183406,-0.07860262008733625,0.3624454148471616,-0.2314410480349345,0.4672489082969432,-0.3799126637554585,0.5676855895196506,-0.4890829694323144,0.23580786026200873,-0.4847161572052402,0.3318777292576419,-0.6593886462882096,0.388646288209607,-0.7729257641921398,0.4410480349344978,-0.8777292576419214,0.1091703056768559,-0.5152838427947598,0.14410480349344978,-0.7379912663755459,0.17903930131004367,-0.8777292576419214,0.2096069868995633,-1.0,-0.013100436681222707,-0.4978165938864629,-0.017467248908296942,-0.6986899563318777,0.0,-0.8296943231441049,0.017467248908296942,-0.9519650655021834,-0.13100436681222707,-0.43231441048034935,-0.17467248908296942,-0.5895196506550219,-0.20087336244541484,-0.6986899563318777,-0.21397379912663755,-0.8122270742358079
0.0,0.0,0.17695473251028807,-0.0823045267489712,0.32510288065843623,-0.23868312757201646,0.41975308641975306,-0.38271604938271603,0.5020576131687243,-0.49382716049382713,0.18518518518518517,-0.48559670781893005,0.2674897119341564,-0.6748971193415638,0.32098765432098764,-0.7942386831275721,0.35802469135802467,-0.897119341563786,0.06172839506172839,-0.5102880658436214,0.08641975308641975,-0.7366255144032922,0.102880658436214,-0.8806584362139918,0.11522633744855967,-1.0,-0.04938271604938271,-0.48148148148148145,-0.0823045267489712,-0.6790123456790124,-0.09053497942386832,-0.8148148148148148,-0.09465020576131687,-0.934156378600823,-0.15637860082304528,-0.411522633744856,-0.22633744855967078,-0.551440329218107,-0.2716049382716049,-0.6502057613168725,-0.3045267489711934,-0.7489711934156379
0.0,0.0,0.18181818181818182,-0.09956709956709957,0.31601731601731603,-0.2727272727272727,0.3939393939393939,-0.42857142857142855,0.47186147186147187,-0.5584415584415584,0.13852813852813853,-0.5108225108225108,0.19480519480519481,-0.7012987012987013,0.23376623376623376,-0.8225108225108225,0.2597402597402597,-0.935064935064935,0.008658008658008658,-0.5194805194805194,0.0,-0.7359307359307359,0.004329004329004329,-0.8744588744588745,0.004329004329004329,-1.0,-0.10822510822510822,-0.4805194805194805,-0.16017316017316016,-0.6623376623376623,-0.18181818181818182,-0.7878787878787878,-0.19913419913419914,-0.9047619047619048,-0.21212121212121213,-0.39826839826839827,-0.2987012987012987,-0.5367965367965368,-0.35064935064935066,-0.6320346320346321,-0.3939393939393939,-0.7359307359307359
0.0,0.0,0.18454935622317598,-0.08583690987124463,0.3261802575107296,-0.2532188841201717,0.40772532188841204,-0.40772532188841204,0.4892703862660944,-0.5321888412017167,0.15879828326180256,-0.5021459227467812,0.2145922746781116,-0.6995708154506438,0.2575107296137339,-0.8197424892703863,0.2918454935622318,-0.927038626609442,0.02575107296137339,-0.5150214592274678,0.02575107296137339,-0.7339055793991416,0.030042918454935622,-0.8755364806866953,0.03862660944206009,-1.0,-0.09012875536480687,-0.47639484978540775,-0.13304721030042918,-0.6695278969957081,-0.1459227467811159,-0.7939914163090128,-0.15021459227467812,-0.9055793991416309,-0.19313304721030042,-0.39914163090128757,-0.2703862660944206,-0.5450643776824035,-0.3218884120171674,-0.6437768240343348,-0.3605150214592275,-0.7424892703862661
0.0,0.0,0.18723404255319148,-0.0851063829787234,0.3276595744680851,-0.251063829787234,0.4085106382978723,-0.40425531914893614,0.48936170212765956,-0.5234042553191489,0.16170212765957448,-0.49361702127659574,0.225531914893617,-0.6893617021276596,0.2723404255319149,-0.8085106382978723,0.31063829787234043,-0.9106382978723404,0.029787234042553193,-0.5106382978723404,0.029787234042553193,-0.7319148936170212,0.0425531914893617,-0.8765957446808511,0.05106382978723404,-1.0,-0.0851063829787234,-0.4765957446808511,-0.12340425531914893,-0.6680851063829787,-0.13191489361702127,-0.7957446808510639,-0.13191489361702127,-0.9106382978723404,-0.19148936170212766,-0.4,-0.25957446808510637,-0.5446808510638298,-0.3021276595744681,-0.6468085106382979,-0.3404255319148936,-0.7446808510638298
0.0,0.0,0.16101694915254236,-0.1271186440677966,0.2669491525423729,-0.3135593220338983,0.3177966101694915,-0.4788135593220339,0.3644067796610169,-0.6228813559322034,0.05508474576271186,-0.5211864406779662,0.08050847457627118,-0.7245762711864406,0.09745762711864407,-0.8516949152542372,0.11440677966101695,-0.9661016949152542,-0.07203389830508475,-0.5169491525423728,-0.11016949152542373,-0.7330508474576272,-0.1271186440677966,-0.8771186440677966,-0.1483050847457627,-1.0,-0.17796610169491525,-0.461864406779661,-0.2542372881355932,-0.6440677966101694,-0.2923728813559322,-0.7669491525423728,-0.3177966101694915,-0.8813559322033898,-0.2669491525423729,-0.3771186440677966,-0.3686440677966102,-0.5042372881355932,-0.4322033898305085,-0.5932203389830508,-0.4915254237288136,-0.6864406779661016
0.0,0.0,0.15611814345991562,-0.1308016877637131,0.25738396624472576,-0.3206751054852321,0.3037974683544304,-0.4936708860759494,0.350210970464135,-0.6371308016877637,0.046413502109704644,-0.5232067510548524,0.07172995780590717,-0.729957805907173,0.08438818565400844,-0.8607594936708861,0.10126582278481013,-0.9704641350210971,-0.08016877637130802,-0.5189873417721519,-0.12658227848101267,-0.7383966244725738,-0.1518987341772152,-0.8818565400843882,-0.1729957805907173,-1.0,-0.18565400843881857,-0.4641350210970464,-0.26582278481012656,-0.6497890295358649,-0.29957805907172996,-0.7721518987341772,-0.32489451476793246,-0.8818565400843882,-0.270042194092827,-0.3755274261603376,-0.37130801687763715,-0.5021097046413502,-0.4388185654008439,-0.5907172995780591,-0.5021097046413502,-0.6835443037974683
0.0,0.0,0.14410480349344978,-0.14410480349344978,0.2314410480349345,-0.33624454148471616,0.27074235807860264,-0.5109170305676856,0.314410480349345,-0.6550218340611353,-0.008733624454148471,-0.537117903930131,-0.008733624454148471,-0.7467248908296943,0.0,-0.8777292576419214,0.004366812227074236,-0.9912663755458515,-0.13537117903930132,-0.5152838427947598,-0.1965065502183406,-0.7379912663755459,-0.2314410480349345,-0.8820960698689956,-0.26200873362445415,-1.0,-0.2314410480349345,-0.4497816593886463,-0.3318777292576419,-0.6331877729257642,-0.3799126637554585,-0.759825327510917,-0.4148471615720524,-0.8733624454148472,-0.314410480349345,-0.34934497816593885,-0.42358078602620086,-0.4759825327510917,-0.4978165938864629,-0.5633187772925764,-0.5633187772925764,-0.6593886462882096
0.0,0.0,0.13973799126637554,-0.15283842794759825,0.22270742358078602,-0.34497816593886466,0.25327510917030566,-0.519650655021834,0.28820960698689957,-0.6681222707423581,-0.034934497816593885,-0.5327510917030568,-0.039301310043668124,-0.7510917030567685,-0.03056768558951965,-0.8820960698689956,-0.017467248908296942,-1.0,-0.16593886462882096,-0.5109170305676856,-0.2445414847161572,-0.7248908296943232,-0.2838427947598253,-0.868995633187773,-0.31877729257641924,-0.9912663755458515,-0.26200873362445415,-0.4366812227074236,-0.37117903930131,-0.611353711790393,-0.42358078602620086,-0.7336244541484717,-0.4672489082969432,-0.851528384279476,-0.3406113537117904,-0.32751091703056767,-0.45414847161572053,-0.4497816593886463,-0.5283842794759825,-0.5327510917030568,-0.5938864628820961,-0.6244541484716157
0.0,0.0,0.14912280701754385,-0.14035087719298245,0.25,-0.3333333333333333,0.2894736842105263,-0.5043859649122807,0.3333333333333333,-0.6491228070175439,0.008771929824561403,-0.5350877192982456,0.043859649122807015,-0.7412280701754386,0.06578947368421052,-0.8728070175438597,0.09210526315789473,-0.9912280701754386,-0.12719298245614036,-0.5219298245614035,-0.17982456140350878,-0.7368421052631579,-0.20175438596491227,-0.8771929824561403,-0.2149122807017544,-1.0,-0.2324561403508772,-0.45614035087719296,-0.3157894736842105,-0.6359649122807017,-0.3508771929824561,-0.7587719298245614,-0.37280701754385964,-0.8728070175438597,-0.3157894736842105,-0.35526315789473684,-0.4166666666666667,-0.4824561403508772,-0.4824561403508772,-0.5701754385964912,-0.5394736842105263,-0.6622807017543859
0.0,0.0,0.1703056768558952,-0.11790393013100436,0.2838427947598253,-0.30131004366812225,0.34497816593886466,-0.47161572052401746,0.4104803493449782,-0.611353711790393,0.08733624454148471,-0.5283842794759825,0.12663755458515283,-0.7379912663755459,0.1615720524017467,-0.8602620087336245,0.19213973799126638,-0.9694323144104804,-0.048034934497816595,-0.5283842794759825,-0.06986899563318777,-0.74235807860262,-0.0611353711790393,-0.8777292576419214,-0.05240174672489083,-1.0,-0.1615720524017467,-0.4759825327510917,-0.21397379912663755,-0.6550218340611353,-0.22707423580786026,-0.777292576419214,-0.2314410480349345,-0.8908296943231441,-0.2576419213973799,-0.38427947598253276,-0.3406113537117904,-0.519650655021834,-0.3930131004366812,-0.6157205240174672,-0.43231441048034935,-0.7205240174672489
0.0,0.0,0.17768595041322313,-0.09917355371900827,0.30991735537190085,-0.2768595041322314,0.3760330578512397,-0.43388429752066116,0.45041322314049587,-0.5578512396694215,0.13636363636363635,-0.5082644628099173,0.19421487603305784,-0.7024793388429752,0.23553719008264462,-0.8181818181818182,0.2768595041322314,-0.9132231404958677,0.008264462809917356,-0.5165289256198347,0.0,-0.731404958677686,0.012396694214876033,-0.8760330578512396,0.024793388429752067,-1.0,-0.10743801652892562,-0.47107438016528924,-0.1487603305785124,-0.6611570247933884,-0.16115702479338842,-0.7892561983471075,-0.16115702479338842,-0.9132231404958677,-0.2066115702479339,-0.3884297520661157,-0.2809917355371901,-0.5289256198347108,-0.32231404958677684,-0.628099173553719,-0.359504132231405,-0.7272727272727273
0.0,0.0,0.17813765182186234,-0.0931174089068826,0.3157894736842105,-0.26720647773279355,0.38866396761133604,-0.41700404858299595,0.46963562753036436,-0.5263157894736842,0.1659919028340081,-0.4939271255060729,0.242914979757085,-0.6842105263157895,0.29554655870445345,-0.8016194331983806,0.340080971659919,-0.8987854251012146,0.04048582995951417,-0.5101214574898786,0.05263157894736842,-0.7368421052631579,0.0728744939271255,-0.8785425101214575,0.08906882591093117,-1.0,-0.0728744939271255,-0.47368421052631576,-0.10931174089068826,-0.6720647773279352,-0.1214574898785425,-0.805668016194332,-0.12550607287449392,-0.9271255060728745,-0.17408906882591094,-0.3967611336032389,-0.23481781376518218,-0.5465587044534413,-0.27125506072874495,-0.6477732793522267,-0.29554655870445345,-0.757085020242915
0.0,0.0,0.1902834008097166,-0.0728744939271255,0.3522267206477733,-0.22672064777327935,0.4493927125506073,-0.3724696356275304,0.5465587044534413,-0.47368421052631576,0.22672064777327935,-0.4777327935222672,0.3441295546558704,-0.6518218623481782,0.4089068825910931,-0.7651821862348178,0.4574898785425101,-0.8623481781376519,0.10931174089068826,-0.5101214574898786,0.15384615384615385,-0.7368421052631579,0.19433198380566802,-0.8785425101214575,0.22267206477732793,-1.0,-0.008097165991902834,-0.4939271255060729,-0.016194331983805668,-0.6923076923076923,-0.004048582995951417,-0.8299595141700404,0.008097165991902834,-0.951417004048583,-0.11740890688259109,-0.4291497975708502,-0.1700404858299595,-0.5789473684210527,-0.19838056680161945,-0.6842105263157895,-0.2145748987854251,-0.7935222672064778
0.0,0.0,0.200836820083682,-0.06276150627615062,0.3807531380753138,-0.21338912133891214,0.49372384937238495,-0.3598326359832636,0.5983263598326359,-0.4602510460251046,0.26778242677824265,-0.47280334728033474,0.39330543933054396,-0.6485355648535565,0.4686192468619247,-0.7656903765690377,0.5313807531380753,-0.8619246861924686,0.14644351464435146,-0.5146443514644351,0.21338912133891214,-0.7364016736401674,0.26778242677824265,-0.8786610878661087,0.3138075313807531,-1.0,0.029288702928870293,-0.5062761506276151,0.0502092050209205,-0.7112970711297071,0.07531380753138076,-0.8410041841004184,0.10460251046025104,-0.9539748953974896,-0.08786610878661087,-0.4560669456066946,-0.12133891213389121,-0.6108786610878661,-0.13389121338912133,-0.7196652719665272,-0.14225941422594143,-0.8284518828451883
0.0,0.0,0.2,-0.04583333333333333,0.3875,-0.1875,0.5125,-0.32083333333333336,0.625,-0.4166666666666667,0.3,-0.45,0.44166666666666665,-0.625,0.5291666666666667,-0.7375,0.6,-0.8333333333333334,0.17916666666666667,-0.5041666666666667,0.25833333333333336,-0.7333333333333333,0.325,-0.875,0.37916666666666665,-1.0,0.058333333333333334,-0.5,0.0875,-0.7166666666666667,0.12916666666666668,-0.85,0.16666666666666666,-0.9708333333333333,-0.0625,-0.45416666666666666,-0.0875,-0.6166666666666667,-0.09166666666666666,-0.7291666666666666,-0.09166666666666666,-0.8416666666666667
0.0,0.0,0.2,-0.06086956521739131,0.3826086956521739,-0.20869565217391303,0.5,-0.3521739130434783,0.6173913043478261,-0.45217391304347826,0.2826086956521739,-0.47391304347826085,0.4043478260869565,-0.6478260869565218,0.4826086956521739,-0.7565217391304347,0.5478260869565217,-0.8521739130434782,0.1565217391304348,-0.5217391304347826,0.20434782608695654,-0.7391304347826086,0.2565217391304348,-0.8782608695652174,0.30434782608695654,-1.0,0.030434782608695653,-0.5130434782608696,0.04782608695652174,-0.7130434782608696,0.08260869565217391,-0.8347826086956521,0.12173913043478261,-0.9478260869565217,-0.09565217391304348,-0.4608695652173913,-0.11304347826086956,-0.6217391304347826,-0.11739130434782609,-0.7347826086956522,-0.10434782608695652,-0.8478260869565217
0.0,0.0,0.2079646017699115,-0.048672566371681415,0.39823008849557523,-0.18584070796460178,0.5221238938053098,-0.3230088495575221,0.6371681415929203,-0.4247787610619469,0.3141592920353982,-0.4690265486725664,0.45132743362831856,-0.6371681415929203,0.5442477876106194,-0.7389380530973452,0.6238938053097345,-0.8230088495575221,0.18584070796460178,-0.5221238938053098,0.24778761061946902,-0.7433628318584071,0.3053097345132743,-0.8805309734513275,0.3584070796460177,-1.0,0.05752212389380531,-0.5176991150442478,0.084070796460177,-0.7212389380530974,0.11946902654867257,-0.8451327433628318,0.16371681415929204,-0.9601769911504425,-0.07079646017699115,-0.4646017699115044,-0.084070796460177,-0.6283185840707964,-0.084070796460177,-0.7389380530973452,-0.07079646017699115,-0.8539823008849557
0.0,0.0,0.2222222222222222,-0.05555555555555555,0.4212962962962963,-0.19444444444444445,0.5370370370370371,-0.3425925925925926,0.6435185185185185,-0.46296296296296297,0.3425925925925926,-0.4861111111111111,0.4722222222222222,-0.6527777777777778,0.5555555555555556,-0.7592592592592593,0.6296296296296297,-0.8425925925925926,0.20833333333333334,-0.5462962962962963,0.25925925925925924,-0.7685185185185185,0.3194444444444444,-0.8981481481481481,0.37962962962962965,-1.0,0.0787037037037037,-0.5462962962962963,0.09722222222222222,-0.75,0.14351851851851852,-0.8657407407407407,0.19907407407407407,-0.9629629629629629,-0.06018518518518518,-0.5046296296296297,-0.06944444444444445,-0.6712962962962963,-0.06018518518518518,-0.7824074074074074,-0.037037037037037035,-0.8935185185185185
0.0,0.0,0.22685185185185186,-0.06018518518518518,0.4166666666666667,-0.21296296296296297,0.5277777777777778,-0.37037037037037035,0.625,-0.4861111111111111,0.3287037037037037,-0.49537037037037035,0.44907407407407407,-0.6666666666666666,0.5231481481481481,-0.7685185185185185,0.5925925925925926,-0.8611111111111112,0.19907407407407407,-0.5509259259259259,0.24537037037037038,-0.7731481481481481,0.30092592592592593,-0.8981481481481481,0.3611111111111111,-1.0,0.06481481481481481,-0.5509259259259259,0.08333333333333333,-0.7546296296296297,0.12962962962962962,-0.8703703703703703,0.18981481481481483,-0.9629629629629629,-0.07407407407407407,-0.5092592592592593,-0.0787037037037037,-0.6805555555555556,-0.06481481481481481,-0.7916666666666666,-0.037037037037037035,-0.8935185185185185
0.0,0.0,0.22272727272727272,-0.05909090909090909,0.41363636363636364,-0.21818181818181817,0.5272727272727272,-0.36818181818181817,0.6318181818181818,-0.4818181818181818,0.32727272727272727,-0.4954545454545455,0.45454545454545453,-0.6545454545454545,0.5363636363636364,-0.7545454545454545,0.6181818181818182,-0.8318181818181818,0.2,-0.5545454545454546,0.2409090909090909,-0.7727272727272727,0.3,-0.9,0.35909090909090907,-1.0,0.06818181818181818,-0.5545454545454546,0.08636363636363636,-0.759090909090909,0.1409090909090909,-0.8727272727272727,0.20909090909090908,-0.9727272727272728,-0.06363636363636363,-0.509090909090909,-0.06818181818181818,-0.6818181818181818,-0.05,-0.7909090909090909,-0.01818181818181818,-0.8954545454545455
0.0,0.0,0.228310502283105,-0.0593607305936073,0.4292237442922374,-0.2054794520547945,0.5570776255707762,-0.3470319634703196,0.6757990867579908,-0.4520547945205479,0.3607305936073059,-0.4885844748858447,0.4977168949771689,-0.639269406392694,0.593607305936073,-0.7351598173515982,0.6757990867579908,-0.8127853881278538,0.2374429223744292,-0.5525114155251142,0.2968036529680365,-0.776255707762557,0.3607305936073059,-0.8995433789954338,0.4337899543378995,-1.0,0.1050228310502283,-0.5616438356164384,0.1415525114155251,-0.771689497716895,0.2009132420091324,-0.8904109589041096,0.2785388127853881,-0.9817351598173516,-0.0319634703196347,-0.5296803652968036,-0.0273972602739726,-0.7031963470319634,-0.0045662100456621,-0.817351598173516,0.0365296803652968,-0.9223744292237442
0.0,0.0,0.22857142857142856,-0.05238095238095238,0.44761904761904764,-0.18095238095238095,0.6047619047619047,-0.3047619047619048,0.7380952380952381,-0.40476190476190477,0.4142857142857143,-0.4857142857142857,0.5714285714285714,-0.6428571428571429,0.680952380952381,-0.7285714285714285,0.7857142857142857,-0.7952380952380952,0.29523809523809524,-0.5666666666666667,0.3904761904761905,-0.7761904761904762,0.47619047619047616,-0.8952380952380953,0.5666666666666667,-0.9904761904761905,0.1619047619047619,-0.5857142857142857,0.21428571428571427,-0.7904761904761904,0.28095238095238095,-0.9047619047619048,0.3619047619047619,-1.0,0.014285714285714285,-0.5571428571428572,0.0380952380952381,-0.7333333333333333,0.07142857142857142,-0.8476190476190476,0.12380952380952381,-0.9523809523809523
0.0,0.0,0.23333333333333334,-0.03333333333333333,0.46190476190476193,-0.14285714285714285,0.6333333333333333,-0.2523809523809524,0.7761904761904762,-0.34285714285714286,0.45714285714285713,-0.4523809523809524,0.6333333333333333,-0.6,0.7476190476190476,-0.680952380952381,0.8523809523809524,-0.7523809523809524,0.3476190476190476,-0.5428571428571428,0.5,-0.7380952380952381,0.6047619047619047,-0.8523809523809524,0.7,-0.9571428571428572,0.21904761904761905,-0.5761904761904761,0.29523809523809524,-0.7761904761904762,0.37142857142857144,-0.8952380952380953,0.4523809523809524,-1.0,0.07142857142857142,-0.5666666666666667,0.10952380952380952,-0.7428571428571429,0.14761904761904762,-0.8571428571428571,0.20476190476190476,-0.9619047619047619
0.0,0.0,0.24878048780487805,-0.00975609756097561,0.4926829268292683,-0.1073170731707317,0.6829268292682927,-0.2048780487804878,0.8439024390243902,-0.2780487804878049,0.5024390243902439,-0.4195121951219512,0.7170731707317073,-0.5414634146341464,0.8585365853658536,-0.6146341463414634,0.975609756097561,-0.6731707317073171,0.4146341463414634,-0.5219512195121951,0.6097560975609756,-0.7024390243902439,0.7463414634146341,-0.8097560975609757,0.8634146341463415,-0.9024390243902439,0.2926829268292683,-0.5707317073170731,0.4146341463414634,-0.7853658536585366,0.5170731707317073,-0.9024390243902439,0.6195121951219512,-1.0,0.14146341463414633,-0.5804878048780487,0.2048780487804878,-0.7560975609756098,0.2634146341463415,-0.8731707317073171,0.33170731707317075,-0.9804878048780488
0.0,0.0,0.2403846153846154,0.004807692307692308,0.49038461538461536,-0.07692307692307693,0.6875,-0.15865384615384615,0.8461538461538461,-0.21634615384615385,0.5240384615384616,-0.38461538461538464,0.7355769230769231,-0.4855769230769231,0.8798076923076923,-0.5480769230769231,1.0,-0.5961538461538461,0.4423076923076923,-0.4855769230769231,0.6346153846153846,-0.6538461538461539,0.7644230769230769,-0.7548076923076923,0.8798076923076923,-0.8461538461538461,0.3269230769230769,-0.5384615384615384,0.47596153846153844,-0.7307692307692307,0.5913461538461539,-0.8365384615384616,0.7019230769230769,-0.9230769230769231,0.19230769230769232,-0.5528846153846154,0.2692307692307692,-0.7211538461538461,0.33653846153846156,-0.8317307692307693,0.41346153846153844,-0.9326923076923077
0.0,0.0,0.2463768115942029,-0.024154589371980676,0.48792270531400966,-0.12560386473429952,0.6763285024154589,-0.2222222222222222,0.8309178743961353,-0.2898550724637681,0.48792270531400966,-0.4444444444444444,0.6908212560386473,-0.5748792270531401,0.8164251207729468,-0.6521739130434783,0.9227053140096618,-0.7198067632850241,0.391304347826087,-0.5362318840579711,0.5652173913043478,-0.7294685990338164,0.6908212560386473,-0.8405797101449275,0.8019323671497585,-0.927536231884058,0.26570048309178745,-0.5748792270531401,0.391304347826087,-0.782608695652174,0.4927536231884058,-0.8985507246376812,0.5942028985507246,-1.0,0.12560386473429952,-0.5700483091787439,0.18357487922705315,-0.7439613526570048,0.24154589371980675,-0.8599033816425121,0.30434782608695654,-0.966183574879227
0.0,0.0,0.21585903083700442,-0.05726872246696035,0.40969162995594716,-0.19823788546255505,0.5506607929515418,-0.32158590308370044,0.6784140969162996,-0.4052863436123348,0.3436123348017621,-0.47577092511013214,0.4977973568281938,-0.6475770925110133,0.5903083700440529,-0.748898678414097,0.6696035242290749,-0.8370044052863436,0.23788546255506607,-0.5330396475770925,0.34801762114537443,-0.748898678414097,0.42290748898678415,-0.8854625550660793,0.4845814977973568,-1.0,0.11894273127753303,-0.5418502202643172,0.18502202643171806,-0.7533039647577092,0.24669603524229075,-0.8810572687224669,0.31277533039647576,-0.986784140969163,-0.00881057268722467,-0.5066079295154186,0.00881057268722467,-0.6784140969162996,0.039647577092511016,-0.788546255506608,0.07488986784140969,-0.8942731277533039
0.0,0.0,0.2077922077922078,-0.06493506493506493,0.39826839826839827,-0.2077922077922078,0.5324675324675324,-0.33766233766233766,0.6493506493506493,-0.42857142857142855,0.329004329004329,-0.47186147186147187,0.4675324675324675,-0.645021645021645,0.5541125541125541,-0.7532467532467533,0.6320346320346321,-0.8441558441558441,0.21212121212121213,-0.5238095238095238,0.30303030303030304,-0.7489177489177489,0.36363636363636365,-0.8874458874458875,0.4155844155844156,-1.0,0.09523809523809523,-0.5238095238095238,0.14285714285714285,-0.7359307359307359,0.19047619047619047,-0.8701298701298701,0.24675324675324675,-0.9826839826839827,-0.03463203463203463,-0.48484848484848486,-0.030303030303030304,-0.645021645021645,-0.008658008658008658,-0.7532467532467533,0.021645021645021644,-0.8614718614718615
0.0,0.0,0.1836734693877551,-0.08979591836734693,0.33877551020408164,-0.24897959183673468,0.43673469387755104,-0.3877551020408163,0.5346938775510204,-0.4857142857142857,0.20408163265306123,-0.4816326530612245,0.2979591836734694,-0.6653061224489796,0.3510204081632653,-0.7795918367346939,0.39591836734693875,-0.8816326530612245,0.08571428571428572,-0.5102040816326531,0.11428571428571428,-0.7346938775510204,0.14285714285714285,-0.8775510204081632,0.1673469387755102,-1.0,-0.02040816326530612,-0.4857142857142857,-0.012244897959183673,-0.6938775510204082,0.0163265306122449,-0.8204081632653061,0.04897959183673469,-0.9346938775510204,-0.12653061224489795,-0.42448979591836733,-0.15510204081632653,-0.5755102040816327,-0.1673469387755102,-0.6857142857142857,-0.17142857142857143,-0.7959183673469388
0.0,0.0,0.18032786885245902,-0.0942622950819672,0.3237704918032787,-0.27049180327868855,0.4098360655737705,-0.42213114754098363,0.5040983606557377,-0.5286885245901639,0.1721311475409836,-0.4918032786885246,0.2459016393442623,-0.680327868852459,0.2827868852459016,-0.8032786885245902,0.3073770491803279,-0.9057377049180327,0.04918032786885246,-0.5081967213114754,0.05737704918032787,-0.7377049180327869,0.06967213114754098,-0.8811475409836066,0.07377049180327869,-1.0,-0.06147540983606557,-0.47540983606557374,-0.0778688524590164,-0.680327868852459,-0.06557377049180328,-0.8155737704918032,-0.05327868852459016,-0.930327868852459,-0.1598360655737705,-0.4016393442622951,-0.20901639344262296,-0.5491803278688525,-0.2336065573770492,-0.6557377049180327,-0.25,-0.7663934426229508
0.0,0.0,0.17813765182186234,-0.10526315789473684,0.3117408906882591,-0.2834008097165992,0.38866396761133604,-0.43724696356275305,0.47368421052631576,-0.5425101214574899,0.14979757085020243,-0.4979757085020243,0.21862348178137653,-0.6923076923076923,0.25101214574898784,-0.8137651821862348,0.27530364372469635,-0.9190283400809717,0.024291497975708502,-0.5101214574898786,0.02834008097165992,-0.7368421052631579,0.02834008097165992,-0.8825910931174089,0.02834008097165992,-1.0,-0.08097165991902834,-0.47368421052631576,-0.10931174089068826,-0.6761133603238867,-0.10931174089068826,-0.805668016194332,-0.10526315789473684,-0.9230769230769231,-0.17813765182186234,-0.3967611336032389,-0.23481781376518218,-0.5425101214574899,-0.2631578947368421,-0.6437246963562753,-0.2874493927125506,-0.7449392712550608
0.0,0.0,0.17142857142857143,-0.10612244897959183,0.3020408163265306,-0.2897959183673469,0.3836734693877551,-0.4448979591836735,0.46122448979591835,-0.5510204081632653,0.1346938775510204,-0.5061224489795918,0.19183673469387755,-0.7020408163265306,0.22448979591836735,-0.8285714285714286,0.2530612244897959,-0.9346938775510204,0.00816326530612245,-0.5142857142857142,0.0,-0.7387755102040816,0.0,-0.8816326530612245,-0.004081632653061225,-1.0,-0.09795918367346938,-0.47346938775510206,-0.1469387755102041,-0.6693877551020408,-0.1673469387755102,-0.8081632653061225,-0.17959183673469387,-0.9306122448979591,-0.19183673469387755,-0.39183673469387753,-0.2530612244897959,-0.5346938775510204,-0.2938775510204082,-0.6408163265306123,-0.32653061224489793,-0.746938775510204
0.0,0.0,0.16129032258064516,-0.11290322580645161,0.2701612903225806,-0.29435483870967744,0.3346774193548387,-0.45161290322580644,0.40725806451612906,-0.5685483870967742,0.0967741935483871,-0.5080645161290323,0.14516129032258066,-0.7056451612903226,0.1693548387096774,-0.8346774193548387,0.1814516129032258,-0.9475806451612904,-0.03225806451612903,-0.5080645161290323,-0.06451612903225806,-0.7258064516129032,-0.08064516129032258,-0.8709677419354839,-0.10483870967741936,-1.0,-0.13709677419354838,-0.45564516129032256,-0.21370967741935484,-0.6411290322580645,-0.2540322580645161,-0.7741935483870968,-0.2903225806451613,-0.8951612903225806,-0.2217741935483871,-0.36693548387096775,-0.33064516129032256,-0.4838709677419355,-0.4032258064516129,-0.5685483870967742,-0.4637096774193548,-0.6612903225806451
0.0,0.0,0.1673469387755102,-0.11020408163265306,0.27755102040816326,-0.2979591836734694,0.3346938775510204,-0.46122448979591835,0.40816326530612246,-0.5755102040816327,0.09795918367346938,-0.5183673469387755,0.1469387755102041,-0.7224489795918367,0.17142857142857143,-0.8489795918367347,0.18775510204081633,-0.9591836734693877,-0.0326530612244898,-0.5183673469387755,-0.061224489795918366,-0.7428571428571429,-0.07755102040816327,-0.8857142857142857,-0.09795918367346938,-1.0,-0.1346938775510204,-0.46938775510204084,-0.20408163265306123,-0.6612244897959184,-0.24081632653061225,-0.7877551020408163,-0.27346938775510204,-0.9020408163265307,-0.22040816326530613,-0.3795918367346939,-0.3224489795918367,-0.5020408163265306,-0.3877551020408163,-0.5877551020408164,-0.4448979591836735,-0.6775510204081633
0.0,0.0,0.1652892561983471,-0.1115702479338843,0.2727272727272727,-0.30991735537190085,0.3181818181818182,-0.4793388429752066,0.384297520661157,-0.6033057851239669,0.07024793388429752,-0.5289256198347108,0.09504132231404959,-0.731404958677686,0.10743801652892562,-0.859504132231405,0.1115702479338843,-0.9710743801652892,-0.06198347107438017,-0.5206611570247934,-0.09504132231404959,-0.743801652892562,-0.11983471074380166,-0.8842975206611571,-0.1487603305785124,-1.0,-0.1652892561983471,-0.4669421487603306,-0.24380165289256198,-0.6528925619834711,-0.2975206611570248,-0.7727272727272727,-0.33884297520661155,-0.8801652892561983,-0.24793388429752067,-0.3760330578512397,-0.35537190082644626,-0.49173553719008267,-0.4256198347107438,-0.5702479338842975,-0.48760330578512395,-0.6528925619834711
0.0,0.0,0.1589958158995816,-0.1297071129707113,0.26359832635983266,-0.32217573221757323,0.301255230125523,-0.49372384937238495,0.36401673640167365,-0.6276150627615062,0.03765690376569038,-0.5355648535564853,0.05439330543933055,-0.7489539748953975,0.058577405857740586,-0.8786610878661087,0.05439330543933055,-0.99581589958159,-0.09205020920502092,-0.5271966527196653,-0.1506276150627615,-0.7489539748953975,-0.18410041841004185,-0.8870292887029289,-0.2175732217573222,-1.0,-0.19665271966527198,-0.4686192468619247,-0.28870292887029286,-0.6485355648535565,-0.34309623430962344,-0.7740585774058577,-0.3891213389121339,-0.8828451882845189,-0.2719665271966527,-0.3723849372384937,-0.3891213389121339,-0.4895397489539749,-0.46443514644351463,-0.5690376569037657,-0.5271966527196653,-0.6527196652719666
0.0,0.0,0.15254237288135594,-0.13983050847457626,0.24152542372881355,-0.3389830508474576,0.2796610169491525,-0.5127118644067796,0.3220338983050847,-0.6567796610169492,0.00847457627118644,-0.538135593220339,0.00847457627118644,-0.75,0.012711864406779662,-0.885593220338983,0.00847457627118644,-1.0,-0.11864406779661017,-0.5169491525423728,-0.1864406779661017,-0.7415254237288136,-0.2245762711864407,-0.8813559322033898,-0.2584745762711864,-1.0,-0.22033898305084745,-0.4533898305084746,-0.3135593220338983,-0.6398305084745762,-0.3601694915254237,-0.7711864406779662,-0.3983050847457627,-0.885593220338983,-0.2966101694915254,-0.3559322033898305,-0.4110169491525424,-0.4788135593220339,-0.4872881355932203,-0.5635593220338984,-0.5550847457627118,-0.6483050847457628
0.0,0.0,0.15126050420168066,-0.13865546218487396,0.23529411764705882,-0.3445378151260504,0.25630252100840334,-0.5210084033613446,0.28991596638655465,-0.6680672268907563,-0.008403361344537815,-0.5378151260504201,-0.012605042016806723,-0.7521008403361344,-0.012605042016806723,-0.8865546218487395,-0.01680672268907563,-1.0,-0.13865546218487396,-0.5168067226890757,-0.22268907563025211,-0.7394957983193278,-0.2647058823529412,-0.8781512605042017,-0.3025210084033613,-0.9957983193277311,-0.23949579831932774,-0.4495798319327731,-0.3445378151260504,-0.634453781512605,-0.3949579831932773,-0.7647058823529411,-0.4369747899159664,-0.8823529411764706,-0.31092436974789917,-0.3487394957983193,-0.42857142857142855,-0.46638655462184875,-0.5042016806722689,-0.5504201680672269,-0.5714285714285714,-0.6428571428571429
0.0,0.0,0.1483050847457627,-0.13559322033898305,0.2330508474576271,-0.3177966101694915,0.2330508474576271,-0.4830508474576271,0.2245762711864407,-0.6228813559322034,-0.00423728813559322,-0.538135593220339,-0.00423728813559322,-0.75,-0.0211864406779661,-0.885593220338983,-0.0423728813559322,-1.0,-0.13983050847457626,-0.5169491525423728,-0.2288135593220339,-0.7372881355932204,-0.2838983050847458,-0.8728813559322034,-0.3347457627118644,-0.9915254237288136,-0.24152542372881355,-0.4449152542372881,-0.3432203389830508,-0.6271186440677966,-0.3983050847457627,-0.7542372881355932,-0.4406779661016949,-0.8686440677966102,-0.3135593220338983,-0.3432203389830508,-0.423728813559322,-0.4661016949152542,-0.4957627118644068,-0.5550847457627118,-0.5550847457627118,-0.6440677966101694
0.0,0.0,0.14345991561181434,-0.1350210970464135,0.21940928270042195,-0.3206751054852321,0.22362869198312235,-0.4810126582278481,0.23628691983122363,-0.6160337552742616,0.0,-0.5358649789029536,0.008438818565400843,-0.7510548523206751,-0.004219409282700422,-0.8860759493670886,-0.02109704641350211,-1.0,-0.1350210970464135,-0.5147679324894515,-0.21518987341772153,-0.729957805907173,-0.270042194092827,-0.8649789029535865,-0.31645569620253167,-0.9831223628691983,-0.23628691983122363,-0.4472573839662447,-0.3333333333333333,-0.6244725738396625,-0.38396624472573837,-0.7468354430379747,-0.42616033755274263,-0.8607594936708861,-0.31223628691983124,-0.34177215189873417,-0.4219409282700422,-0.4641350210970464,-0.48945147679324896,-0.5527426160337553,-0.5527426160337553,-0.6455696202531646
0.0,0.0,0.14345991561181434,-0.13924050632911392,0.22362869198312235,-0.3291139240506329,0.22784810126582278,-0.4936708860759494,0.24472573839662448,-0.6329113924050633,0.004219409282700422,-0.5443037974683544,0.008438818565400843,-0.7510548523206751,0.0,-0.8860759493670886,-0.016877637130801686,-1.0,-0.1350210970464135,-0.5189873417721519,-0.21940928270042195,-0.7341772151898734,-0.270042194092827,-0.869198312236287,-0.31645569620253167,-0.9831223628691983,-0.23628691983122363,-0.45147679324894513,-0.3333333333333333,-0.6244725738396625,-0.3924050632911392,-0.7468354430379747,-0.4388185654008439,-0.8607594936708861,-0.31223628691983124,-0.3459915611814346,-0.4219409282700422,-0.4641350210970464,-0.4936708860759494,-0.5485232067510548,-0.5569620253164557,-0.6329113924050633
0.0,0.0,0.1440677966101695,-0.1483050847457627,0.21610169491525424,-0.3432203389830508,0.21610169491525424,-0.5127118644067796,0.2288135593220339,-0.6567796610169492,-0.012711864406779662,-0.5508474576271186,-0.025423728813559324,-0.7584745762711864,-0.0423728813559322,-0.885593220338983,-0.0635593220338983,-1.0,-0.1483050847457627,-0.5211864406779662,-0.23728813559322035,-0.7245762711864406,-0.2923728813559322,-0.8516949152542372,-0.3389830508474576,-0.961864406779661,-0.2457627118644068,-0.4491525423728814,-0.3474576271186441,-0.614406779661017,-0.4025423728813559,-0.7288135593220338,-0.4491525423728814,-0.8305084745762712,-0.3220338983050847,-0.3432203389830508,-0.4322033898305085,-0.461864406779661,-0.5,-0.5466101694915254,-0.5677966101694916,-0.6313559322033898
0.0,0.0,0.14655172413793102,-0.14655172413793102,0.21982758620689655,-0.34051724137931033,0.21982758620689655,-0.5086206896551724,0.23275862068965517,-0.6551724137931034,-0.017241379310344827,-0.5431034482758621,-0.03017241379310345,-0.7543103448275862,-0.04741379310344827,-0.8879310344827587,-0.07327586206896551,-1.0,-0.15517241379310345,-0.5172413793103449,-0.25,-0.728448275862069,-0.30603448275862066,-0.8663793103448276,-0.35344827586206895,-0.978448275862069,-0.2543103448275862,-0.44396551724137934,-0.36637931034482757,-0.6163793103448276,-0.4267241379310345,-0.7413793103448276,-0.47413793103448276,-0.853448275862069,-0.3275862068965517,-0.33620689655172414,-0.44396551724137934,-0.45689655172413796,-0.5172413793103449,-0.5431034482758621,-0.5818965517241379,-0.6336206896551724
0.0,0.0,0.13924050632911392,-0.14767932489451477,0.20253164556962025,-0.3459915611814346,0.20253164556962025,-0.5232067510548524,0.20675105485232068,-0.6666666666666666,-0.0379746835443038,-0.540084388185654,-0.05063291139240506,-0.7510548523206751,-0.07172995780590717,-0.8818565400843882,-0.0970464135021097,-1.0,-0.16877637130801687,-0.510548523206751,-0.26582278481012656,-0.7172995780590717,-0.32489451476793246,-0.8523206751054853,-0.3755274261603376,-0.9704641350210971,-0.26582278481012656,-0.4388185654008439,-0.38396624472573837,-0.6118143459915611,-0.4472573839662447,-0.7341772151898734,-0.4978902953586498,-0.8438818565400844,-0.3291139240506329,-0.3333333333333333,-0.459915611814346,-0.4430379746835443,-0.5443037974683544,-0.5274261603375527,-0.620253164556962,-0.6118143459915611
0.0,0.0,0.14644351464435146,-0.1506276150627615,0.20920502092050208,-0.35564853556485354,0.200836820083682,-0.5313807531380753,0.21338912133891214,-0.6820083682008368,-0.04184100418410042,-0.5439330543933054,-0.05439330543933055,-0.7531380753138075,-0.07112970711297072,-0.8870292887029289,-0.09623430962343096,-1.0,-0.17154811715481172,-0.5104602510460251,-0.26359832635983266,-0.7196652719665272,-0.32217573221757323,-0.8535564853556485,-0.3723849372384937,-0.9665271966527197,-0.26359832635983266,-0.4393305439330544,-0.3807531380753138,-0.6108786610878661,-0.4435146443514644,-0.7364016736401674,-0.49372384937238495,-0.8493723849372385,-0.3305439330543933,-0.33472803347280333,-0.4602510460251046,-0.4393305439330544,-0.5397489539748954,-0.5188284518828452,-0.6150627615062761,-0.602510460251046
0.0,0.0,0.13025210084033614,-0.15966386554621848,0.18487394957983194,-0.36554621848739494,0.16806722689075632,-0.542016806722689,0.15966386554621848,-0.6890756302521008,-0.07563025210084033,-0.542016806722689,-0.10084033613445378,-0.7521008403361344,-0.13025210084033614,-0.8865546218487395,-0.1638655462184874,-1.0,-0.20588235294117646,-0.5,-0.3235294117647059,-0.7016806722689075,-0.3949579831932773,-0.8319327731092437,-0.46218487394957986,-0.9411764705882353,-0.29831932773109243,-0.42016806722689076,-0.4369747899159664,-0.5840336134453782,-0.5168067226890757,-0.7058823529411765,-0.5840336134453782,-0.8151260504201681,-0.36134453781512604,-0.3025210084033613,-0.5168067226890757,-0.3907563025210084,-0.6176470588235294,-0.4495798319327731,-0.7142857142857143,-0.5168067226890757
0.0,0.0,0.13596491228070176,-0.16666666666666666,0.19298245614035087,-0.3815789473684211,0.17543859649122806,-0.5570175438596491,0.16666666666666666,-0.6973684210526315,-0.07894736842105263,-0.5614035087719298,-0.11842105263157894,-0.7631578947368421,-0.14473684210526316,-0.8903508771929824,-0.16666666666666666,-1.0,-0.2149122807017544,-0.5131578947368421,-0.3333333333333333,-0.7149122807017544,-0.40350877192982454,-0.8377192982456141,-0.4605263157894737,-0.9429824561403509,-0.3026315789473684,-0.4298245614035088,-0.42543859649122806,-0.5964912280701754,-0.4956140350877193,-0.706140350877193,-0.5482456140350878,-0.8070175438596491,-0.3684210526315789,-0.3157894736842105,-0.4956140350877193,-0.42543859649122806,-0.5745614035087719,-0.5,-0.6491228070175439,-0.5789473684210527
0.0,0.0,0.1415929203539823,-0.16371681415929204,0.19469026548672566,-0.3805309734513274,0.168141592920354,-0.5575221238938053,0.16371681415929204,-0.6991150442477876,-0.0752212389380531,-0.5619469026548672,-0.11504424778761062,-0.7654867256637168,-0.14601769911504425,-0.8893805309734514,-0.17699115044247787,-1.0,-0.21238938053097345,-0.5176991150442478,-0.33185840707964603,-0.7212389380530974,-0.4026548672566372,-0.8495575221238938,-0.46017699115044247,-0.9557522123893806,-0.3053097345132743,-0.43805309734513276,-0.4336283185840708,-0.6061946902654868,-0.5,-0.7212389380530974,-0.5575221238938053,-0.8230088495575221,-0.37168141592920356,-0.3230088495575221,-0.504424778761062,-0.4336283185840708,-0.584070796460177,-0.5088495575221239,-0.6592920353982301,-0.5929203539823009
0.0,0.0,0.13901345291479822,-0.15695067264573992,0.18834080717488788,-0.37668161434977576,0.16591928251121077,-0.5605381165919282,0.17040358744394618,-0.7085201793721974,-0.08071748878923767,-0.5650224215246636,-0.11659192825112108,-0.7668161434977578,-0.15246636771300448,-0.8923766816143498,-0.18834080717488788,-1.0,-0.21524663677130046,-0.5246636771300448,-0.33183856502242154,-0.7309417040358744,-0.40358744394618834,-0.8565022421524664,-0.47085201793721976,-0.9641255605381166,-0.3094170403587444,-0.4439461883408072,-0.4349775784753363,-0.6188340807174888,-0.5022421524663677,-0.7309417040358744,-0.5650224215246636,-0.8340807174887892,-0.37668161434977576,-0.3273542600896861,-0.5067264573991032,-0.4439461883408072,-0.5874439461883408,-0.5201793721973094,-0.6636771300448431,-0.600896860986547
0.0,0.0,0.14285714285714285,-0.15668202764976957,0.20276497695852536,-0.3686635944700461,0.18433179723502305,-0.5529953917050692,0.1889400921658986,-0.7050691244239631,-0.06912442396313365,-0.5668202764976958,-0.11059907834101383,-0.7649769585253456,-0.14285714285714285,-0.8894009216589862,-0.17511520737327188,-1.0,-0.2073732718894009,-0.5299539170506913,-0.3225806451612903,-0.7419354838709677,-0.39631336405529954,-0.8755760368663594,-0.4608294930875576,-0.9907834101382489,-0.30414746543778803,-0.4470046082949309,-0.43317972350230416,-0.6267281105990783,-0.5069124423963134,-0.7465437788018433,-0.5714285714285714,-0.8571428571428571,-0.37327188940092165,-0.3317972350230415,-0.5069124423963134,-0.45161290322580644,-0.5898617511520737,-0.5345622119815668,-0.6682027649769585,-0.6175115207373272
0.0,0.0,0.13513513513513514,-0.16216216216216217,0.18468468468468469,-0.3738738738738739,0.17567567567567569,-0.5495495495495496,0.18468468468468469,-0.6981981981981982,-0.09009009009009009,-0.5675675675675675,-0.13963963963963963,-0.7702702702702703,-0.17117117117117117,-0.8918918918918919,-0.20270270270270271,-1.0,-0.22522522522522523,-0.5225225225225225,-0.34684684684684686,-0.7252252252252253,-0.42342342342342343,-0.8468468468468469,-0.49099099099099097,-0.954954954954955,-0.31981981981981983,-0.4369369369369369,-0.45495495495495497,-0.6081081081081081,-0.5315315315315315,-0.7207207207207207,-0.5990990990990991,-0.8243243243243243,-0.38288288288288286,-0.31981981981981983,-0.527027027027027,-0.4189189189189189,-0.6261261261261262,-0.49099099099099097,-0.7162162162162162,-0.5630630630630631
0.0,0.0,0.15517241379310345,-0.14655172413793102,0.23275862068965517,-0.34913793103448276,0.2413793103448276,-0.5258620689655172,0.2629310344827586,-0.6724137931034483,-0.008620689655172414,-0.5517241379310345,-0.017241379310344827,-0.75,-0.02586206896551724,-0.875,-0.03879310344827586,-0.9870689655172413,-0.14224137931034483,-0.5258620689655172,-0.21982758620689655,-0.7413793103448276,-0.25862068965517243,-0.8793103448275862,-0.29310344827586204,-1.0,-0.2413793103448276,-0.45689655172413796,-0.34051724137931033,-0.6379310344827587,-0.3922413793103448,-0.7629310344827587,-0.4267241379310345,-0.875,-0.31896551724137934,-0.35344827586206895,-0.4396551724137931,-0.47413793103448276,-0.5172413793103449,-0.5603448275862069,-0.5818965517241379,-0.6508620689655172
0.0,0.0,0.15948275862068967,-0.14224137931034483,0.24568965517241378,-0.34913793103448276,0.2629310344827586,-0.5301724137931034,0.29310344827586204,-0.6724137931034483,0.034482758620689655,-0.5560344827586207,0.021551724137931036,-0.7586206896551724,0.01293103448275862,-0.8793103448275862,0.0,-0.9913793103448276,-0.10344827586206896,-0.5387931034482759,-0.1724137931034483,-0.75,-0.21120689655172414,-0.8836206896551724,-0.23706896551724138,-1.0,-0.21120689655172414,-0.47413793103448276,-0.2974137931034483,-0.6551724137931034,-0.34051724137931033,-0.7758620689655172,-0.3706896551724138,-0.8879310344827587,-0.2974137931034483,-0.3706896551724138,-0.40948275862068967,-0.49137931034482757,-0.4827586206896552,-0.5818965517241379,-0.5431034482758621,-0.6767241379310345
0.0,0.0,0.16455696202531644,-0.1350210970464135,0.25738396624472576,-0.33755274261603374,0.2911392405063291,-0.5147679324894515,0.3333333333333333,-0.6497890295358649,0.06751054852320675,-0.5527426160337553,0.07172995780590717,-0.7426160337552743,0.06751054852320675,-0.8607594936708861,0.06329113924050633,-0.9620253164556962,-0.06751054852320675,-0.540084388185654,-0.11814345991561181,-0.7510548523206751,-0.1350210970464135,-0.8860759493670886,-0.14767932489451477,-1.0,-0.17721518987341772,-0.48523206751054854,-0.2489451476793249,-0.6708860759493671,-0.2742616033755274,-0.7890295358649789,-0.2869198312236287,-0.8945147679324894,-0.270042194092827,-0.3924050632911392,-0.3628691983122363,-0.5274261603375527,-0.4219409282700422,-0.620253164556962,-0.46835443037974683,-0.7172995780590717
0.0,0.0,0.17670682730923695,-0.11244979919678715,0.2971887550200803,-0.2971887550200803,0.3453815261044177,-0.46586345381526106,0.40160642570281124,-0.5943775100401606,0.14056224899598393,-0.5261044176706827,0.17269076305220885,-0.714859437751004,0.19678714859437751,-0.8273092369477911,0.2248995983935743,-0.9317269076305221,0.012048192771084338,-0.5341365461847389,-0.008032128514056224,-0.7469879518072289,-0.008032128514056224,-0.8835341365461847,0.0,-1.0,-0.10040160642570281,-0.4899598393574297,-0.14859437751004015,-0.678714859437751,-0.1646586345381526,-0.8032128514056225,-0.1646586345381526,-0.9116465863453815,-0.20481927710843373,-0.40963855421686746,-0.28112449799196787,-0.5502008032128514,-0.3253012048192771,-0.6465863453815262,-0.3614457831325301,-0.7469879518072289
0.0,0.0,0.18218623481781376,-0.10931174089068826,0.3157894736842105,-0.291497975708502,0.3967611336032389,-0.4574898785425101,0.46558704453441296,-0.5789473684210527,0.19433198380566802,-0.5101214574898786,0.24696356275303644,-0.6923076923076923,0.2834008097165992,-0.8016194331983806,0.3157894736842105,-0.902834008097166,0.06882591093117409,-0.5344129554655871,0.08906882591093117,-0.7449392712550608,0.11336032388663968,-0.8825910931174089,0.13765182186234817,-1.0,-0.044534412955465584,-0.5101214574898786,-0.06882591093117409,-0.7044534412955465,-0.06477732793522267,-0.8259109311740891,-0.05263157894736842,-0.9392712550607287,-0.15789473684210525,-0.44534412955465585,-0.22267206477732793,-0.5870445344129555,-0.25101214574898784,-0.6882591093117408,-0.26720647773279355,-0.7935222672064778
0.0,0.0,0.19183673469387755,-0.09795918367346938,0.3346938775510204,-0.2816326530612245,0.40816326530612246,-0.4448979591836735,0.4775510204081633,-0.5673469387755102,0.22040816326530613,-0.5142857142857142,0.2816326530612245,-0.6938775510204082,0.3183673469387755,-0.8040816326530612,0.35918367346938773,-0.9020408163265307,0.09795918367346938,-0.5387755102040817,0.12653061224489795,-0.7510204081632653,0.15510204081632653,-0.8857142857142857,0.18775510204081633,-1.0,-0.0163265306122449,-0.5183673469387755,-0.0326530612244898,-0.710204081632653,-0.02040816326530612,-0.8326530612244898,0.00816326530612245,-0.9387755102040817,-0.1346938775510204,-0.45714285714285713,-0.18775510204081633,-0.6040816326530613,-0.20816326530612245,-0.710204081632653,-0.2163265306122449,-0.8122448979591836
0.0,0.0,0.18699186991869918,-0.08536585365853659,0.33739837398373984,-0.25609756097560976,0.42276422764227645,-0.4105691056910569,0.5040650406504065,-0.532520325203252,0.22764227642276422,-0.5040650406504065,0.3048780487804878,-0.6910569105691057,0.35772357723577236,-0.8008130081300813,0.4065040650406504,-0.8983739837398373,0.10569105691056911,-0.532520325203252,0.15040650406504066,-0.7439024390243902,0.18699186991869918,-0.8821138211382114,0.22357723577235772,-1.0,-0.008130081300813009,-0.5121951219512195,-0.012195121951219513,-0.7113821138211383,0.0,-0.8455284552845529,0.028455284552845527,-0.959349593495935,-0.12601626016260162,-0.45121951219512196,-0.17479674796747968,-0.6016260162601627,-0.1991869918699187,-0.7073170731707317,-0.2073170731707317,-0.8170731707317073
0.0,0.0,0.1934156378600823,-0.07407407407407407,0.35802469135802467,-0.2345679012345679,0.4691358024691358,-0.38271604938271603,0.5720164609053497,-0.4897119341563786,0.2674897119341564,-0.49794238683127573,0.37448559670781895,-0.6748971193415638,0.4403292181069959,-0.7860082304526749,0.5020576131687243,-0.8806584362139918,0.14814814814814814,-0.5390946502057613,0.2139917695473251,-0.7530864197530864,0.2716049382716049,-0.8847736625514403,0.32098765432098764,-1.0,0.02880658436213992,-0.5267489711934157,0.0411522633744856,-0.7366255144032922,0.06584362139917696,-0.8724279835390947,0.09465020576131687,-0.9876543209876543,-0.09465020576131687,-0.4691358024691358,-0.13580246913580246,-0.6255144032921811,-0.15637860082304528,-0.7366255144032922,-0.1646090534979424,-0.8477366255144033
0.0,0.0,0.19678714859437751,-0.07228915662650602,0.3614457831325301,-0.23694779116465864,0.4859437751004016,-0.3815261044176707,0.6024096385542169,-0.46586345381526106,0.26907630522088355,-0.4899598393574297,0.3895582329317269,-0.6706827309236948,0.46184738955823296,-0.7871485943775101,0.5180722891566265,-0.8835341365461847,0.14457831325301204,-0.5381526104417671,0.22088353413654618,-0.7590361445783133,0.28112449799196787,-0.891566265060241,0.3333333333333333,-1.0,0.028112449799196786,-0.5301204819277109,0.04417670682730924,-0.7429718875502008,0.07630522088353414,-0.8755020080321285,0.10843373493975904,-0.9879518072289156,-0.0963855421686747,-0.4819277108433735,-0.11646586345381527,-0.6385542168674698,-0.12048192771084337,-0.7469879518072289,-0.11244979919678715,-0.8554216867469879
0.0,0.0,0.16862745098039217,-0.10588235294117647,0.2980392156862745,-0.2901960784313726,0.39215686274509803,-0.44313725490196076,0.47843137254901963,-0.5411764705882353,0.15294117647058825,-0.5176470588235295,0.22745098039215686,-0.7019607843137254,0.27058823529411763,-0.8196078431372549,0.30980392156862746,-0.9137254901960784,0.027450980392156862,-0.5372549019607843,0.0392156862745098,-0.7529411764705882,0.054901960784313725,-0.8901960784313725,0.06274509803921569,-1.0,-0.08627450980392157,-0.5058823529411764,-0.12941176470588237,-0.6941176470588235,-0.1450980392156863,-0.8196078431372549,-0.15294117647058825,-0.9294117647058824,-0.18823529411764706,-0.42745098039215684,-0.27058823529411763,-0.5568627450980392,-0.3254901960784314,-0.6470588235294118,-0.3607843137254902,-0.7372549019607844
0.0,0.0,0.16205533596837945,-0.11857707509881422,0.2608695652173913,-0.308300395256917,0.31620553359683795,-0.4743083003952569,0.37549407114624506,-0.5968379446640316,0.07905138339920949,-0.525691699604743,0.11857707509881422,-0.7272727272727273,0.13043478260869565,-0.857707509881423,0.13438735177865613,-0.9683794466403162,-0.05138339920948617,-0.5217391304347826,-0.07905138339920949,-0.7430830039525692,-0.09090909090909091,-0.8814229249011858,-0.11067193675889328,-1.0,-0.15810276679841898,-0.466403162055336,-0.23715415019762845,-0.6521739130434783,-0.2845849802371542,-0.7786561264822134,-0.3201581027667984,-0.8932806324110671,-0.24110671936758893,-0.3715415019762846,-0.34782608695652173,-0.4980237154150198,-0.4150197628458498,-0.5810276679841897,-0.4743083003952569,-0.6719367588932806
0.0,0.0,0.14166666666666666,-0.15833333333333333,0.2125,-0.37916666666666665,0.2375,-0.5625,0.2708333333333333,-0.7041666666666667,-0.0125,-0.55,-0.025,-0.7583333333333333,-0.041666666666666664,-0.8875,-0.0625,-1.0,-0.14166666666666666,-0.5208333333333334,-0.23333333333333334,-0.7333333333333333,-0.2833333333333333,-0.8666666666666667,-0.3333333333333333,-0.9791666666666666,-0.24166666666666667,-0.45,-0.3541666666666667,-0.6291666666666667,-0.4125,-0.7541666666666667,-0.4583333333333333,-0.8666666666666667,-0.31666666666666665,-0.35,-0.44166666666666665,-0.4666666666666667,-0.525,-0.5458333333333333,-0.6,-0.6333333333333333
