0.0,0.0,-0.16744186046511628,-0.08837209302325581,-0.27906976744186046,-0.2558139534883721,-0.3627906976744186,-0.413953488372093,-0.46511627906976744,-0.5162790697674419,-0.09302325581395349,-0.5023255813953489,-0.12093023255813953,-0.7069767441860465,-0.13488372093023257,-0.8325581395348837,-0.13488372093023257,-0.9395348837209302,0.03255813953488372,-0.5116279069767442,0.06046511627906977,-0.7395348837209302,0.07906976744186046,-0.8790697674418605,0.09767441860465116,-1.0,0.14418604651162792,-0.4744186046511628,0.20465116279069767,-0.6697674418604651,0.25116279069767444,-0.7906976744186046,0.28837209302325584,-0.9069767441860465,0.2372093023255814,-0.3953488372093023,0.34418604651162793,-0.5023255813953489,0.4232558139534884,-0.5767441860465117,0.4883720930232558,-0.6511627906976745
0.0,0.0,-0.1598173515981735,-0.091324200913242,-0.273972602739726,-0.2648401826484018,-0.3561643835616438,-0.4200913242009132,-0.45662100456621,-0.5205479452054794,-0.091324200913242,-0.502283105022831,-0.1141552511415525,-0.7077625570776256,-0.1324200913242009,-0.8310502283105022,-0.136986301369863,-0.9406392694063926,0.0365296803652968,-0.5114155251141552,0.0639269406392694,-0.7351598173515982,0.0867579908675799,-0.8767123287671232,0.1050228310502283,-1.0,0.1461187214611872,-0.4703196347031963,0.2100456621004566,-0.6666666666666666,0.2557077625570776,-0.7899543378995434,0.2968036529680365,-0.9041095890410958,0.2374429223744292,-0.3881278538812785,0.3470319634703196,-0.4977168949771689,0.4246575342465753,-0.5753424657534246,0.4931506849315068,-0.6484018264840182
0.0,0.0,-0.15668202764976957,-0.0967741935483871,-0.2626728110599078,-0.2764976958525346,-0.33640552995391704,-0.4377880184331797,-0.43317972350230416,-0.5483870967741935,-0.06912442396313365,-0.5069124423963134,-0.08294930875576037,-0.7188940092165899,-0.0967741935483871,-0.8433179723502304,-0.09216589861751152,-0.9539170506912442,0.059907834101382486,-0.511520737327189,0.0967741935483871,-0.7373271889400922,0.12442396313364056,-0.880184331797235,0.14746543778801843,-1.0,0.16589861751152074,-0.46543778801843316,0.24423963133640553,-0.6589861751152074,0.29493087557603687,-0.7788018433179723,0.34101382488479265,-0.8894009216589862,0.25806451612903225,-0.3824884792626728,0.3778801843317972,-0.48847926267281105,0.4608294930875576,-0.5622119815668203,0.5345622119815668,-0.6359447004608295
0.0,0.0,-0.1588785046728972,-0.10747663551401869,-0.24766355140186916,-0.29906542056074764,-0.308411214953271,-0.4672897196261682,-0.397196261682243,-0.5887850467289719,-0.03271028037383177,-0.5186915887850467,-0.028037383177570093,-0.7289719626168224,-0.028037383177570093,-0.8551401869158879,-0.018691588785046728,-0.9672897196261683,0.09813084112149532,-0.5186915887850467,0.1542056074766355,-0.7429906542056075,0.19158878504672897,-0.883177570093458,0.22429906542056074,-1.0,0.205607476635514,-0.45794392523364486,0.3037383177570093,-0.6495327102803738,0.3691588785046729,-0.7663551401869159,0.4205607476635514,-0.8785046728971962,0.2850467289719626,-0.3644859813084112,0.4205607476635514,-0.46261682242990654,0.5186915887850467,-0.5280373831775701,0.5981308411214953,-0.5934579439252337
0.0,0.0,-0.16037735849056603,-0.11320754716981132,-0.25,-0.29245283018867924,-0.3160377358490566,-0.46226415094339623,-0.4009433962264151,-0.5849056603773585,-0.02830188679245283,-0.5188679245283019,-0.02358490566037736,-0.7311320754716981,-0.02358490566037736,-0.8584905660377359,-0.009433962264150943,-0.9716981132075472,0.10377358490566038,-0.5141509433962265,0.1650943396226415,-0.7405660377358491,0.20754716981132076,-0.8820754716981132,0.24056603773584906,-1.0,0.20754716981132076,-0.4528301886792453,0.3160377358490566,-0.6462264150943396,0.3867924528301887,-0.7641509433962265,0.44339622641509435,-0.8726415094339622,0.29245283018867924,-0.35377358490566035,0.4339622641509434,-0.45754716981132076,0.5330188679245284,-0.5188679245283019,0.6179245283018868,-0.5849056603773585
0.0,0.0,-0.16444444444444445,-0.08444444444444445,-0.29333333333333333,-0.24,-0.38666666666666666,-0.37333333333333335,-0.48444444444444446,-0.4622222222222222,-0.13777777777777778,-0.48,-0.2,-0.6755555555555556,-0.2311111111111111,-0.8,-0.24444444444444444,-0.9066666666666666,-0.008888888888888889,-0.5066666666666667,-0.013333333333333334,-0.7333333333333333,-0.008888888888888889,-0.8755555555555555,0.0,-1.0,0.10666666666666667,-0.4711111111111111,0.15555555555555556,-0.6711111111111111,0.19555555555555557,-0.8044444444444444,0.2222222222222222,-0.92,0.2088888888888889,-0.39555555555555555,0.31555555555555553,-0.52,0.39555555555555555,-0.6044444444444445,0.4622222222222222,-0.68
0.0,0.0,-0.17333333333333334,-0.07555555555555556,-0.30666666666666664,-0.2222222222222222,-0.40444444444444444,-0.3511111111111111,-0.5111111111111111,-0.4311111111111111,-0.16,-0.47555555555555556,-0.2222222222222222,-0.6666666666666666,-0.2577777777777778,-0.7911111111111111,-0.28,-0.8977777777777778,-0.03111111111111111,-0.5022222222222222,-0.035555555555555556,-0.7288888888888889,-0.035555555555555556,-0.8711111111111111,-0.035555555555555556,-1.0,0.08444444444444445,-0.4711111111111111,0.1288888888888889,-0.6755555555555556,0.16444444444444445,-0.8133333333333334,0.18666666666666668,-0.9377777777777778,0.19111111111111112,-0.4,0.29777777777777775,-0.5333333333333333,0.37333333333333335,-0.6266666666666667,0.43555555555555553,-0.7155555555555555
0.0,0.0,-0.17699115044247787,-0.061946902654867256,-0.336283185840708,-0.19469026548672566,-0.4557522123893805,-0.3141592920353982,-0.5707964601769911,-0.38495575221238937,-0.22566371681415928,-0.4646017699115044,-0.3185840707964602,-0.6504424778761062,-0.37168141592920356,-0.7654867256637168,-0.41150442477876104,-0.8716814159292036,-0.10619469026548672,-0.504424778761062,-0.14601769911504425,-0.7300884955752213,-0.168141592920354,-0.8716814159292036,-0.18584070796460178,-1.0,0.01327433628318584,-0.4911504424778761,0.022123893805309734,-0.6991150442477876,0.035398230088495575,-0.8407079646017699,0.035398230088495575,-0.9734513274336283,0.12831858407079647,-0.4336283185840708,0.2079646017699115,-0.5796460176991151,0.26991150442477874,-0.6769911504424779,0.3141592920353982,-0.7743362831858407
0.0,0.0,-0.16666666666666666,-0.08558558558558559,-0.28378378378378377,-0.25225225225225223,-0.3783783783783784,-0.4009009009009009,-0.4864864864864865,-0.49099099099099097,-0.0990990990990991,-0.4954954954954955,-0.13513513513513514,-0.7027027027027027,-0.15315315315315314,-0.8288288288288288,-0.16216216216216217,-0.9369369369369369,0.02702702702702703,-0.509009009009009,0.05405405405405406,-0.7342342342342343,0.06756756756756757,-0.8783783783783784,0.08108108108108109,-1.0,0.13963963963963963,-0.46396396396396394,0.21621621621621623,-0.6666666666666666,0.2702702702702703,-0.7927927927927928,0.3108108108108108,-0.9054054054054054,0.23423423423423423,-0.38288288288288286,0.36036036036036034,-0.49099099099099097,0.45045045045045046,-0.5630630630630631,0.527027027027027,-0.6396396396396397
0.0,0.0,-0.16143497757847533,-0.09865470852017937,-0.2645739910313901,-0.26905829596412556,-0.3452914798206278,-0.4260089686098655,-0.4484304932735426,-0.5291479820627802,-0.06726457399103139,-0.5067264573991032,-0.08520179372197309,-0.7174887892376681,-0.09417040358744394,-0.8430493273542601,-0.09417040358744394,-0.9551569506726457,0.06278026905829596,-0.5067264573991032,0.1031390134529148,-0.7354260089686099,0.13004484304932734,-0.8789237668161435,0.15695067264573992,-1.0,0.17040358744394618,-0.45739910313901344,0.2645739910313901,-0.6502242152466368,0.32286995515695066,-0.7757847533632287,0.3721973094170404,-0.8878923766816144,0.2556053811659193,-0.36771300448430494,0.3901345291479821,-0.47533632286995514,0.48878923766816146,-0.5426008968609866,0.5695067264573991,-0.6188340807174888
0.0,0.0,-0.16299559471365638,-0.09691629955947137,-0.2775330396475771,-0.2643171806167401,-0.3700440528634361,-0.41409691629955947,-0.47577092511013214,-0.5022026431718062,-0.09691629955947137,-0.5022026431718062,-0.1277533039647577,-0.7048458149779736,-0.14537444933920704,-0.8325991189427313,-0.14977973568281938,-0.9383259911894273,0.030837004405286344,-0.5110132158590308,0.05726872246696035,-0.7400881057268722,0.07929515418502203,-0.8810572687224669,0.09251101321585903,-1.0,0.14537444933920704,-0.4669603524229075,0.22026431718061673,-0.6607929515418502,0.27312775330396477,-0.7841409691629956,0.31718061674008813,-0.8986784140969163,0.23348017621145375,-0.3788546255506608,0.3568281938325991,-0.4889867841409692,0.44493392070484583,-0.5638766519823789,0.5154185022026432,-0.6387665198237885
0.0,0.0,-0.16228070175438597,-0.07456140350877193,-0.29385964912280704,-0.2236842105263158,-0.40350877192982454,-0.35526315789473684,-0.5175438596491229,-0.4298245614035088,-0.14912280701754385,-0.4780701754385965,-0.21052631578947367,-0.6754385964912281,-0.24561403508771928,-0.793859649122807,-0.2675438596491228,-0.9035087719298246,-0.02631578947368421,-0.5043859649122807,-0.039473684210526314,-0.7324561403508771,-0.04824561403508772,-0.8771929824561403,-0.05263157894736842,-1.0,0.09210526315789473,-0.47368421052631576,0.13596491228070176,-0.6798245614035088,0.16666666666666666,-0.8114035087719298,0.18859649122807018,-0.9298245614035088,0.19298245614035087,-0.3991228070175439,0.30701754385964913,-0.5219298245614035,0.38596491228070173,-0.6052631578947368,0.4517543859649123,-0.6842105263157895
0.0,0.0,-0.16228070175438597,-0.07017543859649122,-0.2982456140350877,-0.21052631578947367,-0.40789473684210525,-0.34210526315789475,-0.5219298245614035,-0.42105263157894735,-0.17982456140350878,-0.4692982456140351,-0.25877192982456143,-0.6578947368421053,-0.3026315789473684,-0.7763157894736842,-0.32894736842105265,-0.8859649122807017,-0.05701754385964912,-0.5087719298245614,-0.08333333333333333,-0.7324561403508771,-0.09649122807017543,-0.8771929824561403,-0.10964912280701754,-1.0,0.06140350877192982,-0.4868421052631579,0.08333333333333333,-0.6885964912280702,0.10526315789473684,-0.8245614035087719,0.11842105263157894,-0.9473684210526315,0.16666666666666666,-0.42543859649122806,0.2631578947368421,-0.5482456140350878,0.32894736842105265,-0.6359649122807017,0.38596491228070173,-0.7192982456140351
0.0,0.0,-0.167420814479638,-0.05429864253393665,-0.3212669683257919,-0.19004524886877827,-0.4298642533936652,-0.3257918552036199,-0.5520361990950227,-0.39819004524886875,-0.2398190045248869,-0.45248868778280543,-0.34841628959276016,-0.6334841628959276,-0.416289592760181,-0.751131221719457,-0.4660633484162896,-0.8642533936651584,-0.12217194570135746,-0.502262443438914,-0.17647058823529413,-0.7285067873303167,-0.2081447963800905,-0.8733031674208145,-0.23529411764705882,-1.0,0.0,-0.497737556561086,-0.013574660633484163,-0.7058823529411765,-0.02262443438914027,-0.8416289592760181,-0.03619909502262444,-0.9683257918552036,0.11764705882352941,-0.4479638009049774,0.18099547511312217,-0.6018099547511312,0.22624434389140272,-0.7058823529411765,0.26244343891402716,-0.8099547511312217
0.0,0.0,-0.1743119266055046,-0.05045871559633028,-0.3394495412844037,-0.17889908256880735,-0.46788990825688076,-0.2981651376146789,-0.591743119266055,-0.3532110091743119,-0.26605504587155965,-0.44954128440366975,-0.38990825688073394,-0.6238532110091743,-0.463302752293578,-0.7431192660550459,-0.518348623853211,-0.8486238532110092,-0.14678899082568808,-0.5091743119266054,-0.21559633027522937,-0.7339449541284404,-0.25688073394495414,-0.8761467889908257,-0.29357798165137616,-1.0,-0.022935779816513763,-0.5045871559633027,-0.03669724770642202,-0.7155963302752294,-0.05045871559633028,-0.8577981651376146,-0.06422018348623854,-0.981651376146789,0.0963302752293578,-0.45871559633027525,0.1651376146788991,-0.6146788990825688,0.21559633027522937,-0.7201834862385321,0.25229357798165136,-0.8211009174311926
0.0,0.0,-0.19069767441860466,-0.037209302325581395,-0.3813953488372093,-0.14418604651162792,-0.5348837209302325,-0.22790697674418606,-0.6697674418604651,-0.26046511627906976,-0.3116279069767442,-0.4418604651162791,-0.44651162790697674,-0.6093023255813953,-0.5302325581395348,-0.7162790697674418,-0.6,-0.813953488372093,-0.19534883720930232,-0.5069767441860465,-0.26976744186046514,-0.7302325581395349,-0.3209302325581395,-0.8790697674418605,-0.3674418604651163,-1.0,-0.06511627906976744,-0.5069767441860465,-0.08372093023255814,-0.7255813953488373,-0.09767441860465116,-0.8697674418604651,-0.11627906976744186,-1.0,0.06511627906976744,-0.46511627906976744,0.13023255813953488,-0.627906976744186,0.17674418604651163,-0.7395348837209302,0.20930232558139536,-0.8465116279069768
0.0,0.0,-0.17972350230414746,-0.041474654377880185,-0.3640552995391705,-0.15207373271889402,-0.511520737327189,-0.24423963133640553,-0.6451612903225806,-0.2764976958525346,-0.29493087557603687,-0.4423963133640553,-0.41935483870967744,-0.6175115207373272,-0.4976958525345622,-0.728110599078341,-0.5576036866359447,-0.8294930875576036,-0.17972350230414746,-0.5069124423963134,-0.2488479262672811,-0.728110599078341,-0.29493087557603687,-0.8755760368663594,-0.33640552995391704,-1.0,-0.05069124423963134,-0.5069124423963134,-0.06912442396313365,-0.7188940092165899,-0.07834101382488479,-0.8617511520737328,-0.0967741935483871,-0.9953917050691244,0.07834101382488479,-0.4608294930875576,0.14285714285714285,-0.6221198156682027,0.1935483870967742,-0.7327188940092166,0.22580645161290322,-0.8341013824884793
0.0,0.0,-0.18018018018018017,-0.04954954954954955,-0.35585585585585583,-0.17117117117117117,-0.5,-0.2702702702702703,-0.6396396396396397,-0.3108108108108108,-0.2702702702702703,-0.45045045045045046,-0.3918918918918919,-0.6306306306306306,-0.46846846846846846,-0.7432432432432432,-0.5225225225225225,-0.8468468468468469,-0.15315315315315314,-0.509009009009009,-0.22072072072072071,-0.7297297297297297,-0.25675675675675674,-0.8738738738738738,-0.2882882882882883,-1.0,-0.03153153153153153,-0.5045045045045045,-0.036036036036036036,-0.7162162162162162,-0.03153153153153153,-0.8558558558558559,-0.04054054054054054,-0.9819819819819819,0.0945945945945946,-0.45495495495495497,0.16216216216216217,-0.6126126126126126,0.21621621621621623,-0.7207207207207207,0.25675675675675674,-0.8153153153153153
0.0,0.0,-0.18385650224215247,-0.04932735426008968,-0.35874439461883406,-0.17040358744394618,-0.5022421524663677,-0.273542600896861,-0.6322869955156951,-0.32286995515695066,-0.2556053811659193,-0.45739910313901344,-0.3542600896860987,-0.6412556053811659,-0.4170403587443946,-0.757847533632287,-0.4618834080717489,-0.8654708520179372,-0.13452914798206278,-0.5067264573991032,-0.18385650224215247,-0.7309417040358744,-0.21524663677130046,-0.874439461883408,-0.23766816143497757,-1.0,-0.013452914798206279,-0.4977578475336323,-0.008968609865470852,-0.7130044843049327,-0.004484304932735426,-0.852017937219731,-0.008968609865470852,-0.9820627802690582,0.10762331838565023,-0.4484304932735426,0.18834080717488788,-0.600896860986547,0.24663677130044842,-0.7040358744394619,0.2914798206278027,-0.8026905829596412
0.0,0.0,-0.1990521327014218,-0.018957345971563982,-0.41232227488151657,-0.11848341232227488,-0.5781990521327014,-0.2037914691943128,-0.7203791469194313,-0.22274881516587677,-0.3744075829383886,-0.41706161137440756,-0.5355450236966824,-0.5734597156398105,-0.6350710900473934,-0.6729857819905213,-0.7203791469194313,-0.7677725118483413,-0.26540284360189575,-0.4976303317535545,-0.3933649289099526,-0.7061611374407583,-0.47393364928909953,-0.8388625592417062,-0.5545023696682464,-0.957345971563981,-0.13744075829383887,-0.5165876777251185,-0.1990521327014218,-0.7345971563981043,-0.24644549763033174,-0.8720379146919431,-0.3033175355450237,-1.0,0.0,-0.4976303317535545,0.04739336492890995,-0.6729857819905213,0.07582938388625593,-0.7962085308056872,0.09004739336492891,-0.909952606635071
0.0,0.0,-0.1990521327014218,-0.018957345971563982,-0.4075829383886256,-0.11374407582938388,-0.5687203791469194,-0.20853080568720378,-0.7109004739336493,-0.23696682464454977,-0.36492890995260663,-0.41232227488151657,-0.5213270142180095,-0.5734597156398105,-0.6208530805687204,-0.6777251184834123,-0.7061611374407583,-0.7772511848341233,-0.2559241706161137,-0.4928909952606635,-0.3744075829383886,-0.7061611374407583,-0.4549763033175355,-0.8483412322274881,-0.5260663507109005,-0.9715639810426541,-0.12796208530805686,-0.5118483412322274,-0.1848341232227488,-0.7251184834123223,-0.22748815165876776,-0.8720379146919431,-0.27488151658767773,-1.0,0.014218009478672985,-0.4881516587677725,0.05687203791469194,-0.6635071090047393,0.09004739336492891,-0.7867298578199052,0.10426540284360189,-0.9004739336492891
0.0,0.0,-0.19806763285024154,-0.004830917874396135,-0.41545893719806765,-0.09178743961352658,-0.5942028985507246,-0.18357487922705315,-0.7391304347826086,-0.2028985507246377,-0.3961352657004831,-0.40096618357487923,-0.5652173913043478,-0.5555555555555556,-0.6714975845410628,-0.6570048309178744,-0.7632850241545893,-0.7536231884057971,-0.2898550724637681,-0.48792270531400966,-0.42028985507246375,-0.7004830917874396,-0.5072463768115942,-0.8357487922705314,-0.5893719806763285,-0.961352657004831,-0.1642512077294686,-0.5169082125603864,-0.2318840579710145,-0.7294685990338164,-0.28502415458937197,-0.8695652173913043,-0.34299516908212563,-1.0,-0.01932367149758454,-0.4975845410628019,0.014492753623188406,-0.6811594202898551,0.03864734299516908,-0.8019323671497585,0.05314009661835749,-0.9227053140096618
0.0,0.0,-0.205,0.0,-0.445,-0.09,-0.63,-0.18,-0.775,-0.2,-0.435,-0.4,-0.615,-0.555,-0.725,-0.655,-0.82,-0.745,-0.33,-0.495,-0.475,-0.705,-0.575,-0.835,-0.665,-0.95,-0.2,-0.53,-0.295,-0.745,-0.36,-0.88,-0.435,-1.0,-0.06,-0.525,-0.05,-0.705,-0.045,-0.83,-0.045,-0.945
0.0,0.0,-0.20297029702970298,-0.01485148514851485,-0.4207920792079208,-0.10891089108910891,-0.594059405940594,-0.19801980198019803,-0.7376237623762376,-0.21782178217821782,-0.38613861386138615,-0.41089108910891087,-0.5396039603960396,-0.5693069306930693,-0.6435643564356436,-0.6732673267326733,-0.7277227722772277,-0.7673267326732673,-0.27722772277227725,-0.5,-0.3910891089108911,-0.7128712871287128,-0.4752475247524752,-0.8514851485148515,-0.5544554455445545,-0.9702970297029703,-0.15346534653465346,-0.5247524752475248,-0.21287128712871287,-0.7376237623762376,-0.26732673267326734,-0.8762376237623762,-0.3217821782178218,-1.0,-0.019801980198019802,-0.504950495049505,0.009900990099009901,-0.6831683168316832,0.024752475247524754,-0.801980198019802,0.0297029702970297,-0.9158415841584159
0.0,0.0,-0.22043010752688172,0.026881720430107527,-0.4731182795698925,-0.03225806451612903,-0.6666666666666666,-0.08602150537634409,-0.8279569892473119,-0.0967741935483871,-0.5,-0.3602150537634409,-0.6989247311827957,-0.5,-0.8225806451612904,-0.5860215053763441,-0.9301075268817204,-0.6720430107526881,-0.3978494623655914,-0.4731182795698925,-0.5698924731182796,-0.6720430107526881,-0.6881720430107527,-0.8010752688172043,-0.7903225806451613,-0.9139784946236559,-0.26344086021505375,-0.521505376344086,-0.3817204301075269,-0.7365591397849462,-0.46236559139784944,-0.8763440860215054,-0.5483870967741935,-1.0,-0.11290322580645161,-0.5268817204301075,-0.12365591397849462,-0.7258064516129032,-0.12903225806451613,-0.8548387096774194,-0.15053763440860216,-0.9838709677419355
0.0,0.0,-0.22527472527472528,0.027472527472527472,-0.4835164835164835,-0.03296703296703297,-0.6813186813186813,-0.09340659340659341,-0.8406593406593407,-0.1043956043956044,-0.5054945054945055,-0.3626373626373626,-0.7032967032967034,-0.510989010989011,-0.8296703296703297,-0.5989010989010989,-0.9395604395604396,-0.6868131868131868,-0.4010989010989011,-0.4725274725274725,-0.5769230769230769,-0.6868131868131868,-0.6978021978021978,-0.8186813186813187,-0.8076923076923077,-0.9285714285714286,-0.2692307692307692,-0.5274725274725275,-0.3901098901098901,-0.7472527472527473,-0.47802197802197804,-0.8846153846153846,-0.5659340659340659,-1.0,-0.11538461538461539,-0.532967032967033,-0.12637362637362637,-0.7362637362637363,-0.13736263736263737,-0.8681318681318682,-0.15934065934065933,-0.9945054945054945
0.0,0.0,-0.22777777777777777,0.03333333333333333,-0.49444444444444446,-0.016666666666666666,-0.6944444444444444,-0.06111111111111111,-0.8555555555555555,-0.06111111111111111,-0.5277777777777778,-0.34444444444444444,-0.7444444444444445,-0.4777777777777778,-0.8722222222222222,-0.5611111111111111,-0.9888888888888889,-0.6444444444444445,-0.43333333333333335,-0.4666666666666667,-0.6166666666666667,-0.6666666666666666,-0.7388888888888889,-0.7888888888888889,-0.85,-0.9055555555555556,-0.29444444444444445,-0.5277777777777778,-0.4222222222222222,-0.7444444444444445,-0.5111111111111111,-0.8777777777777778,-0.6,-1.0,-0.1388888888888889,-0.5388888888888889,-0.15555555555555556,-0.7333333333333333,-0.16666666666666666,-0.8722222222222222,-0.18888888888888888,-1.0
0.0,0.0,-0.21978021978021978,0.04395604395604396,-0.4835164835164835,0.01098901098901099,-0.6868131868131868,-0.027472527472527472,-0.8406593406593407,-0.02197802197802198,-0.5384615384615384,-0.3131868131868132,-0.7527472527472527,-0.43956043956043955,-0.8846153846153846,-0.5164835164835165,-1.0,-0.5934065934065934,-0.44505494505494503,-0.4340659340659341,-0.6428571428571429,-0.6208791208791209,-0.7692307692307693,-0.7362637362637363,-0.8846153846153846,-0.8406593406593407,-0.31868131868131866,-0.5,-0.45604395604395603,-0.7087912087912088,-0.554945054945055,-0.8406593406593407,-0.6538461538461539,-0.9560439560439561,-0.16483516483516483,-0.5164835164835165,-0.1813186813186813,-0.7142857142857143,-0.19230769230769232,-0.8516483516483516,-0.21978021978021978,-0.978021978021978
0.0,0.0,-0.21428571428571427,0.054945054945054944,-0.46703296703296704,0.03296703296703297,-0.6648351648351648,0.0,-0.8241758241758241,0.01098901098901099,-0.532967032967033,-0.29120879120879123,-0.7472527472527473,-0.4065934065934066,-0.8846153846153846,-0.4725274725274725,-1.0,-0.5384615384615384,-0.44505494505494503,-0.41208791208791207,-0.6373626373626373,-0.5989010989010989,-0.7692307692307693,-0.7087912087912088,-0.8901098901098901,-0.8076923076923077,-0.3131868131868132,-0.47802197802197804,-0.45604395604395603,-0.6813186813186813,-0.5494505494505495,-0.8021978021978022,-0.6538461538461539,-0.9175824175824175,-0.15934065934065933,-0.5054945054945055,-0.18681318681318682,-0.7032967032967034,-0.1978021978021978,-0.8461538461538461,-0.22527472527472528,-0.9725274725274725
0.0,0.0,-0.22099447513812154,0.03314917127071823,-0.48066298342541436,-0.016574585635359115,-0.6795580110497238,-0.07734806629834254,-0.8397790055248618,-0.08839779005524862,-0.5138121546961326,-0.35911602209944754,-0.7182320441988951,-0.4972375690607735,-0.8453038674033149,-0.585635359116022,-0.9558011049723757,-0.6795580110497238,-0.4143646408839779,-0.4696132596685083,-0.585635359116022,-0.6740331491712708,-0.6961325966850829,-0.8066298342541437,-0.8066298342541437,-0.9281767955801105,-0.27624309392265195,-0.5193370165745856,-0.3867403314917127,-0.7348066298342542,-0.4696132596685083,-0.8729281767955801,-0.5524861878453039,-1.0,-0.1270718232044199,-0.5303867403314917,-0.1270718232044199,-0.7292817679558011,-0.1270718232044199,-0.8674033149171271,-0.143646408839779,-0.994475138121547
0.0,0.0,-0.21739130434782608,0.02717391304347826,-0.47282608695652173,-0.02717391304347826,-0.6684782608695652,-0.09782608695652174,-0.8315217391304348,-0.10869565217391304,-0.5,-0.3641304347826087,-0.6902173913043478,-0.5108695652173914,-0.8152173913043478,-0.6032608695652174,-0.9184782608695652,-0.6902173913043478,-0.391304347826087,-0.4782608695652174,-0.5597826086956522,-0.6793478260869565,-0.6684782608695652,-0.8097826086956522,-0.7663043478260869,-0.9347826086956522,-0.2608695652173913,-0.5217391304347826,-0.3641304347826087,-0.7391304347826086,-0.43478260869565216,-0.875,-0.5163043478260869,-1.0,-0.10869565217391304,-0.5271739130434783,-0.10326086956521739,-0.7228260869565217,-0.10326086956521739,-0.8586956521739131,-0.11413043478260869,-0.9836956521739131
0.0,0.0,-0.21025641025641026,0.010256410256410256,-0.441025641025641,-0.07179487179487179,-0.6153846153846154,-0.15384615384615385,-0.7692307692307693,-0.18461538461538463,-0.4256410256410256,-0.39487179487179486,-0.5897435897435898,-0.5538461538461539,-0.6923076923076923,-0.6512820512820513,-0.7846153846153846,-0.7435897435897436,-0.31794871794871793,-0.48205128205128206,-0.441025641025641,-0.6974358974358974,-0.5333333333333333,-0.8307692307692308,-0.6205128205128205,-0.9487179487179487,-0.18974358974358974,-0.517948717948718,-0.26153846153846155,-0.7282051282051282,-0.31794871794871793,-0.8717948717948718,-0.37948717948717947,-1.0,-0.05641025641025641,-0.5076923076923077,-0.041025641025641026,-0.6923076923076923,-0.03076923076923077,-0.8205128205128205,-0.03076923076923077,-0.9435897435897436
0.0,0.0,-0.16666666666666666,-0.10648148148148148,-0.2962962962962963,-0.27314814814814814,-0.37962962962962965,-0.4166666666666667,-0.4722222222222222,-0.5,-0.1388888888888889,-0.5,-0.18055555555555555,-0.7037037037037037,-0.20833333333333334,-0.8194444444444444,-0.2175925925925926,-0.9259259259259259,-0.018518518518518517,-0.5185185185185185,-0.027777777777777776,-0.7453703703703703,-0.027777777777777776,-0.8842592592592593,-0.023148148148148147,-1.0,0.09259259259259259,-0.4861111111111111,0.13425925925925927,-0.6898148148148148,0.1712962962962963,-0.8148148148148148,0.19907407407407407,-0.9212962962962963,0.19907407407407407,-0.41203703703703703,0.2916666666666667,-0.5416666666666666,0.3611111111111111,-0.6296296296296297,0.4166666666666667,-0.7083333333333334
0.0,0.0,-0.1596244131455399,-0.107981220657277,-0.25821596244131456,-0.29577464788732394,-0.323943661971831,-0.4647887323943662,-0.40375586854460094,-0.5821596244131455,-0.06572769953051644,-0.5211267605633803,-0.07511737089201878,-0.7230046948356808,-0.07981220657276995,-0.8450704225352113,-0.07511737089201878,-0.9530516431924883,0.06572769953051644,-0.5211267605633803,0.09859154929577464,-0.7417840375586855,0.12206572769953052,-0.8826291079812206,0.14553990610328638,-1.0,0.16901408450704225,-0.4647887323943662,0.24882629107981222,-0.6572769953051644,0.3051643192488263,-0.7746478873239436,0.352112676056338,-0.8873239436619719,0.25821596244131456,-0.3755868544600939,0.3755868544600939,-0.4835680751173709,0.460093896713615,-0.5586854460093896,0.5352112676056338,-0.6338028169014085
0.0,0.0,-0.15196078431372548,-0.12745098039215685,-0.23529411764705882,-0.3333333333333333,-0.28431372549019607,-0.5049019607843137,-0.35784313725490197,-0.6274509803921569,-0.014705882352941176,-0.5392156862745098,-0.00980392156862745,-0.75,0.0,-0.8725490196078431,0.014705882352941176,-0.9803921568627451,0.11764705882352941,-0.5294117647058824,0.17647058823529413,-0.75,0.21568627450980393,-0.8872549019607843,0.2549019607843137,-1.0,0.22549019607843138,-0.46078431372549017,0.3235294117647059,-0.6519607843137255,0.39215686274509803,-0.7647058823529411,0.44607843137254904,-0.8676470588235294,0.30392156862745096,-0.35784313725490197,0.43137254901960786,-0.46568627450980393,0.5245098039215687,-0.5343137254901961,0.6029411764705882,-0.5980392156862745
0.0,0.0,-0.1457286432160804,-0.1457286432160804,-0.21608040201005024,-0.35678391959798994,-0.2562814070351759,-0.5376884422110553,-0.32663316582914576,-0.6633165829145728,0.020100502512562814,-0.5577889447236181,0.04522613065326633,-0.7638190954773869,0.06030150753768844,-0.8944723618090452,0.08040201005025126,-1.0,0.15577889447236182,-0.5326633165829145,0.23618090452261306,-0.7537688442211056,0.2914572864321608,-0.8894472361809045,0.33668341708542715,-1.0,0.2613065326633166,-0.457286432160804,0.38190954773869346,-0.6432160804020101,0.4623115577889447,-0.7487437185929648,0.5326633165829145,-0.8492462311557789,0.3417085427135678,-0.34673366834170855,0.4824120603015075,-0.45226130653266333,0.5829145728643216,-0.5175879396984925,0.6733668341708543,-0.5778894472361809
0.0,0.0,-0.11979166666666667,-0.17708333333333334,-0.15104166666666666,-0.40625,-0.16666666666666666,-0.59375,-0.20833333333333334,-0.7395833333333334,0.11979166666666667,-0.5729166666666666,0.19270833333333334,-0.78125,0.23958333333333334,-0.9010416666666666,0.2916666666666667,-1.0,0.2552083333333333,-0.5208333333333334,0.3854166666666667,-0.7291666666666666,0.4739583333333333,-0.8541666666666666,0.5520833333333334,-0.953125,0.3541666666666667,-0.4166666666666667,0.5104166666666666,-0.5885416666666666,0.6197916666666666,-0.6875,0.7135416666666666,-0.78125,0.4166666666666667,-0.2864583333333333,0.5885416666666666,-0.3645833333333333,0.7083333333333334,-0.4114583333333333,0.8177083333333334,-0.4635416666666667
0.0,0.0,-0.12371134020618557,-0.18041237113402062,-0.14948453608247422,-0.41237113402061853,-0.16494845360824742,-0.5979381443298969,-0.1958762886597938,-0.7474226804123711,0.14432989690721648,-0.5670103092783505,0.21649484536082475,-0.7783505154639175,0.26804123711340205,-0.9020618556701031,0.3247422680412371,-1.0,0.28350515463917525,-0.5103092783505154,0.42783505154639173,-0.7216494845360825,0.520618556701031,-0.845360824742268,0.6030927835051546,-0.9432989690721649,0.37628865979381443,-0.4072164948453608,0.5567010309278351,-0.5773195876288659,0.6701030927835051,-0.6752577319587629,0.7680412371134021,-0.7680412371134021,0.4329896907216495,-0.27319587628865977,0.6185567010309279,-0.3402061855670103,0.7474226804123711,-0.38144329896907214,0.8608247422680413,-0.4329896907216495
0.0,0.0,-0.12690355329949238,-0.16751269035532995,-0.16243654822335024,-0.39593908629441626,-0.17766497461928935,-0.583756345177665,-0.22842639593908629,-0.7258883248730964,0.116751269035533,-0.5634517766497462,0.18274111675126903,-0.7715736040609137,0.22842639593908629,-0.8934010152284264,0.28426395939086296,-1.0,0.25380710659898476,-0.5126903553299492,0.38071065989847713,-0.7258883248730964,0.467005076142132,-0.8527918781725888,0.5431472081218274,-0.9543147208121827,0.350253807106599,-0.41116751269035534,0.5126903553299492,-0.583756345177665,0.6243654822335025,-0.6852791878172588,0.7157360406091371,-0.7817258883248731,0.41116751269035534,-0.28426395939086296,0.583756345177665,-0.36548223350253806,0.7055837563451777,-0.41116751269035534,0.8121827411167513,-0.467005076142132
0.0,0.0,-0.13793103448275862,-0.15270935960591134,-0.19704433497536947,-0.3694581280788177,-0.22660098522167488,-0.5517241379310345,-0.2857142857142857,-0.6896551724137931,0.059113300492610835,-0.5615763546798029,0.10344827586206896,-0.7733990147783252,0.13793103448275862,-0.9014778325123153,0.18226600985221675,-1.0,0.2019704433497537,-0.5270935960591133,0.30049261083743845,-0.7487684729064039,0.37438423645320196,-0.8817733990147784,0.43842364532019706,-0.9852216748768473,0.3054187192118227,-0.43842364532019706,0.4433497536945813,-0.625615763546798,0.5320197044334976,-0.7339901477832512,0.6108374384236454,-0.8325123152709359,0.3793103448275862,-0.32019704433497537,0.541871921182266,-0.4088669950738916,0.6551724137931034,-0.46798029556650245,0.7536945812807881,-0.5270935960591133
0.0,0.0,-0.15668202764976957,-0.11981566820276497,-0.2488479262672811,-0.31336405529953915,-0.2995391705069124,-0.4792626728110599,-0.37327188940092165,-0.5944700460829493,-0.03225806451612903,-0.5299539170506913,-0.02304147465437788,-0.7373271889400922,-0.013824884792626729,-0.8571428571428571,0.0,-0.967741935483871,0.10138248847926268,-0.5207373271889401,0.15668202764976957,-0.7419354838709677,0.1935483870967742,-0.880184331797235,0.22580645161290322,-1.0,0.2073732718894009,-0.45622119815668205,0.3087557603686636,-0.6497695852534562,0.37327188940092165,-0.7649769585253456,0.42857142857142855,-0.8755760368663594,0.29493087557603687,-0.35944700460829493,0.43317972350230416,-0.46543778801843316,0.5299539170506913,-0.5345622119815668,0.6129032258064516,-0.6082949308755761
0.0,0.0,-0.1592920353982301,-0.10176991150442478,-0.2743362831858407,-0.27876106194690264,-0.35398230088495575,-0.43805309734513276,-0.4424778761061947,-0.5398230088495575,-0.09292035398230089,-0.5088495575221239,-0.11061946902654868,-0.7079646017699115,-0.11504424778761062,-0.827433628318584,-0.11061946902654868,-0.9336283185840708,0.035398230088495575,-0.5132743362831859,0.061946902654867256,-0.7389380530973452,0.07964601769911504,-0.8805309734513275,0.09734513274336283,-1.0,0.1504424778761062,-0.4646017699115044,0.22123893805309736,-0.6592920353982301,0.26548672566371684,-0.7831858407079646,0.3008849557522124,-0.8982300884955752,0.24336283185840707,-0.3805309734513274,0.36283185840707965,-0.5,0.4469026548672566,-0.5796460176991151,0.5132743362831859,-0.6592920353982301
0.0,0.0,-0.1608695652173913,-0.09130434782608696,-0.2826086956521739,-0.2565217391304348,-0.3695652173913043,-0.4043478260869565,-0.46956521739130436,-0.4956521739130435,-0.12173913043478261,-0.49130434782608695,-0.1608695652173913,-0.6869565217391305,-0.1826086956521739,-0.808695652173913,-0.18695652173913044,-0.9173913043478261,0.004347826086956522,-0.508695652173913,0.004347826086956522,-0.7304347826086957,0.013043478260869565,-0.8739130434782608,0.021739130434782608,-1.0,0.11739130434782609,-0.46956521739130436,0.16956521739130434,-0.6695652173913044,0.21304347826086956,-0.8,0.2391304347826087,-0.9173913043478261,0.21739130434782608,-0.391304347826087,0.32608695652173914,-0.5173913043478261,0.4,-0.6043478260869565,0.4652173913043478,-0.691304347826087
0.0,0.0,-0.17857142857142858,-0.05803571428571429,-0.34375,-0.19196428571428573,-0.4732142857142857,-0.3169642857142857,-0.5982142857142857,-0.3794642857142857,-0.24107142857142858,-0.45535714285714285,-0.34375,-0.6383928571428571,-0.4017857142857143,-0.75,-0.4419642857142857,-0.8616071428571429,-0.12053571428571429,-0.5089285714285714,-0.17857142857142858,-0.7276785714285714,-0.20982142857142858,-0.8705357142857143,-0.23660714285714285,-1.0,0.0,-0.5,0.0,-0.7053571428571429,0.004464285714285714,-0.84375,0.0,-0.9732142857142857,0.11607142857142858,-0.44642857142857145,0.1875,-0.5982142857142857,0.23660714285714285,-0.7008928571428571,0.2767857142857143,-0.7991071428571429
0.0,0.0,-0.17567567567567569,-0.05855855855855856,-0.35135135135135137,-0.1891891891891892,-0.4864864864864865,-0.3063063063063063,-0.6171171171171171,-0.36486486486486486,-0.26126126126126126,-0.45495495495495497,-0.3738738738738739,-0.6351351351351351,-0.44144144144144143,-0.7522522522522522,-0.49099099099099097,-0.8603603603603603,-0.14864864864864866,-0.509009009009009,-0.21621621621621623,-0.7342342342342343,-0.25675675675675674,-0.8738738738738738,-0.2882882882882883,-1.0,-0.02252252252252252,-0.5045045045045045,-0.04054054054054054,-0.7162162162162162,-0.04954954954954955,-0.8513513513513513,-0.06306306306306306,-0.972972972972973,0.0990990990990991,-0.46396396396396394,0.15765765765765766,-0.6171171171171171,0.20270270270270271,-0.7207207207207207,0.23873873873873874,-0.8198198198198198
0.0,0.0,-0.19339622641509435,-0.03773584905660377,-0.3867924528301887,-0.14622641509433962,-0.5424528301886793,-0.24528301886792453,-0.6792452830188679,-0.2830188679245283,-0.330188679245283,-0.4339622641509434,-0.4716981132075472,-0.5943396226415094,-0.5566037735849056,-0.7028301886792453,-0.6273584905660378,-0.8018867924528302,-0.2169811320754717,-0.5047169811320755,-0.3160377358490566,-0.7169811320754716,-0.3867924528301887,-0.8537735849056604,-0.4528301886792453,-0.9669811320754716,-0.08962264150943396,-0.5141509433962265,-0.12735849056603774,-0.7311320754716981,-0.15566037735849056,-0.8726415094339622,-0.19339622641509435,-1.0,0.04245283018867924,-0.4858490566037736,0.08962264150943396,-0.6556603773584906,0.12735849056603774,-0.7735849056603774,0.14622641509433962,-0.8820754716981132
0.0,0.0,-0.20100502512562815,-0.010050251256281407,-0.4221105527638191,-0.09547738693467336,-0.5979899497487438,-0.1708542713567839,-0.7487437185929648,-0.19095477386934673,-0.40703517587939697,-0.40703517587939697,-0.5778894472361809,-0.5577889447236181,-0.6834170854271356,-0.6482412060301508,-0.7788944723618091,-0.7336683417085427,-0.3015075376884422,-0.49246231155778897,-0.44221105527638194,-0.6984924623115578,-0.5326633165829145,-0.8190954773869347,-0.6231155778894473,-0.9346733668341709,-0.17587939698492464,-0.5226130653266332,-0.2562814070351759,-0.7386934673366834,-0.31155778894472363,-0.8743718592964824,-0.37185929648241206,-1.0,-0.035175879396984924,-0.5125628140703518,-0.020100502512562814,-0.6984924623115578,-0.010050251256281407,-0.8241206030150754,-0.010050251256281407,-0.9396984924623115
0.0,0.0,-0.20833333333333334,0.005208333333333333,-0.4427083333333333,-0.06770833333333333,-0.625,-0.13541666666666666,-0.78125,-0.15104166666666666,-0.4375,-0.390625,-0.625,-0.5364583333333334,-0.7447916666666666,-0.6197916666666666,-0.8489583333333334,-0.703125,-0.3385416666666667,-0.4895833333333333,-0.4947916666666667,-0.6927083333333334,-0.5989583333333334,-0.8125,-0.703125,-0.921875,-0.20833333333333334,-0.53125,-0.296875,-0.7395833333333334,-0.359375,-0.8802083333333334,-0.4270833333333333,-1.0,-0.0625,-0.5208333333333334,-0.057291666666666664,-0.7135416666666666,-0.052083333333333336,-0.84375,-0.0625,-0.9635416666666666
0.0,0.0,-0.21052631578947367,0.010526315789473684,-0.4473684210526316,-0.05263157894736842,-0.6368421052631579,-0.12105263157894737,-0.7894736842105263,-0.13157894736842105,-0.4631578947368421,-0.38421052631578945,-0.6526315789473685,-0.5263157894736842,-0.7736842105263158,-0.6105263157894737,-0.8789473684210526,-0.6894736842105263,-0.35789473684210527,-0.4842105263157895,-0.5157894736842106,-0.6894736842105263,-0.6263157894736842,-0.8105263157894737,-0.7263157894736842,-0.9210526315789473,-0.23157894736842105,-0.5263157894736842,-0.3263157894736842,-0.7421052631578947,-0.3894736842105263,-0.8736842105263158,-0.46842105263157896,-1.0,-0.08421052631578947,-0.5263157894736842,-0.08421052631578947,-0.7157894736842105,-0.08421052631578947,-0.8421052631578947,-0.09473684210526316,-0.9631578947368421
0.0,0.0,-0.20833333333333334,0.005208333333333333,-0.4427083333333333,-0.057291666666666664,-0.625,-0.125,-0.7708333333333334,-0.13541666666666666,-0.4427083333333333,-0.3854166666666667,-0.6302083333333334,-0.5260416666666666,-0.75,-0.6145833333333334,-0.8541666666666666,-0.6927083333333334,-0.34375,-0.484375,-0.5,-0.6875,-0.5989583333333334,-0.8125,-0.6979166666666666,-0.9270833333333334,-0.21354166666666666,-0.5260416666666666,-0.3020833333333333,-0.7395833333333334,-0.359375,-0.875,-0.4270833333333333,-1.0,-0.06770833333333333,-0.5208333333333334,-0.0625,-0.7083333333333334,-0.057291666666666664,-0.8385416666666666,-0.06770833333333333,-0.9583333333333334
0.0,0.0,-0.21164021164021163,0.010582010582010581,-0.4497354497354497,-0.05291005291005291,-0.6296296296296297,-0.1164021164021164,-0.783068783068783,-0.13227513227513227,-0.455026455026455,-0.37566137566137564,-0.6402116402116402,-0.5238095238095238,-0.7619047619047619,-0.6084656084656085,-0.8677248677248677,-0.6931216931216931,-0.3492063492063492,-0.48148148148148145,-0.5079365079365079,-0.6878306878306878,-0.6190476190476191,-0.8148148148148148,-0.7195767195767195,-0.9259259259259259,-0.21693121693121692,-0.5238095238095238,-0.31746031746031744,-0.7407407407407407,-0.38095238095238093,-0.8783068783068783,-0.455026455026455,-1.0,-0.06878306878306878,-0.5238095238095238,-0.06349206349206349,-0.7142857142857143,-0.06349206349206349,-0.8518518518518519,-0.06878306878306878,-0.9735449735449735
0.0,0.0,-0.2079207920792079,-0.01485148514851485,-0.4207920792079208,-0.10891089108910891,-0.5841584158415841,-0.19306930693069307,-0.7277227722772277,-0.22772277227722773,-0.3811881188118812,-0.4158415841584158,-0.5396039603960396,-0.5742574257425742,-0.6336633663366337,-0.6732673267326733,-0.7178217821782178,-0.7673267326732673,-0.2722772277227723,-0.5,-0.3910891089108911,-0.7128712871287128,-0.4752475247524752,-0.8465346534653465,-0.5544554455445545,-0.9653465346534653,-0.14356435643564355,-0.5247524752475248,-0.20297029702970298,-0.7326732673267327,-0.24752475247524752,-0.8762376237623762,-0.297029702970297,-1.0,-0.009900990099009901,-0.5,0.024752475247524754,-0.6782178217821783,0.04455445544554455,-0.801980198019802,0.054455445544554455,-0.9158415841584159
0.0,0.0,-0.21256038647342995,-0.028985507246376812,-0.42028985507246375,-0.13526570048309178,-0.5700483091787439,-0.22705314009661837,-0.7053140096618358,-0.27053140096618356,-0.36231884057971014,-0.4251207729468599,-0.5072463768115942,-0.5942028985507246,-0.5942028985507246,-0.6956521739130435,-0.6714975845410628,-0.7971014492753623,-0.2463768115942029,-0.4975845410628019,-0.3526570048309179,-0.714975845410628,-0.4251207729468599,-0.8502415458937198,-0.48792270531400966,-0.9758454106280193,-0.12077294685990338,-0.5169082125603864,-0.1642512077294686,-0.7246376811594203,-0.1932367149758454,-0.8695652173913043,-0.2318840579710145,-1.0,0.014492753623188406,-0.48792270531400966,0.057971014492753624,-0.6618357487922706,0.08695652173913043,-0.7777777777777778,0.10144927536231885,-0.893719806763285
0.0,0.0,-0.19811320754716982,-0.04716981132075472,-0.3915094339622642,-0.1792452830188679,-0.5235849056603774,-0.28773584905660377,-0.6509433962264151,-0.3443396226415094,-0.30660377358490565,-0.4528301886792453,-0.419811320754717,-0.6320754716981132,-0.4858490566037736,-0.7405660377358491,-0.5424528301886793,-0.8443396226415094,-0.18867924528301888,-0.5141509433962265,-0.2641509433962264,-0.7311320754716981,-0.3160377358490566,-0.8726415094339622,-0.3632075471698113,-1.0,-0.0660377358490566,-0.5141509433962265,-0.08490566037735849,-0.7264150943396226,-0.09905660377358491,-0.8679245283018868,-0.12264150943396226,-0.9952830188679245,0.06132075471698113,-0.4716981132075472,0.11320754716981132,-0.6367924528301887,0.15566037735849056,-0.75,0.18396226415094338,-0.8537735849056604
0.0,0.0,-0.17727272727272728,-0.07272727272727272,-0.32272727272727275,-0.2318181818181818,-0.41818181818181815,-0.37272727272727274,-0.5272727272727272,-0.45,-0.19090909090909092,-0.4727272727272727,-0.2545454545454545,-0.6590909090909091,-0.29545454545454547,-0.7772727272727272,-0.3181818181818182,-0.8863636363636364,-0.07272727272727272,-0.5045454545454545,-0.1,-0.7272727272727273,-0.11818181818181818,-0.8727272727272727,-0.1318181818181818,-1.0,0.04090909090909091,-0.4863636363636364,0.06363636363636363,-0.6863636363636364,0.08181818181818182,-0.8227272727272728,0.08636363636363636,-0.95,0.14545454545454545,-0.42272727272727273,0.2318181818181818,-0.5636363636363636,0.2909090909090909,-0.6590909090909091,0.3409090909090909,-0.75
0.0,0.0,-0.1552511415525114,-0.1004566210045662,-0.2648401826484018,-0.2785388127853881,-0.3424657534246575,-0.4337899543378995,-0.4383561643835616,-0.5342465753424658,-0.1050228310502283,-0.5068493150684932,-0.136986301369863,-0.6986301369863014,-0.1552511415525114,-0.821917808219178,-0.1643835616438356,-0.9269406392694064,0.0182648401826484,-0.5159817351598174,0.0319634703196347,-0.7351598173515982,0.0365296803652968,-0.8767123287671232,0.045662100456621,-1.0,0.1278538812785388,-0.4748858447488584,0.182648401826484,-0.6712328767123288,0.2191780821917808,-0.8036529680365296,0.2465753424657534,-0.9223744292237442,0.2237442922374429,-0.3972602739726027,0.3287671232876712,-0.5205479452054794,0.4018264840182648,-0.6073059360730594,0.4611872146118721,-0.6894977168949772
0.0,0.0,-0.145,-0.155,-0.2,-0.375,-0.23,-0.56,-0.295,-0.69,0.065,-0.56,0.115,-0.77,0.15,-0.895,0.19,-1.0,0.2,-0.525,0.31,-0.745,0.385,-0.88,0.45,-0.985,0.305,-0.44,0.45,-0.625,0.545,-0.73,0.625,-0.83,0.37,-0.325,0.535,-0.41,0.645,-0.465,0.745,-0.525
0.0,0.0,-0.14925373134328357,-0.15422885572139303,-0.20398009950248755,-0.373134328358209,-0.22885572139303484,-0.5522388059701493,-0.2935323383084577,-0.681592039800995,0.06965174129353234,-0.5572139303482587,0.12437810945273632,-0.7711442786069652,0.16417910447761194,-0.8955223880597015,0.208955223880597,-1.0,0.20398009950248755,-0.5174129353233831,0.31840796019900497,-0.736318407960199,0.39800995024875624,-0.8656716417910447,0.46766169154228854,-0.9701492537313433,0.3034825870646766,-0.43283582089552236,0.4577114427860697,-0.6119402985074627,0.5522388059701493,-0.7164179104477612,0.6368159203980099,-0.8159203980099502,0.373134328358209,-0.31343283582089554,0.5422885572139303,-0.39303482587064675,0.6616915422885572,-0.44776119402985076,0.7661691542288557,-0.5024875621890548
0.0,0.0,-0.13861386138613863,-0.16336633663366337,-0.18811881188118812,-0.38613861386138615,-0.20297029702970298,-0.5693069306930693,-0.2376237623762376,-0.7128712871287128,0.10891089108910891,-0.5693069306930693,0.18316831683168316,-0.7772277227722773,0.2376237623762376,-0.900990099009901,0.29207920792079206,-1.0,0.24752475247524752,-0.5148514851485149,0.3811881188118812,-0.7277227722772277,0.4752475247524752,-0.8564356435643564,0.5544554455445545,-0.9554455445544554,0.3465346534653465,-0.4207920792079208,0.5099009900990099,-0.594059405940594,0.6188118811881188,-0.698019801980198,0.7128712871287128,-0.7920792079207921,0.40594059405940597,-0.29207920792079206,0.5891089108910891,-0.36633663366336633,0.7178217821782178,-0.4158415841584158,0.8267326732673267,-0.46534653465346537
0.0,0.0,-0.14218009478672985,-0.15639810426540285,-0.1943127962085308,-0.38388625592417064,-0.21800947867298578,-0.5687203791469194,-0.27488151658767773,-0.7014218009478673,0.08530805687203792,-0.5592417061611374,0.14691943127962084,-0.7677725118483413,0.1895734597156398,-0.8957345971563981,0.23222748815165878,-1.0,0.22274881516587677,-0.5165876777251185,0.35071090047393366,-0.7298578199052133,0.4312796208530806,-0.8625592417061612,0.5023696682464455,-0.9620853080568721,0.3175355450236967,-0.4265402843601896,0.47393364928909953,-0.6113744075829384,0.5781990521327014,-0.7203791469194313,0.6635071090047393,-0.8199052132701422,0.38388625592417064,-0.3033175355450237,0.5545023696682464,-0.3886255924170616,0.6777251184834123,-0.44549763033175355,0.7819905213270142,-0.5023696682464455
0.0,0.0,-0.14009661835748793,-0.1642512077294686,-0.18840579710144928,-0.3961352657004831,-0.2028985507246377,-0.5748792270531401,-0.2463768115942029,-0.7101449275362319,0.09178743961352658,-0.5797101449275363,0.15942028985507245,-0.782608695652174,0.20772946859903382,-0.9033816425120773,0.2560386473429952,-1.0,0.2318840579710145,-0.5314009661835749,0.3671497584541063,-0.748792270531401,0.45410628019323673,-0.8743961352657005,0.5265700483091788,-0.9758454106280193,0.3333333333333333,-0.4444444444444444,0.4975845410628019,-0.6280193236714976,0.5990338164251208,-0.7342995169082126,0.6859903381642513,-0.8309178743961353,0.40096618357487923,-0.3188405797101449,0.5748792270531401,-0.40096618357487923,0.6956521739130435,-0.45410628019323673,0.8019323671497585,-0.5120772946859904
0.0,0.0,-0.12376237623762376,-0.17326732673267325,-0.15841584158415842,-0.40594059405940597,-0.16831683168316833,-0.594059405940594,-0.21782178217821782,-0.7326732673267327,0.12871287128712872,-0.5742574257425742,0.2079207920792079,-0.7821782178217822,0.25742574257425743,-0.900990099009901,0.3118811881188119,-1.0,0.26732673267326734,-0.5198019801980198,0.4158415841584158,-0.7227722772277227,0.5099009900990099,-0.8465346534653465,0.594059405940594,-0.9405940594059405,0.3613861386138614,-0.4207920792079208,0.5346534653465347,-0.5891089108910891,0.6485148514851485,-0.6881188118811881,0.7475247524752475,-0.7821782178217822,0.4207920792079208,-0.2871287128712871,0.6039603960396039,-0.3564356435643564,0.7277227722772277,-0.400990099009901,0.8366336633663366,-0.4504950495049505
0.0,0.0,-0.14814814814814814,-0.13425925925925927,-0.22685185185185186,-0.3472222222222222,-0.2638888888888889,-0.5277777777777778,-0.3333333333333333,-0.6527777777777778,0.013888888888888888,-0.5509259259259259,0.041666666666666664,-0.7592592592592593,0.06481481481481481,-0.8842592592592593,0.09722222222222222,-0.9907407407407407,0.14814814814814814,-0.5324074074074074,0.2361111111111111,-0.7546296296296297,0.2962962962962963,-0.8888888888888888,0.3472222222222222,-1.0,0.25462962962962965,-0.4583333333333333,0.37037037037037035,-0.6527777777777778,0.44907407407407407,-0.7638888888888888,0.5138888888888888,-0.8703703703703703,0.3333333333333333,-0.35185185185185186,0.47685185185185186,-0.4537037037037037,0.5833333333333334,-0.5231481481481481,0.6712962962962963,-0.5925925925925926
0.0,0.0,-0.1581196581196581,-0.09829059829059829,-0.2777777777777778,-0.2692307692307692,-0.358974358974359,-0.4230769230769231,-0.452991452991453,-0.5213675213675214,-0.10683760683760683,-0.5085470085470085,-0.14102564102564102,-0.7051282051282052,-0.15384615384615385,-0.8247863247863247,-0.15384615384615385,-0.9316239316239316,0.01282051282051282,-0.5213675213675214,0.02564102564102564,-0.7435897435897436,0.03418803418803419,-0.8846153846153846,0.042735042735042736,-1.0,0.12393162393162394,-0.4829059829059829,0.1752136752136752,-0.6837606837606838,0.2094017094017094,-0.8076923076923077,0.23076923076923078,-0.9273504273504274,0.2222222222222222,-0.405982905982906,0.3247863247863248,-0.5299145299145299,0.4017094017094017,-0.6153846153846154,0.46153846153846156,-0.7008547008547008
0.0,0.0,-0.17777777777777778,-0.06666666666666667,-0.31555555555555553,-0.21777777777777776,-0.4088888888888889,-0.35555555555555557,-0.52,-0.44,-0.18666666666666668,-0.4577777777777778,-0.24444444444444444,-0.6488888888888888,-0.28,-0.7733333333333333,-0.3022222222222222,-0.8888888888888888,-0.05333333333333334,-0.4888888888888889,-0.06666666666666667,-0.7155555555555555,-0.07555555555555556,-0.8666666666666667,-0.08444444444444445,-1.0,0.06666666666666667,-0.4622222222222222,0.08444444444444445,-0.6711111111111111,0.09777777777777778,-0.8044444444444444,0.09777777777777778,-0.9333333333333333,0.17777777777777778,-0.4,0.26666666666666666,-0.5377777777777778,0.3333333333333333,-0.6355555555555555,0.39111111111111113,-0.7244444444444444
0.0,0.0,-0.17937219730941703,-0.06278026905829596,-0.3183856502242152,-0.21076233183856502,-0.4170403587443946,-0.34977578475336324,-0.5246636771300448,-0.4349775784753363,-0.19282511210762332,-0.452914798206278,-0.2556053811659193,-0.6457399103139013,-0.2914798206278027,-0.7668161434977578,-0.3094170403587444,-0.8834080717488789,-0.06278026905829596,-0.484304932735426,-0.08071748878923767,-0.7130044843049327,-0.09417040358744394,-0.8609865470852018,-0.1031390134529148,-1.0,0.05829596412556054,-0.4618834080717489,0.07174887892376682,-0.6681614349775785,0.07623318385650224,-0.8026905829596412,0.07623318385650224,-0.9327354260089686,0.17040358744394618,-0.3991031390134529,0.2556053811659193,-0.547085201793722,0.3183856502242152,-0.6457399103139013,0.36771300448430494,-0.7399103139013453
0.0,0.0,-0.208955223880597,-0.05472636815920398,-0.38308457711442784,-0.19900497512437812,-0.4975124378109453,-0.3333333333333333,-0.6268656716417911,-0.4129353233830846,-0.26865671641791045,-0.44776119402985076,-0.3681592039800995,-0.6417910447761194,-0.42786069651741293,-0.7611940298507462,-0.472636815920398,-0.8756218905472637,-0.13432835820895522,-0.48756218905472637,-0.19402985074626866,-0.7164179104477612,-0.23383084577114427,-0.8606965174129353,-0.26865671641791045,-1.0,0.0,-0.47761194029850745,-0.009950248756218905,-0.6915422885572139,-0.01990049751243781,-0.835820895522388,-0.04477611940298507,-0.9751243781094527,0.13432835820895522,-0.42786069651741293,0.19402985074626866,-0.5920398009950248,0.23383084577114427,-0.7064676616915423,0.25870646766169153,-0.8159203980099502
0.0,0.0,-0.2048780487804878,-0.04878048780487805,-0.3804878048780488,-0.1902439024390244,-0.5024390243902439,-0.32682926829268294,-0.6292682926829268,-0.40487804878048783,-0.2780487804878049,-0.44390243902439025,-0.375609756097561,-0.6390243902439025,-0.43414634146341463,-0.7609756097560976,-0.48292682926829267,-0.8731707317073171,-0.14634146341463414,-0.4878048780487805,-0.2,-0.7121951219512195,-0.24390243902439024,-0.8634146341463415,-0.28780487804878047,-1.0,-0.00975609756097561,-0.47317073170731705,-0.024390243902439025,-0.6926829268292682,-0.04390243902439024,-0.8390243902439024,-0.07317073170731707,-0.9804878048780488,0.12682926829268293,-0.424390243902439,0.18048780487804877,-0.5951219512195122,0.21951219512195122,-0.7073170731707317,0.24878048780487805,-0.8195121951219512
0.0,0.0,-0.18834080717488788,-0.06278026905829596,-0.336322869955157,-0.21076233183856502,-0.4304932735426009,-0.34977578475336324,-0.5381165919282511,-0.4349775784753363,-0.2242152466367713,-0.4484304932735426,-0.29596412556053814,-0.6412556053811659,-0.336322869955157,-0.7713004484304933,-0.36771300448430494,-0.8878923766816144,-0.09417040358744394,-0.484304932735426,-0.13004484304932734,-0.7130044843049327,-0.15246636771300448,-0.8609865470852018,-0.17488789237668162,-1.0,0.03139013452914798,-0.4663677130044843,0.026905829596412557,-0.6816143497757847,0.017937219730941704,-0.820627802690583,0.008968609865470852,-0.9551569506726457,0.14798206278026907,-0.4125560538116592,0.21076233183856502,-0.5695067264573991,0.25112107623318386,-0.672645739910314,0.28699551569506726,-0.7802690582959642
0.0,0.0,-0.1888412017167382,-0.0815450643776824,-0.3261802575107296,-0.2446351931330472,-0.40772532188841204,-0.3905579399141631,-0.48068669527896996,-0.5064377682403434,-0.19313304721030042,-0.5021459227467812,-0.2446351931330472,-0.6909871244635193,-0.27467811158798283,-0.8068669527896996,-0.30042918454935624,-0.9141630901287554,-0.060085836909871244,-0.5278969957081545,-0.07296137339055794,-0.7424892703862661,-0.08583690987124463,-0.8798283261802575,-0.10300429184549356,-1.0,0.06866952789699571,-0.5021459227467812,0.0815450643776824,-0.6952789699570815,0.08583690987124463,-0.8154506437768241,0.0815450643776824,-0.9356223175965666,0.18025751072961374,-0.4334763948497854,0.24034334763948498,-0.5793991416309013,0.2832618025751073,-0.6738197424892703,0.31759656652360513,-0.7682403433476395
0.0,0.0,-0.18565400843881857,-0.08860759493670886,-0.3291139240506329,-0.24050632911392406,-0.4092827004219409,-0.3881856540084388,-0.48523206751054854,-0.5063291139240507,-0.1940928270042194,-0.5021097046413502,-0.24050632911392406,-0.6919831223628692,-0.270042194092827,-0.8059071729957806,-0.2911392405063291,-0.9156118143459916,-0.05907172995780591,-0.5274261603375527,-0.06751054852320675,-0.7426160337552743,-0.08016877637130802,-0.8776371308016878,-0.09282700421940929,-1.0,0.06751054852320675,-0.4978902953586498,0.08016877637130802,-0.6919831223628692,0.08438818565400844,-0.810126582278481,0.08016877637130802,-0.9282700421940928,0.18143459915611815,-0.4345991561181435,0.24050632911392406,-0.5780590717299579,0.2869198312236287,-0.6708860759493671,0.3206751054852321,-0.7679324894514767
0.0,0.0,-0.18143459915611815,-0.08016877637130802,-0.32489451476793246,-0.22784810126582278,-0.4050632911392405,-0.3670886075949367,-0.459915611814346,-0.48945147679324896,-0.19831223628691982,-0.5063291139240507,-0.24050632911392406,-0.6962025316455697,-0.26582278481012656,-0.8059071729957806,-0.28270042194092826,-0.9156118143459916,-0.05907172995780591,-0.5316455696202531,-0.06751054852320675,-0.7468354430379747,-0.0759493670886076,-0.8818565400843882,-0.08860759493670886,-1.0,0.07172995780590717,-0.5021097046413502,0.08860759493670886,-0.6962025316455697,0.0970464135021097,-0.8143459915611815,0.0970464135021097,-0.9282700421940928,0.18565400843881857,-0.4345991561181435,0.25316455696202533,-0.5780590717299579,0.29957805907172996,-0.6751054852320675,0.33755274261603374,-0.7721518987341772
0.0,0.0,-0.17886178861788618,-0.07723577235772358,-0.3170731707317073,-0.22357723577235772,-0.3943089430894309,-0.3617886178861789,-0.4715447154471545,-0.47560975609756095,-0.17479674796747968,-0.483739837398374,-0.21544715447154472,-0.6788617886178862,-0.24390243902439024,-0.7967479674796748,-0.2601626016260163,-0.9146341463414634,-0.04065040650406504,-0.5040650406504065,-0.04065040650406504,-0.7235772357723578,-0.044715447154471545,-0.8658536585365854,-0.04878048780487805,-1.0,0.08130081300813008,-0.46747967479674796,0.11382113821138211,-0.6666666666666666,0.13414634146341464,-0.7967479674796748,0.14227642276422764,-0.926829268292683,0.1910569105691057,-0.3983739837398374,0.2764227642276423,-0.540650406504065,0.33739837398373984,-0.6341463414634146,0.3821138211382114,-0.7317073170731707
0.0,0.0,-0.1732283464566929,-0.0984251968503937,-0.2795275590551181,-0.2795275590551181,-0.3228346456692913,-0.4409448818897638,-0.3779527559055118,-0.5669291338582677,-0.10236220472440945,-0.5,-0.1062992125984252,-0.6968503937007874,-0.1062992125984252,-0.8149606299212598,-0.0984251968503937,-0.9251968503937008,0.027559055118110236,-0.5039370078740157,0.07086614173228346,-0.7283464566929134,0.0984251968503937,-0.8740157480314961,0.12598425196850394,-1.0,0.1377952755905512,-0.46062992125984253,0.20866141732283464,-0.65748031496063,0.2559055118110236,-0.7874015748031497,0.29133858267716534,-0.905511811023622,0.2283464566929134,-0.3779527559055118,0.3346456692913386,-0.5,0.4094488188976378,-0.5866141732283464,0.47244094488188976,-0.6692913385826772
0.0,0.0,-0.17410714285714285,-0.14285714285714285,-0.25,-0.36160714285714285,-0.26785714285714285,-0.5491071428571429,-0.30357142857142855,-0.6919642857142857,-0.017857142857142856,-0.5669642857142857,0.013392857142857142,-0.7723214285714286,0.03571428571428571,-0.8883928571428571,0.05803571428571429,-0.9955357142857143,0.12946428571428573,-0.5446428571428571,0.21875,-0.7544642857142857,0.27232142857142855,-0.8839285714285714,0.32142857142857145,-1.0,0.23660714285714285,-0.4732142857142857,0.3392857142857143,-0.65625,0.4017857142857143,-0.7723214285714286,0.45089285714285715,-0.8839285714285714,0.32142857142857145,-0.3705357142857143,0.4375,-0.47767857142857145,0.5178571428571429,-0.5491071428571429,0.5848214285714286,-0.6294642857142857
0.0,0.0,-0.17180616740088106,-0.13656387665198239,-0.24669603524229075,-0.3524229074889868,-0.2643171806167401,-0.5374449339207048,-0.29955947136563876,-0.6828193832599119,-0.013215859030837005,-0.5594713656387665,0.01762114537444934,-0.762114537444934,0.03524229074889868,-0.8810572687224669,0.05726872246696035,-0.9911894273127754,0.1277533039647577,-0.5374449339207048,0.21145374449339208,-0.748898678414097,0.2643171806167401,-0.8854625550660793,0.31277533039647576,-1.0,0.23788546255506607,-0.4669603524229075,0.3392070484581498,-0.6519823788546255,0.4008810572687225,-0.7665198237885462,0.45374449339207046,-0.8766519823788547,0.32158590308370044,-0.36123348017621143,0.44933920704845814,-0.4669603524229075,0.5330396475770925,-0.5374449339207048,0.6123348017621145,-0.6123348017621145
0.0,0.0,-0.15789473684210525,-0.14035087719298245,-0.2236842105263158,-0.35526315789473684,-0.23684210526315788,-0.5394736842105263,-0.2675438596491228,-0.6885964912280702,0.02631578947368421,-0.5614035087719298,0.08333333333333333,-0.7675438596491229,0.11403508771929824,-0.8903508771929824,0.14912280701754385,-1.0,0.16666666666666666,-0.5263157894736842,0.2719298245614035,-0.7368421052631579,0.34210526315789475,-0.8728070175438597,0.40350877192982454,-0.9824561403508771,0.2719298245614035,-0.4517543859649123,0.39473684210526316,-0.631578947368421,0.4780701754385965,-0.7412280701754386,0.5482456140350878,-0.8464912280701754,0.34649122807017546,-0.34210526315789475,0.4868421052631579,-0.4298245614035088,0.5877192982456141,-0.4868421052631579,0.6754385964912281,-0.5526315789473685
0.0,0.0,-0.1504424778761062,-0.14601769911504425,-0.2079646017699115,-0.3584070796460177,-0.22123893805309736,-0.5398230088495575,-0.252212389380531,-0.6902654867256637,0.04424778761061947,-0.5575221238938053,0.10176991150442478,-0.7610619469026548,0.13716814159292035,-0.8893805309734514,0.18141592920353983,-1.0,0.18141592920353983,-0.5265486725663717,0.3053097345132743,-0.7389380530973452,0.3805309734513274,-0.8761061946902655,0.4469026548672566,-0.9867256637168141,0.28761061946902655,-0.4469026548672566,0.42920353982300885,-0.6238938053097345,0.5221238938053098,-0.7389380530973452,0.5973451327433629,-0.8451327433628318,0.35398230088495575,-0.336283185840708,0.5176991150442478,-0.415929203539823,0.6283185840707964,-0.47345132743362833,0.7300884955752213,-0.5309734513274337
0.0,0.0,-0.1511111111111111,-0.14666666666666667,-0.2088888888888889,-0.35555555555555557,-0.2222222222222222,-0.5377777777777778,-0.2577777777777778,-0.6844444444444444,0.04888888888888889,-0.5511111111111111,0.12,-0.76,0.16444444444444445,-0.8888888888888888,0.21333333333333335,-1.0,0.19111111111111112,-0.5111111111111111,0.32,-0.7288888888888889,0.40444444444444444,-0.8666666666666667,0.47555555555555556,-0.9822222222222222,0.29333333333333333,-0.4311111111111111,0.4444444444444444,-0.6133333333333333,0.5422222222222223,-0.7288888888888889,0.6311111111111111,-0.8355555555555556,0.36,-0.31555555555555553,0.5333333333333333,-0.4,0.6577777777777778,-0.4577777777777778,0.7644444444444445,-0.5155555555555555
0.0,0.0,-0.14347826086956522,-0.1391304347826087,-0.20434782608695654,-0.34347826086956523,-0.21739130434782608,-0.5260869565217391,-0.24782608695652175,-0.6782608695652174,0.0391304347826087,-0.5521739130434783,0.10434782608695652,-0.7608695652173914,0.14347826086956522,-0.8869565217391304,0.18695652173913044,-1.0,0.17391304347826086,-0.5217391304347826,0.29130434782608694,-0.7391304347826086,0.3695652173913043,-0.8739130434782608,0.4391304347826087,-0.9869565217391304,0.27391304347826084,-0.44782608695652176,0.4043478260869565,-0.6304347826086957,0.49130434782608695,-0.7478260869565218,0.5652173913043478,-0.8565217391304348,0.34782608695652173,-0.3391304347826087,0.5,-0.43478260869565216,0.6086956521739131,-0.5,0.7043478260869566,-0.5652173913043478
0.0,0.0,-0.17355371900826447,-0.128099173553719,-0.2603305785123967,-0.33884297520661155,-0.2975206611570248,-0.5206611570247934,-0.3512396694214876,-0.6570247933884298,-0.0743801652892562,-0.5537190082644629,-0.06198347107438017,-0.7479338842975206,-0.05371900826446281,-0.859504132231405,-0.04132231404958678,-0.9628099173553719,0.06198347107438017,-0.5454545454545454,0.11983471074380166,-0.756198347107438,0.15702479338842976,-0.8884297520661157,0.1859504132231405,-1.0,0.17355371900826447,-0.49173553719008267,0.24380165289256198,-0.6900826446280992,0.2809917355371901,-0.8140495867768595,0.3140495867768595,-0.9256198347107438,0.26859504132231404,-0.4049586776859504,0.3760330578512397,-0.5330578512396694,0.45041322314049587,-0.6198347107438017,0.5165289256198347,-0.7024793388429752
0.0,0.0,-0.19246861924686193,-0.11715481171548117,-0.30962343096234307,-0.3389121338912134,-0.3682008368200837,-0.5230125523012552,-0.4225941422594142,-0.6527196652719666,-0.14644351464435146,-0.5397489539748954,-0.16736401673640167,-0.7280334728033473,-0.1799163179916318,-0.8410041841004184,-0.18410041841004185,-0.9372384937238494,-0.012552301255230125,-0.5481171548117155,-0.0041841004184100415,-0.7573221757322176,0.0,-0.8870292887029289,0.0,-1.0,0.1087866108786611,-0.5104602510460251,0.13807531380753138,-0.7112970711297071,0.14644351464435146,-0.8368200836820083,0.14644351464435146,-0.9497907949790795,0.2217573221757322,-0.4476987447698745,0.29707112970711297,-0.5941422594142259,0.3389121338912134,-0.698744769874477,0.3723849372384937,-0.799163179916318
0.0,0.0,-0.2,-0.1125,-0.3416666666666667,-0.31666666666666665,-0.42083333333333334,-0.5,-0.4666666666666667,-0.6208333333333333,-0.20416666666666666,-0.5375,-0.24166666666666667,-0.7291666666666666,-0.2625,-0.8375,-0.2833333333333333,-0.9375,-0.07916666666666666,-0.5583333333333333,-0.1,-0.7666666666666667,-0.11666666666666667,-0.8916666666666667,-0.13333333333333333,-1.0,0.041666666666666664,-0.5416666666666666,0.0375,-0.7375,0.025,-0.8625,0.008333333333333333,-0.975,0.1625,-0.49166666666666664,0.2,-0.6458333333333334,0.225,-0.75,0.2375,-0.85
0.0,0.0,-0.2264957264957265,-0.05555555555555555,-0.4358974358974359,-0.2222222222222222,-0.5683760683760684,-0.38461538461538464,-0.6837606837606838,-0.49145299145299143,-0.38461538461538464,-0.4829059829059829,-0.5042735042735043,-0.6538461538461539,-0.5683760683760684,-0.7521367521367521,-0.6196581196581197,-0.8589743589743589,-0.27350427350427353,-0.5512820512820513,-0.36752136752136755,-0.7521367521367521,-0.42735042735042733,-0.8803418803418803,-0.47863247863247865,-1.0,-0.14957264957264957,-0.5641025641025641,-0.21794871794871795,-0.7564102564102564,-0.2606837606837607,-0.8717948717948718,-0.3076923076923077,-0.9786324786324786,-0.008547008547008548,-0.5470085470085471,-0.01282051282051282,-0.7136752136752137,-0.01282051282051282,-0.8205128205128205,-0.017094017094017096,-0.9230769230769231
0.0,0.0,-0.23555555555555555,-0.035555555555555556,-0.4666666666666667,-0.17333333333333334,-0.6222222222222222,-0.3288888888888889,-0.7555555555555555,-0.43555555555555553,-0.4622222222222222,-0.4577777777777778,-0.6133333333333333,-0.6177777777777778,-0.6977777777777778,-0.7111111111111111,-0.7644444444444445,-0.8088888888888889,-0.36,-0.5422222222222223,-0.49333333333333335,-0.7422222222222222,-0.5733333333333334,-0.8622222222222222,-0.6444444444444445,-0.9777777777777777,-0.23555555555555555,-0.5777777777777777,-0.3333333333333333,-0.7688888888888888,-0.39555555555555555,-0.8888888888888888,-0.4577777777777778,-1.0,-0.09333333333333334,-0.5777777777777777,-0.12,-0.7511111111111111,-0.13777777777777778,-0.8666666666666667,-0.16444444444444445,-0.9777777777777777
0.0,0.0,-0.22317596566523606,-0.03862660944206009,-0.4206008583690987,-0.1759656652360515,-0.5450643776824035,-0.33047210300429186,-0.6566523605150214,-0.44206008583690987,-0.4034334763948498,-0.4721030042918455,-0.5321888412017167,-0.6394849785407726,-0.6137339055793991,-0.7339055793991416,-0.6824034334763949,-0.8326180257510729,-0.296137339055794,-0.5450643776824035,-0.40772532188841204,-0.7510729613733905,-0.48068669527896996,-0.8798283261802575,-0.5450643776824035,-0.9914163090128756,-0.17167381974248927,-0.5665236051502146,-0.2532188841201717,-0.7682403433476395,-0.30472103004291845,-0.8927038626609443,-0.3562231759656652,-1.0,-0.034334763948497854,-0.5536480686695279,-0.04291845493562232,-0.7296137339055794,-0.04721030042918455,-0.8454935622317596,-0.055793991416309016,-0.9527896995708155
0.0,0.0,-0.22477064220183487,-0.06422018348623854,-0.42201834862385323,-0.20642201834862386,-0.5458715596330275,-0.3669724770642202,-0.6238532110091743,-0.5091743119266054,-0.3669724770642202,-0.481651376146789,-0.463302752293578,-0.6743119266055045,-0.5091743119266054,-0.7844036697247706,-0.5504587155963303,-0.8944954128440367,-0.25229357798165136,-0.5458715596330275,-0.3348623853211009,-0.7477064220183486,-0.38073394495412843,-0.8761467889908257,-0.42660550458715596,-1.0,-0.12385321100917432,-0.5596330275229358,-0.17889908256880735,-0.7568807339449541,-0.22018348623853212,-0.8853211009174312,-0.26146788990825687,-1.0,0.013761467889908258,-0.5412844036697247,0.009174311926605505,-0.7110091743119266,0.0,-0.8256880733944955,-0.013761467889908258,-0.9357798165137615
0.0,0.0,-0.21973094170403587,-0.06726457399103139,-0.4080717488789238,-0.21973094170403587,-0.5246636771300448,-0.37668161434977576,-0.6233183856502242,-0.4977578475336323,-0.34080717488789236,-0.48878923766816146,-0.4304932735426009,-0.6816143497757847,-0.4798206278026906,-0.7937219730941704,-0.515695067264574,-0.9013452914798207,-0.21973094170403587,-0.5426008968609866,-0.29596412556053814,-0.7488789237668162,-0.34080717488789236,-0.8789237668161435,-0.37668161434977576,-1.0,-0.09417040358744394,-0.5515695067264574,-0.14349775784753363,-0.7533632286995515,-0.17937219730941703,-0.874439461883408,-0.21524663677130046,-0.9910313901345291,0.04035874439461883,-0.5246636771300448,0.04932735426008968,-0.695067264573991,0.053811659192825115,-0.8071748878923767,0.04932735426008968,-0.9237668161434978
0.0,0.0,-0.1950207468879668,-0.06639004149377593,-0.34439834024896265,-0.22821576763485477,-0.43568464730290457,-0.38589211618257263,-0.5228215767634855,-0.5020746887966805,-0.24481327800829875,-0.48132780082987553,-0.3029045643153527,-0.6763485477178424,-0.33195020746887965,-0.7925311203319502,-0.34854771784232363,-0.9087136929460581,-0.12033195020746888,-0.5186721991701245,-0.16182572614107885,-0.7344398340248963,-0.1825726141078838,-0.8713692946058091,-0.2033195020746888,-1.0,0.0,-0.5103734439834025,-0.016597510373443983,-0.7136929460580913,-0.02074688796680498,-0.8381742738589212,-0.029045643153526972,-0.9585062240663901,0.12033195020746888,-0.4605809128630705,0.15767634854771784,-0.6182572614107884,0.1908713692946058,-0.7261410788381742,0.2157676348547718,-0.8340248962655602
0.0,0.0,-0.18106995884773663,-0.07407407407407407,-0.3292181069958848,-0.24279835390946503,-0.4074074074074074,-0.40329218106995884,-0.46502057613168724,-0.5308641975308642,-0.21810699588477367,-0.49382716049382713,-0.25925925925925924,-0.6872427983539094,-0.2839506172839506,-0.8024691358024691,-0.29218106995884774,-0.9094650205761317,-0.09876543209876543,-0.522633744855967,-0.12757201646090535,-0.7366255144032922,-0.13580246913580246,-0.8724279835390947,-0.1440329218106996,-1.0,0.0205761316872428,-0.5061728395061729,0.012345679012345678,-0.7078189300411523,0.01646090534979424,-0.831275720164609,0.012345679012345678,-0.9506172839506173,0.13991769547325103,-0.45267489711934156,0.18106995884773663,-0.6131687242798354,0.21810699588477367,-0.7160493827160493,0.24691358024691357,-0.823045267489712
0.0,0.0,-0.16733067729083664,-0.099601593625498,-0.2749003984063745,-0.2788844621513944,-0.3107569721115538,-0.44621513944223107,-0.33067729083665337,-0.5776892430278885,-0.11952191235059761,-0.5059760956175299,-0.12749003984063745,-0.7091633466135459,-0.13147410358565736,-0.8286852589641435,-0.12350597609561753,-0.9362549800796812,0.0,-0.5179282868525896,0.02390438247011952,-0.7370517928286853,0.043824701195219126,-0.8764940239043825,0.05976095617529881,-1.0,0.10756972111553785,-0.4860557768924303,0.1394422310756972,-0.6852589641434262,0.16334661354581673,-0.8127490039840638,0.18326693227091634,-0.9243027888446215,0.21115537848605578,-0.41434262948207173,0.2868525896414343,-0.5537848605577689,0.3466135458167331,-0.6454183266932271,0.398406374501992,-0.7330677290836654
0.0,0.0,-0.16194331983805668,-0.10931174089068826,-0.25101214574898784,-0.29959514170040485,-0.27125506072874495,-0.4777327935222672,-0.2874493927125506,-0.6153846153846154,-0.06072874493927125,-0.5222672064777328,-0.03643724696356275,-0.7246963562753036,-0.020242914979757085,-0.8502024291497976,0.0,-0.9595141700404858,0.06477732793522267,-0.5182186234817814,0.1214574898785425,-0.7368421052631579,0.16194331983805668,-0.8744939271255061,0.19838056680161945,-1.0,0.1700404858299595,-0.46963562753036436,0.242914979757085,-0.6720647773279352,0.291497975708502,-0.7935222672064778,0.32793522267206476,-0.9068825910931174,0.2591093117408907,-0.38461538461538464,0.3724696356275304,-0.5101214574898786,0.4534412955465587,-0.5910931174089069,0.5263157894736842,-0.6761133603238867
0.0,0.0,-0.16393442622950818,-0.11885245901639344,-0.2336065573770492,-0.3319672131147541,-0.23770491803278687,-0.5122950819672131,-0.2540983606557377,-0.6557377049180327,-0.02459016393442623,-0.5368852459016393,0.020491803278688523,-0.7377049180327869,0.04918032786885246,-0.860655737704918,0.0778688524590164,-0.9713114754098361,0.10655737704918032,-0.5245901639344263,0.18442622950819673,-0.7418032786885246,0.23770491803278687,-0.8770491803278688,0.2786885245901639,-1.0,0.20901639344262296,-0.4672131147540984,0.30327868852459017,-0.6639344262295082,0.36065573770491804,-0.7827868852459017,0.4098360655737705,-0.9016393442622951,0.29508196721311475,-0.3729508196721312,0.4262295081967213,-0.48360655737704916,0.5204918032786885,-0.5614754098360656,0.6024590163934426,-0.639344262295082
0.0,0.0,-0.16182572614107885,-0.12863070539419086,-0.23236514522821577,-0.3360995850622407,-0.23651452282157676,-0.5186721991701245,-0.24896265560165975,-0.6639004149377593,-0.008298755186721992,-0.5477178423236515,0.03319502074688797,-0.7468879668049793,0.058091286307053944,-0.8672199170124482,0.08713692946058091,-0.979253112033195,0.12033195020746888,-0.5269709543568465,0.2033195020746888,-0.7427385892116183,0.2572614107883817,-0.8838174273858921,0.2987551867219917,-1.0,0.22406639004149378,-0.46473029045643155,0.31950207468879666,-0.6639004149377593,0.37344398340248963,-0.7842323651452282,0.4190871369294606,-0.9004149377593361,0.3112033195020747,-0.3651452282157676,0.43568464730290457,-0.48132780082987553,0.5269709543568465,-0.5560165975103735,0.6058091286307054,-0.6390041493775933
0.0,0.0,-0.1606425702811245,-0.11244979919678715,-0.24497991967871485,-0.3092369477911647,-0.26907630522088355,-0.4859437751004016,-0.2931726907630522,-0.6265060240963856,-0.04819277108433735,-0.5341365461847389,-0.01606425702811245,-0.7349397590361446,0.0,-0.8554216867469879,0.024096385542168676,-0.963855421686747,0.08032128514056225,-0.5261044176706827,0.14457831325301204,-0.7429718875502008,0.1927710843373494,-0.8795180722891566,0.23293172690763053,-1.0,0.18875502008032127,-0.46987951807228917,0.26907630522088355,-0.6706827309236948,0.3253012048192771,-0.7871485943775101,0.3654618473895582,-0.8995983935742972,0.28112449799196787,-0.3815261044176707,0.40160642570281124,-0.5020080321285141,0.4859437751004016,-0.5823293172690763,0.5582329317269076,-0.6626506024096386
0.0,0.0,-0.17120622568093385,-0.0933852140077821,-0.28793774319066145,-0.26848249027237353,-0.3463035019455253,-0.43190661478599224,-0.41245136186770426,-0.556420233463035,-0.14396887159533073,-0.49416342412451364,-0.15953307392996108,-0.6926070038910506,-0.17120622568093385,-0.8093385214007782,-0.16731517509727625,-0.9182879377431906,-0.01556420233463035,-0.5136186770428015,0.0,-0.7315175097276264,0.019455252918287938,-0.8754863813229572,0.038910505836575876,-1.0,0.09727626459143969,-0.4785992217898833,0.14007782101167315,-0.6809338521400778,0.17120622568093385,-0.8093385214007782,0.19844357976653695,-0.9260700389105059,0.20233463035019456,-0.41245136186770426,0.28793774319066145,-0.5486381322957199,0.3540856031128405,-0.6381322957198443,0.41245136186770426,-0.7276264591439688
0.0,0.0,-0.15637860082304528,-0.13168724279835392,-0.2222222222222222,-0.34156378600823045,-0.22633744855967078,-0.5267489711934157,-0.24691358024691357,-0.6790123456790124,0.012345679012345678,-0.551440329218107,0.06584362139917696,-0.7530864197530864,0.09876543209876543,-0.8806584362139918,0.13580246913580246,-0.9876543209876543,0.1440329218106996,-0.5267489711934157,0.24279835390946503,-0.7448559670781894,0.30864197530864196,-0.8806584362139918,0.37037037037037035,-1.0,0.24691358024691357,-0.4609053497942387,0.36213991769547327,-0.6502057613168725,0.4444444444444444,-0.7654320987654321,0.51440329218107,-0.8724279835390947,0.32510288065843623,-0.35802469135802467,0.4732510288065844,-0.4609053497942387,0.5761316872427984,-0.5267489711934157,0.6707818930041153,-0.5967078189300411
0.0,0.0,-0.15447154471544716,-0.13414634146341464,-0.22764227642276422,-0.34146341463414637,-0.24390243902439024,-0.524390243902439,-0.2682926829268293,-0.6707317073170732,-0.008130081300813009,-0.5447154471544715,0.036585365853658534,-0.7520325203252033,0.06097560975609756,-0.8739837398373984,0.08943089430894309,-0.9796747967479674,0.12195121951219512,-0.524390243902439,0.1991869918699187,-0.7439024390243902,0.25203252032520324,-0.8821138211382114,0.2926829268292683,-1.0,0.22357723577235772,-0.45934959349593496,0.3252032520325203,-0.6585365853658537,0.3902439024390244,-0.7804878048780488,0.44308943089430897,-0.8943089430894309,0.3089430894308943,-0.3617886178861789,0.43902439024390244,-0.4796747967479675,0.5284552845528455,-0.556910569105691,0.6097560975609756,-0.6422764227642277
0.0,0.0,-0.15853658536585366,-0.12601626016260162,-0.23577235772357724,-0.32926829268292684,-0.25609756097560976,-0.508130081300813,-0.2845528455284553,-0.6504065040650406,-0.024390243902439025,-0.540650406504065,0.008130081300813009,-0.7398373983739838,0.028455284552845527,-0.8577235772357723,0.056910569105691054,-0.967479674796748,0.10569105691056911,-0.5284552845528455,0.17479674796747968,-0.7439024390243902,0.21951219512195122,-0.8780487804878049,0.2601626016260163,-1.0,0.21138211382113822,-0.46747967479674796,0.3048780487804878,-0.6626016260162602,0.36585365853658536,-0.7804878048780488,0.4186991869918699,-0.8902439024390244,0.3048780487804878,-0.3699186991869919,0.4349593495934959,-0.483739837398374,0.524390243902439,-0.5609756097560976,0.6097560975609756,-0.6382113821138211
0.0,0.0,-0.20535714285714285,-0.09821428571428571,-0.36160714285714285,-0.28125,-0.4419642857142857,-0.45535714285714285,-0.5223214285714286,-0.5892857142857143,-0.2544642857142857,-0.5491071428571429,-0.3080357142857143,-0.7366071428571429,-0.3392857142857143,-0.8392857142857143,-0.3705357142857143,-0.9419642857142857,-0.12053571428571429,-0.5848214285714286,-0.14732142857142858,-0.78125,-0.16964285714285715,-0.8928571428571429,-0.20089285714285715,-1.0,0.008928571428571428,-0.5669642857142857,-0.008928571428571428,-0.75,-0.022321428571428572,-0.8526785714285714,-0.044642857142857144,-0.9553571428571429,0.13392857142857142,-0.5089285714285714,0.14732142857142858,-0.6607142857142857,0.15178571428571427,-0.7589285714285714,0.14732142857142858,-0.8526785714285714
